route,kind,group,period,weekdays_seen,weekend_days_seen,weekday_comparable,weekend_comparable,weekday_moving_mph,weekday_with_stops_mph,weekday_stopped_share,weekday_am_peak_moving_mph,weekday_am_peak_with_stops_mph,weekday_midday_moving_mph,weekday_pm_peak_moving_mph,weekday_pm_peak_with_stops_mph,weekday_evening_moving_mph,weekday_hours_running,weekday_buses_in_service,weekday_trips_scheduled,weekday_passengers_per_bus,weekend_moving_mph,weekend_with_stops_mph,weekend_buses_in_service
(blank),unknown,,2026-06,0,1,false,false,,,,,,,,,,,,,,,,1.18
(blank),unknown,,2026-07,1,1,false,false,,,,,,,,,,1,0.33,,,,,0.58
(blank),unknown,,2026-08,3,1,false,false,,,,,,,,,,5,4.13,,,,,0.38
B1,local,B,2026-04,4,2,false,false,7.46,6.48,0.1126,,,,7.21,6.14,,11,13.21,,,8.41,7.04,9.52
B1,local,B,2026-05,20,10,false,true,7.42,6.35,0.1259,7.53,6.49,6.91,6.81,5.71,8.18,16,13.12,,,7.86,6.71,9.27
B1,local,B,2026-06,19,7,false,false,7.5,6.43,0.1212,8.08,7.02,6.65,7.03,5.99,8.3,16,11.77,,,7.64,6.42,9.35
B1,local,B,2026-07,22,8,true,true,7.61,6.55,0.1181,7.91,6.82,7.02,7.11,6.04,8.35,17,11.78,,,7.86,6.74,9.81
B1,local,B,2026-08,21,10,true,true,7.59,6.54,0.1175,7.88,6.81,6.99,6.97,5.9,8.27,17,11.03,,,7.82,6.73,9.41
B1,local,B,2026-09,21,8,true,true,7.42,6.38,0.1176,7.45,6.42,6.77,6.81,5.78,8.47,17,12.62,13.82,,7.8,6.72,10.06
B1,local,B,2026-10,4,2,false,false,7.62,6.57,0.1194,,,,7.05,6.03,8.4,12,12.7,13.2,16.5,7.92,6.81,9.5
B100,local,B,2026-04,4,2,false,false,8.82,7.87,0.1083,,,,8.04,7.08,,11,6.08,,,9.24,8.16,1.95
B100,local,B,2026-05,20,10,false,true,8.7,7.84,0.0844,7.69,6.86,8.58,8.18,7.41,9.85,16,6.54,,,9.22,8.19,2.32
B100,local,B,2026-06,19,7,false,false,8.75,8.02,0.0709,8.5,8.15,8.34,8.23,7.46,9.76,16,5.72,,,9.17,8.1,2.24
B100,local,B,2026-07,22,8,true,true,9.04,8.14,0.0805,8.74,7.86,8.89,8.49,7.63,9.68,17,6.15,,,9.01,8.02,2.19
B100,local,B,2026-08,21,10,true,true,9.1,8.21,0.0809,8.85,8.09,9.12,8.41,7.53,9.48,17,6.07,,,9.29,8.3,2.3
B100,local,B,2026-09,21,8,true,true,8.45,7.54,0.0892,8.11,7.19,8.33,8.14,7.31,9.01,17,6.72,6.53,,9.26,8.27,2.36
B100,local,B,2026-10,4,2,false,false,8.67,7.63,0.1008,,,,7.97,7.14,9.58,12,6.59,6.61,13.3,9.61,8.78,2.32
B103,limited,B,2026-04,4,2,false,false,8.42,7.52,0.0925,,,,7.92,6.96,,11,18.81,,,9.02,7.64,9.84
B103,limited,B,2026-05,20,10,false,true,8.09,7.14,0.1016,7.67,6.74,7.89,7.54,6.57,8.89,16,19.39,,,8.93,7.78,10.86
B103,limited,B,2026-06,19,7,false,false,8.36,7.42,0.0956,8.17,7.1,8.18,8.24,7.3,8.65,16,18.26,,,9.03,7.87,11.29
B103,limited,B,2026-07,22,8,true,true,8.49,7.52,0.096,8.32,7.28,8.23,7.97,7.11,9.22,17,18.49,,,9.01,7.82,10.64
B103,limited,B,2026-08,21,10,true,true,8.5,7.59,0.0905,8.44,7.43,8.25,8.01,7.16,9,17,18.61,,,9.02,7.88,10.83
B103,limited,B,2026-09,21,8,true,true,8.17,7.21,0.0972,7.71,6.69,7.91,7.61,6.74,9.08,17,18.94,19.11,,9.04,7.96,10.72
B103,limited,B,2026-10,4,2,false,false,8.38,7.51,0.0921,,,,7.62,6.82,9.04,12,18.8,18.31,15.9,9.55,8.11,10.34
B11,local,B,2026-04,4,2,false,false,6.17,5.44,0.1022,,,,5.41,4.72,,11,10.75,,,7.38,6.26,6.54
B11,local,B,2026-05,20,10,false,true,6.15,5.29,0.1271,5.79,5.02,5.82,5.64,4.74,6.95,16,10.62,,,7.34,6.27,5.89
B11,local,B,2026-06,19,7,false,false,6.39,5.55,0.1098,6.7,5.8,5.97,5.73,5.03,6.93,16,10.45,,,7.56,6.42,6.37
B11,local,B,2026-07,22,8,true,true,6.51,5.58,0.1233,6.25,5.35,6.1,6.01,5.09,7.42,17,9.96,,,7.83,6.87,5.8
B11,local,B,2026-08,21,10,true,true,6.46,5.58,0.1182,6.31,5.47,6.02,5.91,4.99,7.27,17,9.86,,,7.61,6.65,6.03
B11,local,B,2026-09,21,8,true,true,6.06,5.14,0.1289,5.8,4.95,5.64,5.48,4.64,6.91,17,10.55,11.47,,7.63,6.66,5.66
B11,local,B,2026-10,4,2,false,false,6.02,5.23,0.1157,,,,5.32,4.33,6.72,12,11.02,10.97,14.5,7.65,6.43,6.25
B111,shuttle,B,2026-05,1,0,false,false,5.89,4.55,0.2063,,,,,,,4,0.08,,,,,
B111,shuttle,B,2026-07,1,0,false,false,5.94,4.66,0.2571,,,,,,,5,0.16,,,,,
B111,shuttle,B,2026-08,1,0,false,false,5.79,4.3,0.2383,6.1,1.63,5.73,,,,7,0.25,,,,,
B111,shuttle,B,2026-09,1,0,false,false,5.71,4.56,0.1975,3.36,2.54,6.38,,,,7,0.16,,,,,
B12,local,B,2026-04,4,2,false,false,5.98,5.16,0.1184,,,,4.91,4.27,,11,11.09,,,6.98,6.04,4.89
B12,local,B,2026-05,20,10,false,true,5.96,5.07,0.1312,5.62,4.71,5.62,5.34,4.43,6.83,16,10.8,,,7.07,6.12,6.9
B12,local,B,2026-06,19,7,false,false,6.11,5.23,0.1296,6.04,5.26,5.62,5.53,4.82,6.99,16,10.2,,,6.76,5.81,6.12
B12,local,B,2026-07,22,8,true,true,6.21,5.34,0.1185,6.22,5.32,5.81,5.62,4.72,6.89,17,10.6,,,7.2,6.17,6.54
B12,local,B,2026-08,21,10,true,true,6.21,5.29,0.1241,6.3,5.37,5.8,5.46,4.6,6.98,17,10.7,,,6.92,5.96,6.62
B12,local,B,2026-09,21,8,true,true,5.97,5.11,0.1216,5.74,4.84,5.68,5.23,4.41,6.85,17,11.17,12.56,,7.1,6.2,6.72
B12,local,B,2026-10,4,2,false,false,5.83,4.84,0.1504,,,,5.13,4.23,6.51,12,11.29,11.82,18.2,6.93,6.01,7.42
B13,local,B,2026-04,4,2,false,false,7.48,6.82,0.0749,,,,6.76,6.37,,11,8.51,,,8.29,7.65,4.4
B13,local,B,2026-05,20,10,false,true,7.39,6.6,0.0904,6.95,6.28,7.2,6.76,6.13,8.28,16,8.84,,,8.06,7.28,4.65
B13,local,B,2026-06,19,7,false,false,7.6,6.94,0.0646,7.29,6.82,7.11,7.09,6.66,8.76,16,8.45,,,7.97,7.26,4.91
B13,local,B,2026-07,22,8,true,true,7.53,6.76,0.0839,7.4,6.67,7.27,7.11,6.42,8.14,17,8.5,,,8.27,7.53,4.8
B13,local,B,2026-08,21,10,true,true,7.63,6.86,0.0814,7.53,6.74,7.37,7.16,6.49,8.26,17,8.29,,,7.99,7.33,4.64
B13,local,B,2026-09,21,8,true,true,7.45,6.69,0.0797,7.27,6.45,7.23,6.95,6.31,8.15,17,8.55,9,,8.03,7.27,4.64
B13,local,B,2026-10,4,2,false,false,7.46,6.74,0.0766,,,,6.74,6.02,8.42,12,8.99,9.27,13.6,8.3,7.46,4.45
B14,local,B,2026-04,4,2,false,false,6.42,5.66,0.0913,,,,5.95,5.2,,11,6.52,,,7.6,6.55,4.11
B14,local,B,2026-05,20,10,false,true,6.36,5.48,0.122,5.87,5.03,6.03,5.71,4.78,7.53,16,6.84,,,7.08,6.23,4.47
B14,local,B,2026-06,19,7,false,false,6.59,5.73,0.1206,6.28,5.37,6.08,6.26,5.3,7.64,16,6.62,,,7.16,6.26,4.07
B14,local,B,2026-07,22,8,true,true,6.48,5.53,0.1249,6.4,5.48,6.14,5.99,5.1,7.25,17,6.93,,,7.19,6.28,4.44
B14,local,B,2026-08,21,10,true,true,6.54,5.68,0.1107,6.47,5.64,6.12,5.96,5.11,7.43,17,6.8,,,7.09,6.18,4.42
B14,local,B,2026-09,21,8,true,true,6.37,5.51,0.1139,6.09,5.22,6.02,5.73,4.87,7.37,17,6.68,7.04,,7.37,6.36,4.24
B14,local,B,2026-10,4,2,false,false,6.41,5.68,0.0958,,,,5.52,4.71,7.63,12,6.52,7.01,13.6,7.23,6.62,4.69
B15,local,B,2026-04,4,2,false,false,7.46,6.79,0.069,,,,6.47,5.73,,11,15.42,,,8.34,7.54,13.21
B15,local,B,2026-05,20,10,false,true,7.35,6.63,0.0802,6.78,6.1,7.32,6.65,6.01,8.12,16,16.14,,,8.27,7.44,13.9
B15,local,B,2026-06,19,7,false,false,7.4,6.72,0.0741,7.05,6.43,7.47,6.5,5.74,8.02,16,14.76,,,8.2,7.32,13.16
B15,local,B,2026-07,22,8,true,true,7.43,6.71,0.0781,6.95,6.26,7.51,6.66,6.03,8.14,17,15.84,,,8.21,7.32,13.4
B15,local,B,2026-08,21,10,true,true,7.52,6.82,0.0734,7.21,6.51,7.55,6.7,6.07,8.08,17,15.97,,,8.02,7.16,13.59
B15,local,B,2026-09,21,8,true,true,7.38,6.68,0.0761,6.82,6.14,7.39,6.42,5.78,8.22,17,15.97,17.49,,8.34,7.49,13.89
B15,local,B,2026-10,4,2,false,false,7.48,6.81,0.0711,,,,6.35,5.83,7.99,12,16.16,17.14,16.2,8.3,7.39,13.42
B16,local,B,2026-04,4,2,false,false,7.15,6.38,0.096,,,,6.26,5.49,,11,8.36,,,8.21,7.33,4.56
B16,local,B,2026-05,20,10,false,true,7.03,6.16,0.1063,6.41,5.55,6.62,6.2,5.27,8.28,16,8.37,,,8.6,7.58,4.75
B16,local,B,2026-06,19,7,false,false,7.38,6.56,0.0874,7.06,6.28,6.71,6.83,5.73,8.55,16,6.85,,,8.51,7.47,4.81
B16,local,B,2026-07,22,8,true,true,7.38,6.48,0.0996,7.35,6.42,6.89,6.76,5.83,8.15,17,6.43,,,8.78,7.79,4.58
B16,local,B,2026-08,21,10,true,true,7.5,6.65,0.0926,7.46,6.64,6.87,6.69,5.89,8.65,17,6.42,,,8.48,7.61,4.76
B16,local,B,2026-09,21,8,true,true,6.92,6.03,0.1076,6.78,5.81,6.29,6.13,5.32,8.08,17,8.11,8.8,,8.52,7.51,4.81
B16,local,B,2026-10,4,2,false,false,7.28,6.29,0.1173,,,,5.99,5.33,8.56,12,9.68,9.14,10.7,8.58,7.68,5.09
B17,local,B,2026-04,4,2,false,false,7.96,7.13,0.0885,,,,7.18,6.6,,11,8.71,,,8.67,7.9,6.77
B17,local,B,2026-05,20,10,false,true,7.39,6.54,0.0986,6.96,6.32,7.41,6.5,5.78,8.17,16,8.95,,,8.7,7.78,6.89
B17,local,B,2026-06,19,7,false,false,7.46,6.63,0.1033,7.35,6.44,7.48,6.76,6.18,7.87,16,8.41,,,8.06,7.09,6.82
B17,local,B,2026-07,22,8,true,true,7.53,6.68,0.0936,7.45,6.67,7.42,6.74,5.94,8.14,17,8.82,,,8.52,7.59,7.18
B17,local,B,2026-08,21,10,true,true,7.58,6.73,0.0951,7.54,6.7,7.46,6.92,6.14,8.07,17,8.73,,,8.41,7.5,7.03
B17,local,B,2026-09,21,8,true,true,7.38,6.56,0.0912,6.96,6.16,7.33,6.65,5.97,8.14,17,8.98,9.68,,8.7,7.74,7.07
B17,local,B,2026-10,4,2,false,false,7.36,6.51,0.1045,,,,6.47,5.72,8.15,12,9.2,9.78,15.7,8.13,7.3,7.65
B2,local,B,2026-04,4,2,false,false,7.65,5.93,0.1798,,,,6.25,5.06,,11,2.01,,,9.69,8.38,1.59
B2,local,B,2026-05,20,10,false,true,8.01,6.53,0.1625,7.83,6.53,7.59,7.58,6.18,8.89,16,2.28,,,9.14,7.68,1.54
B2,local,B,2026-06,19,7,false,false,8.82,7.65,0.1048,8.17,6.83,9.05,8.12,7.14,9.29,16,2.28,,,9.4,7.98,1.55
B2,local,B,2026-07,22,8,true,true,8.33,6.93,0.142,7.8,6.8,8.02,7.72,6.35,9.4,17,2.26,,,9.08,7.82,1.54
B2,local,B,2026-08,21,10,true,true,7.94,6.55,0.1595,7.88,6.82,7.42,7.79,6.58,8.75,17,2.01,,,8.99,7.74,1.41
B2,local,B,2026-09,21,8,true,true,8.07,6.88,0.1246,7.46,6.56,7.67,7.38,6.27,9.39,17,2.28,2.14,,9.03,7.56,1.57
B2,local,B,2026-10,4,2,false,false,8.02,7.02,0.1154,,,,7.68,6.48,8.92,12,2.18,2.19,8.4,8.96,7.83,1.92
B20,local,B,2026-04,4,2,false,false,7.28,6.42,0.0999,,,,6.97,6.16,,11,10.31,,,8.09,7.23,5.01
B20,local,B,2026-05,20,10,false,true,7,6.23,0.0954,6.75,6.01,6.69,6.47,5.7,7.91,16,9.74,,,7.89,7.06,5.59
B20,local,B,2026-06,19,7,false,false,7.16,6.38,0.0882,6.83,6.1,6.84,6.69,5.9,8.11,16,9.76,,,7.57,6.35,4.97
B20,local,B,2026-07,22,8,true,true,7.22,6.32,0.102,7.1,6.21,6.86,6.67,5.81,8.16,17,9.72,,,8.01,7.27,5.47
B20,local,B,2026-08,21,10,true,true,7.23,6.4,0.097,7.14,6.3,6.96,6.62,5.82,7.94,17,9.52,,,7.8,7.01,5.43
B20,local,B,2026-09,21,8,true,true,7.1,6.28,0.095,6.74,5.92,6.9,6.42,5.63,7.99,17,9.57,9.92,,8.08,7.35,5.43
B20,local,B,2026-10,4,2,false,false,7.05,6.33,0.0894,,,,6.41,5.66,8.24,12,9.56,9.89,10.5,7.92,7.28,5.48
B24,local,B,2026-04,4,2,false,false,8.37,7.22,0.1299,,,,7.92,6.71,,11,3.88,,,9.13,7.3,3.21
B24,local,B,2026-05,20,10,false,true,8.18,6.95,0.1353,7.56,6.34,7.6,7.16,6.16,10.15,16,3.74,,,9.42,7.97,2.77
B24,local,B,2026-06,19,7,false,false,8.05,7.2,0.1029,8.44,7.92,7.75,6.24,5.14,9.45,16,3.88,,,9.18,7.8,2.89
B24,local,B,2026-07,22,8,true,true,7.9,6.94,0.105,7.36,6.47,7.32,7.46,6.46,9.37,17,3.64,,,9.69,8.39,2.89
B24,local,B,2026-08,21,10,true,true,8.37,7.24,0.1167,8,6.77,8.11,7.49,6.56,9.6,17,3.71,,,10.22,8.59,2.77
B24,local,B,2026-09,21,8,true,true,7.94,6.87,0.1128,7.36,6.35,7.39,7.17,6.33,9.62,17,3.88,3.88,,10.06,8.5,2.72
B24,local,B,2026-10,4,2,false,false,8.32,7.23,0.1134,,,,6.85,6.1,9.99,12,4.01,3.84,7.8,9.36,8.15,2.85
B25,local,B,2026-04,4,2,false,false,6.73,6.03,0.0905,,,,5.63,5.05,,11,8.82,,,7.38,6.25,5.37
B25,local,B,2026-05,20,10,false,true,6.5,5.67,0.1084,6.39,5.71,6.09,5.8,5.01,7.22,16,9.27,,,7.54,6.58,6.64
B25,local,B,2026-06,19,7,false,false,6.87,5.95,0.1163,7.26,6.47,6.26,5.97,4.71,7.69,16,9.35,,,7.23,6.1,6.82
B25,local,B,2026-07,22,8,true,true,6.69,5.81,0.11,6.63,5.77,6.18,6.11,5.27,7.52,17,9.57,,,7.49,6.54,6.29
B25,local,B,2026-08,21,10,true,true,6.76,5.93,0.1042,6.75,5.85,6.29,6.1,5.3,7.52,17,9.56,,,7.56,6.65,6.58
B25,local,B,2026-09,21,8,true,true,6.49,5.69,0.1054,6.33,5.54,6,5.75,4.99,7.39,17,9.96,12.21,,7.55,6.69,6.81
B25,local,B,2026-10,4,2,false,false,6.34,5.51,0.1108,,,,5.39,4.67,7.01,12,8.85,11.83,14.4,6.91,6.14,6.86
B26,local,B,2026-04,4,2,false,false,6.84,6.06,0.0935,,,,6.49,5.9,,11,10.52,,,7.54,6.36,7.13
B26,local,B,2026-05,20,10,false,true,6.72,6,0.0888,6.49,5.83,6.46,6.3,5.62,7.3,16,10.64,,,7.57,6.71,7.8
B26,local,B,2026-06,19,7,false,false,7,6.25,0.0917,7.29,6.75,6.47,6.81,5.8,7.43,16,10.44,,,7.73,6.53,7.03
B26,local,B,2026-07,22,8,true,true,6.85,6.09,0.0915,6.79,6.06,6.49,6.46,5.75,7.41,17,10.24,,,7.62,6.76,7.67
B26,local,B,2026-08,21,10,true,true,6.91,6.19,0.0853,7.02,6.23,6.55,6.49,5.83,7.38,17,10.11,,,7.43,6.57,7.59
B26,local,B,2026-09,21,8,true,true,6.71,5.98,0.0895,6.66,5.92,6.36,6.23,5.54,7.3,17,10.56,11.14,,7.66,6.81,7.56
B26,local,B,2026-10,4,2,false,false,6.88,6.26,0.0784,,,,6.3,5.59,7.45,12,10.81,10.6,15,7.24,6.27,8.09
B3,local,B,2026-04,4,2,false,false,7.12,6.2,0.1015,,,,6.15,5.29,,11,10.44,,,7.77,6.84,7.52
B3,local,B,2026-05,20,10,false,true,7.07,6.18,0.1058,6.66,5.8,6.59,6.44,5.59,8.13,16,10.47,,,7.83,6.79,7.96
B3,local,B,2026-06,19,7,false,false,7.32,6.45,0.0989,7.45,6.51,6.79,6.12,5.45,8.45,16,9.54,,,7.85,6.95,8.33
B3,local,B,2026-07,22,8,true,true,7.3,6.38,0.1041,7.38,6.48,6.81,6.81,5.88,8.01,17,10.35,,,8.15,7.08,8.23
B3,local,B,2026-08,21,10,true,true,7.41,6.5,0.0984,7.44,6.56,6.79,6.66,5.78,8.4,17,10.03,,,8.08,7.07,8
B3,local,B,2026-09,21,8,true,true,7.07,6.19,0.0987,6.9,6.05,6.34,6.43,5.59,8.4,17,10.6,11.09,,7.98,7.03,8.23
B3,local,B,2026-10,4,2,false,false,7,6.14,0.1012,,,,6.17,5.31,8.06,12,10.62,10.87,16,7.89,7.01,9.09
B31,local,B,2026-04,4,2,false,false,9.4,8.04,0.1438,,,,8.1,6.91,,11,1.94,,,10.36,9.39,1.61
B31,local,B,2026-05,20,10,false,true,9.05,7.82,0.1258,8.1,7.3,9.03,8.22,7.12,10.15,16,2.2,,,10.23,9.03,1.53
B31,local,B,2026-06,19,7,false,false,9.32,7.95,0.1179,9.16,8.21,8.07,9.4,7.6,10.97,16,2.06,,,10.13,8.91,1.36
B31,local,B,2026-07,22,8,true,true,9.32,7.96,0.126,8.78,7.64,9.01,8.99,7.7,10.09,17,2.22,,,10.69,9.32,1.38
B31,local,B,2026-08,21,10,true,true,9.44,8.02,0.1358,9.23,8.18,8.9,8.92,7.62,10.55,17,2.03,,,10.49,9.14,1.48
B31,local,B,2026-09,21,8,true,true,9.27,8,0.1214,8.42,7.27,8.73,8.69,7.48,10.88,17,2.18,2.22,,11.25,9.72,1.53
B31,local,B,2026-10,4,2,false,false,8.99,7.61,0.1366,,,,8.83,6.91,10.91,12,2.03,2.27,11.4,11.01,9.32,1.68
B32,local,B,2026-04,4,2,false,false,8.07,7,0.1053,,,,6.6,5.89,,10,1.25,,,7.71,6.93,0.74
B32,local,B,2026-05,20,10,false,true,7.43,6.56,0.1016,7.26,6.51,7.2,6.92,6.15,8.57,15,1.43,,,7.15,6.38,1.3
B32,local,B,2026-06,10,7,false,false,7.81,7.12,0.0986,7.24,6.55,8.52,6.85,5.81,7.93,15,1.56,,,7.87,6.68,1.19
B32,local,B,2026-07,22,8,true,true,7.48,6.69,0.0821,7.62,6.84,7.31,6.73,6.32,8.44,16,1.49,,,8.09,7.17,1.39
B32,local,B,2026-08,21,10,true,true,7.67,6.8,0.084,8.01,7.25,7.74,7,6.51,7.83,16,1.54,,,7.86,6.85,1.39
B32,local,B,2026-09,21,8,true,true,7.38,6.42,0.0985,7.48,6.77,7.36,6.54,5.95,8.15,15,1.45,1.49,,7.7,6.86,1.29
B32,local,B,2026-10,4,2,false,false,7.87,7.26,0.0643,,,,6.64,6.27,8.38,10,1.52,1.38,9.7,7.86,6.88,1.5
B35,local,B,2026-04,4,2,false,false,6.16,5.25,0.1345,,,,5.62,4.51,,11,19.39,,,6.55,5.54,12.68
B35,local,B,2026-05,20,10,false,true,5.98,5.07,0.1347,5.82,5,5.72,5.51,4.62,6.55,16,19.39,,,6.57,5.57,13.46
B35,local,B,2026-06,19,7,false,false,6.34,5.31,0.141,6.56,5.6,5.99,5.99,4.89,6.66,16,18.9,,,6.48,5.44,12.96
B35,local,B,2026-07,22,8,true,true,6.2,5.22,0.1354,6.5,5.44,5.77,5.7,4.79,6.7,17,18.86,,,6.56,5.64,13.04
B35,local,B,2026-08,21,10,true,true,6.23,5.32,0.1244,6.45,5.54,5.85,5.67,4.8,6.75,17,18.96,,,6.53,5.56,13.26
B35,local,B,2026-09,21,8,true,true,6.09,5.17,0.1295,5.97,5.05,5.72,5.56,4.7,6.83,17,19.53,21.4,,6.56,5.65,14.02
B35,local,B,2026-10,4,2,false,false,6.2,5.25,0.1249,,,,5.52,4.64,6.7,12,20.41,21.26,26.7,6.45,5.62,14.61
B36,local,B,2026-04,4,2,false,false,7.82,7.03,0.0906,,,,7.7,7.07,,11,9.33,,,8.64,7.82,4.44
B36,local,B,2026-05,20,10,false,true,7.6,6.72,0.1002,7.31,6.45,7.16,7.2,6.34,8.36,16,9.72,,,8.23,7.24,4.51
B36,local,B,2026-06,19,7,false,false,7.76,6.74,0.1109,7.75,6.75,7.18,7.08,5.98,8.73,16,9.64,,,7.73,6.81,4.6
B36,local,B,2026-07,22,8,true,true,7.79,6.89,0.094,7.76,6.84,7.29,7.24,6.45,8.51,17,9.76,,,8.25,7.24,4.89
B36,local,B,2026-08,21,10,true,true,7.8,6.91,0.0938,7.75,6.89,7.33,7.34,6.55,8.48,17,9.43,,,8.27,7.37,4.92
B36,local,B,2026-09,21,8,true,true,7.63,6.78,0.0887,7.46,6.63,7.17,7.08,6.26,8.49,17,9.68,10.19,,8.51,7.6,4.95
B36,local,B,2026-10,4,2,false,false,7.47,6.6,0.1031,,,,6.69,5.86,8.57,12,9.83,9.96,13.7,8.12,7.4,4.87
B37,local,B,2026-04,4,2,false,false,8.13,7.49,0.0652,,,,6.87,6.66,,11,4.31,,,8.43,7.34,2.64
B37,local,B,2026-05,20,10,false,true,7.82,7,0.0914,6.86,6.07,7.11,7.1,6.38,9.78,16,4.14,,,8.96,7.97,2.67
B37,local,B,2026-06,19,7,false,false,7.95,7.13,0.0912,7.35,6.66,7.12,7.15,6.2,9.9,16,4.59,,,8.84,7.78,2.74
B37,local,B,2026-07,22,8,true,true,8.12,7.19,0.0928,7.61,6.86,7.51,7.34,6.44,9.6,17,4.08,,,9.21,8.11,2.44
B37,local,B,2026-08,21,10,true,true,8.22,7.32,0.092,8.03,7.2,7.65,7.21,6.42,9.44,17,3.92,,,9.26,8.18,2.63
B37,local,B,2026-09,21,8,true,true,7.94,7.14,0.0833,7.21,6.38,7.26,7.22,6.49,9.83,17,4,4.08,,9.09,7.93,2.64
B37,local,B,2026-10,4,2,false,false,7.68,7.07,0.0726,,,,6.49,5.93,9.62,12,4.28,3.99,6.9,8.45,7.81,2.02
B38,local,B,2026-04,4,2,false,false,6.76,5.91,0.1143,,,,6.39,5.79,,11,18.93,,,7.3,6.24,8.96
B38,local,B,2026-05,20,10,false,true,6.7,5.85,0.108,6.33,5.52,6.54,6.29,5.52,7.33,16,19.21,,,7.13,6.18,9.48
B38,local,B,2026-06,19,7,false,false,6.92,5.99,0.1165,6.9,5.87,6.67,6.54,5.49,7.42,16,18.46,,,6.94,5.86,8.58
B38,local,B,2026-07,22,8,true,true,6.91,5.99,0.1138,6.81,5.86,6.74,6.55,5.69,7.34,17,18.81,,,7.19,6.26,9.77
B38,local,B,2026-08,21,10,true,true,6.97,6.04,0.1152,6.89,5.86,6.83,6.64,5.78,7.31,17,18.5,,,7.11,6.09,9.92
B38,local,B,2026-09,21,8,true,true,6.69,5.82,0.1095,6.53,5.58,6.56,6.13,5.32,7.21,17,18.89,18.97,,7.23,6.34,10.23
B38,local,B,2026-10,4,2,false,false,6.9,5.91,0.1226,,,,6.27,5.48,7.63,12,19.51,17.27,21.4,7.04,6,10.64
B39,local,B,2026-04,4,2,false,false,13.66,10.98,0.1724,,,,,,,9,0.51,,,8.36,7.59,0.53
B39,local,B,2026-05,20,10,false,true,12.09,9.45,0.1765,12.54,10.59,11.43,10.37,8.57,14.69,15,0.64,,,13.95,11.37,0.46
B39,local,B,2026-06,3,6,false,false,10.88,9.2,0.1262,8.54,8.59,7.13,17.11,13.74,16.01,15,0.64,,,15.02,12.35,0.41
B39,local,B,2026-07,22,8,true,true,11.99,9.67,0.1813,15.79,13.45,10.62,11.56,9.91,11.34,15,0.6,,,15.15,12.34,0.54
B39,local,B,2026-08,21,10,true,true,14.37,11.08,0.2041,16.37,12.63,13.47,13.53,10.99,15.02,16,0.59,,,16.86,12.62,0.52
B39,local,B,2026-09,21,8,true,true,12.08,8.77,0.2195,13.63,11.01,10.72,8.79,7.38,16.52,15,0.56,0.47,,15.29,12.13,0.52
B39,local,B,2026-10,4,2,false,false,9.97,4.95,0.308,,,,5.26,4.21,18.41,10,0.66,0.41,4.4,10.49,10.91,0.63
B4,local,B,2026-04,4,2,false,false,7.9,6.83,0.1165,,,,6.97,6.04,,11,7.53,,,8.99,7.79,4.93
B4,local,B,2026-05,20,10,false,true,7.4,6.34,0.1242,6.9,5.92,7.13,6.65,5.63,8.42,16,7.52,,,8.56,7.35,5.54
B4,local,B,2026-06,19,7,false,false,7.7,6.65,0.1186,7.48,6.47,7.32,6.8,5.49,8.77,16,7,,,8.67,7.62,5.75
B4,local,B,2026-07,22,8,true,true,7.76,6.62,0.1244,7.4,6.4,7.32,7.2,6.14,8.81,17,7.15,,,8.69,7.59,5.43
B4,local,B,2026-08,21,10,true,true,7.75,6.76,0.1052,7.55,6.5,7.49,7.06,6.08,8.46,17,7.08,,,8.59,7.44,5.64
B4,local,B,2026-09,21,8,true,true,7.49,6.56,0.1016,7.11,6.14,7.06,6.81,5.89,8.63,17,7.21,7.72,,8.79,7.73,5.37
B4,local,B,2026-10,4,2,false,false,7.49,6.43,0.1185,,,,6.87,5.98,8.84,12,7.41,7.61,10.9,8.8,7.86,5.26
B41,local,B,2026-04,4,2,false,false,7.67,6.65,0.1165,,,,7.12,6.15,,11,26.37,,,8.06,6.74,14.13
B41,local,B,2026-05,20,10,false,true,7.23,6.04,0.1487,7.14,5.96,6.91,6.4,5.17,7.96,16,28.63,,,8.23,6.89,18.45
B41,local,B,2026-06,19,7,false,false,7.58,6.39,0.1328,7.27,6.11,6.99,7.55,6.35,8.3,16,29.15,,,8.31,6.88,18.65
B41,local,B,2026-07,22,8,true,true,7.42,6.23,0.1419,7.45,6.26,7.07,6.94,5.74,8.01,17,28.14,,,8.38,7.01,17.78
B41,local,B,2026-08,21,10,true,true,7.69,6.56,0.1272,7.94,6.78,7.14,7.15,6.02,8.34,17,26.76,,,8.1,6.78,17.49
B41,local,B,2026-09,21,8,true,true,7.33,6.24,0.1276,7.26,6.17,6.94,6.75,5.68,7.96,17,28.39,29.63,,8.34,7.18,19.63
B41,local,B,2026-10,4,2,false,false,7.54,6.46,0.1261,,,,6.6,5.55,8.56,12,29.12,28.23,14.1,7.87,6.84,19.6
B42,local,B,2026-04,4,2,false,false,7.87,6.69,0.1384,,,,6.75,5.68,,11,2.34,,,9.66,8.58,1.3
B42,local,B,2026-05,20,10,false,true,7.88,6.63,0.1375,7.52,6.46,7.6,7.35,6.09,8.82,16,2.67,,,8.68,7.51,1.33
B42,local,B,2026-06,19,7,false,false,7.94,6.69,0.1475,7.88,6.68,7.6,7.53,6.43,8.65,16,2.36,,,8.18,6.95,1.45
B42,local,B,2026-07,22,8,true,true,7.67,6.48,0.1389,7.41,6.24,7.65,7.01,5.91,8.21,17,2.64,,,8.33,7.31,1.49
B42,local,B,2026-08,21,10,true,true,7.94,6.68,0.1396,7.73,6.65,7.65,7.3,6.2,8.74,17,2.68,,,8.31,7.22,1.5
B42,local,B,2026-09,21,8,true,true,7.65,6.37,0.1449,7.37,6.26,7.39,7.22,6.11,8.41,17,2.73,2.96,,8.75,7.46,1.41
B42,local,B,2026-10,4,2,false,false,7.77,6.44,0.1496,,,,7.02,5.97,9.08,12,2.91,3.02,17.7,8.79,7.65,1.67
B43,local,B,2026-04,4,2,false,false,6.53,5.72,0.1108,,,,5.86,4.98,,11,10.31,,,6.86,5.41,5.12
B43,local,B,2026-05,20,10,false,true,6.42,5.65,0.1035,5.99,5.33,6.14,5.72,4.99,7.34,16,10.17,,,7.29,6.39,5.7
B43,local,B,2026-06,19,7,false,false,6.55,5.81,0.0989,6.25,5.46,6.27,5.92,5.08,7.33,16,9.63,,,6.9,6.12,6.44
B43,local,B,2026-07,22,8,true,true,6.58,5.75,0.1112,6.44,5.65,6.3,5.78,5.05,7.42,17,9.87,,,7.28,6.37,5.74
B43,local,B,2026-08,21,10,true,true,6.62,5.85,0.1005,6.56,5.79,6.29,5.87,5.11,7.4,17,9.59,,,7.06,6.14,5.81
B43,local,B,2026-09,21,8,true,true,6.31,5.54,0.1039,6.1,5.4,5.93,5.53,4.83,7.29,17,9.94,10.67,,7.22,6.37,5.6
B43,local,B,2026-10,4,2,false,false,6.44,5.71,0.1082,,,,5.19,4.55,7.47,12,9.68,10.55,14.4,6.76,6.36,5.35
B44,local,B,2026-04,4,2,false,false,7.61,6.74,0.0993,,,,6.88,6.26,,11,14.36,,,8.15,7.05,9.76
B44,local,B,2026-05,20,10,false,true,7.4,6.45,0.1106,6.96,5.99,6.91,6.78,5.83,8.54,16,14.42,,,8.44,7.32,11.3
B44,local,B,2026-06,19,7,false,false,7.6,6.66,0.1002,7.23,6.37,7.02,7.15,6.25,8.68,16,13.2,,,8.31,7.34,10.75
B44,local,B,2026-07,22,8,true,true,7.62,6.72,0.0989,7.32,6.53,7.13,6.98,6.07,8.76,17,13.51,,,8.6,7.53,11.44
B44,local,B,2026-08,21,10,true,true,7.63,6.74,0.0976,7.61,6.81,7.05,6.9,6.01,8.66,17,12.58,,,8.26,7.3,10.7
B44,local,B,2026-09,21,8,true,true,7.36,6.46,0.1017,6.91,6.09,6.88,6.68,5.79,8.46,17,14.48,16.03,,8.54,7.59,11.63
B44,local,B,2026-10,4,2,false,false,7.4,6.56,0.1017,,,,6.46,5.73,8.91,12,14.8,15.61,12.4,8.51,7.71,12.61
B44+,sbs,B,2026-04,4,2,false,false,9.68,8.38,0.1233,,,,9.07,7.77,,11,13.03,,,10.75,8.64,7.37
B44+,sbs,B,2026-05,20,10,false,true,9.66,8.28,0.1262,9.45,8.02,9.21,9.17,7.74,10.43,16,13.31,,,10.55,9.1,8.7
B44+,sbs,B,2026-06,19,7,false,false,9.98,8.54,0.124,9.8,7.97,9.46,9.68,8.27,10.68,16,13.24,,,10.45,8.83,8.08
B44+,sbs,B,2026-07,22,8,true,true,10.1,8.69,0.1172,10.35,8.88,9.59,9.57,8.04,10.72,17,12.72,,,11.03,9.53,8.68
B44+,sbs,B,2026-08,21,10,true,true,9.9,8.56,0.115,10.21,8.87,9.34,9.58,8.08,10.3,17,12.15,,,10.45,9.07,8.64
B44+,sbs,B,2026-09,21,8,true,true,9.45,8.11,0.1179,9.44,8.1,8.78,8.92,7.55,10.36,17,14.14,15.01,,10.56,9.14,8.92
B44+,sbs,B,2026-10,4,2,false,false,10,8.47,0.1262,,,,8.9,7.73,10.95,12,13.44,14.84,20.6,10.54,9.06,8.59
B45,local,B,2026-04,4,2,false,false,6.72,5.75,0.127,,,,6.02,5.19,,11,5.51,,,5.58,4.52,3.61
B45,local,B,2026-05,20,10,false,true,6.32,5.36,0.1326,5.87,5.11,5.98,5.58,4.63,7.27,16,5.91,,,7.29,6.19,3.69
B45,local,B,2026-06,19,7,false,false,6.86,6,0.1088,6.42,5.54,6.49,6.48,5.7,7.58,16,5.95,,,7.43,6,3.65
B45,local,B,2026-07,22,8,true,true,6.65,5.65,0.1271,6.57,5.68,6.21,5.97,5.13,7.48,17,5.9,,,7.69,6.52,3.82
B45,local,B,2026-08,21,10,true,true,6.66,5.7,0.1217,6.7,5.82,6.13,6.14,5.28,7.46,17,5.78,,,7.38,6.28,3.65
B45,local,B,2026-09,21,8,true,true,6.4,5.51,0.1161,6.08,5.26,5.97,5.69,4.9,7.37,17,5.88,6.74,,7.4,6.24,3.83
B45,local,B,2026-10,4,2,false,false,6.38,5.46,0.1298,,,,5.36,4.36,7.28,12,5.94,6.51,12.3,7.12,5.81,3.2
B46,local,B,2026-04,4,2,false,false,7.38,6.46,0.1135,,,,6.49,5.6,,11,15.7,,,8.17,7.32,14.5
B46,local,B,2026-05,20,10,false,true,7.23,6.33,0.1117,7.21,6.34,6.93,6.55,5.67,7.84,16,15.57,,,7.93,7.06,13.61
B46,local,B,2026-06,19,7,false,false,7.21,6.41,0.1023,7.58,6.75,6.95,6.38,5.64,7.56,16,15.21,,,7.82,6.95,13.09
B46,local,B,2026-07,22,8,true,true,7.27,6.41,0.1023,7.47,6.59,6.84,6.58,5.66,7.88,17,15.87,,,7.86,7.04,13.39
B46,local,B,2026-08,21,10,true,true,7.34,6.47,0.1043,7.73,6.93,6.92,6.65,5.74,7.84,17,14.82,,,7.77,6.9,12.95
B46,local,B,2026-09,21,8,true,true,7.2,6.36,0.0986,7.19,6.42,6.78,6.44,5.62,8.03,17,16,17.12,,7.86,7.07,13.86
B46,local,B,2026-10,4,2,false,false,7.38,6.42,0.1057,,,,6.3,5.37,8.13,12,16.36,16.78,14.1,7.64,6.82,14.52
B46+,sbs,B,2026-04,4,2,false,false,9.42,8.31,0.1076,,,,8.33,6.99,,11,11.79,,,9.4,8.38,7.06
B46+,sbs,B,2026-05,20,10,false,true,9.16,8.09,0.106,9.14,8.18,9.04,8.41,7.32,9.52,16,12.91,,,9.61,8.49,7.94
B46+,sbs,B,2026-06,19,7,false,false,9.09,8.1,0.0977,9.33,8.18,8.83,8.42,7.38,9.4,16,13.4,,,9.26,8.28,8.06
B46+,sbs,B,2026-07,22,8,true,true,9.26,8.15,0.1027,9.49,8.5,8.91,8.43,7.41,9.85,17,13.25,,,9.69,8.6,8.21
B46+,sbs,B,2026-08,21,10,true,true,9.24,8.19,0.0961,9.45,8.4,8.99,8.51,7.54,9.58,17,12.28,,,9.39,8.29,7.91
B46+,sbs,B,2026-09,21,8,true,true,9.03,8.04,0.0937,8.94,8.04,8.81,8.21,7.29,9.66,17,13.31,13.7,,9.4,8.4,8.36
B46+,sbs,B,2026-10,4,2,false,false,9.06,8.14,0.0904,,,,8.14,7.12,10.09,12,13.73,13.61,21.4,9.33,8.58,8.64
B47,local,B,2026-04,4,2,false,false,7.23,6.59,0.0631,,,,6.65,6.05,,11,10.79,,,7.77,7.1,6.69
B47,local,B,2026-05,20,10,false,true,6.75,6.09,0.0846,6.6,5.95,6.39,6,5.4,7.58,16,10.78,,,7.56,6.79,7.67
B47,local,B,2026-06,19,7,false,false,6.97,6.39,0.0691,7.25,6.66,6.5,6.42,5.92,7.48,16,10.11,,,7.28,6.49,7.47
B47,local,B,2026-07,22,8,true,true,7.05,6.42,0.0683,7.01,6.39,6.73,6.36,5.81,7.77,17,10.14,,,7.68,6.92,7.69
B47,local,B,2026-08,21,10,true,true,7.09,6.47,0.07,7.16,6.53,6.66,6.43,5.85,7.74,17,10,,,7.39,6.62,7.39
B47,local,B,2026-09,21,8,true,true,6.89,6.25,0.0719,6.62,5.98,6.54,6.26,5.65,7.76,17,10.46,10.77,,7.66,6.94,7.4
B47,local,B,2026-10,4,2,false,false,6.87,6.14,0.0803,,,,6.17,5.43,7.67,12,10.89,10.7,15.3,7.04,6.36,6.26
B48,local,B,2026-04,4,2,false,false,6.7,6.02,0.0919,,,,6.05,5.34,,11,6.02,,,6.56,5,3.74
B48,local,B,2026-05,20,10,false,true,6.49,5.59,0.1227,6.03,5.1,6.16,5.85,5.02,7.41,16,5.76,,,7.35,6.42,4.05
B48,local,B,2026-06,19,7,false,false,6.64,5.9,0.0938,6.28,5.57,6.56,6.25,5.77,6.9,16,5.76,,,7.24,6.18,3.32
B48,local,B,2026-07,22,8,true,true,6.58,5.78,0.1041,6.38,5.59,6.34,6.05,5.29,7.23,17,5.69,,,7.47,6.59,4.12
B48,local,B,2026-08,21,10,true,true,6.7,5.9,0.1006,6.52,5.72,6.39,6.04,5.33,7.4,17,5.65,,,7.27,6.37,4.23
B48,local,B,2026-09,21,8,true,true,6.29,5.49,0.1074,5.97,5.15,5.98,5.6,4.84,7.01,17,5.7,5.71,,7.22,6.29,3.92
B48,local,B,2026-10,4,2,false,false,6.6,5.82,0.0965,,,,5.56,4.94,7.41,12,5.63,5.33,7.8,7.59,6.88,3.89
B49,local,B,2026-04,4,2,false,false,7.82,6.97,0.0937,,,,6.75,6.02,,11,12.35,,,8.56,7.17,5.25
B49,local,B,2026-05,20,10,false,true,7.75,6.77,0.106,7.83,6.89,7.39,6.74,5.76,8.49,16,13.16,,,8.46,7.51,7.2
B49,local,B,2026-06,19,7,false,false,7.85,6.96,0.0945,8.46,7.52,7.07,7.3,6.45,8.49,16,11.73,,,8.19,7.13,6.72
B49,local,B,2026-07,22,8,true,true,7.72,6.85,0.0939,7.9,7.14,7.27,7.04,6.12,8.25,17,11.63,,,8.65,7.66,7.54
B49,local,B,2026-08,21,10,true,true,7.77,6.94,0.0883,7.95,7.17,7.24,7.04,6.23,8.39,17,11.26,,,8.47,7.47,7.16
B49,local,B,2026-09,21,8,true,true,7.56,6.7,0.0942,7.41,6.54,7.11,6.7,5.9,8.55,17,13.32,14.45,,8.46,7.55,7.61
B49,local,B,2026-10,4,2,false,false,7.56,6.86,0.0839,,,,6.44,5.78,8.49,12,13.87,13.83,10.8,8.52,7.74,7.97
B52,local,B,2026-04,4,2,false,false,6.39,5.64,0.0988,,,,5.89,5.15,,11,11.84,,,7.17,6.08,6.66
B52,local,B,2026-05,20,10,false,true,6.23,5.42,0.1149,5.86,5.05,5.98,5.8,5.03,6.99,16,11.75,,,6.97,6.02,7.57
B52,local,B,2026-06,19,7,false,false,6.5,5.61,0.1206,6.75,5.86,6.05,6.01,4.92,7.14,16,10.64,,,6.85,5.73,6.27
B52,local,B,2026-07,22,8,true,true,6.44,5.55,0.1172,6.34,5.56,6.14,5.95,5.23,7.17,17,11.52,,,7.18,6.18,7.38
B52,local,B,2026-08,21,10,true,true,6.46,5.64,0.1068,6.45,5.65,6.17,5.89,5.21,7.06,17,11,,,7.01,6.09,7.37
B52,local,B,2026-09,21,8,true,true,6.18,5.43,0.1021,5.96,5.21,5.97,5.58,4.91,6.83,17,11.47,11.65,,7.15,6.29,7.19
B52,local,B,2026-10,4,2,false,false,6.24,5.39,0.114,,,,5.54,4.73,6.64,12,10.5,10.81,15.9,7.11,6.23,7.61
B54,local,B,2026-04,4,2,false,false,5.99,5.04,0.1421,,,,5.68,4.75,,11,8.58,,,6.77,6.01,4.41
B54,local,B,2026-05,20,10,false,true,5.82,5.04,0.1179,5.74,4.79,5.52,5.21,4.51,6.54,16,8.16,,,6.85,5.98,4.62
B54,local,B,2026-06,19,7,false,false,6.2,5.43,0.0961,5.54,4.82,5.94,6,5.36,6.97,16,7.41,,,6.81,6.06,4.28
B54,local,B,2026-07,22,8,true,true,6.26,5.45,0.107,6.09,5.32,5.94,5.69,5.01,7,17,7.58,,,7.14,6.23,4.31
B54,local,B,2026-08,21,10,true,true,6.25,5.49,0.1029,6.19,5.45,5.9,5.64,4.97,7.03,17,7.41,,,6.81,5.85,4.35
B54,local,B,2026-09,21,8,true,true,5.95,5.18,0.1093,5.79,5.01,5.59,5.31,4.64,6.83,17,7.75,7.57,,7.17,6.21,4.28
B54,local,B,2026-10,4,2,false,false,5.83,5.21,0.1026,,,,5.09,4.42,6.91,12,8.12,7.16,13.2,6.79,5.88,4.66
B57,local,B,2026-04,4,2,false,false,6.82,6.05,0.1014,,,,6.24,5.5,,11,8.59,,,8.53,6.47,4.3
B57,local,B,2026-05,20,10,false,true,6.87,6.03,0.107,6.17,5.38,6.33,6.02,5.17,8.53,16,8.49,,,8.01,7.02,6.02
B57,local,B,2026-06,19,7,false,false,6.84,6.01,0.1012,6.64,5.63,6.23,6.39,5.74,7.94,16,7.44,,,8.21,7.24,5.65
B57,local,B,2026-07,22,8,true,true,7.13,6.25,0.1079,6.69,5.79,6.56,6.53,5.71,8.52,17,8.02,,,8.4,7.39,5.87
B57,local,B,2026-08,21,10,true,true,7.21,6.36,0.0998,6.94,6.09,6.66,6.56,5.68,8.45,17,7.97,,,8.09,7.15,6.09
B57,local,B,2026-09,21,8,true,true,6.75,5.85,0.1143,6.26,5.4,6.09,5.98,5.11,8.35,17,8.41,8.32,,8.21,7.3,5.76
B57,local,B,2026-10,4,2,false,false,7.09,6.26,0.1097,,,,5.63,4.92,8.65,12,8.53,7.79,13,7.23,6.36,6.32
B6,local,B,2026-04,4,2,false,false,7.9,7.19,0.0755,,,,7.21,6.51,,11,34.39,,,8.15,7.34,18.33
B6,local,B,2026-05,20,10,false,true,7.72,6.93,0.0881,7.26,6.53,7.38,7.07,6.24,8.8,16,35.5,,,8.18,7.27,19.87
B6,local,B,2026-06,19,7,false,false,8.24,7.42,0.0852,7.99,7.42,8,7.76,6.79,8.89,16,29.15,,,8.17,7.25,21.36
B6,local,B,2026-07,22,8,true,true,8.15,7.36,0.0805,8.06,7.27,7.79,7.53,6.74,8.97,17,30.51,,,8.39,7.52,20.97
B6,local,B,2026-08,21,10,true,true,8.12,7.32,0.0797,8.09,7.34,7.74,7.49,6.67,8.91,17,30,,,8.26,7.41,20.47
B6,local,B,2026-09,21,8,true,true,7.76,6.95,0.085,7.47,6.67,7.31,7.04,6.23,8.95,17,34.91,37.99,,8.36,7.55,20.9
B6,local,B,2026-10,4,2,false,false,7.81,6.99,0.0912,,,,7.02,6.22,9.05,12,34.48,37.86,17.1,8.18,7.24,20.78
B60,local,B,2026-04,4,2,false,false,6.65,6.12,0.066,,,,6.23,5.65,,11,10.59,,,7.4,6.78,5.95
B60,local,B,2026-05,20,10,false,true,6.52,5.9,0.0852,6.2,5.58,6.32,5.88,5.28,7.3,16,11.53,,,7.24,6.6,6.42
B60,local,B,2026-06,19,7,false,false,6.74,6.14,0.0823,6.68,5.8,6.21,6.37,5.99,7.63,16,11.15,,,7.13,6.29,5.62
B60,local,B,2026-07,22,8,true,true,6.74,6.1,0.0795,6.57,5.94,6.52,6.11,5.5,7.53,17,10.96,,,7.39,6.73,6.29
B60,local,B,2026-08,21,10,true,true,6.82,6.18,0.0786,6.65,6.01,6.58,6.19,5.58,7.53,17,11.04,,,7.22,6.53,6.44
B60,local,B,2026-09,21,8,true,true,6.68,6.02,0.0816,6.23,5.63,6.39,6.06,5.47,7.74,17,11.29,11.63,,7.45,6.82,6.04
B60,local,B,2026-10,4,2,false,false,6.51,6.04,0.0702,,,,5.68,5.07,7.38,12,10.64,11.35,11.5,7.02,6.43,6.18
B61,local,B,2026-04,4,2,false,false,6.68,6.11,0.0782,,,,6.54,6.14,,11,8.23,,,7.19,6.15,5.14
B61,local,B,2026-05,20,10,false,true,6.85,6.07,0.0975,6.49,5.83,6.47,6.34,5.51,7.79,16,8.45,,,7.58,6.39,5.85
B61,local,B,2026-06,19,7,false,false,6.97,6.1,0.0983,6.9,6.02,6.08,6.97,6.27,8.1,16,8.5,,,7.29,6.18,5.96
B61,local,B,2026-07,22,8,true,true,6.98,6.05,0.1125,6.8,5.92,6.57,6.54,5.67,7.79,17,8.04,,,7.85,6.67,5.51
B61,local,B,2026-08,21,10,true,true,7.06,6.2,0.1008,6.92,6.09,6.63,6.7,5.91,7.78,17,7.87,,,7.51,6.37,5.88
B61,local,B,2026-09,21,8,true,true,6.94,6.16,0.0949,6.56,5.74,6.46,6.48,5.73,8.02,17,8.01,8.22,,7.68,6.46,5.52
B61,local,B,2026-10,4,2,false,false,7.15,6.43,0.0861,,,,6.47,5.89,8.57,12,7.79,7.84,13.4,7.85,7,5.31
B62,local,B,2026-04,4,2,false,false,7.48,6.77,0.0749,,,,7,6.43,,11,10.87,,,7.65,5.49,6.31
B62,local,B,2026-05,20,10,false,true,7.45,6.69,0.0832,7.34,6.68,7.19,6.7,5.99,8.11,16,10.55,,,8.27,7.25,7.73
B62,local,B,2026-06,19,7,false,false,7.61,6.86,0.0752,7.78,6.92,7.1,7.44,6.83,8.01,16,10.67,,,7.9,6.88,8.37
B62,local,B,2026-07,22,8,true,true,7.55,6.77,0.0817,7.68,6.96,7.19,7.03,6.29,8.07,17,10.4,,,8.1,7.17,7.8
B62,local,B,2026-08,21,10,true,true,7.58,6.85,0.077,7.73,7.02,7.27,6.92,6.21,8.15,17,10.32,,,8.05,7.17,8.35
B62,local,B,2026-09,21,8,true,true,7.28,6.51,0.0834,7.16,6.41,6.8,6.58,5.9,8.16,17,10.47,10.67,,7.97,7.18,8.06
B62,local,B,2026-10,4,2,false,false,7.43,6.62,0.0838,,,,6.66,5.99,8.17,12,10.68,10.12,11.4,7.86,6.73,8.74
B63,local,B,2026-04,4,2,false,false,5.95,5.34,0.0861,,,,5.45,4.96,,11,11.7,,,6.47,5.22,9.86
B63,local,B,2026-05,20,10,false,true,5.96,5.22,0.108,5.77,5.05,5.51,5.51,4.84,6.68,16,11.94,,,6.64,5.71,9.53
B63,local,B,2026-06,19,7,false,false,6.07,5.33,0.1081,6.22,5.66,5.44,5.86,4.98,6.62,16,10.8,,,6.62,5.72,10.16
B63,local,B,2026-07,22,8,true,true,6.17,5.39,0.1078,6.27,5.51,5.64,5.65,4.93,6.86,17,11.5,,,6.79,5.88,9.88
B63,local,B,2026-08,21,10,true,true,6.18,5.45,0.1012,6.27,5.5,5.69,5.66,5,6.74,17,11.49,,,6.84,5.94,10.06
B63,local,B,2026-09,21,8,true,true,6.02,5.26,0.1056,5.9,5.22,5.56,5.38,4.67,6.91,17,11.88,12.77,,6.9,5.94,9.68
B63,local,B,2026-10,4,2,false,false,5.95,5.09,0.1283,,,,5.14,4.29,6.95,12,12.69,12.72,13,6.37,5.38,9.48
B64,local,B,2026-04,4,2,false,false,7.94,7.37,0.0646,,,,7.02,6.59,,11,5.98,,,8.96,8.27,5.03
B64,local,B,2026-05,20,10,false,true,7.78,7.17,0.0658,7.18,6.69,7.62,7.21,6.64,8.66,16,6.18,,,8.74,8.03,5.09
B64,local,B,2026-06,19,7,false,false,8.03,7.21,0.0856,8.25,7.47,7.3,8.02,7.17,8.76,16,5.4,,,8.79,8.03,5.87
B64,local,B,2026-07,22,8,true,true,7.93,7.33,0.0583,7.72,7.14,7.46,7.51,6.98,8.99,17,5.98,,,8.84,8.16,5.39
B64,local,B,2026-08,21,10,true,true,8.01,7.37,0.066,7.87,7.23,7.57,7.52,6.98,8.88,17,5.83,,,8.7,7.99,5.34
B64,local,B,2026-09,21,8,true,true,7.78,7.1,0.0687,7.37,6.68,7.46,7.29,6.64,8.78,17,6.35,6.42,,8.69,7.96,5.6
B64,local,B,2026-10,4,2,false,false,7.37,6.7,0.0704,,,,7.16,6.31,8.18,12,6.18,6.26,10.4,8.55,7.69,5.6
B65,local,B,2026-04,4,2,false,false,6.58,5.88,0.0889,,,,6.12,5.43,,11,4.67,,,7.9,6.16,4.55
B65,local,B,2026-05,20,10,false,true,6.64,5.75,0.1168,6.79,5.91,6.29,5.69,4.85,7.48,16,4.39,,,7.83,6.72,4.91
B65,local,B,2026-06,19,7,false,false,7.04,6.23,0.0982,7.36,6.83,6.83,6.39,5.52,7.3,16,4.85,,,7.63,6.68,4.73
B65,local,B,2026-07,22,8,true,true,6.78,5.9,0.1115,6.69,5.86,6.43,6.32,5.52,7.54,17,4.8,,,8.06,7.04,5.15
B65,local,B,2026-08,21,10,true,true,6.96,6.14,0.1018,6.96,6.16,6.53,6.59,5.79,7.54,17,4.86,,,7.72,6.63,4.89
B65,local,B,2026-09,21,8,true,true,6.61,5.75,0.1096,6.42,5.6,6.33,5.93,5.12,7.4,17,5.03,5.34,,7.98,6.97,4.97
B65,local,B,2026-10,4,2,false,false,6.76,5.99,0.1096,,,,5.87,5.17,7.67,12,5.09,5.21,9.3,7.59,6.09,4.88
B67,local,B,2026-04,4,2,false,false,7.14,6.32,0.101,,,,6.76,5.97,,11,6.36,,,7.79,6.53,2.15
B67,local,B,2026-05,20,10,false,true,6.94,6.07,0.107,6.57,5.91,6.57,6.04,5.13,8.16,16,6.57,,,7.79,6.68,2.73
B67,local,B,2026-06,19,7,false,false,7.05,5.94,0.1371,6.89,5.75,6.55,6.8,5.9,7.81,16,6.87,,,7.7,6.95,2.93
B67,local,B,2026-07,22,8,true,true,6.94,6.03,0.1181,6.72,5.84,6.61,6.39,5.47,7.76,17,6.78,,,7.84,6.67,2.64
B67,local,B,2026-08,21,10,true,true,7.28,6.48,0.0948,7.03,6.23,6.92,6.58,5.87,8.31,17,6.5,,,7.86,6.81,2.84
B67,local,B,2026-09,21,8,true,true,6.91,5.95,0.1205,6.68,5.77,6.39,6.3,5.57,7.91,17,6.5,7,,8.11,7,2.77
B67,local,B,2026-10,4,2,false,false,6.52,5.73,0.1066,,,,5.78,5.06,6.97,12,6.49,6.86,9.2,7.05,6.16,2.91
B68,local,B,2026-04,4,2,false,false,7.64,6.84,0.0892,,,,7.44,6.64,,11,12.28,,,8.33,7.5,10.24
B68,local,B,2026-05,20,10,false,true,7.68,6.82,0.0953,7.38,6.68,6.97,7.37,6.57,8.74,16,12.1,,,8.26,7.23,9.97
B68,local,B,2026-06,19,7,false,false,7.68,6.89,0.0846,7.49,6.93,6.98,7.49,6.7,8.55,16,12.18,,,8.51,7.5,10.84
B68,local,B,2026-07,22,8,true,true,7.7,6.79,0.1003,7.68,6.83,7.09,7.37,6.52,8.49,17,11.88,,,8.57,7.54,10.3
B68,local,B,2026-08,21,10,true,true,7.75,6.87,0.093,7.75,6.93,7.11,7.46,6.66,8.41,17,11.75,,,8.46,7.5,10.07
B68,local,B,2026-09,21,8,true,true,7.62,6.79,0.088,7.48,6.74,6.9,7.2,6.44,8.66,17,11.85,12.34,,8.52,7.52,10.03
B68,local,B,2026-10,4,2,false,false,7.76,6.86,0.0837,,,,7.19,6.52,8.46,12,12.32,11.82,13.2,8.26,7.31,8.99
B69,local,B,2026-04,4,2,false,false,7.26,6.37,0.1136,,,,6.48,5.99,,10,5.65,,,8.65,8.29,2
B69,local,B,2026-05,20,10,false,true,6.59,5.72,0.1364,6.48,5.7,6.71,6.09,5.24,6.35,16,5.53,,,8.55,6.99,2.56
B69,local,B,2026-06,11,7,false,false,7.24,6.27,0.1216,6.52,5.18,6.88,6.24,5.75,8.57,16,4.92,,,7.68,6.67,2.65
B69,local,B,2026-07,22,8,true,true,7.36,6.46,0.1053,6.91,6.12,6.83,6.4,5.51,8.74,17,5.16,,,8.58,7.39,2.46
B69,local,B,2026-08,21,10,true,true,7.65,6.82,0.0958,7.09,6.2,7.04,6.63,5.8,9.25,17,5.16,,,8.25,7.47,2.35
B69,local,B,2026-09,21,8,true,true,7.05,6.22,0.1012,6.62,5.85,6.59,6.2,5.4,8.2,17,5.25,5.92,,8.14,7.24,2.3
B69,local,B,2026-10,4,2,false,false,7.03,6.24,0.0816,,,,5.84,5.22,8.64,12,5.18,5.88,13.9,7.42,6.74,2.85
B7,local,B,2026-04,4,2,false,false,7.84,6.81,0.1196,,,,7.67,6.47,,11,6.73,,,8.64,6.88,3.52
B7,local,B,2026-05,20,10,false,true,7.77,6.59,0.1279,7.47,6.48,7.47,7.11,5.86,8.72,16,6.94,,,8.97,7.39,3.92
B7,local,B,2026-06,19,7,false,false,8.14,6.94,0.1308,7.78,6.74,7.55,7.7,6.19,9.41,16,6.49,,,8.49,7.15,3.85
B7,local,B,2026-07,22,8,true,true,7.92,6.69,0.1309,7.84,6.55,7.55,7.35,6.1,8.84,17,6.7,,,8.76,7.29,3.94
B7,local,B,2026-08,21,10,true,true,7.99,6.83,0.1229,7.91,6.67,7.6,7.42,6.28,8.85,17,6.5,,,8.59,7.19,3.79
B7,local,B,2026-09,21,8,true,true,7.63,6.42,0.1334,7.36,6.31,7.09,7.15,6.09,8.77,17,6.69,6.89,,8.73,7.46,3.63
B7,local,B,2026-10,4,2,false,false,7.88,6.48,0.1399,,,,6.63,5.56,9.51,12,6.87,6.83,12.4,8.68,7.11,3.82
B70,local,B,2026-04,4,2,false,false,6.21,5.55,0.0954,,,,5.69,5.24,,11,5.25,,,7.05,6.29,4.35
B70,local,B,2026-05,20,10,false,true,6.66,5.81,0.1099,6.1,5.41,6.06,6.4,5.6,7.9,16,5.87,,,7.1,6.22,4.49
B70,local,B,2026-06,19,7,false,false,6.4,5.51,0.1114,6.01,5.46,5.93,5.88,5.26,7.51,16,5.52,,,6.84,5.85,4.84
B70,local,B,2026-07,22,8,true,true,6.64,5.78,0.1115,6.39,5.65,6.06,6.41,5.58,7.64,17,5.53,,,7.33,6.41,4.37
B70,local,B,2026-08,21,10,true,true,6.72,5.89,0.1049,6.63,5.78,6.16,6.32,5.61,7.63,17,5.44,,,7.26,6.34,4.27
B70,local,B,2026-09,21,8,true,true,6.56,5.74,0.1058,6.29,5.45,5.94,6.07,5.42,7.84,17,5.6,5.59,,7.23,6.33,4.37
B70,local,B,2026-10,4,2,false,false,6.58,5.47,0.1363,,,,5.71,4.88,7.48,12,5.25,5.43,12,6.48,5.49,4.02
B74,local,B,2026-04,4,2,false,false,7.23,6.19,0.1428,,,,6.54,5.29,,11,2.75,,,7.84,7.04,1.52
B74,local,B,2026-05,20,10,false,true,7.38,6.55,0.1006,7.27,6.56,6.95,7.14,6.49,7.92,16,2.94,,,7.72,6.99,1.64
B74,local,B,2026-06,18,7,false,false,7.63,6.68,0.112,7.35,6.54,7.2,7.73,6.76,8,16,2.83,,,7.58,6.65,1.85
B74,local,B,2026-07,22,8,true,true,7.46,6.64,0.0979,7.55,6.82,6.89,7.07,6.35,8.18,17,3.04,,,7.43,6.51,1.62
B74,local,B,2026-08,21,10,true,true,7.55,6.72,0.0956,7.85,7.01,7.08,7.21,6.59,7.91,17,2.96,,,7.52,6.69,1.72
B74,local,B,2026-09,21,8,true,true,7.32,6.53,0.0922,7.41,6.6,6.68,7.11,6.47,8,17,2.95,2.92,,7.83,6.92,1.64
B74,local,B,2026-10,4,2,false,false,7.15,6.48,0.0823,,,,6.93,6.15,7.2,12,2.61,3.02,16.4,8.21,6.99,1.36
B8,local,B,2026-04,4,2,false,false,6.54,5.79,0.0953,,,,6.13,5.44,,11,16.07,,,7.48,6.69,10.48
B8,local,B,2026-05,20,10,false,true,6.64,5.84,0.1011,6.46,5.74,6.41,5.99,5.21,7.37,16,15.43,,,7.52,6.56,10.65
B8,local,B,2026-06,19,7,false,false,6.83,6.01,0.0978,6.67,5.94,6.51,6.39,5.57,7.54,16,15.93,,,7.37,6.48,11.83
B8,local,B,2026-07,22,8,true,true,6.88,6.03,0.1026,6.91,6.05,6.56,6.42,5.56,7.51,17,15.55,,,7.66,6.71,11.14
B8,local,B,2026-08,21,10,true,true,6.91,6.05,0.1029,6.92,6.01,6.6,6.41,5.5,7.51,17,15.54,,,7.55,6.64,10.97
B8,local,B,2026-09,21,8,true,true,6.67,5.87,0.0983,6.49,5.7,6.35,6.08,5.3,7.47,17,15.86,16.33,,7.62,6.83,11.32
B8,local,B,2026-10,4,2,false,false,6.72,5.98,0.0948,,,,6.06,5.24,7.25,12,15.77,15.73,13.3,7.8,6.81,10.87
B82,local,B,2026-04,4,2,false,false,7.53,6.66,0.1015,,,,6.82,6.14,,11,14.38,,,8.13,7.17,14.08
B82,local,B,2026-05,20,10,false,true,7.48,6.57,0.1053,7.29,6.49,7.05,6.96,6.07,8.38,16,14.69,,,8,6.9,13.65
B82,local,B,2026-06,19,7,false,false,7.83,6.92,0.0943,8.18,7.39,7.23,7.39,6.41,8.5,16,13.26,,,7.67,6.73,13.82
B82,local,B,2026-07,22,8,true,true,7.64,6.75,0.097,7.75,6.86,7.23,7.24,6.34,8.18,17,14.31,,,7.95,6.95,14.37
B82,local,B,2026-08,21,10,true,true,7.76,6.84,0.0996,7.96,7.1,7.34,7.24,6.3,8.32,17,14.41,,,7.97,6.93,14.45
B82,local,B,2026-09,21,8,true,true,7.53,6.66,0.0938,7.42,6.57,7.09,6.97,6.13,8.38,17,14.87,15.8,,8.04,7,14.26
B82,local,B,2026-10,4,2,false,false,7.51,6.74,0.0853,,,,6.92,6.17,8.2,12,13.88,15.46,20.7,8.15,7.16,14.17
B82+,sbs,B,2026-04,4,0,false,false,9.24,8.25,0.089,,,,9.02,7.71,,11,12.2,,,,,
B82+,sbs,B,2026-05,20,0,false,false,9.04,7.97,0.102,8.96,8.05,8.65,8.49,7.31,9.77,16,12.34,,,,,
B82+,sbs,B,2026-06,19,0,false,false,9.75,8.65,0.0877,9.89,8.92,9.16,9.65,8.32,10.28,16,10.94,,,,,
B82+,sbs,B,2026-07,22,0,true,false,9.49,8.39,0.0941,9.68,8.62,9.11,9.12,7.96,9.85,17,11.46,,,,,
B82+,sbs,B,2026-08,21,0,true,false,9.5,8.45,0.0914,9.82,8.94,9.11,9.06,7.93,9.84,17,11.08,,,,,
B82+,sbs,B,2026-09,21,0,true,false,9.1,8.11,0.0871,9.11,8.16,8.56,8.49,7.53,10.02,17,11.21,12.16,,,,
B82+,sbs,B,2026-10,4,0,false,false,9.27,8.32,0.0865,,,,8.61,7.57,10.2,12,10.59,11.9,19.2,,,
B83,local,B,2026-04,4,2,false,false,8,7.12,0.101,,,,7.03,5.7,,11,6.34,,,8.97,8.16,3.75
B83,local,B,2026-05,20,10,false,true,7.65,6.71,0.1043,7.34,6.65,7.43,6.92,6.09,8.64,16,6.62,,,8.65,7.65,4.29
B83,local,B,2026-06,19,7,false,false,8.02,7.25,0.084,7.86,7.47,7.75,7.62,6.76,8.68,16,6.79,,,8.45,7.52,4.24
B83,local,B,2026-07,22,8,true,true,7.83,6.94,0.0907,7.84,7.05,7.65,7.2,6.31,8.46,17,6.69,,,8.64,7.7,4.2
B83,local,B,2026-08,21,10,true,true,7.91,6.97,0.0986,8.05,7.16,7.74,7.24,6.28,8.34,17,6.48,,,8.38,7.4,4.18
B83,local,B,2026-09,21,8,true,true,7.86,6.96,0.0915,7.45,6.62,7.67,7.24,6.35,8.83,17,6.83,7.68,,8.85,7.95,4.19
B83,local,B,2026-10,4,2,false,false,7.52,6.56,0.099,,,,6.51,5.76,8.86,12,6.31,7.38,17.7,8.74,7.43,4.4
B84,local,B,2026-04,4,2,false,false,9.24,8.35,0.0703,,,,,,,9,0.66,,,9.24,7.49,0.26
B84,local,B,2026-05,20,10,false,true,9.07,8.14,0.0801,8.64,7.93,8.96,9.46,8.51,8.93,15,0.83,,,8.95,7.03,0.42
B84,local,B,2026-06,5,2,false,false,9.9,8.19,0.1176,11.37,10.12,8.28,9.29,8.15,10.57,15,0.93,,,8.72,7.92,0.33
B84,local,B,2026-07,22,8,true,true,8.89,7.58,0.1259,8.15,7.18,8.59,9.05,8.11,9.53,16,0.85,,,8.75,6.69,0.46
B84,local,B,2026-08,21,10,true,true,8.93,7.71,0.1205,8.73,7.41,9.16,7.6,6.72,9.71,16,0.87,,,8.08,6.26,0.4
B84,local,B,2026-09,21,8,true,true,8.3,7.19,0.1101,8.12,7.04,8.48,6.82,6,9.16,16,0.75,0.73,,7.62,5.45,0.35
B84,local,B,2026-10,4,2,false,false,7.74,7.13,0.0715,,,,7.68,7.1,8.05,11,0.95,0.7,6.7,7.79,5.93,0.47
B9,local,B,2026-04,4,2,false,false,6.95,6.34,0.0842,,,,6.2,5.42,,11,13.87,,,7.86,6.97,9.32
B9,local,B,2026-05,20,10,false,true,6.96,6.15,0.0973,6.44,5.79,6.57,6.46,5.65,7.97,16,13.85,,,8.22,7.24,8.83
B9,local,B,2026-06,19,7,false,false,7.22,6.35,0.1017,6.91,6.08,6.81,6.73,5.67,8.11,16,12.83,,,8.21,7.04,9.2
B9,local,B,2026-07,22,8,true,true,7.32,6.41,0.107,6.99,6.23,6.8,6.79,5.94,8.54,17,12.44,,,8.51,7.32,8.77
B9,local,B,2026-08,21,10,true,true,7.33,6.44,0.1025,7.05,6.25,6.86,6.7,5.85,8.33,17,12.76,,,8.36,7.26,9.08
B9,local,B,2026-09,21,8,true,true,6.98,6.19,0.0906,6.54,5.83,6.46,6.3,5.63,8.23,17,13.57,13.7,,8.17,7.16,9
B9,local,B,2026-10,4,2,false,false,7.08,6.39,0.0867,,,,6.36,5.76,8.36,12,13.17,12.61,23.5,8.16,7.05,8.74
B90,shuttle,B,2026-04,0,2,false,false,,,,,,,,,,,,,,9.49,8.3,10.09
B93,shuttle,B,2026-05,1,2,false,false,7.37,6.65,0.0972,,,,,,7.37,1,0.01,,,7.22,6.38,2.27
B96,shuttle,B,2026-09,1,0,false,false,7.91,5.89,0.2948,,,,,,7.91,2,0.01,,,,,
B99,shuttle,B,2026-05,0,4,false,true,,,,,,,,,,,,,,7.8,6.9,4.66
B99,shuttle,B,2026-06,0,2,false,false,,,,,,,,,,,,,,7.7,6.68,0.5
B99,shuttle,B,2026-08,0,1,false,false,,,,,,,,,,,,,,,,0
B99,shuttle,B,2026-09,0,2,false,false,,,,,,,,,,,,,,,,0.3
BM1,express,X,2026-04,4,1,false,false,10.77,9.79,0.0792,,,,10.04,9.43,,11,5.41,,,12.96,12.28,0.57
BM1,express,X,2026-05,20,5,false,true,11.44,10.4,0.0783,10.25,9.14,11.38,10.58,9.67,12.81,16,5.24,,,13.23,12.12,0.93
BM1,express,X,2026-06,19,3,false,false,11.58,10.76,0.0661,11.32,10.88,11.56,10.2,9.13,12.56,16,4.86,,,12.87,12.05,1.01
BM1,express,X,2026-07,22,4,true,true,11.61,10.6,0.0723,12.08,10.97,11.66,10.53,9.38,11.65,17,5.01,,,13.86,12.58,0.98
BM1,express,X,2026-08,21,5,true,true,11.93,11,0.0649,12.75,11.73,11.38,10.88,10,12.51,17,4.88,,,11.98,10.59,1.08
BM1,express,X,2026-09,21,4,true,true,10.76,9.7,0.0814,10.74,9.55,10.62,9.69,8.61,11.6,17,5.35,5.69,,12.78,11.84,0.99
BM1,express,X,2026-10,4,1,false,false,11.63,10.45,0.0919,,,,9.95,8.78,11.32,12,4.84,5.72,12.6,14.13,12.48,1.13
BM2,express,X,2026-04,4,1,false,false,9.89,8.96,0.0933,,,,10.67,9.89,,11,5.19,,,11.35,10.07,0.54
BM2,express,X,2026-05,20,5,false,true,10.83,9.84,0.0809,10.91,10.07,10.89,9.43,8.44,11.43,16,4.48,,,13.12,12.25,1.08
BM2,express,X,2026-06,19,3,false,false,11.33,10.17,0.0913,10.38,9.43,11.71,10.35,8.76,11.9,16,4.11,,,13.01,12.33,1.14
BM2,express,X,2026-07,22,4,true,true,11.23,10.15,0.0838,11.5,10.22,11.84,9.66,8.63,11.36,17,4.16,,,13.82,12.61,0.95
BM2,express,X,2026-08,21,5,true,true,11.5,10.48,0.0725,12.31,11.3,11.37,10.53,9.54,11.79,17,4.18,,,11.34,10.3,1.16
BM2,express,X,2026-09,21,4,true,true,10.34,9.33,0.0844,9.98,8.82,9.24,9.74,8.57,11.96,17,4.57,4.65,,13.13,11.95,1.07
BM2,express,X,2026-10,4,1,false,false,9.9,9.03,0.0835,,,,8.92,7.86,10.22,12,4.54,4.82,13.9,12.1,12.26,1.08
BM3,express,X,2026-04,4,1,false,false,11.14,10.06,0.0892,,,,12.26,11.18,,11,4.29,,,12.06,10.5,0.6
BM3,express,X,2026-05,20,5,false,true,10.8,9.75,0.0809,10.69,9.83,10.41,10.41,9.18,11.29,16,4.1,,,11.75,10.46,1.03
BM3,express,X,2026-06,19,3,false,false,11.87,10.97,0.0799,13.29,12.74,9.65,13.07,11.69,12.78,16,3.83,,,12.77,10.9,1.05
BM3,express,X,2026-07,22,4,true,true,11.31,10.22,0.0831,11.86,10.88,10.53,10.34,9.1,12.19,17,4.09,,,12.17,10.68,1.01
BM3,express,X,2026-08,21,5,true,true,12.11,11.04,0.072,13.02,11.82,11.88,11.25,10.2,12.16,17,3.98,,,10.91,9.47,1.12
BM3,express,X,2026-09,21,4,true,true,10.56,9.31,0.1006,10.87,9.52,9.74,10.21,8.93,11.44,17,4.23,4.46,,12.95,11.94,0.99
BM3,express,X,2026-10,4,1,false,false,11.31,10.46,0.0717,,,,9.9,9.05,13.61,12,4.22,4.47,9.5,11.54,10.77,0.83
BM4,express,X,2026-04,4,1,false,false,10.13,8.9,0.1103,,,,10.51,9.07,,10,3.43,,,13.95,10.69,0.36
BM4,express,X,2026-05,20,5,false,true,10.84,9.96,0.0729,11.07,10.05,10.47,10.58,9.48,,15,3.21,,,13,11.83,0.78
BM4,express,X,2026-06,8,3,false,false,12.41,11.18,0.09,12.29,11.52,13.72,10.97,9.63,,15,2.94,,,14.54,13.6,0.93
BM4,express,X,2026-07,22,4,true,true,11.08,10.02,0.0822,11.89,10.57,10.86,10.72,9.65,9.97,17,3.07,,,12.66,11.5,0.66
BM4,express,X,2026-08,21,5,true,true,11.46,10.4,0.0751,11.92,10.8,11.33,11.75,10.67,,16,3.01,,,12.11,10.99,0.87
BM4,express,X,2026-09,21,4,true,true,10.84,9.81,0.0887,10.12,8.76,10.49,10.67,9.62,,16,3.24,3.46,,13.2,12.06,0.74
BM4,express,X,2026-10,4,1,false,false,10.93,10.05,0.0615,,,,11.97,10.57,,11,2.95,3.31,8.4,8.56,7.79,0.67
BM5,express,X,2026-04,4,1,false,false,11.93,10.73,0.1121,,,,9.68,8.62,,11,2.46,,,13.56,12.48,0.16
BM5,express,X,2026-05,20,5,false,true,12.07,10.88,0.0913,14.94,13.37,11.64,10.1,9.11,11.61,16,2.46,,,14.54,11.89,0.55
BM5,express,X,2026-06,17,3,false,false,12.9,12.09,0.0662,11.85,11.09,13.65,11.13,9.71,13.45,16,2.3,,,14.35,12.31,0.49
BM5,express,X,2026-07,22,4,true,true,11.82,10.64,0.087,13.78,12.26,11.99,10.59,9.38,10.63,17,2.52,,,14.95,13.46,0.58
BM5,express,X,2026-08,21,5,true,true,12.75,11.56,0.0814,13.4,12.09,12.83,11.24,10.1,12.78,17,2.31,,,12.05,10.75,0.65
BM5,express,X,2026-09,21,4,true,true,11.87,10.51,0.0983,13.08,11.66,11.26,9.76,8.62,12.82,17,2.52,2.49,,11.59,10.48,0.6
BM5,express,X,2026-10,4,1,false,false,13.17,12.07,0.0838,,,,9.24,8.8,12.54,12,2.24,2.56,15.9,12.44,10.42,0.55
BX1,local,Bx,2026-04,4,2,false,false,7.5,6.3,0.141,,,,7.04,5.59,,11,11.98,,,7.4,6.19,7.84
BX1,local,Bx,2026-05,20,10,false,true,7.36,6.15,0.1432,7.41,6.26,7.21,7.07,5.92,7.41,16,12.49,,,7.53,6.37,8.14
BX1,local,Bx,2026-06,19,7,false,false,7.49,6.36,0.1267,7.93,6.61,7.33,6.96,6.36,7.48,16,12.01,,,7.47,6.16,8.17
BX1,local,Bx,2026-07,22,8,true,true,7.31,6.22,0.1267,7.59,6.52,7.18,7.02,5.95,7.18,17,12.07,,,7.41,6.14,7.82
BX1,local,Bx,2026-08,21,10,true,true,7.43,6.46,0.1074,7.68,6.78,7.33,7.1,6.19,7.26,17,11.75,,,7.38,6.3,8.15
BX1,local,Bx,2026-09,21,8,true,true,7.21,6.23,0.1139,7.32,6.41,7.05,6.87,5.9,7.27,17,12.36,12.53,,7.5,6.41,8.2
BX1,local,Bx,2026-10,4,2,false,false,7.12,6.2,0.1034,,,,6.67,5.61,7.36,12,12.21,12.35,25.1,7.49,6.23,8.13
BX10,local,Bx,2026-04,4,2,false,false,8.6,7.88,0.0705,,,,7.93,7.45,,11,11.29,,,9.68,8.7,5.16
BX10,local,Bx,2026-05,20,10,false,true,8.76,7.83,0.0859,8.1,7.38,8.3,8.1,7.23,10.11,16,11.39,,,9.78,8.72,5.25
BX10,local,Bx,2026-06,19,7,false,false,8.95,7.94,0.0885,9.05,8.36,8.12,8.49,7.57,10.16,16,11.13,,,9.85,8.95,4.84
BX10,local,Bx,2026-07,22,8,true,true,8.83,7.99,0.0757,8.76,7.89,8.33,8,7.22,9.97,17,10.65,,,9.73,8.75,5.03
BX10,local,Bx,2026-08,21,10,true,true,8.82,7.99,0.0749,8.86,8.02,8.23,8.08,7.23,9.92,17,10.76,,,9.49,8.49,5.23
BX10,local,Bx,2026-09,21,8,true,true,8.43,7.58,0.0777,8.11,7.26,7.86,7.76,7.01,9.76,17,11.38,11.25,,9.47,8.56,5.39
BX10,local,Bx,2026-10,4,2,false,false,8.46,7.77,0.0686,,,,7.64,7.1,9.92,12,11.67,11.17,16.3,9.38,8.38,5.85
BX11,local,Bx,2026-04,4,2,false,false,6.33,5.55,0.1131,,,,5.68,4.89,,11,13.35,,,7.07,6.1,6.44
BX11,local,Bx,2026-05,20,10,false,true,6.09,5.15,0.139,5.8,4.9,5.93,5.26,4.31,6.94,16,13.45,,,7.04,6.02,7.32
BX11,local,Bx,2026-06,19,7,false,false,6.46,5.57,0.1151,6.81,5.78,6.03,5.72,4.82,7.16,16,12.62,,,6.97,5.88,6.3
BX11,local,Bx,2026-07,22,8,true,true,6.42,5.49,0.1215,6.53,5.61,6.09,5.73,4.8,7.07,17,13.24,,,6.93,5.8,7.09
BX11,local,Bx,2026-08,21,10,true,true,6.42,5.51,0.118,6.49,5.65,6.2,5.83,4.92,6.86,17,12.89,,,7.01,5.96,7.3
BX11,local,Bx,2026-09,21,8,true,true,6.22,5.33,0.1184,6.1,5.25,5.97,5.44,4.53,7.05,17,13.06,14.46,,6.95,5.96,7.29
BX11,local,Bx,2026-10,4,2,false,false,5.98,5.08,0.1335,,,,5.33,4.3,6.48,12,12.66,14.12,22.5,6.88,5.73,6.56
BX12,local,Bx,2026-04,4,2,false,false,9.39,7.95,0.1388,,,,9.29,6.45,,11,5.04,,,10.42,9.02,4.1
BX12,local,Bx,2026-05,20,10,false,true,8.78,7.46,0.134,7.94,7.03,8.43,8.1,6.64,10.02,16,5.83,,,10.09,8.78,4.89
BX12,local,Bx,2026-06,19,7,false,false,10.38,8.94,0.1096,11.67,10.13,9.71,10.17,9.28,10.16,16,7.1,,,10.18,9.04,5.54
BX12,local,Bx,2026-07,22,8,true,true,10.43,9.07,0.1075,10.48,9.24,10.11,9.52,8.37,10.98,17,7.48,,,11.49,9.92,14.45
BX12,local,Bx,2026-08,21,10,true,true,10.4,9.1,0.1009,10.77,9.43,10.42,9.48,8.33,10.37,17,7.37,,,11.35,9.86,13.74
BX12,local,Bx,2026-09,21,8,true,true,9.24,8.11,0.1003,8.92,7.74,8.76,8.36,7.42,10.59,17,6.61,6.56,,10.82,9.68,6.06
BX12,local,Bx,2026-10,4,2,false,false,9.17,8.05,0.1058,,,,7.65,6.93,10.17,12,6.72,6.46,22.8,9.4,8.52,3.66
BX12+,sbs,Bx,2026-04,4,2,false,false,10.21,8.95,0.1037,,,,9.48,8.31,,11,16.56,,,10.89,9.31,9.93
BX12+,sbs,Bx,2026-05,20,10,false,true,9.83,8.68,0.0994,9.73,8.6,9.7,8.61,7.54,10.65,16,16.21,,,10.79,9.24,11.21
BX12+,sbs,Bx,2026-06,19,7,false,false,10.32,9.17,0.104,10.37,9.35,10.03,9.9,8.54,10.65,16,16.02,,,10.58,9.11,11.44
BX12+,sbs,Bx,2026-07,22,8,true,true,10.14,8.86,0.1049,10.39,9.15,9.82,9.15,7.98,10.8,17,16.69,,,11.24,9.62,10.89
BX12+,sbs,Bx,2026-08,21,10,true,true,10.23,8.97,0.1037,10.7,9.43,9.91,9.37,8.14,10.56,17,16.27,,,11.07,9.52,11.14
BX12+,sbs,Bx,2026-09,21,8,true,true,9.96,8.64,0.1098,9.71,8.43,9.59,8.99,7.82,11.06,17,15.73,16.69,,11.2,9.68,11
BX12+,sbs,Bx,2026-10,4,2,false,false,9.88,8.62,0.1131,,,,8.83,7.81,10.81,12,15.82,15.96,31.7,10.36,9.09,10.82
BX13,local,Bx,2026-04,4,2,false,false,7.09,6.03,0.1299,,,,6.26,5.25,,11,7.74,,,7.47,5.9,4.95
BX13,local,Bx,2026-05,20,10,false,true,6.53,5.54,0.1395,6.28,5.42,6.33,5.81,4.75,7.22,16,8.59,,,7.19,6.22,5.1
BX13,local,Bx,2026-06,19,7,false,false,6.83,5.98,0.1058,7.01,6.13,6.65,6.15,5.27,7.15,16,8.1,,,7.06,6.13,5.24
BX13,local,Bx,2026-07,22,8,true,true,6.84,5.9,0.1212,7.08,6.17,6.67,6.15,5.19,7.2,17,7.92,,,7.34,6.36,5.26
BX13,local,Bx,2026-08,21,10,true,true,6.85,5.9,0.1202,6.98,6.04,6.64,6.07,5.19,7.26,17,7.78,,,7.2,6.15,5.34
BX13,local,Bx,2026-09,21,8,true,true,6.64,5.7,0.1222,6.62,5.67,6.49,5.88,4.94,7.12,17,8.14,8.07,,7.35,6.2,5.29
BX13,local,Bx,2026-10,4,2,false,false,6.68,5.66,0.1391,,,,5.84,4.91,7.09,12,7.83,7.81,19.4,6.93,5.8,5.28
BX15,local,Bx,2026-04,4,2,false,false,6.94,5.66,0.173,,,,6.65,5.58,,11,10.14,,,7.82,6.48,5.63
BX15,local,Bx,2026-05,20,10,false,true,6.79,5.71,0.146,6.72,5.71,6.43,6.3,5.21,7.41,16,10.69,,,7.65,6.26,6.11
BX15,local,Bx,2026-06,19,7,false,false,7.08,6.23,0.0925,7.07,6.27,6.37,7.07,6.32,7.81,16,11.12,,,7.47,6.2,6.14
BX15,local,Bx,2026-07,22,8,true,true,7.28,6.29,0.1175,7.48,6.54,6.95,6.77,5.9,7.64,17,10.5,,,7.61,6.55,5.83
BX15,local,Bx,2026-08,21,10,true,true,7.34,6.42,0.1042,7.69,6.75,6.93,6.81,5.99,7.73,17,10.26,,,7.66,6.59,6.07
BX15,local,Bx,2026-09,21,8,true,true,7,6.06,0.1157,6.97,5.97,6.64,6.27,5.39,7.8,17,10.6,10.93,,7.74,6.72,6.11
BX15,local,Bx,2026-10,4,2,false,false,7.14,6.31,0.0971,,,,6.05,5.41,7.94,12,10.88,10.66,35.1,7.45,6.62,6.65
BX16,local,Bx,2026-04,4,2,false,false,9.01,8.15,0.0861,,,,8.45,8.17,,11,7.6,,,10.61,9.6,3.31
BX16,local,Bx,2026-05,20,10,false,true,8.99,8.02,0.0932,8.6,7.59,8.84,8.23,7.41,9.8,16,7.47,,,10,8.87,3.71
BX16,local,Bx,2026-06,19,7,false,false,9.17,8.18,0.0935,9.72,8.44,8.57,8.54,7.67,9.86,16,6.78,,,9.92,9.05,3.93
BX16,local,Bx,2026-07,22,8,true,true,9.14,8.06,0.0984,9.14,8.11,8.83,8.71,7.73,9.68,17,7.27,,,10.44,9.25,3.75
BX16,local,Bx,2026-08,21,10,true,true,9.23,8.15,0.0966,9.3,8.28,8.81,8.82,7.95,9.88,17,7.23,,,9.97,8.89,3.89
BX16,local,Bx,2026-09,21,8,true,true,9,8.04,0.0868,8.56,7.61,8.57,8.44,7.61,10.19,17,7.34,7.1,,10.27,9.32,3.56
BX16,local,Bx,2026-10,4,2,false,false,9.01,7.99,0.1155,,,,8.32,7.34,9.91,12,7.03,6.95,16.3,10.29,9.47,3.98
BX17,local,Bx,2026-04,4,2,false,false,6.6,5.84,0.1015,,,,6.6,5.9,,11,10.57,,,7.79,6.83,4.65
BX17,local,Bx,2026-05,20,10,false,true,6.47,5.65,0.1126,6.23,5.41,6.09,6.13,5.33,7.27,16,10.56,,,7.68,6.64,5.96
BX17,local,Bx,2026-06,19,7,false,false,6.84,6.04,0.1061,6.78,6.03,6.5,6.55,5.6,7.39,16,10.37,,,7.57,6.48,6.35
BX17,local,Bx,2026-07,22,8,true,true,6.81,5.93,0.1097,6.9,6.04,6.41,6.47,5.64,7.39,17,10.33,,,7.58,6.65,5.87
BX17,local,Bx,2026-08,21,10,true,true,6.84,6.04,0.0976,6.9,6.16,6.42,6.49,5.67,7.47,17,10.19,,,7.48,6.53,5.73
BX17,local,Bx,2026-09,21,8,true,true,6.6,5.8,0.0999,6.36,5.6,6.2,6.22,5.46,7.45,17,10.45,10.91,,7.51,6.59,5.62
BX17,local,Bx,2026-10,4,2,false,false,6.7,5.84,0.1068,,,,6.39,5.64,7.36,12,10.16,10.42,15.1,7.95,6.9,5.91
BX18A,local,Bx,2026-04,4,2,false,false,6.73,5.92,0.124,,,,7.34,6.12,,11,1.88,,,7.15,6.16,1.28
BX18A,local,Bx,2026-05,20,10,false,true,6.03,5.19,0.1307,5.7,4.85,5.8,5.63,4.84,6.77,16,2.24,,,7.06,5.92,1.31
BX18A,local,Bx,2026-06,18,7,false,false,6.55,5.72,0.106,6.24,5.36,6.42,6.52,5.82,6.85,16,2.32,,,6.85,5.41,1.26
BX18A,local,Bx,2026-07,22,8,true,true,6.31,5.51,0.1064,6.53,5.6,5.9,5.78,5.01,7.09,17,2.1,,,6.97,5.92,1.43
BX18A,local,Bx,2026-08,21,10,true,true,6.51,5.67,0.1087,6.71,5.75,6.14,5.96,5.14,7.15,17,2.06,,,7.14,6.13,1.44
BX18A,local,Bx,2026-09,21,8,true,true,5.83,5.06,0.1092,6.18,5.45,5.22,5.22,4.43,6.71,17,2.31,2.57,,7.05,6.19,1.43
BX18A,local,Bx,2026-10,4,2,false,false,6.77,5.85,0.1206,,,,5.49,4.63,8.04,12,2.07,2.56,14.1,5.57,5.22,1.41
BX18B,local,Bx,2026-04,4,2,false,false,7.17,6.17,0.1424,,,,6.32,5.22,,11,2.04,,,7.39,6.61,1.37
BX18B,local,Bx,2026-05,20,10,false,true,6.26,5.55,0.1081,5.99,5.16,6.04,5.86,5.2,6.8,16,2.28,,,7.09,6.16,1.39
BX18B,local,Bx,2026-06,19,7,false,false,6.6,5.89,0.0949,6.75,6.07,6.75,5.76,5.33,6.59,16,2.39,,,7.51,6.92,1.41
BX18B,local,Bx,2026-07,22,8,true,true,6.54,5.75,0.1045,6.58,5.76,6.29,5.85,5.1,7.11,17,2.23,,,7.03,6.12,1.49
BX18B,local,Bx,2026-08,21,10,true,true,6.58,5.75,0.103,6.71,5.84,6.27,6.09,5.33,6.93,17,2.12,,,7.37,6.5,1.47
BX18B,local,Bx,2026-09,21,8,true,true,6.44,5.67,0.1025,6.21,5.37,6.07,6.08,5.34,7.2,17,2.29,2.42,,7.17,6.19,1.51
BX18B,local,Bx,2026-10,4,2,false,false,6.09,5.45,0.0998,,,,5.07,4.48,6.62,12,2,2.42,17,8.11,7.11,1.19
BX19,local,Bx,2026-04,4,2,false,false,6.51,5.52,0.1365,,,,5.72,4.79,,11,15.8,,,7.48,6.25,11.07
BX19,local,Bx,2026-05,20,10,false,true,6.44,5.29,0.1589,6.28,5.29,6.06,5.86,4.68,7.23,16,16.27,,,7.36,6,11.87
BX19,local,Bx,2026-06,19,7,false,false,6.66,5.51,0.1452,6.87,5.74,6.19,6.21,5.02,7.22,16,15.42,,,7.23,6.04,12.83
BX19,local,Bx,2026-07,22,8,true,true,6.55,5.4,0.1538,6.67,5.63,6.22,5.97,4.83,7.17,17,16.35,,,7.3,6.02,11.99
BX19,local,Bx,2026-08,21,10,true,true,6.63,5.47,0.1519,6.7,5.61,6.21,6.1,4.91,7.27,17,16.16,,,7.28,6.05,11.96
BX19,local,Bx,2026-09,21,8,true,true,6.52,5.4,0.1488,6.39,5.33,6.11,5.88,4.82,7.4,17,16.58,18.2,,7.39,6.17,11.77
BX19,local,Bx,2026-10,4,2,false,false,6.67,5.57,0.1486,,,,5.82,4.7,7.62,12,17.32,17.49,30.5,6.86,5.86,11.66
BX2,local,Bx,2026-04,4,2,false,false,6.41,5.31,0.1505,,,,6.18,5.05,,11,14.16,,,7.58,5.82,8.43
BX2,local,Bx,2026-05,20,10,false,true,6.39,5.35,0.1444,6.31,5.4,5.96,5.98,4.92,7.04,16,14.06,,,7.2,5.99,7.84
BX2,local,Bx,2026-06,19,7,false,false,6.4,5.39,0.1378,6.42,5.64,5.9,5.94,4.88,7.1,16,13.39,,,7.03,5.89,8.17
BX2,local,Bx,2026-07,22,8,true,true,6.49,5.5,0.1291,6.57,5.76,6.1,6,5.08,7.05,17,13.9,,,7.04,5.86,7.66
BX2,local,Bx,2026-08,21,10,true,true,6.55,5.61,0.1203,6.64,5.83,6.07,5.98,5.03,7.24,17,13.62,,,6.99,6.01,7.91
BX2,local,Bx,2026-09,21,8,true,true,6.41,5.51,0.1194,6.32,5.53,6,5.8,4.96,7.17,17,14,15.31,,7.14,6,8.01
BX2,local,Bx,2026-10,4,2,false,false,6.43,5.53,0.1177,,,,5.77,4.82,7.09,12,14.21,14.45,18.4,7.4,6.26,7.32
BX20,local,Bx,2026-04,4,0,false,false,8.23,7.54,0.0561,,,,7.42,6.59,10.13,6,1.09,,,,,
BX20,local,Bx,2026-05,20,0,false,false,7.8,7.06,0.0945,7.41,6.74,6,7.28,6.47,9.96,10,1.1,,,,,
BX20,local,Bx,2026-06,3,0,false,false,8.32,7.12,0.101,,,,8.48,7.43,9.5,8,1.02,,,,,
BX20,local,Bx,2026-07,22,0,true,false,8.69,7.65,0.0876,8.61,7.69,,7.83,6.95,8.89,10,0.83,,,,,
BX20,local,Bx,2026-08,21,0,true,false,8.15,7.3,0.0916,8.53,7.88,,7.78,6.81,9,10,0.65,,,,,
BX20,local,Bx,2026-09,21,0,true,false,7.59,6.77,0.0783,7.12,6.28,7.19,6.91,6.25,,10,0.99,1.04,,,,
BX20,local,Bx,2026-10,4,0,false,false,6.38,5.59,0.1124,,,,4.71,3.97,7.38,7,0.79,1.12,6,,,
BX21,local,Bx,2026-04,4,2,false,false,6.94,6.23,0.0889,,,,6.36,5.66,,11,13.6,,,8.17,7.2,6.04
BX21,local,Bx,2026-05,20,10,false,true,6.79,5.98,0.103,6.45,5.76,6.37,6.21,5.36,7.81,16,12.69,,,7.92,6.74,7.09
BX21,local,Bx,2026-06,19,7,false,false,6.82,5.95,0.1036,6.84,5.83,6.25,6.25,5.56,7.8,16,13.46,,,8.07,7.02,6.62
BX21,local,Bx,2026-07,22,8,true,true,6.89,6.02,0.1084,6.93,6.13,6.36,6.45,5.63,7.63,17,13.5,,,7.82,6.71,6.91
BX21,local,Bx,2026-08,21,10,true,true,6.99,6.14,0.1021,7,6.23,6.56,6.49,5.63,7.75,17,13.1,,,7.8,6.84,6.99
BX21,local,Bx,2026-09,21,8,true,true,6.72,5.95,0.0955,6.44,5.72,6.24,6.13,5.42,7.83,17,13.63,14.39,,7.88,6.94,7.15
BX21,local,Bx,2026-10,4,2,false,false,6.8,6.07,0.0969,,,,6.06,5.25,7.94,12,13.23,13.92,13.7,7.55,6.76,7.44
BX22,local,Bx,2026-04,4,2,false,false,6.92,6.13,0.1003,,,,6.17,5.56,,11,10.53,,,7.89,7.1,4.7
BX22,local,Bx,2026-05,20,10,false,true,6.82,5.85,0.1277,6.83,5.91,6.45,6.16,5.29,7.7,16,10.42,,,7.72,6.83,5.39
BX22,local,Bx,2026-06,19,7,false,false,7.25,6.37,0.1023,7.44,6.54,6.96,6.86,6.1,7.68,16,10.95,,,7.68,6.82,5.36
BX22,local,Bx,2026-07,22,8,true,true,7.01,6.11,0.1063,7.17,6.27,6.68,6.46,5.62,7.67,17,10.57,,,7.87,6.75,5.62
BX22,local,Bx,2026-08,21,10,true,true,6.96,6.03,0.1146,7.21,6.29,6.71,6.46,5.45,7.36,17,10.25,,,7.57,6.75,5.75
BX22,local,Bx,2026-09,21,8,true,true,6.8,5.98,0.0997,6.72,5.99,6.55,6.18,5.37,7.5,17,11.04,11.4,,7.69,6.81,5.57
BX22,local,Bx,2026-10,4,2,false,false,6.78,5.85,0.107,,,,6.13,5.29,7.61,12,10.52,11.22,24.2,7.9,7.22,5.84
BX23,local,Bx,2026-04,4,2,false,false,9.74,8.91,0.0587,,,,10.17,9.34,,11,6.05,,,10.28,9.38,2.95
BX23,local,Bx,2026-05,20,10,false,true,10.12,9.32,0.0591,10,9.36,9.83,10.04,9.32,10.43,16,5.5,,,10.78,9.78,2.69
BX23,local,Bx,2026-06,19,7,false,false,10.15,9.33,0.0564,10.97,10.15,8.95,10.08,9.58,11.12,16,5.41,,,10.18,9.6,2.23
BX23,local,Bx,2026-07,22,8,true,true,10.43,9.51,0.0569,10.18,9.37,10.11,9.82,9.05,11.32,17,5.75,,,10.65,9.73,3.04
BX23,local,Bx,2026-08,21,10,true,true,10.28,9.45,0.0564,10.32,9.52,9.9,9.88,9.17,10.84,17,5.63,,,10.56,9.61,3.01
BX23,local,Bx,2026-09,21,8,true,true,10.02,9.23,0.0509,9.9,9.05,9.64,9.79,9.2,10.55,17,5.74,6.37,,10.73,9.87,2.9
BX23,local,Bx,2026-10,4,2,false,false,10.2,9.5,0.0429,,,,10.08,9.43,11.39,12,5.51,6.62,9.1,10.92,10.16,3.45
BX24,local,Bx,2026-04,4,2,false,false,8.68,7.42,0.1186,,,,7.97,7.43,,11,1.9,,,10.45,9.69,1.66
BX24,local,Bx,2026-05,20,10,false,true,8.98,7.95,0.0925,8.39,7.61,9.17,8.29,7.47,9.38,16,1.89,,,10.56,9.43,1.55
BX24,local,Bx,2026-06,19,7,false,false,9.1,7.93,0.0968,9.55,8.58,7.76,9.56,8.18,10.14,16,1.92,,,10.53,9.12,1.63
BX24,local,Bx,2026-07,22,8,true,true,8.94,7.96,0.0868,8.32,7.6,8.31,8.43,7.66,10.36,17,1.89,,,10.37,9.26,1.63
BX24,local,Bx,2026-08,21,10,true,true,9.23,8.19,0.0925,8.88,8.17,8.76,8.78,7.83,10.16,17,1.88,,,9.84,8.83,1.69
BX24,local,Bx,2026-09,21,8,true,true,8.81,7.68,0.1038,8.36,7.41,8.41,8.29,7.17,9.93,17,1.87,1.75,,10.51,9.35,1.59
BX24,local,Bx,2026-10,4,2,false,false,8.52,7.94,0.0555,,,,8.54,7.83,9.91,12,1.94,1.71,4.3,9.23,8.21,1.72
BX25,local,Bx,2026-04,4,2,false,false,8.19,7.49,0.0656,,,,7.13,6.52,,11,4.24,,,9.1,8.17,2.85
BX25,local,Bx,2026-05,20,10,false,true,7.86,7.12,0.0785,7.66,6.95,7.74,7.13,6.38,8.51,16,4.39,,,8.83,7.87,2.97
BX25,local,Bx,2026-06,19,7,false,false,8.12,7.45,0.0723,7.51,7.16,7.74,8.24,7.04,8.82,16,4.21,,,8.98,8.14,3.31
BX25,local,Bx,2026-07,22,8,true,true,8.18,7.34,0.0802,7.91,7.12,7.88,7.63,6.89,8.95,17,4.52,,,8.76,7.87,2.96
BX25,local,Bx,2026-08,21,10,true,true,8.25,7.43,0.0769,8.16,7.31,8.03,7.67,6.88,8.93,17,4.33,,,8.86,8.01,3.06
BX25,local,Bx,2026-09,21,8,true,true,8,7.24,0.071,7.59,6.71,7.7,7.44,6.76,9,17,4.31,4.42,,8.88,8.06,3.14
BX25,local,Bx,2026-10,4,2,false,false,7.94,7.35,0.0635,,,,7.16,6.59,8.94,12,4.12,4.28,16.5,9.43,8.64,3.48
BX26,local,Bx,2026-04,4,2,false,false,7.89,7.44,0.0536,,,,6.84,6.65,,11,3.89,,,8.37,7.57,3.06
BX26,local,Bx,2026-05,20,10,false,true,7.45,6.67,0.0855,7.31,6.54,7.19,6.6,5.87,8.38,16,4.13,,,8.29,7.33,2.73
BX26,local,Bx,2026-06,19,7,false,false,7.71,6.88,0.0912,8.12,7.47,7.41,6.68,6.23,8.41,16,3.92,,,8.01,7.14,2.62
BX26,local,Bx,2026-07,22,8,true,true,7.68,6.84,0.0869,7.77,7.01,7.43,7.18,6.39,8.13,17,3.71,,,8.14,7.22,2.87
BX26,local,Bx,2026-08,21,10,true,true,7.85,7.01,0.0828,8.02,7.23,7.46,7.12,6.37,8.6,17,3.94,,,8.29,7.3,2.51
BX26,local,Bx,2026-09,21,8,true,true,7.58,6.71,0.0883,7.4,6.55,7.47,6.85,6.08,8.36,17,3.95,3.92,,8.22,7.29,2.73
BX26,local,Bx,2026-10,4,2,false,false,7.67,6.97,0.0894,,,,7.16,6.14,8.4,12,4.07,3.8,16.5,7.5,6.91,2.96
BX27,local,Bx,2026-04,4,2,false,false,7.4,6.54,0.1068,,,,6.49,6.02,,11,5.95,,,8.76,7.65,3.14
BX27,local,Bx,2026-05,20,10,false,true,7.39,6.52,0.1029,6.86,6.16,7.09,6.48,5.76,8.78,16,5.69,,,8,6.94,3.23
BX27,local,Bx,2026-06,19,7,false,false,7.45,6.45,0.1152,7.26,6.68,6.85,6.86,5.97,8.82,16,5.71,,,7.81,7.09,2.96
BX27,local,Bx,2026-07,22,8,true,true,7.64,6.69,0.1031,7.6,6.74,7.27,6.88,6.01,8.69,17,5.45,,,7.98,6.87,3.45
BX27,local,Bx,2026-08,21,10,true,true,7.68,6.81,0.0932,7.74,6.85,7.4,6.81,6.05,8.54,17,5.2,,,8.02,6.94,3.27
BX27,local,Bx,2026-09,21,8,true,true,7.63,6.75,0.0904,7.27,6.46,7.25,6.66,5.94,9.1,17,5.79,5.25,,8.19,7.1,3.38
BX27,local,Bx,2026-10,4,2,false,false,7.7,6.63,0.1111,,,,6.49,5.85,9,12,5.81,5.29,11.8,7.19,6.33,3.07
BX28,local,Bx,2026-04,4,2,false,false,7.02,6.1,0.1111,,,,6.65,5.88,,11,9.81,,,8.14,7.31,4.7
BX28,local,Bx,2026-05,20,10,false,true,7.09,6.21,0.1054,6.74,5.81,6.81,6.46,5.64,7.95,16,10.27,,,7.96,6.9,5.6
BX28,local,Bx,2026-06,19,7,false,false,7.32,6.38,0.1052,7.03,6.03,6.96,6.77,5.88,8.2,16,10.17,,,8.04,7.02,5.74
BX28,local,Bx,2026-07,22,8,true,true,7.26,6.33,0.1039,7.06,6.12,7.02,6.71,5.93,7.92,17,10.05,,,7.97,6.9,5.72
BX28,local,Bx,2026-08,21,10,true,true,7.25,6.35,0.1024,7.18,6.24,6.86,6.7,5.86,8.04,17,10.2,,,7.92,6.87,5.71
BX28,local,Bx,2026-09,21,8,true,true,7.03,6.11,0.1073,6.69,5.7,6.75,6.49,5.69,7.82,17,10.37,10.45,,7.97,6.93,5.45
BX28,local,Bx,2026-10,4,2,false,false,6.97,6.19,0.0961,,,,6.2,5.53,7.96,12,9.97,10.2,18.7,7.88,7.09,6.24
BX29,local,Bx,2026-04,4,2,false,false,15.2,13.92,0.1194,,,,12.83,11.69,,11,1.49,,,16.21,14.45,1.38
BX29,local,Bx,2026-05,20,10,false,true,15.09,14.1,0.0661,15.76,15.8,13.62,14.65,13.39,16.35,16,1.4,,,13.96,12.46,1.44
BX29,local,Bx,2026-06,17,7,false,false,15.49,14.26,0.0532,17.28,16.59,,16.64,15.01,14.95,14,1.48,,,13.76,12.6,1.19
BX29,local,Bx,2026-07,22,8,true,true,14.18,12.99,0.0941,15.58,13.9,12.77,14.72,14.19,14.42,17,1.38,,,13.51,12.44,1.27
BX29,local,Bx,2026-08,21,10,true,true,14.87,13.75,0.0764,15.51,14.26,14.27,14.77,13.3,14.75,17,1.36,,,14.45,13.5,1.32
BX29,local,Bx,2026-09,21,8,true,true,13.76,12.42,0.1025,14.34,13.14,11.44,14.12,13.11,15.27,17,1.28,1.53,,14.57,13.57,1.37
BX29,local,Bx,2026-10,4,2,false,false,14.36,12.18,0.1581,,,,13.68,13.53,14.54,12,1.25,1.55,7.3,16.92,15.87,1.35
BX3,local,Bx,2026-04,4,2,false,false,7.74,6.95,0.0878,,,,7.12,6.39,,11,9.62,,,8.43,7.68,7.17
BX3,local,Bx,2026-05,20,10,false,true,7.49,6.5,0.1237,7.22,6.34,7.5,6.55,5.51,8.15,16,9.96,,,8.3,7.35,7.28
BX3,local,Bx,2026-06,19,7,false,false,7.58,6.63,0.1024,7.85,7.03,7.39,6.85,5.8,7.96,16,8.76,,,8.15,7.23,7.3
BX3,local,Bx,2026-07,22,8,true,true,7.75,6.8,0.1021,7.85,6.87,7.59,6.99,6.05,8.3,17,9.56,,,8.41,7.4,7.36
BX3,local,Bx,2026-08,21,10,true,true,7.86,6.93,0.0976,7.89,6.91,7.78,6.96,6.1,8.44,17,9.15,,,8.28,7.3,7.28
BX3,local,Bx,2026-09,21,8,true,true,7.51,6.63,0.097,7.28,6.36,7.35,6.53,5.66,8.43,17,9.78,10.14,,8.5,7.6,7.58
BX3,local,Bx,2026-10,4,2,false,false,7.36,6.45,0.103,,,,6.16,5.28,8.46,12,9.69,9.73,19.2,8.37,7.49,7.14
BX30,local,Bx,2026-04,4,2,false,false,8.36,7.46,0.0855,,,,7.82,6.99,,11,8.9,,,8.95,8.08,5.01
BX30,local,Bx,2026-05,20,10,false,true,8.2,7.25,0.0954,8.01,7.16,7.66,7.83,6.93,9.15,16,8.91,,,8.91,7.83,5.24
BX30,local,Bx,2026-06,19,7,false,false,8.58,7.59,0.0806,9.16,8.3,7.85,8.1,7.2,9.34,16,8.13,,,8.79,7.27,4.85
BX30,local,Bx,2026-07,22,8,true,true,8.41,7.5,0.0858,8.35,7.5,7.91,7.87,7.01,9.37,17,8.64,,,8.62,7.6,5.26
BX30,local,Bx,2026-08,21,10,true,true,8.49,7.57,0.0857,8.68,7.82,8,7.83,7.01,9.24,17,8.48,,,8.61,7.52,5.26
BX30,local,Bx,2026-09,21,8,true,true,8.28,7.32,0.0911,8.12,7.26,7.78,7.79,6.96,9.27,17,8.78,8.94,,8.8,7.81,5.08
BX30,local,Bx,2026-10,4,2,false,false,8.18,7.51,0.0806,,,,7.61,6.97,9.54,12,8.81,8.82,10.1,8.42,7.5,5.2
BX31,local,Bx,2026-04,4,2,false,false,7.77,6.95,0.0976,,,,7.34,6.3,,11,8.09,,,9.04,8.06,4.17
BX31,local,Bx,2026-05,20,10,false,true,7.86,7.05,0.0891,7.72,6.96,7.26,7.53,6.74,8.91,16,8.06,,,8.68,7.68,4.3
BX31,local,Bx,2026-06,19,7,false,false,7.95,7.12,0.0784,7.37,6.45,7.5,7.65,6.79,9.11,16,7.85,,,8.4,7.56,4.27
BX31,local,Bx,2026-07,22,8,true,true,7.88,7.05,0.0884,7.75,6.84,7.41,7.45,6.7,8.8,17,8.44,,,8.85,7.72,4.35
BX31,local,Bx,2026-08,21,10,true,true,7.88,6.97,0.0998,7.84,6.97,7.36,7.6,6.68,8.74,17,8.13,,,8.71,7.77,4.45
BX31,local,Bx,2026-09,21,8,true,true,7.77,6.94,0.0846,7.26,6.47,7.31,7.42,6.66,8.9,17,8.52,7.91,,8.81,7.96,4.16
BX31,local,Bx,2026-10,4,2,false,false,7.82,6.89,0.0923,,,,7.08,6.26,8.9,12,8.26,7.8,19.6,8.35,7.38,4.18
BX32,local,Bx,2026-04,4,2,false,false,6.44,5.58,0.1209,,,,5.74,4.94,,11,7.46,,,7.52,6.75,2.94
BX32,local,Bx,2026-05,20,10,false,true,6.27,5.39,0.1323,5.99,5.19,5.77,5.45,4.48,7.47,16,7.46,,,7.66,6.59,3.01
BX32,local,Bx,2026-06,19,7,false,false,6.58,5.73,0.1147,6.43,5.8,6.26,5.24,4.48,7.76,16,7.06,,,7.4,6.43,2.51
BX32,local,Bx,2026-07,22,8,true,true,6.56,5.6,0.1308,6.51,5.61,6.14,5.85,4.87,7.43,17,7.31,,,7.31,6.32,3.11
BX32,local,Bx,2026-08,21,10,true,true,6.47,5.55,0.125,6.47,5.55,6.04,5.69,4.75,7.28,17,7.32,,,7.62,6.58,3.02
BX32,local,Bx,2026-09,21,8,true,true,6.34,5.46,0.1222,5.94,4.99,5.79,5.55,4.67,7.68,17,7.74,7.64,,7.57,6.79,3.08
BX32,local,Bx,2026-10,4,2,false,false,6.12,5.33,0.1131,,,,4.94,4.26,6.9,12,7.33,7.39,9.6,7.37,6.66,2.71
BX33,local,Bx,2026-04,4,2,false,false,6.78,5.7,0.1479,,,,6,4.9,,11,2.67,,,8.35,7.45,1.44
BX33,local,Bx,2026-05,20,10,false,true,6.48,5.37,0.153,6.15,5.15,6.2,5.82,4.75,7.33,16,2.58,,,8.06,6.73,1.28
BX33,local,Bx,2026-06,18,7,false,false,7.05,5.93,0.1374,6.9,5.79,7,6.57,5.47,7.28,16,2.69,,,7.89,7.03,1.35
BX33,local,Bx,2026-07,22,8,true,true,6.67,5.71,0.1264,6.53,5.62,6.29,6.09,5.1,7.5,17,2.36,,,7.92,6.64,1.37
BX33,local,Bx,2026-08,21,10,true,true,6.94,5.86,0.1353,6.64,5.62,6.71,6.25,5.09,7.72,17,2.38,,,7.95,6.67,1.22
BX33,local,Bx,2026-09,21,8,true,true,6.74,5.69,0.1354,6.17,5.09,6.47,5.75,4.81,8.09,17,2.34,2.55,,7.71,6.68,1.33
BX33,local,Bx,2026-10,4,2,false,false,6.48,5.75,0.1,,,,5.61,4.93,7.47,12,2.35,2.48,10.2,7.63,5.88,1.06
BX34,local,Bx,2026-04,4,2,false,false,7.74,6.8,0.1052,,,,7.33,6.56,,11,3.54,,,9.77,8.89,2.34
BX34,local,Bx,2026-05,20,10,false,true,7.63,6.74,0.1128,6.94,6.18,7.47,6.96,5.94,8.69,16,3.39,,,8.8,7.77,2.02
BX34,local,Bx,2026-06,19,7,false,false,7.83,7.03,0.0903,7.23,6.52,8.64,6.1,5.75,8.17,16,3.49,,,9.04,7.88,2.22
BX34,local,Bx,2026-07,22,8,true,true,8.29,7.41,0.0937,8.12,7.21,7.8,7.57,6.73,9.49,17,3.37,,,8.9,8.11,2.22
BX34,local,Bx,2026-08,21,10,true,true,8.1,7.17,0.1021,7.92,7.13,7.51,7.44,6.59,9.27,17,3.47,,,8.8,7.8,2.23
BX34,local,Bx,2026-09,21,8,true,true,7.97,7.13,0.0918,7.69,6.94,7.83,7.16,6.36,8.97,17,3.68,3.42,,9.44,8.57,2.34
BX34,local,Bx,2026-10,4,2,false,false,7.44,6.76,0.0817,,,,6.93,6.3,8.71,12,3.45,3.44,11.5,8.42,7.39,2.29
BX35,local,Bx,2026-04,4,2,false,false,5.7,4.92,0.1234,,,,5.05,4.26,,11,10.09,,,6.99,6.19,5.15
BX35,local,Bx,2026-05,20,10,false,true,5.71,4.79,0.1409,5.48,4.6,5.49,5.16,4.18,6.41,16,9.82,,,6.7,5.73,5.97
BX35,local,Bx,2026-06,19,7,false,false,5.96,5.21,0.1022,5.82,5.03,5.71,5.51,4.82,6.56,16,9.9,,,6.21,4.92,6.13
BX35,local,Bx,2026-07,22,8,true,true,5.95,5.05,0.1242,5.86,5.02,5.65,5.48,4.63,6.64,17,9.74,,,6.43,5.42,6.03
BX35,local,Bx,2026-08,21,10,true,true,5.94,5.06,0.1246,5.88,4.98,5.68,5.49,4.61,6.51,17,9.34,,,6.44,5.44,5.9
BX35,local,Bx,2026-09,21,8,true,true,5.75,4.93,0.1219,5.47,4.66,5.47,5.18,4.33,6.57,17,10.09,11.15,,6.61,5.63,5.97
BX35,local,Bx,2026-10,4,2,false,false,5.9,5.08,0.1229,,,,5.34,4.43,6.48,12,10.03,10.65,28.6,6.23,5.58,5.52
BX36,local,Bx,2026-04,4,2,false,false,6.68,5.82,0.1121,,,,6.12,5.32,,11,19.13,,,7.31,6.31,9.68
BX36,local,Bx,2026-05,20,10,false,true,6.41,5.41,0.141,6.39,5.46,5.94,5.74,4.75,7.35,16,19.97,,,7.33,6.2,10.77
BX36,local,Bx,2026-06,19,7,false,false,6.99,5.98,0.124,7.27,6.31,6.41,6.76,5.73,7.53,16,19.69,,,7.01,5.85,10.85
BX36,local,Bx,2026-07,22,8,true,true,6.72,5.71,0.126,7.14,6.1,6.15,6.33,5.38,7.27,17,19.24,,,7.24,6.12,11.01
BX36,local,Bx,2026-08,21,10,true,true,6.81,5.83,0.1227,7.13,6.15,6.29,6.38,5.4,7.38,17,18.61,,,7.23,6.06,11.13
BX36,local,Bx,2026-09,21,8,true,true,6.59,5.62,0.1267,6.61,5.63,6.12,6.14,5.21,7.38,17,19.7,21.26,,7.38,6.3,11.36
BX36,local,Bx,2026-10,4,2,false,false,6.54,5.53,0.1376,,,,5.99,5.06,7.37,12,19.52,20.73,33.2,7.34,6.43,10.33
BX38,local,Bx,2026-04,4,2,false,false,7.78,7.04,0.0782,,,,7.13,6.49,,11,6.81,,,8.91,7.75,3.7
BX38,local,Bx,2026-05,20,10,false,true,7.7,6.96,0.0828,7.3,6.46,7.49,7.15,6.49,8.59,16,6.83,,,8.68,7.77,3.85
BX38,local,Bx,2026-06,19,7,false,false,7.74,7.03,0.0762,7.44,6.81,7.24,7.35,6.7,8.87,16,5.61,,,8.38,7.54,4.15
BX38,local,Bx,2026-07,22,8,true,true,7.82,7.03,0.0796,7.72,6.94,7.49,7.38,6.66,8.68,17,6.68,,,8.54,7.6,4.08
BX38,local,Bx,2026-08,21,10,true,true,7.91,7.09,0.0782,7.82,7.04,7.49,7.45,6.67,8.78,17,6.55,,,8.56,7.65,3.93
BX38,local,Bx,2026-09,21,8,true,true,7.7,6.91,0.0793,7.39,6.52,7.27,7.34,6.62,8.74,17,6.67,7.59,,8.5,7.59,3.95
BX38,local,Bx,2026-10,4,2,false,false,8.03,7.06,0.0901,,,,7.4,6.58,9.23,12,6.27,7.44,16.9,8.75,7.84,3.84
BX39,local,Bx,2026-04,4,2,false,false,7.49,6.45,0.1282,,,,6.92,6.11,,11,11.29,,,8.04,6.96,7.84
BX39,local,Bx,2026-05,20,10,false,true,7.14,6.29,0.1073,6.91,6.08,6.99,6.61,5.83,7.75,16,11.12,,,7.94,6.8,8.22
BX39,local,Bx,2026-06,19,7,false,false,7.36,6.51,0.0985,7.23,6.33,7,7.13,6.08,7.97,16,11.81,,,7.97,6.83,8.38
BX39,local,Bx,2026-07,22,8,true,true,7.29,6.4,0.1055,7.39,6.5,7.09,6.69,5.87,7.77,17,11.29,,,7.85,6.8,8.15
BX39,local,Bx,2026-08,21,10,true,true,7.31,6.35,0.1138,7.4,6.45,7.08,6.73,5.81,7.81,17,11.1,,,7.84,6.81,8.53
BX39,local,Bx,2026-09,21,8,true,true,7.17,6.35,0.0973,7.04,6.22,6.94,6.54,5.81,7.88,17,11.85,12.6,,7.9,6.97,8.89
BX39,local,Bx,2026-10,4,2,false,false,7.23,6.48,0.0882,,,,6.57,5.52,7.85,12,12.11,12.22,30,7.99,7,9.44
BX4,local,Bx,2026-04,4,2,false,false,6.56,5.46,0.1606,,,,5.57,4.62,,11,5.06,,,7.65,6.57,3.77
BX4,local,Bx,2026-05,20,10,false,true,6.54,5.53,0.1414,6.17,5.26,6.17,5.99,5.06,7.49,16,5.3,,,7.47,6.22,3.47
BX4,local,Bx,2026-06,19,7,false,false,6.9,5.96,0.1277,6.75,5.63,6.61,6.45,5.68,7.5,16,4.37,,,7.36,6.16,3.71
BX4,local,Bx,2026-07,22,8,true,true,6.79,5.79,0.1262,6.97,5.99,6.3,6.29,5.48,7.47,17,5.22,,,7.35,6.03,3.2
BX4,local,Bx,2026-08,21,10,true,true,6.73,5.71,0.1335,6.8,5.94,6.25,6.37,5.48,7.41,17,5.27,,,7.26,6.07,3.76
BX4,local,Bx,2026-09,21,8,true,true,6.45,5.55,0.1232,6.3,5.46,6.2,5.72,4.89,7.18,17,5.53,5.48,,7.31,6.2,3.74
BX4,local,Bx,2026-10,4,2,false,false,6.6,5.87,0.1028,,,,5.8,5.17,7.8,12,5.5,5.15,25.5,7.02,5.89,3.74
BX40,local,Bx,2026-04,4,2,false,false,7.32,6.39,0.1049,,,,7.04,5.9,,11,8,,,8.42,7.36,4.2
BX40,local,Bx,2026-05,20,10,false,true,7.08,6.15,0.111,6.81,5.98,6.8,6.59,5.68,7.83,16,7.64,,,8.1,6.82,4.9
BX40,local,Bx,2026-06,19,7,false,false,7.44,6.58,0.1046,7.5,6.81,6.98,7.25,6.29,7.98,16,8,,,8,6.85,5
BX40,local,Bx,2026-07,22,8,true,true,7.26,6.35,0.1065,7.39,6.43,7.02,6.93,5.99,7.65,17,7.7,,,7.89,6.58,4.95
BX40,local,Bx,2026-08,21,10,true,true,7.32,6.34,0.1143,7.28,6.33,6.98,6.93,5.97,7.87,17,7.32,,,7.98,6.78,5.18
BX40,local,Bx,2026-09,21,8,true,true,7.28,6.41,0.098,6.93,6.1,6.94,6.77,5.92,8.16,17,8.09,8.33,,8.11,6.98,5.04
BX40,local,Bx,2026-10,4,2,false,false,7.34,6.45,0.1008,,,,6.15,5.5,8.18,12,8.5,8.03,25.3,8.05,6.64,4.27
BX41,local,Bx,2026-04,4,2,false,false,7.45,6.71,0.084,,,,7.05,6.17,,11,6.36,,,8.61,7.69,5.65
BX41,local,Bx,2026-05,20,10,false,true,7.42,6.45,0.117,7.16,6.13,7.19,6.77,5.81,8.1,16,6.71,,,8.46,7.05,5.75
BX41,local,Bx,2026-06,19,7,false,false,7.79,6.99,0.0795,7.91,7.3,7.5,7.35,6.45,8.11,16,6.95,,,8.49,7.49,5.87
BX41,local,Bx,2026-07,22,8,true,true,7.72,6.81,0.0999,7.91,7.1,7.22,7.12,6.27,8.42,17,6.44,,,8.45,7.33,5.63
BX41,local,Bx,2026-08,21,10,true,true,7.74,6.83,0.0997,7.96,7,7.39,7.06,6.27,8.19,17,6.83,,,8.28,7.01,6.01
BX41,local,Bx,2026-09,21,8,true,true,7.45,6.64,0.0905,7.24,6.4,7.11,6.92,6.13,8.2,17,7.04,7.18,,8.43,7.42,5.84
BX41,local,Bx,2026-10,4,2,false,false,7.34,6.45,0.0984,,,,6.76,5.85,8.49,12,7.31,7.07,29.8,8.65,7.61,7.47
BX41+,sbs,Bx,2026-04,4,2,false,false,8.61,7.47,0.1215,,,,8.63,7.63,,10,7.49,,,10.48,9.26,5.18
BX41+,sbs,Bx,2026-05,20,10,false,true,8.74,7.65,0.1127,8.5,7.22,8.32,8.13,6.97,9.65,16,7.66,,,10.01,8.62,5.1
BX41+,sbs,Bx,2026-06,11,7,false,false,9.15,8.42,0.0685,10.19,9.35,8.51,9,8.17,9.07,16,7.24,,,9.95,8.55,4.93
BX41+,sbs,Bx,2026-07,22,8,true,true,9.21,8.23,0.0888,9.64,8.62,8.58,8.8,7.85,9.85,17,7.94,,,10.32,9.03,5.23
BX41+,sbs,Bx,2026-08,21,10,true,true,9.23,8.13,0.1027,9.73,8.67,8.69,8.74,7.7,9.7,17,7.72,,,10.17,8.75,5.01
BX41+,sbs,Bx,2026-09,21,8,true,true,8.8,7.76,0.102,8.79,7.65,8.2,8.21,7.21,9.75,17,7.35,7.92,,9.92,8.56,4.75
BX41+,sbs,Bx,2026-10,4,2,false,false,8.7,7.62,0.108,,,,7.36,6.27,9.84,12,7.43,7.58,26.1,9.65,8.42,5.88
BX42,local,Bx,2026-04,4,2,false,false,7.28,6.41,0.0979,,,,6.78,5.76,,11,7.91,,,8.53,7.03,5.08
BX42,local,Bx,2026-05,20,10,false,true,6.95,6.04,0.115,6.62,5.75,6.61,6.54,5.66,7.83,16,7.78,,,7.81,6.69,5.33
BX42,local,Bx,2026-06,19,7,false,false,7.09,6.26,0.0991,7.12,6.54,6.53,6.74,5.77,7.96,16,7.81,,,7.63,6.52,5.89
BX42,local,Bx,2026-07,22,8,true,true,7.38,6.43,0.1041,7.41,6.38,6.97,6.81,5.96,8.25,17,8.1,,,7.78,6.75,5.33
BX42,local,Bx,2026-08,21,10,true,true,7.35,6.33,0.1172,7.32,6.34,6.95,6.79,5.89,8.16,17,7.98,,,7.91,6.84,5.4
BX42,local,Bx,2026-09,21,8,true,true,7.14,6.29,0.0959,6.95,6.07,6.8,6.51,5.77,8.09,17,8.18,8.47,,8.09,6.97,5.25
BX42,local,Bx,2026-10,4,2,false,false,7.11,6.28,0.0951,,,,6.03,5.49,7.9,12,8.82,8.15,22.9,7.88,7.02,5.17
BX46,local,Bx,2026-04,4,2,false,false,9.34,6.47,0.2962,,,,,,,10,0.79,,,11.56,10.45,1.12
BX46,local,Bx,2026-05,20,10,false,true,10.12,8.29,0.1839,9.31,7.84,9.98,10.34,8.36,10.71,16,0.94,,,11.03,8.91,0.64
BX46,local,Bx,2026-06,19,6,false,false,9.63,7.22,0.2548,8.94,7.77,9.26,8.5,6.75,11.82,16,1.22,,,11.11,9.49,0.52
BX46,local,Bx,2026-07,22,8,true,true,10.05,6.93,0.2832,9.91,6.41,10.28,9.81,8.2,10.23,17,1.13,,,9.38,7.95,0.92
BX46,local,Bx,2026-08,21,10,true,true,9.74,7.61,0.2032,8.83,6.81,9.17,10.05,7.46,10.98,17,0.85,,,9.83,7.33,0.65
BX46,local,Bx,2026-09,21,8,true,true,9.97,7.19,0.2588,9.51,7.08,10.83,9.33,6.64,9.39,17,0.63,1.15,,9.78,7.23,0.7
BX46,local,Bx,2026-10,4,2,false,false,10.09,8.04,0.185,,,,10.99,9.98,12.63,12,1.13,1.12,5.3,11.32,8.34,0.99
BX4A,local,Bx,2026-04,4,2,false,false,6.18,5.24,0.1253,,,,5.94,5.1,,11,3.79,,,6.99,5.98,2.61
BX4A,local,Bx,2026-05,20,10,false,true,6.15,5.33,0.1184,6.04,5.36,5.88,5.53,4.86,6.88,16,4.04,,,7.09,5.86,2.49
BX4A,local,Bx,2026-06,19,7,false,false,6.21,5.38,0.1134,6.32,5.65,5.73,5.95,5.3,6.84,16,4.28,,,6.87,5.77,2.6
BX4A,local,Bx,2026-07,22,8,true,true,6.33,5.49,0.1113,6.34,5.54,6.07,5.9,5.18,6.71,17,3.82,,,7.01,5.99,2.27
BX4A,local,Bx,2026-08,21,10,true,true,6.44,5.61,0.106,6.51,5.64,6.02,5.88,5.17,7.2,17,3.95,,,6.94,5.97,2.63
BX4A,local,Bx,2026-09,21,8,true,true,6.22,5.44,0.1036,6.15,5.41,5.85,5.57,4.9,7.12,17,4.03,4.19,,6.91,6,2.64
BX4A,local,Bx,2026-10,4,2,false,false,6.13,5.38,0.1079,,,,5.7,4.96,7.35,12,4.14,4.1,15.9,6.58,5.7,2.87
BX5,local,Bx,2026-04,4,2,false,false,8.74,7.72,0.1049,,,,7.9,6.87,,11,6.82,,,10.66,9.12,6.08
BX5,local,Bx,2026-05,20,10,false,true,8.31,7.13,0.1265,8.19,7.26,7.95,7.17,6.21,9.6,16,7,,,10.7,9.25,6.45
BX5,local,Bx,2026-06,19,7,false,false,8.34,7.38,0.096,8.54,7.45,7.53,7.51,6.57,9.83,16,6.92,,,10.19,8.7,6.43
BX5,local,Bx,2026-07,22,8,true,true,8.84,7.85,0.0989,8.78,7.87,8.29,7.7,6.82,10.48,17,7.26,,,10.86,9.53,6.06
BX5,local,Bx,2026-08,21,10,true,true,8.92,7.87,0.1013,9.03,8.14,8.2,7.67,6.75,10.58,17,7.48,,,10.59,9.43,6.4
BX5,local,Bx,2026-09,21,8,true,true,8.67,7.73,0.0905,8.36,7.54,8.18,7.56,6.62,10.31,17,7.52,7.77,,10.54,9.51,6.41
BX5,local,Bx,2026-10,4,2,false,false,8.37,7.44,0.0926,,,,7.02,6.15,10.23,12,8.14,7.76,19.2,10.94,10.06,6.55
BX6,local,Bx,2026-04,4,2,false,false,7.03,6.1,0.1129,,,,6.87,5.87,,11,8.86,,,8.28,6.57,6.33
BX6,local,Bx,2026-05,20,10,false,true,6.68,5.58,0.1502,6.43,5.49,6.22,5.97,4.95,7.87,16,9.01,,,8.18,6.81,6.35
BX6,local,Bx,2026-06,19,7,false,false,7.02,5.95,0.1334,7.46,6.34,6.36,6.74,5.73,7.68,16,9.62,,,7.95,6.39,6.93
BX6,local,Bx,2026-07,22,8,true,true,6.88,5.81,0.1338,6.93,5.91,6.46,6.35,5.29,7.63,17,9.12,,,7.88,6.45,6.66
BX6,local,Bx,2026-08,21,10,true,true,7.01,5.91,0.1312,7.07,6.05,6.75,6.3,5.24,7.65,17,9.04,,,7.82,6.52,6.39
BX6,local,Bx,2026-09,21,8,true,true,6.81,5.74,0.1305,6.84,5.85,6.59,6.01,4.98,7.52,17,9.41,9.71,,7.81,6.56,6.85
BX6,local,Bx,2026-10,4,2,false,false,6.78,5.84,0.1152,,,,5.97,5.13,7.02,12,9.25,9.38,25.5,7.73,6.29,6.23
BX6+,sbs,Bx,2026-04,4,2,false,false,7.87,6.7,0.1333,,,,7.33,5.97,,10,7.4,,,8.72,7.2,5.89
BX6+,sbs,Bx,2026-05,20,10,false,true,7.17,5.96,0.1522,6.95,5.75,6.95,6.53,5.34,7.88,16,8.09,,,8.73,7.34,5.94
BX6+,sbs,Bx,2026-06,10,7,false,false,7.77,6.55,0.1378,8.13,6.99,7.65,6.76,5.84,8.14,16,8.64,,,8.29,6.96,5.97
BX6+,sbs,Bx,2026-07,22,8,true,true,7.64,6.35,0.1473,7.77,6.59,7.19,7.12,6,8.33,17,8.21,,,8.54,7.23,5.73
BX6+,sbs,Bx,2026-08,21,10,true,true,7.68,6.44,0.1396,7.78,6.56,7.45,7.01,5.9,8.18,17,7.9,,,8.59,7.17,5.76
BX6+,sbs,Bx,2026-09,21,8,true,true,7.48,6.25,0.138,7.48,6.29,7.24,6.61,5.48,8.23,17,7.98,8.48,,8.74,7.36,5.92
BX6+,sbs,Bx,2026-10,4,2,false,false,7.63,6.52,0.1201,,,,6.91,5.68,8.56,12,8.47,8.17,21.5,8.89,7.79,6.49
BX7,local,Bx,2026-04,4,2,false,false,7.53,6.92,0.0739,,,,6.72,6.09,,11,11.27,,,8.04,7.11,8.58
BX7,local,Bx,2026-05,20,10,false,true,7.29,6.5,0.0937,7.06,6.41,6.83,6.66,5.91,8.21,16,11.41,,,8.07,7.15,8.25
BX7,local,Bx,2026-06,19,7,false,false,7.59,6.85,0.0801,7.9,7.32,6.96,7.1,6.46,8.23,16,10.53,,,8.14,7.29,8.97
BX7,local,Bx,2026-07,22,8,true,true,7.54,6.73,0.0912,7.53,6.87,7.07,6.84,6.08,8.42,17,10.99,,,7.98,7.12,8.59
BX7,local,Bx,2026-08,21,10,true,true,7.5,6.78,0.0795,7.63,7,6.95,6.77,6.06,8.34,17,10.92,,,8.13,7.12,7.54
BX7,local,Bx,2026-09,21,8,true,true,7.31,6.6,0.0806,7.15,6.56,6.72,6.52,5.88,8.47,17,11.24,11.11,,8.19,7.38,8.66
BX7,local,Bx,2026-10,4,2,false,false,7.41,6.61,0.0944,,,,5.9,5.16,9.02,12,11.24,11.09,18,7.91,7.21,8.88
BX8,local,Bx,2026-04,4,2,false,false,8.83,7.95,0.0837,,,,8.09,7.16,,11,9.2,,,10.1,8.84,3.79
BX8,local,Bx,2026-05,20,10,false,true,8.43,7.37,0.106,7.86,6.73,8.07,7.91,7,9.67,16,9.25,,,9.17,8.07,3.52
BX8,local,Bx,2026-06,19,7,false,false,8.65,7.86,0.0783,8.49,7.79,8.11,8.25,7.24,9.77,16,9.55,,,9.32,8.18,3.78
BX8,local,Bx,2026-07,22,8,true,true,8.48,7.36,0.1139,8.18,7.05,8.17,8.02,7.15,9.43,17,9.62,,,9.18,7.89,3.32
BX8,local,Bx,2026-08,21,10,true,true,8.57,7.57,0.0966,8.35,7.39,8.23,8.19,7.17,9.32,17,9.42,,,9.05,7.94,3.52
BX8,local,Bx,2026-09,21,8,true,true,8.43,7.38,0.1007,7.96,6.86,8.03,7.93,6.96,9.62,17,9.66,9.29,,9.22,8.11,3.44
BX8,local,Bx,2026-10,4,2,false,false,8.35,7.46,0.0934,,,,8.19,7.19,9.19,12,9.69,8.94,13.1,9.65,8.66,3.6
BX9,local,Bx,2026-04,4,2,false,false,6.81,5.37,0.1943,,,,6.28,4.8,,11,17.7,,,7.59,6.44,11.4
BX9,local,Bx,2026-05,20,10,false,true,6.68,5.49,0.1628,6.47,5.23,6.34,6.07,4.94,7.57,16,17.57,,,7.43,6.05,11.76
BX9,local,Bx,2026-06,19,7,false,false,6.92,5.57,0.1705,7.14,5.89,6.43,6.65,5.41,7.44,16,16.53,,,7.33,6.11,12.02
BX9,local,Bx,2026-07,22,8,true,true,6.78,5.68,0.1427,7.05,5.97,6.46,6.13,5.04,7.35,17,17.08,,,7.49,5.96,11.8
BX9,local,Bx,2026-08,21,10,true,true,6.87,5.84,0.1307,7.05,6.06,6.47,6.21,5.2,7.57,17,16.76,,,7.42,6.17,12.04
BX9,local,Bx,2026-09,21,8,true,true,6.73,5.7,0.1311,6.73,5.7,6.29,6.04,5.07,7.65,17,17.68,17.87,,7.53,6.4,11.89
BX9,local,Bx,2026-10,4,2,false,false,6.63,5.35,0.1746,,,,5.98,4.82,7.74,12,17.56,17.92,28.2,6.65,5.38,11.17
BX95,shuttle,Bx,2026-07,1,0,false,false,7.15,5.75,0.2233,5.4,2.55,,,,,5,0.04,,,,,
BX95,shuttle,Bx,2026-08,1,0,false,false,7.06,5.74,0.1892,,,7.47,,,,6,0.06,,,,,
BX95,shuttle,Bx,2026-09,1,0,false,false,8.21,6.61,0.1557,,,,,,,4,0.04,,,,,
BXM1,express,X,2026-04,4,2,false,false,11.49,10.27,0.0955,,,,10.75,9.69,,11,6.22,,,10.82,9.49,2.13
BXM1,express,X,2026-05,20,10,false,true,11.63,10.63,0.0708,10.58,9.66,11.24,10.57,9.73,13.72,16,6.17,,,13.18,11.66,2.56
BXM1,express,X,2026-06,19,7,false,false,12.38,11,0.0892,10.9,9.79,12.05,11.08,10.32,14.88,16,5.71,,,13.5,11.68,2.35
BXM1,express,X,2026-07,22,8,true,true,11.95,10.76,0.0875,12.25,11,11.51,11.16,10.02,13.24,17,5.73,,,14.03,12.6,2.3
BXM1,express,X,2026-08,21,10,true,true,12.33,11.2,0.0723,12.73,11.55,11.62,12.07,10.99,13.18,17,5.85,,,13.51,12.16,2.49
BXM1,express,X,2026-09,21,8,true,true,11.72,10.43,0.0959,11.35,10.07,11.02,10.58,9.46,13.7,17,6.36,7.05,,13.32,12.14,2.46
BXM1,express,X,2026-10,4,2,false,false,12.11,11.03,0.0775,,,,9.22,8.59,14.45,12,6.31,6.67,10.6,12.11,10.96,2.07
BXM10,express,X,2026-04,4,2,false,false,12.42,11.5,0.0703,,,,10.4,9.4,,11,6.49,,,12.83,11.85,2.08
BXM10,express,X,2026-05,20,10,false,true,11.55,10.46,0.0765,10.35,9.16,10.64,9.56,8.64,14.95,16,6.56,,,15.51,14.29,2.44
BXM10,express,X,2026-06,18,7,false,false,11.33,10.2,0.0678,9.07,8.02,11.34,10.77,9.9,13.05,16,6.18,,,15.89,14.21,2.49
BXM10,express,X,2026-07,22,8,true,true,11.91,10.77,0.0802,11.04,10.01,11.24,10.83,9.71,13.86,17,6.26,,,14.07,13.01,2.42
BXM10,express,X,2026-08,21,10,true,true,11.91,10.74,0.0815,10.96,9.85,11.77,10.98,9.87,13.24,17,5.95,,,13.83,12.62,2.46
BXM10,express,X,2026-09,21,8,true,true,11.18,9.99,0.0896,10.15,9.17,10.48,9.57,8.45,13.79,17,6.47,6.86,,12.97,11.95,2.44
BXM10,express,X,2026-10,4,2,false,false,10.69,9.73,0.0729,,,,10.05,9.22,12.46,12,6.19,6.74,13.9,14.9,13.3,2.73
BXM11,express,X,2026-04,4,2,false,false,11.03,10.15,0.0792,,,,10.36,9.74,,11,5.85,,,15.16,13.81,2.09
BXM11,express,X,2026-05,20,10,false,true,11.49,10.3,0.0893,10.53,9.35,10.73,9.96,9.08,14.07,16,6.04,,,14.29,12.58,2.57
BXM11,express,X,2026-06,19,7,false,false,12.6,11.38,0.0886,11.13,10.26,13.04,11.36,10.62,13.56,16,5.22,,,14.75,11.91,2.57
BXM11,express,X,2026-07,22,8,true,true,12,10.76,0.0857,12.28,11.34,11.28,10.65,9.58,13.45,17,5.53,,,14.65,13.38,2.43
BXM11,express,X,2026-08,21,10,true,true,12.62,11.31,0.083,12.62,11.52,11.46,11.33,10.19,14.92,17,5.62,,,14.29,12.78,2.56
BXM11,express,X,2026-09,21,8,true,true,11.53,10.3,0.0892,10.91,9.7,10.4,9.95,8.76,14.45,17,6.06,6.74,,12.63,11.43,2.56
BXM11,express,X,2026-10,4,2,false,false,11.17,10.26,0.0714,,,,10.17,9.15,12.15,12,5.61,6.55,12.5,15.44,13.96,2.82
BXM18,express,X,2026-04,4,0,false,false,11,9.08,0.2103,,,,9.91,9.18,,7,1.25,,,,,
BXM18,express,X,2026-05,20,0,false,false,10.22,8.48,0.2396,9.49,8.67,,8.51,7.2,,10,1.35,,,,,
BXM18,express,X,2026-06,3,0,false,false,12.28,10.15,0.2318,,,,10.97,9.75,,7,1.21,,,,,
BXM18,express,X,2026-07,22,0,true,false,11.23,9.02,0.2413,10.53,8.15,,9.37,8.33,,9,1.21,,,,,
BXM18,express,X,2026-08,21,0,true,false,11.2,9.19,0.224,10.86,8.61,,10.44,9.37,14.07,11,1.23,,,,,
BXM18,express,X,2026-09,21,0,true,false,10.1,8.21,0.1811,9.09,7.58,,8.1,7.22,15.37,12,1.3,1.38,,,,
BXM18,express,X,2026-10,3,0,false,false,11.39,8.05,0.2661,,,,9.86,8.57,,7,1.11,1.47,10.6,,,
BXM2,express,X,2026-04,4,2,false,false,12.27,11.46,0.056,,,,11.9,11.58,,11,4.96,,,12.1,10.74,2.42
BXM2,express,X,2026-05,20,10,false,true,11.71,10.65,0.0775,11.07,10,10.67,9.93,8.96,14.15,16,4.93,,,14.16,12.46,2.54
BXM2,express,X,2026-06,19,7,false,false,13.71,12.21,0.0955,15.09,13.78,11.11,11.63,10.96,17.19,16,5.21,,,13.93,11.51,2.53
BXM2,express,X,2026-07,22,8,true,true,12.57,11.36,0.0822,11.08,9.94,11.14,11.06,9.91,16.17,17,4.88,,,14.18,12.83,2.56
BXM2,express,X,2026-08,21,10,true,true,13.3,12.1,0.0762,13.59,12.31,11.99,11.57,10.52,15.89,17,4.6,,,14.46,13.23,2.44
BXM2,express,X,2026-09,21,8,true,true,11.57,10.46,0.0811,10.67,9.49,10.11,10.03,8.96,14.71,17,5.05,5.59,,15,13.72,2.55
BXM2,express,X,2026-10,4,2,false,false,11.63,10.63,0.0591,,,,8.88,8.15,12.84,12,5.24,5.53,7.9,14.35,13.31,2.44
BXM3,express,X,2026-04,4,2,false,false,11.13,9.94,0.1047,,,,9.09,8.18,,11,4.24,,,14.58,12.97,1.72
BXM3,express,X,2026-05,20,10,false,true,11.27,10.1,0.0898,10.99,9.89,9.93,9.88,9.01,14.06,16,3.94,,,13.33,12.02,1.85
BXM3,express,X,2026-06,19,7,false,false,11.22,10.1,0.1121,11.31,10.14,9.11,10.63,9.82,14.29,16,3.71,,,12.77,11.69,1.89
BXM3,express,X,2026-07,22,8,true,true,12.09,10.97,0.0812,13.46,12.21,10.63,10.88,10.04,13.85,17,3.76,,,13.2,12.17,1.85
BXM3,express,X,2026-08,21,10,true,true,12.2,11.03,0.0795,12.45,11.12,11.07,11.25,10.29,13.99,17,3.71,,,13.04,11.92,1.84
BXM3,express,X,2026-09,21,8,true,true,11.3,10.25,0.0825,11,10.06,9.92,9.76,8.79,14.05,17,3.87,4.04,,13.44,12.21,1.85
BXM3,express,X,2026-10,4,2,false,false,12.36,10.62,0.1141,,,,9.02,8.36,15.05,12,3.82,3.96,14.7,12.42,12,2.36
BXM4,express,X,2026-04,4,2,false,false,9.82,8.88,0.0783,,,,10.2,9,,11,3.2,,,10.47,9.43,1.89
BXM4,express,X,2026-05,20,10,false,true,9.63,8.61,0.0896,9.51,8.53,8.66,8.45,7.51,11.76,16,3.14,,,11.69,10.45,1.83
BXM4,express,X,2026-06,19,7,false,false,9.89,8.83,0.0769,9.96,9.01,8.85,9.06,7.96,11.73,16,3.05,,,12.08,11.1,1.92
BXM4,express,X,2026-07,22,8,true,true,9.97,8.9,0.0867,9.74,8.85,9.53,9.22,8.16,11.3,17,3.2,,,11.52,10.19,2.07
BXM4,express,X,2026-08,21,10,true,true,10.34,9.22,0.0861,10.11,9,9.69,9.42,8.32,11.89,17,3.1,,,10.99,9.47,1.98
BXM4,express,X,2026-09,21,8,true,true,9.75,8.68,0.0929,9.14,8.18,9.2,8.61,7.54,11.47,17,3.3,3.38,,11.14,9.73,1.93
BXM4,express,X,2026-10,4,2,false,false,9.48,8.33,0.0947,,,,8.6,7.5,11.04,12,3.22,3.27,10.4,11.05,9.59,1.69
BXM6,express,X,2026-04,4,2,false,false,13.07,12.07,0.0801,,,,7.98,7.07,,11,2.51,,,14.85,13.48,1
BXM6,express,X,2026-05,20,10,false,true,11.77,10.68,0.0854,10.74,9.86,11.1,9.53,8.63,14.68,16,2.75,,,14.43,12.94,1.39
BXM6,express,X,2026-06,18,7,false,false,11.83,10.73,0.0639,15.22,14.34,9.12,11.45,10.53,13.1,16,2.45,,,14.94,13.63,1.33
BXM6,express,X,2026-07,22,8,true,true,12.35,11.14,0.0841,12.84,11.82,11.11,10.07,8.97,15.83,17,2.37,,,14.91,13.47,1.27
BXM6,express,X,2026-08,21,10,true,true,12.18,10.99,0.0847,12.73,11.66,12.07,10.47,9.27,13.2,17,2.37,,,15.03,13.68,1.31
BXM6,express,X,2026-09,21,8,true,true,11.92,10.82,0.0958,10.81,9.65,10.22,9.43,8.23,15.49,17,2.63,3.02,,14.31,13.05,1.34
BXM6,express,X,2026-10,4,2,false,false,11.47,10.54,0.0767,,,,11.93,10.83,12.16,12,2.97,2.88,14.7,13.02,11.83,1.64
BXM7,express,X,2026-04,4,2,false,false,13.7,12.35,0.0834,,,,12.3,11.15,,11,8.87,,,15.98,14.36,2.95
BXM7,express,X,2026-05,20,10,false,true,14.4,13.12,0.0714,12.52,11.65,14.48,12.17,11.25,16.75,16,9.16,,,17.32,15.82,3.91
BXM7,express,X,2026-06,19,7,false,false,14.42,13.24,0.0683,14.19,13.31,12.33,14.6,13.58,16.97,16,8.36,,,17.83,16.05,3.98
BXM7,express,X,2026-07,22,8,true,true,15.45,14.06,0.0762,14.6,13.45,14.54,13.04,11.87,18.34,17,8.21,,,17.98,16.19,3.7
BXM7,express,X,2026-08,21,10,true,true,15.74,14.36,0.0705,14.68,13.34,14.98,14.7,13.6,17.73,17,7.76,,,19.8,18.03,3.73
BXM7,express,X,2026-09,21,8,true,true,14.85,13.46,0.0822,12.69,11.62,14.36,12.58,11.23,18.47,17,8.72,8.94,,20.33,18.67,3.7
BXM7,express,X,2026-10,4,2,false,false,14.31,13.16,0.0783,,,,11.63,10.89,18.27,12,8.15,9.01,15.2,19.83,18.11,4.13
BXM8,express,X,2026-04,4,2,false,false,13.81,12.98,0.0631,,,,11,10,,11,5.91,,,12.08,10.94,1.27
BXM8,express,X,2026-05,20,10,false,true,13.43,12.21,0.0748,13.62,12.51,11.94,10.9,9.83,16.96,16,6.04,,,16.84,15.5,1.87
BXM8,express,X,2026-06,19,7,false,false,14.19,13.07,0.072,13.22,12.05,12.61,12.89,11.84,17.81,16,5.35,,,14.9,13.72,2.1
BXM8,express,X,2026-07,22,8,true,true,13.49,12.21,0.0789,14.21,13.15,13.01,11.47,10.37,14.84,17,5.54,,,16.57,15.33,1.81
BXM8,express,X,2026-08,21,10,true,true,13.42,12.16,0.0745,12.84,11.86,12.63,12.68,11.39,14.95,17,5.3,,,17.08,15.59,1.91
BXM8,express,X,2026-09,21,8,true,true,13.27,12.08,0.0779,12.04,11.09,13.09,11.16,9.84,15.76,17,5.77,5.94,,16.96,15.49,1.83
BXM8,express,X,2026-10,4,2,false,false,12.75,11.02,0.1117,,,,11,10.06,13.75,12,5.9,6.07,18.6,18.07,16.48,2.13
BXM9,express,X,2026-04,4,2,false,false,13.58,12.57,0.0618,,,,11.93,11.66,,11,6.1,,,18.07,17.16,1.97
BXM9,express,X,2026-05,20,10,false,true,13.43,12.21,0.0773,11.91,11.09,12.67,11.27,10.43,17.21,16,6.88,,,14.29,13.24,2.07
BXM9,express,X,2026-06,19,7,false,false,13.68,12.49,0.0761,13.36,12.71,12.35,12.1,11.38,17.01,16,6.06,,,14.22,13.18,2.39
BXM9,express,X,2026-07,22,8,true,true,14.37,12.74,0.0932,13.71,12.3,13.72,12.61,11.56,17.11,17,6.03,,,16.77,15.15,2.05
BXM9,express,X,2026-08,21,10,true,true,14.55,13.11,0.0802,13.38,12.03,13.86,13.83,12.83,16.71,17,5.95,,,15.53,14.22,2.08
BXM9,express,X,2026-09,21,8,true,true,13.37,12.15,0.0839,11.6,10.74,13.72,11.65,10.51,15.39,17,6.36,6.78,,14.96,13.67,2.11
BXM9,express,X,2026-10,4,2,false,false,12.48,11.59,0.0618,,,,10.42,9.74,13.95,12,6.16,6.56,13.7,16.93,16.06,2.08
L90,shuttle,,2026-04,0,1,false,false,,,,,,,,,,,,,,,,0
L90,shuttle,,2026-09,0,1,false,false,,,,,,,,,,,,,,10.16,8.66,0
L92,shuttle,,2026-10,0,2,false,false,,,,,,,,,,,,,,7.28,5.75,2.47
M1,local,M,2026-04,4,2,false,false,6.48,5.71,0.1046,,,,6.17,5.46,,11,15.96,,,7.65,6.65,7.04
M1,local,M,2026-05,20,10,false,true,6.35,5.5,0.1154,6.42,5.68,5.44,5.8,4.98,7.61,16,16.28,,,8.15,7,8.41
M1,local,M,2026-06,19,7,false,false,6.51,5.76,0.1014,6.63,5.94,5.47,6.12,5.26,7.83,16,15.9,,,7.87,6.8,9.01
M1,local,M,2026-07,22,8,true,true,6.43,5.57,0.1123,6.62,5.81,5.57,5.9,5.07,7.58,17,15.59,,,8.44,7.44,9.12
M1,local,M,2026-08,21,10,true,true,6.65,5.7,0.1193,6.65,5.69,5.71,6.16,5.31,7.95,17,15.57,,,8.02,7,8.53
M1,local,M,2026-09,21,8,true,true,6.31,5.47,0.1137,6.24,5.47,5.29,5.7,4.87,7.93,17,16,16.51,,8.09,7.1,9.16
M1,local,M,2026-10,4,2,false,false,6.61,5.72,0.1174,,,,5.72,4.93,8.4,12,15.21,15.76,11.9,7.69,6.69,8.22
M10,local,M,2026-04,4,2,false,false,6.47,6,0.0773,,,,6.11,5.45,,11,7.13,,,7.25,6.49,6.5
M10,local,M,2026-05,20,10,false,true,6.45,5.73,0.0918,6.27,5.68,5.96,5.83,5.26,7.31,16,7.34,,,7.31,6.35,6.1
M10,local,M,2026-06,19,7,false,false,6.53,5.79,0.0955,6.91,6.46,5.89,5.95,5.27,7.19,16,6.72,,,7.07,6.11,6.75
M10,local,M,2026-07,22,8,true,true,6.56,5.79,0.0993,6.63,6.03,6.13,5.96,5.29,7.19,17,7.09,,,7.23,6.4,6.54
M10,local,M,2026-08,21,10,true,true,6.72,5.97,0.091,6.78,6.13,6.15,6.16,5.57,7.37,17,6.92,,,7.59,6.65,6.26
M10,local,M,2026-09,21,8,true,true,6.46,5.76,0.0893,6.43,5.84,5.99,5.81,5.16,7.34,17,7.3,7.42,,7.36,6.49,6.43
M10,local,M,2026-10,4,2,false,false,6.21,5.56,0.0963,,,,5.25,4.72,7.18,12,7.43,7.48,12.7,7.22,6.34,6.78
M100,local,M,2026-04,4,2,false,false,6.57,5.84,0.0893,,,,5.88,5.43,,11,11.78,,,7.17,6.38,7.59
M100,local,M,2026-05,20,10,false,true,6.42,5.71,0.0949,6.37,5.8,6.11,5.82,5.13,7.05,16,11.98,,,7.11,6.4,7.61
M100,local,M,2026-06,19,7,false,false,6.59,5.94,0.0793,6.92,6.3,6.19,6.15,5.52,6.97,16,11.32,,,6.99,6.15,7.97
M100,local,M,2026-07,22,8,true,true,6.51,5.82,0.0868,6.66,6,6.22,5.91,5.3,6.96,17,11.71,,,7.11,6.25,7.86
M100,local,M,2026-08,21,10,true,true,6.56,5.91,0.0815,6.69,6.11,6.19,6.05,5.44,7.06,17,11.4,,,6.77,5.96,6.55
M100,local,M,2026-09,21,8,true,true,6.42,5.78,0.0797,6.4,5.8,5.98,5.87,5.32,7.19,17,12.03,12.39,,7.14,6.36,7.8
M100,local,M,2026-10,4,2,false,false,6.37,5.64,0.0896,,,,5.64,5.02,7.39,12,11.97,11.86,12,6.85,6.26,7.7
M101,local,M,2026-04,4,2,false,false,6.66,5.96,0.0896,,,,6.42,5.8,,11,22.85,,,7.38,6.5,12.36
M101,local,M,2026-05,20,10,false,true,6.61,5.81,0.1056,6.58,5.82,6.05,6.16,5.33,7.47,16,22.22,,,7.55,6.6,13.89
M101,local,M,2026-06,19,7,false,false,6.71,5.85,0.1107,6.73,5.86,5.99,6.5,5.45,7.58,16,22.79,,,7.6,6.66,11.36
M101,local,M,2026-07,22,8,true,true,6.66,5.78,0.1153,6.63,5.8,6.17,6.19,5.28,7.47,17,20.1,,,7.69,6.8,14.23
M101,local,M,2026-08,21,10,true,true,6.8,5.92,0.1137,6.77,5.91,6.28,6.39,5.47,7.6,17,20.82,,,7.29,6.35,14.03
M101,local,M,2026-09,21,8,true,true,6.56,5.68,0.1142,6.49,5.69,5.96,5.97,5.16,7.59,17,20.65,26.95,,7.56,6.67,14.5
M101,local,M,2026-10,4,2,false,false,6.44,5.75,0.0955,,,,6.01,5.32,7.52,12,21.9,26.23,17.9,7.73,6.84,13.76
M102,local,M,2026-04,4,2,false,false,5.92,5.19,0.105,,,,5.54,4.76,,11,12.67,,,6.91,5.86,9.31
M102,local,M,2026-05,20,10,false,true,5.82,5.03,0.123,5.62,5.01,5.2,5.17,4.36,6.87,16,12.29,,,7.19,6.19,9.18
M102,local,M,2026-06,19,7,false,false,5.92,5.14,0.1134,5.66,5.07,5.25,5.34,4.57,7.05,16,13.2,,,7.09,5.92,8.21
M102,local,M,2026-07,22,8,true,true,5.89,5.05,0.1251,5.78,5.03,5.23,5.31,4.48,6.92,17,11.07,,,7.38,6.29,9.26
M102,local,M,2026-08,21,10,true,true,6.1,5.21,0.1273,5.92,5.05,5.43,5.46,4.66,7.23,17,11.71,,,6.97,5.92,9.33
M102,local,M,2026-09,21,8,true,true,5.84,4.98,0.1314,5.61,4.91,5.14,5.16,4.34,7.05,17,11.74,14.81,,7.16,6.22,9.37
M102,local,M,2026-10,4,2,false,false,6.02,5.24,0.111,,,,5.24,4.57,7.46,12,12.21,14.84,13.9,7.18,5.9,9.86
M103,local,M,2026-04,4,2,false,false,6.07,5.33,0.1118,,,,5.39,4.75,,11,12.54,,,7.3,6.51,7.84
M103,local,M,2026-05,20,10,false,true,6.04,5.23,0.1179,5.87,5.16,5.3,5.38,4.61,7.12,16,11.47,,,7.3,6.14,7.98
M103,local,M,2026-06,19,7,false,false,6.14,5.21,0.1296,5.77,5.08,5.26,5.54,4.74,7.53,16,11.21,,,6.93,5.95,7.43
M103,local,M,2026-07,22,8,true,true,6.09,5.25,0.1225,6.06,5.38,5.37,5.3,4.5,7.16,17,10.54,,,7.49,6.44,7.82
M103,local,M,2026-08,21,10,true,true,6.22,5.43,0.1121,6.22,5.51,5.5,5.45,4.74,7.29,17,11,,,7.24,6.15,8.46
M103,local,M,2026-09,21,8,true,true,5.94,5.07,0.1268,5.87,5.18,5.11,5.12,4.32,7.1,17,10.7,12.94,,7.29,6.33,8.86
M103,local,M,2026-10,4,2,false,false,5.96,5.22,0.1077,,,,5.13,4.5,7.03,12,10.87,12.47,16.2,6.85,5.88,8.77
M104,local,M,2026-04,4,2,false,false,5.93,5.12,0.1105,,,,5.22,4.67,,11,8.61,,,7.01,6.07,12.86
M104,local,M,2026-05,20,10,false,true,5.9,5.19,0.098,5.88,5.36,5.55,5.23,4.53,6.42,16,8.83,,,6.77,5.77,12.59
M104,local,M,2026-06,19,7,false,false,5.98,5.23,0.115,6.33,5.94,5.35,5.39,4.5,6.61,16,8.64,,,6.53,5.52,12.42
M104,local,M,2026-07,22,8,true,true,5.86,5.1,0.1066,6.05,5.37,5.53,5.32,4.71,6.19,17,9.14,,,6.91,5.9,12.91
M104,local,M,2026-08,21,10,true,true,6.04,5.26,0.103,6.23,5.51,5.62,5.44,4.76,6.42,17,8.98,,,6.78,5.8,12.61
M104,local,M,2026-09,21,8,true,true,5.85,5.14,0.0998,5.87,5.23,5.42,5.25,4.63,6.43,17,9.05,9.43,,6.78,5.91,12.47
M104,local,M,2026-10,4,2,false,false,5.76,5.11,0.097,,,,4.84,4.31,6.47,12,9.25,9.24,11.1,6.88,6.01,12.31
M106,local,M,2026-04,4,2,false,false,5.69,4.2,0.2272,,,,6.06,4.98,,10,2.45,,,7.38,5.9,1.21
M106,local,M,2026-05,20,10,false,true,6.02,4.48,0.2281,5.67,4.8,5.75,5.99,4.96,,14,2.63,,,6.4,5.01,0.99
M106,local,M,2026-06,3,4,false,false,6.46,4.45,0.2696,6,5.36,6.87,6,5.39,,14,2.65,,,6.6,4.94,0.88
M106,local,M,2026-07,22,8,true,true,6.03,4.59,0.2202,5.85,4.9,5.67,5.96,5,7.45,17,2.48,,,7.37,5.64,0.87
M106,local,M,2026-08,21,10,true,true,6.08,4.62,0.2199,6.3,5.13,5.7,6.04,5.07,6.7,16,2.37,,,6.28,4.64,0.75
M106,local,M,2026-09,21,8,true,true,5.87,4.44,0.2157,6.02,4.96,5.19,5.92,5.1,,16,2.37,2.16,,5.67,4.15,0.75
M106,local,M,2026-10,4,2,false,false,5.85,4.66,0.1587,,,,5.5,4.82,,10,2.22,1.9,11.1,7.03,5.77,0.9
M11,local,M,2026-04,4,2,false,false,6.01,5.3,0.1068,,,,5.3,4.64,,11,12.35,,,7.61,6.49,8.48
M11,local,M,2026-05,20,10,false,true,6.07,5.29,0.1091,5.91,5.25,5.49,5.37,4.67,7.13,16,12.98,,,7.25,6.28,7.72
M11,local,M,2026-06,19,7,false,false,6.04,5.25,0.1174,6.12,5.58,5.41,5.58,4.64,6.81,16,12.47,,,7.4,6.47,7.9
M11,local,M,2026-07,22,8,true,true,6.12,5.41,0.0987,6.18,5.57,5.64,5.46,4.77,6.89,17,12.8,,,7.23,6.36,7.86
M11,local,M,2026-08,21,10,true,true,6.29,5.52,0.1013,6.36,5.68,5.73,5.63,4.94,7.13,17,12.92,,,7.35,6.4,7.92
M11,local,M,2026-09,21,8,true,true,6.04,5.33,0.0951,6.03,5.4,5.41,5.39,4.79,7,17,13.13,12.76,,7.2,6.34,8.08
M11,local,M,2026-10,4,2,false,false,5.96,5.26,0.0975,,,,5.17,4.69,6.89,12,13.01,12.24,15,7.45,6.53,8.4
M116,local,M,2026-04,4,2,false,false,6.13,5.22,0.1204,,,,5.68,4.82,,11,6.48,,,6.7,5.64,4.06
M116,local,M,2026-05,20,10,false,true,6.15,5.09,0.1433,5.96,4.97,5.84,5.65,4.79,6.91,16,6.62,,,6.78,5.42,4.12
M116,local,M,2026-06,19,7,false,false,6.2,5.13,0.1445,5.59,4.64,5.56,6.39,5.1,7.26,16,5.87,,,6.83,5.62,4.28
M116,local,M,2026-07,22,8,true,true,6.1,5.04,0.1454,6.09,5.13,5.64,5.78,4.84,6.83,17,6.45,,,6.75,5.54,4.07
M116,local,M,2026-08,21,10,true,true,6.29,5.26,0.138,6.26,5.3,5.87,5.88,4.96,7,17,6.4,,,6.7,5.49,4.18
M116,local,M,2026-09,21,8,true,true,6.18,5.12,0.1413,5.92,4.95,5.8,5.66,4.81,7.11,17,6.55,6.19,,6.59,5.44,4.17
M116,local,M,2026-10,4,2,false,false,5.97,4.81,0.1664,,,,5.83,4.88,6.41,12,6.79,5.92,14.1,6.64,5.73,4.51
M12,local,M,2026-04,4,2,false,false,7.07,6.03,0.1076,,,,6.23,5.27,,11,2.11,,,8.34,7.54,1.93
M12,local,M,2026-05,20,10,false,true,6.9,6.07,0.1094,6.75,5.92,6.34,6.17,5.19,7.84,16,2.18,,,7.34,6.3,1.92
M12,local,M,2026-06,15,7,false,false,7.22,6.01,0.1316,8.03,6.72,6.26,6.15,4.72,8.32,16,2.17,,,7.14,6.26,2.13
M12,local,M,2026-07,22,8,true,true,6.96,6.06,0.1155,6.47,5.67,6.48,6.53,5.61,7.73,17,2.19,,,7.92,6.81,1.89
M12,local,M,2026-08,21,10,true,true,7.22,6.21,0.1253,6.92,5.87,6.69,6.28,5.39,8.5,17,1.92,,,7.64,6.57,1.77
M12,local,M,2026-09,21,8,true,true,6.71,5.78,0.1182,6.36,5.48,6.09,5.57,4.65,8.27,17,2.14,2.07,,7.69,6.54,1.83
M12,local,M,2026-10,4,2,false,false,6.75,6.02,0.0941,,,,5.98,5.42,7.95,11,2.16,1.94,9.5,7.61,6.84,1.82
M125,local,M,2026-04,4,2,false,false,6.01,5.25,0.1197,,,,5.51,4.69,,11,9.09,,,6.71,5.74,6.8
M125,local,M,2026-05,20,10,false,true,5.69,4.81,0.1347,5.39,4.55,5.36,5,4.14,6.61,16,9.45,,,6.69,5.59,6.28
M125,local,M,2026-06,19,7,false,false,5.89,4.87,0.1404,5.9,4.75,5.5,5.33,4.4,6.56,16,9.35,,,6.47,5.44,7.06
M125,local,M,2026-07,22,8,true,true,5.86,4.93,0.1291,5.78,4.83,5.5,5.19,4.34,6.57,17,9.24,,,6.99,5.92,6.83
M125,local,M,2026-08,21,10,true,true,5.89,5,0.1302,5.87,4.92,5.51,5.41,4.6,6.52,17,9.04,,,6.66,5.68,6.35
M125,local,M,2026-09,21,8,true,true,5.83,4.97,0.1239,5.47,4.59,5.56,5.26,4.47,6.68,17,9.24,9.79,,6.7,5.78,6.87
M125,local,M,2026-10,4,2,false,false,6.09,5.09,0.1432,,,,5.61,4.58,7.08,12,9.05,9.43,17.2,6.65,5.71,6.53
M14A+,sbs,M,2026-04,4,2,false,false,6.14,5.24,0.1236,,,,5.63,4.9,,11,6.58,,,6.43,5.47,5.17
M14A+,sbs,M,2026-05,20,10,false,true,6.06,5.1,0.1358,6.21,5.27,5.68,5.56,4.67,6.51,16,6.73,,,6.39,5.24,4.93
M14A+,sbs,M,2026-06,19,7,false,false,6.1,5.31,0.1121,6.17,5.26,5.64,5.83,5.23,6.57,16,6.78,,,6.52,5.46,4.65
M14A+,sbs,M,2026-07,22,8,true,true,6.18,5.2,0.1314,6.27,5.4,5.74,5.78,5.02,6.72,17,6.57,,,6.69,5.61,4.97
M14A+,sbs,M,2026-08,21,10,true,true,6.31,5.36,0.1248,6.45,5.51,5.95,5.71,4.97,6.8,17,6.26,,,6.48,5.49,4.71
M14A+,sbs,M,2026-09,21,8,true,true,6.06,5.17,0.123,6.13,5.3,5.69,5.63,4.91,6.53,17,6.36,6.55,,6.58,5.64,4.98
M14A+,sbs,M,2026-10,4,2,false,false,6.15,5.21,0.123,,,,5.58,4.8,6.83,12,6.86,6.27,16.9,6.42,5.46,5.76
M14D+,sbs,M,2026-04,4,2,false,false,6.15,5.4,0.1102,,,,5.64,4.86,,11,11.77,,,6.74,5.76,7.55
M14D+,sbs,M,2026-05,20,10,false,true,6.27,5.35,0.1252,6.26,5.44,5.94,6.02,5.12,6.66,16,12.07,,,6.66,5.6,7.34
M14D+,sbs,M,2026-06,19,7,false,false,6.32,5.44,0.1124,6.14,5.36,5.99,6.15,5.3,6.76,16,11.87,,,6.67,5.74,7.96
M14D+,sbs,M,2026-07,22,8,true,true,6.3,5.43,0.1164,6.39,5.67,5.97,5.97,5.16,6.7,17,11.89,,,6.69,5.8,7.79
M14D+,sbs,M,2026-08,21,10,true,true,6.39,5.52,0.1163,6.57,5.75,6.01,5.94,5.11,6.84,17,10.97,,,6.72,5.8,7.51
M14D+,sbs,M,2026-09,21,8,true,true,6.2,5.34,0.1148,6.26,5.49,5.86,5.76,4.99,6.7,17,12.13,11.62,,6.65,5.75,7.87
M14D+,sbs,M,2026-10,4,2,false,false,6.18,5.17,0.1443,,,,5.62,4.53,6.67,12,12.59,11.18,22,6.62,5.81,8.43
M15,local,M,2026-04,4,2,false,false,6.23,5.46,0.1042,,,,5.82,5.08,,11,16.22,,,7.42,6.42,12.33
M15,local,M,2026-05,20,10,false,true,6.27,5.48,0.1132,6.03,5.37,5.75,5.68,4.95,7.25,16,16.17,,,7.25,6.27,11.86
M15,local,M,2026-06,19,7,false,false,6.44,5.63,0.1102,6.5,5.57,5.76,5.88,5.07,7.4,16,15.03,,,7.5,6.44,12.2
M15,local,M,2026-07,22,8,true,true,6.43,5.59,0.1113,6.22,5.51,5.82,5.9,5.11,7.48,17,15.34,,,7.43,6.46,11.52
M15,local,M,2026-08,21,10,true,true,6.6,5.76,0.1104,6.46,5.72,5.96,6.04,5.24,7.61,17,14.94,,,7.3,6.39,12.04
M15,local,M,2026-09,21,8,true,true,6.21,5.39,0.1165,6.08,5.31,5.58,5.68,4.94,7.21,17,15.81,17.13,,7.3,6.36,12.37
M15,local,M,2026-10,4,2,false,false,6.2,5.47,0.0985,,,,5.61,4.89,7.28,12,16.43,16.36,13.8,7.14,6.31,12.15
M15+,sbs,M,2026-04,4,2,false,false,8.46,7.57,0.0931,,,,7.87,6.98,,11,20.48,,,9.84,8.7,12.25
M15+,sbs,M,2026-05,20,10,false,true,8.35,7.33,0.1039,8.37,7.42,7.54,7.84,6.82,9.49,16,20.84,,,9.74,8.43,10.9
M15+,sbs,M,2026-06,19,7,false,false,8.31,7.27,0.1043,8.75,7.72,7.39,7.79,6.92,9.35,16,20.09,,,9.64,8.36,12.45
M15+,sbs,M,2026-07,22,8,true,true,8.42,7.33,0.1115,8.46,7.39,7.65,8.18,7.09,9.35,17,20.25,,,10.56,9.13,11.9
M15+,sbs,M,2026-08,21,10,true,true,8.63,7.55,0.1068,8.64,7.59,7.84,8.24,7.21,9.67,17,19.53,,,9.84,8.51,11.66
M15+,sbs,M,2026-09,21,8,true,true,8.1,7.03,0.1139,8.22,7.12,7.23,7.57,6.61,9.23,17,19.8,20.75,,9.88,8.63,12.17
M15+,sbs,M,2026-10,4,2,false,false,8.03,6.97,0.1088,,,,7.47,6.54,9.2,12,20.59,19.13,25.1,9.54,8.32,12.83
M2,local,M,2026-04,4,2,false,false,6.58,5.91,0.0869,,,,5.81,5.37,,11,14.38,,,7.88,6.98,6.99
M2,local,M,2026-05,20,10,false,true,6.65,5.83,0.1027,6.68,5.87,6.05,6.11,5.41,7.51,16,14.83,,,8.18,7.13,8.43
M2,local,M,2026-06,19,7,false,false,6.92,6.14,0.0831,7.08,6.41,6.35,6.43,5.62,7.61,16,14.68,,,8.3,7.35,9.07
M2,local,M,2026-07,22,8,true,true,6.82,5.99,0.0985,6.84,6.06,6.23,6.32,5.55,7.68,17,14.54,,,8.6,7.59,8.97
M2,local,M,2026-08,21,10,true,true,6.95,6.12,0.0985,7.12,6.29,6.26,6.49,5.75,7.77,17,14.46,,,8.34,7.36,8.04
M2,local,M,2026-09,21,8,true,true,6.64,5.84,0.0992,6.7,5.93,5.92,6.07,5.32,7.73,17,14.82,14.92,,8.28,7.3,8.37
M2,local,M,2026-10,4,2,false,false,6.68,5.92,0.0894,,,,6.03,5.36,7.86,12,14.78,14.22,12.6,9.18,7.55,8.83
M20,local,M,2026-04,4,2,false,false,6.3,5.46,0.1154,,,,5.4,4.98,,11,4.7,,,7.54,6.45,4.61
M20,local,M,2026-05,20,10,false,true,6.15,5.29,0.1266,6.26,5.65,5.58,5.24,4.41,7.08,16,4.81,,,7.18,6.01,4.8
M20,local,M,2026-06,19,7,false,false,6.22,5.3,0.13,6.65,6.07,5.6,5.05,4.06,7.17,16,4.46,,,7.32,6.34,4.96
M20,local,M,2026-07,22,8,true,true,6.06,5.24,0.1188,6.34,5.63,5.51,5.64,4.84,6.76,17,4.59,,,7.18,6.03,4.67
M20,local,M,2026-08,21,10,true,true,6.59,5.77,0.1039,6.64,5.87,5.95,6.07,5.35,7.2,17,4.31,,,7.22,6.21,4.63
M20,local,M,2026-09,21,8,true,true,6.05,5.23,0.1153,6.35,5.66,5.32,5.41,4.58,6.89,17,4.86,5.04,,7.21,6.12,5.14
M20,local,M,2026-10,4,2,false,false,6.41,5.57,0.102,,,,5.15,4.54,6.86,12,4.84,4.73,8.7,6.5,5.47,5.09
M21,local,M,2026-04,4,2,false,false,5.86,4.8,0.1571,,,,6.15,5.17,,11,2.32,,,7.1,5.96,1.66
M21,local,M,2026-05,20,10,false,true,5.79,4.85,0.1387,5.77,4.98,5.31,5.36,4.6,6.69,16,2.47,,,6.92,5.48,1.48
M21,local,M,2026-06,19,7,false,false,6.02,5.25,0.1106,6.05,5.44,5.36,6.11,5.26,6.76,16,2.52,,,7.38,5.87,1.55
M21,local,M,2026-07,22,8,true,true,6.03,5.04,0.136,5.91,5.08,5.72,5.7,4.59,6.66,17,2.43,,,6.94,5.74,1.61
M21,local,M,2026-08,21,10,true,true,6.18,4.99,0.1645,6.11,5.13,5.85,5.91,4.97,6.76,17,2.26,,,6.77,5.37,1.49
M21,local,M,2026-09,21,8,true,true,5.9,5,0.1273,5.9,5.09,5.38,5.54,4.76,6.69,17,2.38,2.23,,6.95,5.53,1.53
M21,local,M,2026-10,4,2,false,false,6.28,5.41,0.1079,,,,5.52,4.93,7.75,11,1.97,2.13,10,7.11,5.52,1.7
M22,local,M,2026-04,4,2,false,false,5.62,4.81,0.1093,,,,4.74,4.2,,11,3.14,,,6.51,4.93,2.05
M22,local,M,2026-05,20,10,false,true,5.47,4.69,0.1281,5.13,4.39,4.91,5.02,4.3,6.73,16,3.22,,,6.4,5.17,2.05
M22,local,M,2026-06,19,7,false,false,5.66,4.87,0.1036,5.3,4.62,5.16,5.01,4.26,6.99,16,3.14,,,6.35,5.26,2.13
M22,local,M,2026-07,22,8,true,true,5.62,4.8,0.1207,5.36,4.59,5.22,5.1,4.45,6.68,17,3.01,,,6.6,5.3,2
M22,local,M,2026-08,21,10,true,true,5.76,4.94,0.1167,5.47,4.6,5.28,5.42,4.73,6.81,17,2.88,,,6.45,5.16,2
M22,local,M,2026-09,21,8,true,true,5.29,4.48,0.1295,5.09,4.3,4.71,5.03,4.36,6.18,17,3.27,3.09,,6.34,5.05,2.14
M22,local,M,2026-10,4,2,false,false,5.12,4.61,0.1,,,,4.95,4.44,6.14,12,3.17,2.83,8.4,5.87,4.8,2.48
M23+,sbs,M,2026-04,4,2,false,false,5.72,4.87,0.1189,,,,5.45,4.83,,11,6.12,,,6.2,5.17,3.35
M23+,sbs,M,2026-05,20,10,false,true,5.74,4.95,0.1175,5.76,5.06,5.32,5.52,4.78,6.33,16,6.49,,,6.12,5.16,4.03
M23+,sbs,M,2026-06,19,7,false,false,5.59,4.82,0.1066,5.57,4.8,5.29,5.16,4.34,6.18,16,6.74,,,5.65,4.72,4.17
M23+,sbs,M,2026-07,22,8,true,true,5.67,4.96,0.1059,5.58,4.89,5.36,5.37,4.72,6.25,17,6.37,,,6.29,5.38,4.07
M23+,sbs,M,2026-08,21,10,true,true,5.78,5.01,0.1115,5.65,4.89,5.5,5.58,4.89,6.28,17,6,,,6.27,5.32,4.05
M23+,sbs,M,2026-09,21,8,true,true,5.49,4.78,0.1082,5.46,4.75,5.09,5.1,4.43,6.16,17,6.51,5.85,,6.08,5.25,4.3
M23+,sbs,M,2026-10,4,2,false,false,5.66,4.91,0.1132,,,,5.37,4.76,6.38,12,6.63,5.62,13.7,5.96,4.93,4.7
M3,local,M,2026-04,4,2,false,false,6,5.13,0.1282,,,,5.29,4.58,,11,18.88,,,7.27,6.19,11.59
M3,local,M,2026-05,20,10,false,true,5.99,5.2,0.1134,5.87,5.16,5.32,5.33,4.62,7.18,16,18.56,,,7.3,6.23,12.92
M3,local,M,2026-06,19,7,false,false,6.14,5.36,0.1023,6.09,5.5,5.3,5.61,4.88,7.41,16,18.72,,,7.47,6.29,13.01
M3,local,M,2026-07,22,8,true,true,6.12,5.27,0.1176,6.11,5.29,5.4,5.56,4.85,7.23,17,18.37,,,7.51,6.51,14
M3,local,M,2026-08,21,10,true,true,6.16,5.34,0.1134,6.07,5.32,5.44,5.56,4.87,7.32,17,18.52,,,7.36,6.39,12.15
M3,local,M,2026-09,21,8,true,true,5.98,5.18,0.1138,5.84,5.1,5.24,5.37,4.65,7.24,17,18.5,18.76,,7.3,6.33,13.33
M3,local,M,2026-10,4,2,false,false,5.94,5.06,0.1241,,,,5.26,4.76,7.2,12,18.2,17.99,12.1,7.02,6.04,13.85
M31,local,M,2026-04,4,2,false,false,5.3,4.69,0.112,,,,5.09,4.59,,11,8.7,,,6.34,5.7,5.45
M31,local,M,2026-05,20,10,false,true,5.34,4.62,0.1179,5.14,4.53,4.77,4.89,4.25,6.34,16,8.97,,,6.34,5.5,5.36
M31,local,M,2026-06,19,7,false,false,5.36,4.57,0.1275,5.54,4.92,4.49,5.18,4.4,6.33,16,7.99,,,6.4,5.61,5.96
M31,local,M,2026-07,22,8,true,true,5.44,4.75,0.1084,5.2,4.62,4.86,5.07,4.43,6.51,17,8.53,,,6.67,5.86,5.53
M31,local,M,2026-08,21,10,true,true,5.62,4.93,0.1026,5.39,4.73,5,5.25,4.62,6.69,17,7.97,,,6.7,5.88,5.43
M31,local,M,2026-09,21,8,true,true,5.15,4.4,0.1332,5.1,4.4,4.42,4.62,3.9,6.26,17,8.79,8.9,,6.48,5.7,5.7
M31,local,M,2026-10,4,2,false,false,5.46,4.73,0.1022,,,,4.76,4.27,6.32,12,8.59,8.42,14,6.24,5.45,5.65
M34+,sbs,M,2026-04,4,2,false,false,5.8,4.99,0.1215,,,,5.58,4.86,,11,3.57,,,6.15,5.23,1.67
M34+,sbs,M,2026-05,20,10,false,true,5.73,4.8,0.1388,5.56,4.89,5.21,5.4,4.66,6.7,16,3.49,,,6.08,4.98,2.16
M34+,sbs,M,2026-06,19,7,false,false,5.09,4.35,0.136,5.49,5.07,4.87,4.32,3.6,5.51,16,3.59,,,6.29,4.79,1.95
M34+,sbs,M,2026-07,22,8,true,true,5.53,4.69,0.1296,5.54,4.75,5.21,5.22,4.46,6.06,17,3.42,,,6.06,4.9,2.1
M34+,sbs,M,2026-08,21,10,true,true,5.72,4.79,0.1426,5.72,4.93,5.35,5.42,4.58,6.2,17,3.21,,,6.03,5.1,2.14
M34+,sbs,M,2026-09,21,8,true,true,5.49,4.67,0.1318,5.42,4.68,5.1,5.18,4.48,6.27,17,3.38,3.47,,6.32,5.35,2.08
M34+,sbs,M,2026-10,4,2,false,false,5.57,4.65,0.1411,,,,5.28,4.53,6.43,12,3.67,3.19,14.8,5.76,5.08,2.54
M34A+,sbs,M,2026-04,4,2,false,false,5.62,4.7,0.1506,,,,5.41,4.51,,11,3.9,,,6.39,5.46,1.85
M34A+,sbs,M,2026-05,20,10,false,true,5.67,4.65,0.1582,5.62,4.76,5.08,5.53,4.59,6.4,16,4.31,,,6.22,4.96,2.18
M34A+,sbs,M,2026-06,19,7,false,false,5.01,4.01,0.2065,5.12,4.34,5.21,3.01,2.3,5.81,16,3.5,,,5.96,4.8,1.99
M34A+,sbs,M,2026-07,22,8,true,true,5.64,4.71,0.1487,5.65,4.88,5.16,5.37,4.48,6.25,17,4.18,,,6.43,5.1,2.34
M34A+,sbs,M,2026-08,21,10,true,true,5.87,4.91,0.1438,5.89,5.08,5.43,5.53,4.49,6.47,17,3.99,,,6.15,4.84,2.32
M34A+,sbs,M,2026-09,21,8,true,true,5.51,4.58,0.1499,5.51,4.72,4.98,5.26,4.37,6.18,17,4.4,3.81,,6.38,5.19,2.39
M34A+,sbs,M,2026-10,4,2,false,false,5.55,4.74,0.1247,,,,5.42,4.59,5.92,12,4.77,3.49,18.3,5.83,4.88,2.28
M35,local,M,2026-04,4,2,false,false,11.92,10.56,0.083,,,,11.86,10.48,,11,2.56,,,12.95,11.85,2.34
M35,local,M,2026-05,20,10,false,true,11.28,10.03,0.0925,10.66,9.54,10.95,10.58,9.21,12.47,16,2.31,,,12.06,10.91,2.21
M35,local,M,2026-06,19,7,false,false,11.46,10.49,0.0653,11.98,11.76,10.66,11.91,10.79,11.61,16,2.69,,,11.59,11.09,1.93
M35,local,M,2026-07,22,8,true,true,11.35,10.28,0.0832,11.42,10.44,10.68,11.11,10.01,11.92,17,2.32,,,12.26,11.12,2.47
M35,local,M,2026-08,21,10,true,true,11.9,10.77,0.0703,11.59,10.66,11.54,11.54,10.4,12.7,17,2.29,,,11.88,10.86,2.3
M35,local,M,2026-09,21,8,true,true,11.45,10.35,0.0723,11.12,9.95,11.33,9.84,8.79,12.85,17,2.36,2.21,,12.32,11.35,2.15
M35,local,M,2026-10,4,2,false,false,11.22,10.11,0.0874,,,,9.56,8.4,13.27,12,2.52,2.11,8.8,11.46,10.32,2.15
M4,local,M,2026-04,4,2,false,false,6.17,5.47,0.099,,,,5.87,5.19,,11,22.26,,,7.6,6.57,11.29
M4,local,M,2026-05,20,10,false,true,6.19,5.4,0.1113,5.97,5.3,5.52,5.72,4.93,7.35,16,21.66,,,7.69,6.69,11.19
M4,local,M,2026-06,19,7,false,false,6.41,5.6,0.1122,6.26,5.82,5.68,5.92,5.13,7.64,16,21.88,,,7.47,6.45,11.54
M4,local,M,2026-07,22,8,true,true,6.35,5.47,0.1175,6.26,5.49,5.61,5.89,5.1,7.49,17,22.33,,,7.74,6.8,12.59
M4,local,M,2026-08,21,10,true,true,6.43,5.55,0.1163,6.43,5.63,5.72,5.96,5.13,7.53,17,21.96,,,7.6,6.44,10.88
M4,local,M,2026-09,21,8,true,true,6.25,5.41,0.1127,6.12,5.38,5.49,5.68,4.9,7.55,17,22.05,22.77,,7.58,6.68,11.87
M4,local,M,2026-10,4,2,false,false,6.28,5.44,0.1195,,,,5.4,4.7,7.5,12,21.94,21.46,13.2,7.3,6.43,12.21
M42,local,M,2026-04,4,2,false,false,4.93,4.08,0.1605,,,,4.74,4.12,,11,6.37,,,6.07,4.86,3.42
M42,local,M,2026-05,20,10,false,true,4.98,4.18,0.1428,5.02,4.27,4.73,4.69,3.96,5.33,16,6.25,,,5.56,4.47,3.27
M42,local,M,2026-06,19,7,false,false,5.55,4.63,0.1498,5.37,4.56,5.5,5.4,4.63,5.62,16,5.61,,,5.75,4.51,2.73
M42,local,M,2026-07,22,8,true,true,5.22,4.37,0.1431,5.28,4.38,4.94,4.85,4.1,5.65,17,6.02,,,5.94,4.96,3.35
M42,local,M,2026-08,21,10,true,true,5.32,4.48,0.1384,5.36,4.51,5,4.93,4.15,5.9,17,5.96,,,5.69,4.62,3.13
M42,local,M,2026-09,21,8,true,true,5.07,4.19,0.1515,5.05,4.14,4.67,4.73,3.91,5.71,17,6.22,5.98,,5.73,4.64,3.28
M42,local,M,2026-10,4,2,false,false,5.32,4.45,0.1426,,,,4.82,4.08,5.87,12,6.38,5.5,17,5.48,4.86,3.35
M5,local,M,2026-04,4,2,false,false,7.33,6.42,0.0978,,,,6.41,5.63,,11,11.67,,,8.39,7.51,8.83
M5,local,M,2026-05,20,10,false,true,7.23,6.31,0.1093,7.52,6.64,6.67,6.34,5.52,8.09,16,11.53,,,8.21,7.07,8.92
M5,local,M,2026-06,19,7,false,false,7.4,6.36,0.1158,7.54,6.77,6.69,7.13,6.07,8.11,16,10.68,,,8.29,7.13,9.99
M5,local,M,2026-07,22,8,true,true,7.21,6.23,0.1141,7.56,6.63,6.78,6.49,5.65,7.7,17,11.53,,,8.24,7.1,9.22
M5,local,M,2026-08,21,10,true,true,7.46,6.47,0.1107,7.65,6.63,6.99,6.83,6,8.01,17,11.53,,,8.19,7.02,8.31
M5,local,M,2026-09,21,8,true,true,7.07,6.11,0.1145,7.28,6.33,6.55,6.3,5.46,7.84,17,11.52,11.47,,8.05,7.02,9.53
M5,local,M,2026-10,4,2,false,false,6.7,5.76,0.1143,,,,6.13,5.59,7.18,12,11.46,10.64,12,8.28,7.43,8.25
M50,local,M,2026-04,4,2,false,false,5.26,4.38,0.1303,,,,4.4,3.77,,11,3.37,,,6.9,5.76,1.67
M50,local,M,2026-05,20,10,false,true,5.23,4.3,0.1607,5.67,4.69,4.86,4.47,3.66,5.56,16,3.13,,,5.99,4.65,1.4
M50,local,M,2026-06,19,7,false,false,4.87,3.98,0.1832,5.08,4.18,4.35,3.57,2.47,6.02,16,3.08,,,6.37,5.09,1.43
M50,local,M,2026-07,22,8,true,true,5.14,4.19,0.1686,5.07,4.29,4.47,4.53,3.61,6.17,17,2.82,,,6.56,5.35,1.22
M50,local,M,2026-08,21,10,true,true,5.57,4.71,0.1336,5.41,4.58,5.08,4.99,4.21,6.47,17,2.84,,,6.45,5.16,1.35
M50,local,M,2026-09,21,8,true,true,5.12,4.11,0.1784,5.02,4.13,4.37,4.41,3.62,6.4,17,2.71,2.89,,6.15,5.11,1.46
M50,local,M,2026-10,4,2,false,false,5.43,4.62,0.1336,,,,4.6,3.97,6.17,12,2.9,2.76,12.7,6.66,5.49,1.29
M55,local,M,2026-04,4,2,false,false,5.87,5,0.1448,,,,5.14,4.6,,11,4.41,,,8.22,7.04,3.89
M55,local,M,2026-05,20,10,false,true,6.36,5.55,0.1168,6.41,5.89,5.32,5.41,4.6,7.69,16,4.45,,,8.08,6.84,3.58
M55,local,M,2026-06,19,7,false,false,6.62,5.79,0.1069,6.65,6.19,5.26,6.24,5.47,7.98,16,4.17,,,7.83,6.99,3.98
M55,local,M,2026-07,22,8,true,true,6.54,5.74,0.1012,6.5,5.71,5.61,5.79,5.06,7.68,17,4.39,,,8.06,7.04,3.91
M55,local,M,2026-08,21,10,true,true,6.76,5.84,0.1169,6.92,5.88,5.73,5.92,5.21,7.88,17,4.18,,,7.94,6.58,3.63
M55,local,M,2026-09,21,8,true,true,6.23,5.32,0.1277,6.39,5.44,5.11,5.32,4.51,7.43,17,4.14,4.8,,7.72,6.57,3.91
M55,local,M,2026-10,4,2,false,false,5.94,5.27,0.106,,,,4.93,4.53,7.63,12,4.1,4.68,8.9,8.49,7.16,3.49
M57,local,M,2026-04,4,2,false,false,5.35,4.59,0.1148,,,,4.99,4.11,,11,5.2,,,6.11,5.58,3.27
M57,local,M,2026-05,20,10,false,true,5.1,4.4,0.1147,4.93,4.29,4.65,4.74,4.07,5.84,16,5.29,,,6,5.16,3.41
M57,local,M,2026-06,19,7,false,false,5.08,4.33,0.1274,5.34,4.51,4.59,4.53,3.9,5.69,16,5.13,,,5.8,5.11,3.73
M57,local,M,2026-07,22,8,true,true,5.21,4.51,0.1178,5.4,4.72,4.76,4.85,4.15,5.69,17,5.09,,,6.06,5.35,3.22
M57,local,M,2026-08,21,10,true,true,5.47,4.72,0.1142,5.47,4.79,4.98,5.06,4.42,6.2,17,4.9,,,5.98,5.21,3.14
M57,local,M,2026-09,21,8,true,true,4.92,4.16,0.1384,4.9,4.18,4.37,4.38,3.69,5.78,17,5.65,5.43,,6.04,5.31,3.47
M57,local,M,2026-10,4,2,false,false,5.01,4.32,0.1127,,,,4.54,4.05,5.3,12,5.81,5.19,16.9,6.17,5,3.41
M60+,sbs,M,2026-04,4,2,false,false,10.82,9.98,0.0602,,,,9.52,8.68,,11,10.76,,,11.96,10.95,9.6
M60+,sbs,M,2026-05,20,10,false,true,10.29,9.4,0.0745,9.72,8.95,9.68,9.43,8.45,11.94,16,10.98,,,11.51,10.36,9.3
M60+,sbs,M,2026-06,19,7,false,false,9.82,8.96,0.0705,9.96,9.07,8.81,9.97,9.18,10.81,16,11.86,,,11.72,10.54,8.64
M60+,sbs,M,2026-07,22,8,true,true,10.57,9.6,0.0732,10.1,9.24,10.23,9.62,8.68,11.76,17,10.99,,,11.95,10.9,9.25
M60+,sbs,M,2026-08,21,10,true,true,10.69,9.73,0.0723,10.38,9.49,10.24,9.98,8.91,11.84,17,10.44,,,11.71,10.58,8.66
M60+,sbs,M,2026-09,21,8,true,true,10.47,9.49,0.0735,9.71,8.74,10.1,9.72,8.77,11.81,17,10.95,11.92,,11.77,10.66,9.02
M60+,sbs,M,2026-10,4,2,false,false,10.31,9.34,0.08,,,,9.03,8.04,11.82,12,11.61,11.79,,12.16,11.01,9.89
M66,local,M,2026-04,4,2,false,false,5.89,4.77,0.1795,,,,5.55,4.69,,11,5.86,,,6.43,5.27,2.3
M66,local,M,2026-05,20,10,false,true,5.95,4.82,0.1678,5.62,4.52,5.27,5.6,4.62,7.13,16,5.82,,,7.3,5.73,2.65
M66,local,M,2026-06,19,7,false,false,6.14,4.9,0.173,6.31,5.17,5.09,6.25,5.11,7.12,16,5.36,,,7.14,5.59,2.92
M66,local,M,2026-07,22,8,true,true,6.01,4.79,0.1799,5.82,4.75,5.43,5.67,4.59,7.13,17,5.08,,,7.53,6.19,2.69
M66,local,M,2026-08,21,10,true,true,6.35,5.18,0.1656,6.17,5.06,5.57,6.17,5.08,7.54,17,5.21,,,7.6,6.23,2.47
M66,local,M,2026-09,21,8,true,true,5.72,4.62,0.1674,5.48,4.45,4.99,5.34,4.4,6.63,17,5.96,5.38,,7.2,5.71,2.6
M66,local,M,2026-10,4,2,false,false,6.04,5.09,0.1545,,,,5.14,4.31,6.94,12,5.95,5.26,16,6.39,5.38,2.67
M7,local,M,2026-04,4,2,false,false,5.69,5.04,0.0987,,,,5.06,4.48,,11,13.74,,,7.13,6,10.18
M7,local,M,2026-05,20,10,false,true,5.91,5.16,0.1061,5.79,5.18,5.34,5.14,4.49,6.75,16,13.56,,,6.83,5.93,10.64
M7,local,M,2026-06,19,7,false,false,6.01,5.21,0.1139,6.11,5.39,5.33,5.34,4.75,6.78,16,12.86,,,6.7,5.75,11.99
M7,local,M,2026-07,22,8,true,true,5.89,5.16,0.1028,6.04,5.4,5.36,5.29,4.61,6.49,17,13.32,,,6.95,6.04,11.2
M7,local,M,2026-08,21,10,true,true,6.17,5.38,0.1062,6.26,5.5,5.52,5.52,4.81,6.82,17,12.98,,,6.89,5.92,10.5
M7,local,M,2026-09,21,8,true,true,5.93,5.19,0.102,5.89,5.25,5.22,5.24,4.57,6.86,17,13.15,14.05,,6.87,6,11.4
M7,local,M,2026-10,4,2,false,false,6.1,5.38,0.0921,,,,5.19,4.66,7.09,12,13.16,13.75,14.1,6.71,5.96,9.92
M72,local,M,2026-04,4,2,false,false,6.26,5.23,0.1343,,,,5.84,4.97,,11,4.72,,,6.69,5.52,2.24
M72,local,M,2026-05,20,10,false,true,6.18,5.14,0.1485,6.01,4.93,5.5,5.69,4.74,7.09,16,4.84,,,6.96,5.61,2.41
M72,local,M,2026-06,19,7,false,false,6.27,5.1,0.1725,5.81,4.41,5.62,5.56,4.51,7.51,16,4.8,,,6.76,5.34,2.59
M72,local,M,2026-07,22,8,true,true,6.39,5.31,0.1511,6.3,5.37,5.66,5.98,5.05,7.1,17,4.69,,,7.13,5.79,2.64
M72,local,M,2026-08,21,10,true,true,6.3,5.26,0.144,6.28,5.32,5.7,6.04,5.03,6.92,17,4.65,,,7.33,6.05,2.56
M72,local,M,2026-09,21,8,true,true,6.1,5.14,0.1353,5.93,5.06,5.37,5.5,4.75,7.24,17,4.85,4.59,,6.84,5.74,2.83
M72,local,M,2026-10,4,2,false,false,6.42,5.36,0.1571,,,,5.17,4.23,7.42,12,4.68,4.28,10.3,6.3,5.16,3.38
M79+,sbs,M,2026-04,4,2,false,false,6.71,5.53,0.1596,,,,6.74,5.88,,11,6.88,,,6.78,5.39,4.5
M79+,sbs,M,2026-05,20,10,false,true,6.37,5.33,0.1418,5.95,4.96,6.01,5.84,4.91,7.33,16,7.42,,,6.98,5.7,4.38
M79+,sbs,M,2026-06,19,7,false,false,6.72,5.52,0.1582,6.79,5.21,6.15,6.19,5.22,7.63,16,6.82,,,7.06,5.5,4.63
M79+,sbs,M,2026-07,22,8,true,true,6.57,5.49,0.1374,6.62,5.44,6.17,6.23,5.32,7.17,17,6.78,,,7.12,5.93,4.26
M79+,sbs,M,2026-08,21,10,true,true,6.71,5.69,0.1303,6.67,5.66,6.16,6.35,5.38,7.58,17,6.51,,,7.2,6.01,4.36
M79+,sbs,M,2026-09,21,8,true,true,6.31,5.35,0.1261,6.09,5.15,5.96,5.8,4.98,7.06,17,7.42,7.66,,6.81,5.73,4.3
M79+,sbs,M,2026-10,4,2,false,false,6.6,5.54,0.1292,,,,6.14,5.4,7.02,12,7.22,7.24,14.4,6.32,5.28,4.66
M8,local,M,2026-04,4,2,false,false,5.76,5.1,0.0848,,,,5.54,5.21,,11,2.23,,,5.98,5.27,1.23
M8,local,M,2026-05,20,10,false,true,5.77,4.95,0.1244,6.02,5.43,5.25,5.48,4.78,6.31,16,2.26,,,5.78,4.43,1.42
M8,local,M,2026-06,19,7,false,false,5.94,5.09,0.1342,5.65,4.98,6.07,5.47,4.73,6.05,16,2.3,,,5.83,4.64,1.12
M8,local,M,2026-07,22,8,true,true,6.05,5.08,0.1323,6.21,5.4,5.84,5.53,4.85,6.21,17,2.18,,,6.12,5.09,1.38
M8,local,M,2026-08,21,10,true,true,5.87,5.03,0.1289,6.18,5.33,5.54,5.51,4.81,6.17,17,2.16,,,5.96,4.6,1.23
M8,local,M,2026-09,21,8,true,true,5.67,4.83,0.1282,6.01,5.31,5.38,5.43,4.76,5.78,17,2.3,2.26,,5.79,4.81,1.26
M8,local,M,2026-10,4,2,false,false,5.9,5.23,0.0976,,,,5.25,4.57,5.8,12,2.33,2.16,6.8,5.87,4.92,1.14
M86+,sbs,M,2026-04,4,2,false,false,6.22,5.35,0.1218,,,,6.22,5.32,,11,8.37,,,6.13,5.09,4.87
M86+,sbs,M,2026-05,20,10,false,true,6.09,5.12,0.1393,5.79,4.82,5.8,5.67,4.83,6.75,16,8.74,,,6.83,5.63,5.41
M86+,sbs,M,2026-06,19,7,false,false,6.53,5.46,0.1438,6.42,5.38,6.17,6.3,5.19,6.99,16,8.31,,,6.9,5.65,4.96
M86+,sbs,M,2026-07,22,8,true,true,6.49,5.55,0.1235,6.42,5.49,6.19,6.06,5.21,7.11,17,8.18,,,7.31,6,4.99
M86+,sbs,M,2026-08,21,10,true,true,6.47,5.54,0.1232,6.47,5.57,6.11,6.19,5.31,6.92,17,8.12,,,7.23,6,5.1
M86+,sbs,M,2026-09,21,8,true,true,6.14,5.24,0.1264,6.1,5.17,5.71,5.67,4.89,6.8,17,8.52,8.03,,7.02,5.88,5.25
M86+,sbs,M,2026-10,4,2,false,false,6.1,5.19,0.1338,,,,5.77,4.99,6.29,12,8.73,7.68,22.2,6.78,5.8,5.34
M9,local,M,2026-04,4,2,false,false,6.6,5.85,0.0945,,,,6.11,5.28,,11,6.5,,,7.14,6.17,3.69
M9,local,M,2026-05,20,10,false,true,6.31,5.59,0.0986,6.14,5.49,5.86,5.65,4.91,7.31,16,6.66,,,6.9,5.95,3.68
M9,local,M,2026-06,19,7,false,false,6.67,5.77,0.11,6.7,5.7,6.27,6.34,5.51,7.22,16,6.52,,,7,6.21,4.01
M9,local,M,2026-07,22,8,true,true,6.3,5.54,0.0968,6.38,5.59,5.9,5.79,5.12,6.91,17,6.65,,,6.91,6.01,3.75
M9,local,M,2026-08,21,10,true,true,6.46,5.73,0.0925,6.52,5.74,6.15,5.99,5.35,7.01,17,6.24,,,6.93,6.07,3.59
M9,local,M,2026-09,21,8,true,true,6.18,5.41,0.1003,6.09,5.28,5.7,5.5,4.83,7.18,17,6.79,6.79,,6.89,6.04,3.75
M9,local,M,2026-10,4,2,false,false,6.38,5.7,0.0861,,,,5.71,5.01,7.34,12,6.34,6.11,15.5,6.4,5.67,4.47
M90,shuttle,M,2026-05,0,2,false,false,,,,,,,,,,,,,,7.63,6.04,0.76
M96,local,M,2026-04,4,2,false,false,5.79,4.85,0.1479,,,,5.69,5.04,,11,8.59,,,6.4,5.13,3.86
M96,local,M,2026-05,20,10,false,true,5.69,4.6,0.17,5.34,4.38,5.38,5.39,4.42,6.45,16,8.21,,,6.29,5,3.84
M96,local,M,2026-06,19,7,false,false,6.02,4.88,0.1623,6.4,5.24,5.3,6.12,5.07,6.51,16,7.52,,,6.44,5.18,3.64
M96,local,M,2026-07,22,8,true,true,6.05,4.92,0.1618,5.88,4.8,5.77,5.84,4.81,6.47,17,8,,,6.97,5.54,3.63
M96,local,M,2026-08,21,10,true,true,6.18,5.03,0.1618,6,4.87,5.87,5.83,4.75,6.84,17,7.84,,,6.65,5.27,3.69
M96,local,M,2026-09,21,8,true,true,5.87,4.85,0.1503,5.6,4.63,5.59,5.43,4.59,6.66,17,8.18,7.97,,6.48,5.03,3.88
M96,local,M,2026-10,4,2,false,false,6.12,4.95,0.169,,,,5.72,4.78,7.32,12,8.19,7.47,14.6,6.44,5.14,3.67
M98,limited,M,2026-04,4,0,false,false,11.2,9.9,0.1105,,,,7.72,7.21,,7,2,,,,,
M98,limited,M,2026-05,20,0,false,false,9.65,8.08,0.1516,9.31,8.27,9.8,8.03,7.46,,11,2.29,,,,,
M98,limited,M,2026-06,3,0,false,false,10.18,8.95,0.1307,11.4,10.66,5,8.62,7.91,,10,2.12,,,,,
M98,limited,M,2026-07,22,0,true,false,9.04,7.59,0.1525,9.47,8.64,8.7,7.91,7.33,9.29,12,2.18,,,,,
M98,limited,M,2026-08,21,0,true,false,10.18,8.65,0.1429,10.5,9.5,9.84,9.13,8.45,,12,2.04,,,,,
M98,limited,M,2026-09,21,0,true,false,9.85,7.5,0.2229,10.12,9.21,9.72,8.44,7.79,12.43,12,2.16,2.31,,,,
M98,limited,M,2026-10,3,0,false,false,9.78,8.38,0.1603,,,,8.84,8.18,,7,2.06,2.25,14,,,
Q06,local,Q,2026-04,4,2,false,false,8.17,7.28,0.0909,,,,7.71,6.67,,11,12.74,,,9.4,8.44,5.96
Q06,local,Q,2026-05,20,10,false,true,7.96,7.06,0.0973,7.67,6.81,7.78,7.21,6.28,8.66,16,12.78,,,9.18,8.13,6.55
Q06,local,Q,2026-06,19,7,false,false,8.18,7.34,0.093,8.42,7.42,7.55,7.49,6.61,9.13,16,12.92,,,8.85,7.84,6.34
Q06,local,Q,2026-07,22,8,true,true,8.17,7.27,0.0929,8.26,7.44,7.85,7.3,6.35,8.94,17,12.39,,,9.12,8.11,6.61
Q06,local,Q,2026-08,21,10,true,true,8.36,7.45,0.0883,8.49,7.61,7.97,7.56,6.66,9.03,17,12.3,,,9.12,8.09,6.64
Q06,local,Q,2026-09,21,8,true,true,7.99,7.09,0.0922,7.58,6.7,7.7,7.37,6.5,8.87,17,12.68,12.45,,9.22,8.25,6.62
Q06,local,Q,2026-10,4,2,false,false,7.88,6.83,0.1201,,,,6.43,5.52,9.39,12,12.66,12.45,18.9,9.06,8.1,6.77
Q07,local,Q,2026-04,4,2,false,false,8.43,7.52,0.0814,,,,7.64,6.92,,11,6.34,,,9.07,7.93,3.88
Q07,local,Q,2026-05,20,10,false,true,8.23,7.28,0.0933,7.8,6.85,8.17,7.79,6.99,8.78,16,6.05,,,8.78,7.68,3.76
Q07,local,Q,2026-06,19,7,false,false,8.65,7.53,0.0916,8.3,7.49,8.8,8.03,6.99,8.98,16,5.05,,,9.04,7.72,3.76
Q07,local,Q,2026-07,22,8,true,true,8.48,7.61,0.0853,8.61,7.74,8.34,7.91,7.11,8.91,17,5.45,,,8.75,7.79,3.83
Q07,local,Q,2026-08,21,10,true,true,8.51,7.6,0.0842,8.74,7.82,8.44,8.02,7.17,8.57,17,5.61,,,8.81,7.8,3.74
Q07,local,Q,2026-09,21,8,true,true,8.39,7.46,0.0858,8.38,7.44,8.17,7.88,7.05,8.9,17,6.27,5.99,,8.99,7.99,3.7
Q07,local,Q,2026-10,4,2,false,false,8.57,7.57,0.0809,,,,7.39,6.68,9.29,12,5.85,5.89,13.1,9.18,7.88,3.66
Q08,local,Q,2026-04,4,2,false,false,7.75,7.05,0.0742,,,,7.15,6.45,,11,14.22,,,8.49,7.91,6.97
Q08,local,Q,2026-05,20,10,false,true,7.41,6.63,0.0885,7.27,6.53,7.18,6.92,6.16,8.04,16,14.09,,,8.08,7.34,7.61
Q08,local,Q,2026-06,19,7,false,false,7.64,6.88,0.0789,7.44,6.7,7.27,7.5,6.65,8.25,16,13.86,,,7.85,7.2,7.91
Q08,local,Q,2026-07,22,8,true,true,7.58,6.85,0.0797,7.53,6.81,7.35,6.86,6.09,8.4,17,13.92,,,8.19,7.48,8.02
Q08,local,Q,2026-08,21,10,true,true,7.52,6.8,0.079,7.59,6.87,7.34,6.8,6.06,8.03,17,14.03,,,8.12,7.34,7.65
Q08,local,Q,2026-09,21,8,true,true,7.41,6.7,0.0789,7.09,6.33,7.16,6.86,6.16,8.26,17,14.49,14.04,,8.28,7.54,7.72
Q08,local,Q,2026-10,4,2,false,false,7.59,6.78,0.0898,,,,6.38,5.7,8.73,12,14.22,13.54,19.8,8.17,7.44,8.08
Q09,local,Q,2026-04,4,2,false,false,7.67,6.79,0.0955,,,,7.26,6.15,,11,4.14,,,8.7,8.05,1.96
Q09,local,Q,2026-05,20,10,false,true,7.29,6.44,0.1018,6.86,5.95,7.2,6.9,5.9,7.8,16,4.24,,,8.53,7.56,2.25
Q09,local,Q,2026-06,19,7,false,false,7.83,6.99,0.0914,7.41,6.97,7.89,7.25,6.37,8.23,16,3.83,,,8.65,7.76,2.16
Q09,local,Q,2026-07,22,8,true,true,7.47,6.54,0.1066,7.3,6.38,7.53,6.83,5.85,7.74,17,3.94,,,8.4,7.4,2.23
Q09,local,Q,2026-08,21,10,true,true,7.58,6.68,0.0963,7.58,6.68,7.48,6.87,5.91,7.9,17,3.86,,,8.42,7.48,2.14
Q09,local,Q,2026-09,21,8,true,true,7.52,6.56,0.1069,6.8,5.82,7.59,6.87,5.93,8.32,17,4.09,4.18,,8.76,7.78,2.21
Q09,local,Q,2026-10,4,2,false,false,7.74,6.93,0.0936,,,,6.12,5,9.04,12,3.99,4.09,16.7,9.69,8.34,2.25
Q1,local,Q,2026-04,4,2,false,false,9.23,8.42,0.0757,,,,8.81,8.24,,11,6.13,,,10.29,9.13,3.8
Q1,local,Q,2026-05,20,10,false,true,9.41,8.46,0.0877,9.11,8.24,8.77,9.08,8.23,10.67,16,6.26,,,10.13,9.02,4.21
Q1,local,Q,2026-06,19,7,false,false,9.73,8.5,0.1065,9.37,7.99,9.19,9.94,8.52,10.49,16,5.68,,,10.01,9,4.54
Q1,local,Q,2026-07,22,8,true,true,9.51,8.55,0.0864,9.37,8.25,9.14,9.37,8.51,10.09,17,6.06,,,10.14,9.02,4.16
Q1,local,Q,2026-08,21,10,true,true,9.56,8.61,0.0823,9.54,8.45,9.25,9.27,8.37,10.08,17,6.04,,,10.08,9.06,4.18
Q1,local,Q,2026-09,21,8,true,true,9.27,8.3,0.0898,9.06,8.07,8.84,9.01,8.16,10.07,17,6.22,6.08,,10.09,9.05,4.23
Q1,local,Q,2026-10,4,2,false,false,9.59,8.8,0.0777,,,,9.08,8.28,10.75,12,6.02,5.88,12.9,9.43,8.52,4.6
Q10,local,Q,2026-04,4,2,false,false,8.65,7.88,0.0744,,,,8.61,7.89,,11,8.41,,,9.35,8.48,6.16
Q10,local,Q,2026-05,20,10,false,true,8.6,7.73,0.082,8.05,7.27,8.47,8.36,7.53,9.32,16,8.54,,,9.41,8.48,6.33
Q10,local,Q,2026-06,19,7,false,false,8.73,7.9,0.077,8.21,7.32,8.92,8.21,7.53,9.14,16,7.76,,,9.5,8.62,6.61
Q10,local,Q,2026-07,22,8,true,true,8.64,7.83,0.0747,8.6,7.74,8.47,8.18,7.39,9.16,17,8.28,,,9.55,8.62,6.48
Q10,local,Q,2026-08,21,10,true,true,8.76,7.93,0.0747,8.77,7.95,8.62,8.13,7.44,9.4,17,8.28,,,9.22,8.33,6.35
Q10,local,Q,2026-09,21,8,true,true,8.5,7.67,0.0769,8.17,7.3,8.29,8,7.31,9.32,17,8.62,9.1,,9.14,8.23,6.73
Q10,local,Q,2026-10,4,2,false,false,8.63,7.78,0.0829,,,,7.94,7.02,9.73,12,8.51,8.87,19.2,9.18,8.32,6.66
Q100,limited,Q,2026-04,4,2,false,false,11.25,10.36,0.0765,,,,12.19,11.73,,11,3.96,,,12.36,11.75,3.69
Q100,limited,Q,2026-05,20,10,false,true,11.29,10.37,0.0757,10.95,10.08,11.28,11.23,10.22,11.56,16,3.87,,,12.32,11.43,3.87
Q100,limited,Q,2026-06,19,7,false,false,11.46,10.36,0.0684,11.89,10.49,10.9,11.74,10.84,11.71,16,3.82,,,11.27,10.13,4.47
Q100,limited,Q,2026-07,22,8,true,true,11.47,10.56,0.0655,11.33,10.38,11.34,11.34,10.52,11.78,17,3.8,,,12.03,11.04,3.9
Q100,limited,Q,2026-08,21,10,true,true,11.6,10.78,0.0531,11.65,10.8,11.42,11.1,10.53,12.1,17,3.86,,,12.2,11.24,4.03
Q100,limited,Q,2026-09,21,8,true,true,11.34,10.39,0.0656,11.2,10.27,11.2,11.07,10.16,11.86,17,3.84,3.73,,12.14,11.2,4.16
Q100,limited,Q,2026-10,4,2,false,false,11.77,11.02,0.0606,,,,11.24,10.6,12.33,12,3.96,3.49,13.8,13.93,13.6,3.78
Q101,local,Q,2026-04,4,2,false,false,7.04,6.26,0.1094,,,,6.93,6.18,,11,4.7,,,7.99,6.87,2.55
Q101,local,Q,2026-05,20,10,false,true,7.1,6.25,0.0978,6.78,5.96,6.84,6.66,5.85,7.76,16,4.84,,,7.62,6.68,2.75
Q101,local,Q,2026-06,19,7,false,false,7.08,6.19,0.1085,6.93,6,6.78,6.86,6.15,7.53,16,4.95,,,7.63,6.66,2.27
Q101,local,Q,2026-07,22,8,true,true,7.05,6.25,0.0979,7.27,6.37,6.69,6.58,5.81,7.51,17,4.77,,,7.78,6.79,2.75
Q101,local,Q,2026-08,21,10,true,true,7.17,6.3,0.1013,7.22,6.35,6.84,6.72,5.99,7.61,17,4.8,,,7.72,6.82,2.62
Q101,local,Q,2026-09,21,8,true,true,7.11,6.34,0.09,6.95,6.14,6.73,6.58,5.87,7.95,17,4.8,4.8,,7.8,6.85,2.66
Q101,local,Q,2026-10,4,2,false,false,7.35,6.65,0.0772,,,,7.14,6.45,7.98,12,4.96,4.74,10.5,7.35,6.67,2.6
Q102,local,Q,2026-04,4,2,false,false,7.37,6.63,0.102,,,,7.34,6.73,,11,2.15,,,7.51,6.67,1.66
Q102,local,Q,2026-05,20,10,false,true,7.26,6.36,0.1067,7.28,6.5,6.86,7.08,6,7.73,16,2.31,,,7.83,6.75,1.8
Q102,local,Q,2026-06,19,7,false,false,7.04,6.16,0.1,6.63,5.55,7.01,6.37,5.85,7.62,16,2.52,,,7.92,6.88,1.72
Q102,local,Q,2026-07,22,8,true,true,7.17,6.34,0.0988,7.33,6.43,6.92,6.66,5.98,7.5,17,2.27,,,7.77,6.58,1.76
Q102,local,Q,2026-08,21,10,true,true,7.17,6.34,0.0964,7.3,6.52,6.91,6.73,5.84,7.51,17,2.21,,,8.08,7.17,1.72
Q102,local,Q,2026-09,21,8,true,true,7.15,6.26,0.1041,7.15,6.26,6.79,6.63,5.91,7.76,17,2.35,2.34,,8.24,7.34,1.75
Q102,local,Q,2026-10,4,2,false,false,7.34,6.39,0.1255,,,,7.29,6.5,8.01,12,2.13,2.24,7.2,8.48,6.21,1.86
Q103,local,Q,2026-04,4,2,false,false,7.44,6.88,0.0644,,,,6.77,6.46,,10,2.39,,,8.53,7.9,1.33
Q103,local,Q,2026-05,20,10,false,true,7.71,7.01,0.0839,7.95,7.23,7.42,7.45,6.84,,15,2.31,,,8.32,7.3,1.29
Q103,local,Q,2026-06,10,7,false,false,7.73,7.24,0.0717,7.52,6.57,7.33,7.7,7.11,,15,2.22,,,7.95,6.53,1.35
Q103,local,Q,2026-07,22,8,true,true,7.88,7.18,0.0784,7.73,7.04,7.67,7.6,6.92,8.42,17,2.36,,,8.18,7.22,1.3
Q103,local,Q,2026-08,21,10,true,true,7.81,7.08,0.0773,7.83,7.18,7.45,7.47,6.82,,16,2.34,,,8.49,7.46,1.44
Q103,local,Q,2026-09,21,8,true,true,7.44,6.76,0.0755,7.52,6.9,7.35,7.16,6.33,,16,2.43,2.58,,8.52,7.66,1.51
Q103,local,Q,2026-10,4,2,false,false,7.89,7.1,0.09,,,,7.3,6.6,,11,2.27,2.4,14.7,8.79,7.81,1.29
Q104,local,Q,2026-04,4,2,false,false,6.83,5.76,0.139,,,,5.76,4.94,,11,1.8,,,6.51,5.81,1.43
Q104,local,Q,2026-05,20,10,false,true,6.74,5.89,0.1104,7.09,6.14,6.33,6.1,5.43,7.2,16,1.91,,,7.22,6.35,1.4
Q104,local,Q,2026-06,19,7,false,false,6.41,5.75,0.0929,7.5,6.59,5.57,5.95,5.23,6.83,16,2.18,,,6.98,6.05,1.35
Q104,local,Q,2026-07,22,8,true,true,7.04,6.14,0.1037,7.05,6.21,6.74,6.37,5.69,7.7,17,1.99,,,7.22,6.44,1.33
Q104,local,Q,2026-08,21,10,true,true,7.1,6.23,0.1077,7.34,6.55,6.71,6.31,5.5,7.77,17,1.99,,,7.37,6.39,1.35
Q104,local,Q,2026-09,21,8,true,true,6.71,5.78,0.1112,6.74,6.02,6.23,5.93,5.32,7.65,17,2.05,1.99,,7.16,6.18,1.39
Q104,local,Q,2026-10,4,2,false,false,6,4.82,0.1815,,,,5.52,4.19,6.05,12,2.09,1.96,11.3,7.17,6.18,1.56
Q11,local,Q,2026-04,4,2,false,false,10.72,9.31,0.0994,,,,9.67,8.29,,11,8.46,,,11.82,10.55,5.51
Q11,local,Q,2026-05,20,10,false,true,10.47,9.08,0.1098,9.64,8.16,10.36,9.7,8.45,11.61,16,8.39,,,11.56,10.23,5.5
Q11,local,Q,2026-06,19,7,false,false,10.78,9.41,0.0969,11.01,9.72,10.59,9.83,8.61,11.41,16,7.21,,,11.36,9.65,5.53
Q11,local,Q,2026-07,22,8,true,true,10.52,9.15,0.1065,10.49,8.88,10.37,9.76,8.51,11.14,17,7.39,,,11.57,10.3,5.52
Q11,local,Q,2026-08,21,10,true,true,10.61,9.24,0.1061,10.68,9.31,10.39,9.92,8.55,11.16,17,7.25,,,11.3,10.03,5.32
Q11,local,Q,2026-09,21,8,true,true,10.27,9,0.1013,9.91,8.64,10.13,9.53,8.26,11.14,17,7.97,7.36,,11.37,9.91,5.47
Q11,local,Q,2026-10,4,2,false,false,10.06,8.64,0.1241,,,,9.61,8.24,11.01,12,7.9,7.51,12.3,12.18,10.32,5.35
Q110,local,Q,2026-04,4,2,false,false,8.85,7.79,0.1048,,,,8.31,7.46,,11,7.92,,,9.62,8.6,4.4
Q110,local,Q,2026-05,20,10,false,true,8.91,7.81,0.1082,8.72,7.61,8.55,8.55,7.55,9.64,16,8.64,,,9.44,8.26,5.13
Q110,local,Q,2026-06,19,7,false,false,9.04,7.95,0.1015,9.42,8.2,8.69,8.33,7.27,9.57,16,8.28,,,9.16,7.85,5.49
Q110,local,Q,2026-07,22,8,true,true,8.99,7.88,0.1062,8.94,7.77,8.61,8.72,7.64,9.48,17,8.33,,,9.43,8.14,5.26
Q110,local,Q,2026-08,21,10,true,true,9.13,7.97,0.1074,9.35,8.05,8.79,8.7,7.66,9.55,17,8.25,,,9.44,8.23,4.81
Q110,local,Q,2026-09,21,8,true,true,8.93,7.76,0.1122,8.78,7.58,8.5,8.53,7.57,9.7,17,8.65,8.65,,9.51,8.24,5.15
Q110,local,Q,2026-10,4,2,false,false,8.59,7.17,0.1408,,,,8.08,6.91,9.73,12,8.71,8.28,15.2,9.53,8.43,5.75
Q111,local,Q,2026-04,4,2,false,false,9.3,8.18,0.109,,,,8.76,7.39,,11,7.45,,,10.49,9,4.68
Q111,local,Q,2026-05,20,10,false,true,9.21,7.98,0.122,8.68,7.39,9.04,8.69,7.58,9.99,16,7.63,,,10.17,9.04,5.13
Q111,local,Q,2026-06,19,7,false,false,9.45,8.36,0.1009,9.22,8.33,9.13,8.84,7.69,10.32,16,6.99,,,10.12,8.42,5.38
Q111,local,Q,2026-07,22,8,true,true,9.39,8.17,0.1117,9.18,7.93,9.1,8.94,7.85,10.06,17,7.24,,,10.33,9.07,5.26
Q111,local,Q,2026-08,21,10,true,true,9.33,8.11,0.1197,9.28,8.08,9.1,8.77,7.63,9.82,17,7.38,,,10.24,9.02,5.33
Q111,local,Q,2026-09,21,8,true,true,9.02,8.08,0.0907,8.3,7.33,8.93,8.45,7.61,9.89,17,7.71,6.86,,10.44,9.48,5.13
Q111,local,Q,2026-10,4,2,false,false,9.12,8.26,0.0783,,,,8.19,7.56,10.11,12,7.93,6.8,29.6,10.35,9.68,5.23
Q112,local,Q,2026-04,4,2,false,false,6.85,6.1,0.0938,,,,6.38,5.67,,11,7.37,,,7.31,6.53,5.05
Q112,local,Q,2026-05,20,10,false,true,6.85,6.18,0.0843,7.08,6.43,6.59,6.53,5.88,7.12,16,8.36,,,7.15,6.35,5.29
Q112,local,Q,2026-06,19,7,false,false,7.1,6.26,0.0986,7.82,7.01,6.64,6.41,5.76,7.54,16,8.16,,,6.98,6.34,5.62
Q112,local,Q,2026-07,22,8,true,true,6.96,6.27,0.0818,7.34,6.64,6.69,6.45,5.8,7.26,17,8.31,,,7.12,6.47,5.29
Q112,local,Q,2026-08,21,10,true,true,7.13,6.47,0.0766,7.54,6.85,6.69,6.54,5.9,7.63,17,8.13,,,7.18,6.52,4.98
Q112,local,Q,2026-09,21,8,true,true,6.89,6.21,0.0778,7.1,6.37,6.52,6.31,5.72,7.6,17,8.37,8.25,,7.21,6.51,5.19
Q112,local,Q,2026-10,4,2,false,false,7.04,6.33,0.0749,,,,6.43,5.88,7.82,12,8.56,7.97,12.9,6.69,6.04,5.47
Q113,limited,Q,2026-04,4,2,false,false,10.58,9.58,0.0864,,,,9.91,8.82,,10,5.19,,,11.75,10.56,2.25
Q113,limited,Q,2026-05,20,10,false,true,10.79,9.3,0.1264,10.55,8.76,10.57,9.78,8.28,,15,5.7,,,11.66,10.29,3.05
Q113,limited,Q,2026-06,10,5,false,false,10.77,9.48,0.1078,12.43,10.13,9.73,8.88,7.95,,15,4.88,,,11.81,10.32,2.64
Q113,limited,Q,2026-07,22,8,true,true,11.1,9.82,0.1057,11.11,9.82,10.39,10.18,8.68,12.38,17,5.48,,,12.45,11.1,3.02
Q113,limited,Q,2026-08,21,10,true,true,11.22,9.92,0.0987,10.99,9.66,10.78,9.75,8.55,12.83,17,5.33,,,12.07,10.82,2.96
Q113,limited,Q,2026-09,21,8,true,true,10.67,9.63,0.085,10.12,9.01,10.34,9.46,8.47,12.14,17,5.5,5.41,,12.06,11,4.04
Q113,limited,Q,2026-10,4,2,false,false,10.38,9.25,0.0879,,,,9.49,8.56,11.77,12,5.72,5.48,23.5,13.1,11.89,4.82
Q114,local,Q,2026-04,4,2,false,false,10.19,8.75,0.13,,,,8.84,7.51,,11,6.98,,,11.45,10.22,8.32
Q114,local,Q,2026-05,20,10,false,true,10.24,8.74,0.1297,9.79,7.96,9.84,8.86,7.67,12,16,6.97,,,11.34,9.59,8.69
Q114,local,Q,2026-06,19,7,false,false,10.82,9.33,0.1128,10.53,9.1,10.58,9.46,8.56,12.22,16,6.62,,,11.19,10,8.46
Q114,local,Q,2026-07,22,8,true,true,10.39,8.85,0.1339,10.54,8.91,9.99,9.5,8.11,11.36,17,6.99,,,11.52,9.82,8.71
Q114,local,Q,2026-08,21,10,true,true,10.2,8.84,0.1191,10.39,9.06,9.85,9.23,8.01,10.99,17,6.89,,,11.32,9.78,8.67
Q114,local,Q,2026-09,21,8,true,true,10.06,9.01,0.0903,9.47,8.35,9.68,9.25,8.36,11.39,17,7.1,6.64,,11.32,10.07,7.21
Q114,local,Q,2026-10,4,2,false,false,10.05,8.82,0.1022,,,,9.1,8.28,10.98,12,6.96,6.88,23.8,11.94,10.47,7.52
Q115,local,Q,2026-04,4,2,false,false,7.31,6.11,0.1456,,,,6.92,5.9,,11,4.47,,,8.81,7.75,3.67
Q115,local,Q,2026-05,20,10,false,true,7.49,6.4,0.1348,7.05,6.19,7.21,6.96,6.02,8.38,16,4.7,,,8.47,7.12,3.68
Q115,local,Q,2026-06,19,7,false,false,7.8,7.12,0.0764,7.86,7.2,7.46,7.13,6.71,8.5,16,4.51,,,8.31,7.13,3.91
Q115,local,Q,2026-07,22,8,true,true,7.73,6.63,0.1302,7.46,6.44,7.53,7.08,6.04,8.45,17,4.64,,,8.51,7.25,3.76
Q115,local,Q,2026-08,21,10,true,true,7.81,6.8,0.115,7.75,6.78,7.5,7.1,6.17,8.55,17,4.53,,,8.42,7.28,3.82
Q115,local,Q,2026-09,21,8,true,true,7.42,6.47,0.1123,6.79,5.88,7.23,6.84,6.02,8.37,17,4.9,4.75,,8.59,7.67,3.76
Q115,local,Q,2026-10,4,2,false,false,7.31,6.5,0.0975,,,,6.71,5.83,8.45,12,4.88,4.6,18.3,8.35,7.79,3.81
Q12,local,Q,2026-04,4,2,false,false,10.1,9.21,0.0665,,,,9.19,8.54,,11,6.8,,,10.8,9.52,6.32
Q12,local,Q,2026-05,20,10,false,true,9.69,8.72,0.0803,9.46,8.44,9.03,8.66,7.81,11.31,16,7.12,,,10.45,9.23,6.45
Q12,local,Q,2026-06,19,7,false,false,9.67,8.79,0.0669,9.33,8.66,9.01,9.21,8.16,10.94,16,6.22,,,10.63,9.29,6.64
Q12,local,Q,2026-07,22,8,true,true,9.89,8.92,0.0779,9.85,8.94,9.11,9.39,8.55,11.06,17,6.93,,,10.53,9.29,5.99
Q12,local,Q,2026-08,21,10,true,true,9.93,8.94,0.081,10.07,9.06,9.12,9.35,8.47,11.14,17,6.79,,,10.51,9.37,6.15
Q12,local,Q,2026-09,21,8,true,true,9.69,8.74,0.0792,9.43,8.52,9.02,9.04,8.21,11.07,17,7.12,8.08,,10.69,9.52,6.32
Q12,local,Q,2026-10,4,2,false,false,9.89,8.96,0.0675,,,,9.03,8.39,11.61,12,7.35,7.86,12.7,10.68,9.46,6.95
Q13,local,Q,2026-04,4,2,false,false,9.05,8.14,0.0965,,,,8.17,7.51,,11,7.02,,,9.71,8.64,4.69
Q13,local,Q,2026-05,20,10,false,true,8.92,7.97,0.0967,8.52,7.62,8.76,8.25,7.39,9.55,16,7.23,,,9.44,8.41,5.04
Q13,local,Q,2026-06,19,7,false,false,8.87,7.98,0.0851,9.27,8.36,8.39,8.43,7.4,9.2,16,6.46,,,9.38,8.4,5.31
Q13,local,Q,2026-07,22,8,true,true,9.01,8.1,0.085,8.8,7.85,8.65,8.27,7.42,10.01,17,7.07,,,9.42,8.39,5.12
Q13,local,Q,2026-08,21,10,true,true,9.21,8.27,0.0868,9.19,8.24,8.76,8.29,7.39,10.2,17,7.08,,,9.5,8.5,5.07
Q13,local,Q,2026-09,21,8,true,true,9.07,8.24,0.0768,8.98,8.17,8.59,8.32,7.54,10.02,17,6.94,7.42,,9.4,8.45,5.13
Q13,local,Q,2026-10,4,2,false,false,9,8.03,0.0909,,,,7.84,7.25,9.83,12,6.77,7.22,14.8,9.16,8.26,4.95
Q14,local,Q,2026-04,4,2,false,false,7.62,6.87,0.0855,,,,6.97,6.23,,11,8.12,,,8.05,7.05,5.57
Q14,local,Q,2026-05,20,10,false,true,7.22,6.47,0.089,6.89,6.21,7.31,6.65,5.96,7.59,16,7.85,,,7.69,6.74,5.76
Q14,local,Q,2026-06,19,7,false,false,7.64,6.81,0.0925,7.46,6.72,7.56,7.09,6.32,8.15,16,7.48,,,7.44,6.51,5.25
Q14,local,Q,2026-07,22,8,true,true,7.46,6.63,0.0918,7.45,6.74,7.39,6.78,6,8,17,7.78,,,7.91,6.93,5.57
Q14,local,Q,2026-08,21,10,true,true,7.59,6.74,0.0913,7.74,7.02,7.49,6.87,6.1,7.95,17,7.6,,,7.71,6.74,5.57
Q14,local,Q,2026-09,21,8,true,true,7.27,6.46,0.0887,7.26,6.54,7.18,6.53,5.79,7.86,17,7.77,7.92,,7.62,6.66,5.77
Q14,local,Q,2026-10,4,2,false,false,7.2,6.48,0.0909,,,,6.28,5.44,7.94,12,7.46,8.05,16,7.76,6.74,5.81
Q15,local,Q,2026-04,4,2,false,false,8.53,7.68,0.0947,,,,7.65,6.31,,11,4.29,,,9.19,8.57,2.24
Q15,local,Q,2026-05,20,10,false,true,8.53,7.76,0.0787,7.66,6.95,8.17,8.01,7.32,9.93,16,4.47,,,9.03,8.09,2.69
Q15,local,Q,2026-06,19,7,false,false,8.6,7.74,0.0818,7.94,6.81,8.2,8.43,7.74,9.63,16,4.31,,,8.81,8.11,2.52
Q15,local,Q,2026-07,22,8,true,true,8.52,7.7,0.0822,8.28,7.41,8.15,8.12,7.24,9.42,17,4.34,,,8.98,8.15,2.6
Q15,local,Q,2026-08,21,10,true,true,8.73,7.9,0.0794,8.4,7.56,8.4,8.27,7.48,9.55,17,4.3,,,8.96,8.11,2.56
Q15,local,Q,2026-09,21,8,true,true,8.59,7.58,0.1007,8.08,7.17,8.09,8.15,7.27,9.88,17,4.45,4.34,,9.02,8.29,2.56
Q15,local,Q,2026-10,4,2,false,false,8.67,7.94,0.0786,,,,7.83,7.18,10.5,12,3.96,4.4,18.5,9,8.44,2.36
Q16,local,Q,2026-04,4,2,false,false,10.17,9.31,0.0787,,,,9.46,8.46,,11,3.79,,,10.24,9.21,2.4
Q16,local,Q,2026-05,20,10,false,true,9.93,8.98,0.0837,9.21,8.47,9.52,9.81,8.71,10.83,16,3.75,,,10.81,9.68,2.33
Q16,local,Q,2026-06,19,7,false,false,10.04,9.04,0.0815,10.56,9.66,9.87,9.45,8.23,10.03,16,3.61,,,10.36,9.1,2.38
Q16,local,Q,2026-07,22,8,true,true,10.08,9.05,0.0924,9.93,8.92,9.93,9.78,8.75,10.4,17,3.48,,,10.45,9.46,2.45
Q16,local,Q,2026-08,21,10,true,true,10.31,9.36,0.0818,10.05,9.25,9.74,9.89,8.93,11.26,17,3.47,,,10.59,9.62,2.47
Q16,local,Q,2026-09,21,8,true,true,10.57,9.5,0.0816,9.81,8.92,10.19,9.82,8.98,12.05,17,3.52,3.33,,10.45,9.37,2.59
Q16,local,Q,2026-10,4,2,false,false,10.33,9.36,0.0784,,,,9.55,8.76,10.45,12,3.52,3.3,12.1,10.46,9.79,2.73
Q17,local,Q,2026-04,4,2,false,false,8.72,7.94,0.0832,,,,8.18,7.4,,11,14.17,,,9.79,8.64,10.92
Q17,local,Q,2026-05,20,10,false,true,8.69,7.78,0.0903,8.13,7.33,8.2,8.35,7.46,9.77,16,14.97,,,9.65,8.58,11.79
Q17,local,Q,2026-06,19,7,false,false,9.06,8.03,0.0945,8.48,7.58,8.9,8.59,7.7,9.74,16,13.8,,,9.65,8.6,12.44
Q17,local,Q,2026-07,22,8,true,true,9,8.06,0.0855,8.61,7.73,8.48,8.51,7.67,10.06,17,13.88,,,9.66,8.63,11.83
Q17,local,Q,2026-08,21,10,true,true,8.98,8.08,0.0802,8.91,8.07,8.49,8.46,7.67,9.84,17,13.6,,,9.54,8.56,11.68
Q17,local,Q,2026-09,21,8,true,true,8.68,7.82,0.0788,8.36,7.54,8.09,8.27,7.48,9.75,17,14.33,15.22,,9.65,8.68,11.71
Q17,local,Q,2026-10,4,2,false,false,8.68,7.84,0.0815,,,,8.42,7.66,9.66,12,15.28,15.23,14.6,9.75,8.41,13.16
Q18,local,Q,2026-04,4,2,false,false,7.32,6.37,0.1004,,,,7.13,6.15,,11,7.01,,,7.63,6.74,3.86
Q18,local,Q,2026-05,20,10,false,true,7.04,6.25,0.0931,6.67,6.05,6.93,6.45,5.77,7.66,16,7.08,,,7.56,6.63,4.25
Q18,local,Q,2026-06,19,7,false,false,6.9,6.18,0.0828,6.88,6.33,6.61,6.48,5.53,7.39,16,6.71,,,7.41,6.55,4.1
Q18,local,Q,2026-07,22,8,true,true,6.99,6.22,0.0909,7.06,6.36,6.72,6.47,5.79,7.46,17,6.84,,,7.69,6.71,4.15
Q18,local,Q,2026-08,21,10,true,true,7.08,6.29,0.0876,7.2,6.41,6.82,6.58,5.88,7.5,17,6.8,,,7.48,6.55,4.18
Q18,local,Q,2026-09,21,8,true,true,6.81,6,0.0971,6.61,5.88,6.48,6.43,5.8,7.48,17,6.91,6.76,,7.67,6.81,4.5
Q18,local,Q,2026-10,4,2,false,false,6.75,6.15,0.0795,,,,6.31,5.62,7.16,12,7.17,6.84,12.8,7.8,7.12,4.26
Q19,local,Q,2026-04,4,2,false,false,9.94,8.95,0.0796,,,,9.55,8.78,,10,3.7,,,10.39,9.48,1.73
Q19,local,Q,2026-05,20,10,false,true,9.82,8.81,0.0828,9.09,8.18,9.56,9.64,8.55,11.21,15,3.79,,,9.92,8.92,2.1
Q19,local,Q,2026-06,9,7,false,false,9.41,8.41,0.082,9.34,8.12,9.39,10.18,9.06,8.74,15,4.06,,,9.46,8.45,2.42
Q19,local,Q,2026-07,22,8,true,true,9.89,8.9,0.0817,9.38,8.57,9.68,9.68,8.58,11.1,16,3.58,,,10.59,9.68,2.08
Q19,local,Q,2026-08,21,10,true,true,9.91,8.96,0.0819,9.76,8.89,9.84,9.72,8.67,10.24,16,3.66,,,9.95,9.02,2.15
Q19,local,Q,2026-09,21,8,true,true,9.4,8.55,0.0742,9.08,8.21,8.95,9.52,8.55,10.59,16,3.72,3.44,,10.02,9.07,2.2
Q19,local,Q,2026-10,4,2,false,false,8.98,7.73,0.1182,,,,9.3,7.03,8.93,11,3.68,3.27,20.1,9.91,9.32,2.15
Q2,local,Q,2026-04,4,2,false,false,8.98,8.06,0.104,,,,8.47,7.07,,11,4.78,,,9.64,8.88,3.21
Q2,local,Q,2026-05,20,10,false,true,8.74,7.81,0.0877,8.3,7.57,8.55,8.39,7.26,9.54,16,5.02,,,9.81,9.02,3.36
Q2,local,Q,2026-06,19,7,false,false,8.89,8.15,0.072,8.49,7.6,8.45,9.26,8.53,9.5,16,5.02,,,9.53,8.74,3.17
Q2,local,Q,2026-07,22,8,true,true,9.02,8.22,0.0708,8.75,7.95,8.82,8.64,7.92,9.82,17,4.94,,,9.7,8.89,3.36
Q2,local,Q,2026-08,21,10,true,true,9.13,8.35,0.0674,8.81,7.95,8.93,8.67,7.99,9.89,17,4.92,,,9.8,9.02,3.36
Q2,local,Q,2026-09,21,8,true,true,8.84,8.08,0.0686,8.43,7.61,8.66,8.4,7.72,9.66,17,5.09,5.28,,9.93,9.1,3.37
Q2,local,Q,2026-10,4,2,false,false,9.24,8.26,0.0794,,,,8.89,8.06,10.01,12,4.74,5.34,14,9.43,8.58,3.92
Q20,local,Q,2026-04,4,2,false,false,7.98,6.83,0.1278,,,,7.57,6.45,,11,13.28,,,8.68,7.57,9.49
Q20,local,Q,2026-05,20,10,false,true,7.87,6.7,0.1338,7.59,6.4,7.48,7.37,6.18,8.76,16,13.77,,,8.76,7.58,10.03
Q20,local,Q,2026-06,19,7,false,false,7.92,6.81,0.1204,7.8,6.73,7.41,7.31,6.25,8.92,16,12.62,,,8.67,7.49,9.64
Q20,local,Q,2026-07,22,8,true,true,7.95,6.83,0.1205,7.68,6.48,7.58,7.54,6.38,8.74,17,12.76,,,8.74,7.59,10.17
Q20,local,Q,2026-08,21,10,true,true,8.03,6.92,0.1182,7.96,6.79,7.6,7.69,6.47,8.7,17,13.3,,,8.65,7.54,10.05
Q20,local,Q,2026-09,21,8,true,true,7.84,6.8,0.1125,7.57,6.5,7.4,7.28,6.2,8.87,17,14.19,14.68,,8.64,7.51,10.33
Q20,local,Q,2026-10,4,2,false,false,7.77,6.65,0.1241,,,,7,5.93,8.45,12,13.83,14.53,15.7,8.73,7.76,9.68
Q22,local,Q,2026-04,4,2,false,false,8.53,7.99,0.0574,,,,8.16,7.89,,11,9.69,,,9.19,8.54,7.18
Q22,local,Q,2026-05,20,10,false,true,8.35,7.67,0.0662,8.04,7.55,8.14,7.78,7.14,9.14,16,9.79,,,9.12,8.41,7
Q22,local,Q,2026-06,19,7,false,false,8.69,8.04,0.0609,9.34,8.61,8.16,8.2,7.52,9.16,16,9.06,,,8.81,8.11,6.97
Q22,local,Q,2026-07,22,8,true,true,8.39,7.72,0.0673,8.46,7.83,8.18,7.74,7.1,8.94,17,9.15,,,9.28,8.5,7.14
Q22,local,Q,2026-08,21,10,true,true,8.49,7.81,0.064,8.66,8.05,8.21,7.82,7.14,9.08,17,9.08,,,9.25,8.5,7.14
Q22,local,Q,2026-09,21,8,true,true,8.44,7.8,0.0613,8.25,7.6,8.01,7.79,7.18,9.52,17,9.41,9.31,,9.29,8.55,7.25
Q22,local,Q,2026-10,4,2,false,false,8.48,7.84,0.0654,,,,7.23,6.71,9.58,12,9.18,8.51,20.8,9.74,9.17,7.32
Q23,local,Q,2026-04,4,2,false,false,7.69,6.56,0.1228,,,,6.61,5.69,,11,11.1,,,8.11,6.85,7.16
Q23,local,Q,2026-05,20,10,false,true,7.6,6.52,0.1185,6.97,6.08,7.43,6.85,5.78,8.7,16,11.71,,,8.07,6.73,7.7
Q23,local,Q,2026-06,19,7,false,false,7.75,6.64,0.1177,7.85,6.61,7.35,7.22,6.13,8.49,16,11.42,,,7.43,6.05,8.12
Q23,local,Q,2026-07,22,8,true,true,7.62,6.55,0.1129,7.54,6.5,7.42,6.75,5.72,8.46,17,11.2,,,8.18,6.86,7.69
Q23,local,Q,2026-08,21,10,true,true,7.64,6.53,0.1162,7.74,6.63,7.52,6.82,5.75,8.12,17,11.25,,,7.99,6.72,7.58
Q23,local,Q,2026-09,21,8,true,true,7.32,6.23,0.1196,7.19,6.16,7.19,6.4,5.38,8.1,17,11.69,11.24,,7.8,6.57,7.87
Q23,local,Q,2026-10,4,2,false,false,7.35,6.38,0.1212,,,,6.75,5.76,8.07,12,11.13,11.23,12.1,7.54,6.18,7.48
Q24,local,Q,2026-04,4,2,false,false,7.67,6.66,0.1202,,,,6.91,5.8,,11,9.97,,,8.52,7.51,5.48
Q24,local,Q,2026-05,20,10,false,true,7.49,6.54,0.1101,6.98,6.22,7.39,6.93,5.94,8.26,16,9.94,,,8.4,7.43,6.48
Q24,local,Q,2026-06,19,7,false,false,7.71,6.79,0.0976,7.49,6.35,7.28,7.05,6.43,8.8,16,9.45,,,7.76,6.76,7.12
Q24,local,Q,2026-07,22,8,true,true,7.71,6.81,0.0986,7.55,6.64,7.35,7,6.13,8.74,17,9.92,,,8.46,7.54,6.04
Q24,local,Q,2026-08,21,10,true,true,7.8,6.88,0.1001,7.62,6.79,7.46,7.17,6.25,8.71,17,10.02,,,8.37,7.46,6.24
Q24,local,Q,2026-09,21,8,true,true,7.52,6.61,0.1027,7.04,6.17,7.25,6.67,5.84,8.7,17,10.12,11.26,,8.52,7.64,6.37
Q24,local,Q,2026-10,4,2,false,false,7.44,6.44,0.1134,,,,6.74,5.9,8.07,12,9.33,10.68,11.4,8.18,7.23,6.65
Q25,local,Q,2026-04,4,2,false,false,7.7,6.95,0.0882,,,,7.39,6.61,,11,20.89,,,8.03,6.97,8.44
Q25,local,Q,2026-05,20,10,false,true,7.58,6.66,0.1051,7.2,6.36,7.4,7.34,6.49,7.98,16,21.15,,,8,6.81,9.71
Q25,local,Q,2026-06,19,7,false,false,7.92,6.86,0.1123,7.67,6.73,7.58,7.73,6.88,8.42,16,21.26,,,8.03,6.88,9.54
Q25,local,Q,2026-07,22,8,true,true,7.79,6.88,0.0972,7.87,7,7.55,7.39,6.55,8.14,17,21.77,,,8.09,6.95,9.87
Q25,local,Q,2026-08,21,10,true,true,7.83,6.91,0.0981,7.98,7.15,7.62,7.44,6.59,8.01,17,21.36,,,7.98,6.94,9.6
Q25,local,Q,2026-09,21,8,true,true,7.6,6.75,0.0916,7.36,6.58,7.31,7.27,6.51,8.12,17,21.17,21.39,,8.03,6.9,9.65
Q25,local,Q,2026-10,4,2,false,false,7.51,6.61,0.0965,,,,6.67,5.92,8.13,12,20.38,21.04,25.3,8.06,7,9.82
Q26,local,Q,2026-04,4,2,false,false,9.37,8.54,0.0793,,,,9.21,8.58,,11,9.91,,,9.34,7.95,5.71
Q26,local,Q,2026-05,20,10,false,true,8.94,7.93,0.0996,8.76,7.73,8.6,8.7,7.88,9.56,16,10.11,,,9.38,8.12,6.18
Q26,local,Q,2026-06,19,7,false,false,9.06,8.13,0.0928,9.18,8.31,8.66,9.16,8.25,9.28,16,9.99,,,9.16,8.13,6.16
Q26,local,Q,2026-07,22,8,true,true,8.88,7.9,0.097,8.81,7.87,8.7,8.71,7.88,9.13,17,9.87,,,9.34,8.2,6.29
Q26,local,Q,2026-08,21,10,true,true,8.97,7.97,0.0999,8.93,8,8.58,8.79,7.87,9.46,17,9.89,,,9.12,7.96,6.36
Q26,local,Q,2026-09,21,8,true,true,8.97,7.99,0.091,8.88,7.93,8.61,8.57,7.81,9.73,17,9.94,10.31,,9.42,8.11,5.99
Q26,local,Q,2026-10,4,2,false,false,8.65,7.65,0.1021,,,,8.11,7.34,9,12,10.3,10.23,16.6,9.13,7.95,6.4
Q27,local,Q,2026-04,4,2,false,false,9.93,9.22,0.0639,,,,9.61,8.94,,11,20.25,,,10.74,9.92,10.67
Q27,local,Q,2026-05,20,10,false,true,9.98,9.2,0.065,9.22,8.52,9.73,9.5,8.77,11.06,16,20.43,,,10.72,9.74,10.89
Q27,local,Q,2026-06,19,7,false,false,10.4,9.53,0.0694,10.15,9.47,10.17,9.8,9.02,11.17,16,19.84,,,10.66,9.77,11.65
Q27,local,Q,2026-07,22,8,true,true,10.22,9.41,0.0644,9.82,8.99,10.1,9.78,9.04,10.87,17,19.61,,,10.59,9.64,11.27
Q27,local,Q,2026-08,21,10,true,true,10.27,9.48,0.0628,10.06,9.27,10,9.87,9.09,10.97,17,19.78,,,10.57,9.65,11.23
Q27,local,Q,2026-09,21,8,true,true,10.06,9.3,0.0589,9.57,8.8,9.79,9.49,8.81,11.01,17,20.24,20.47,,10.85,9.9,10.96
Q27,local,Q,2026-10,4,2,false,false,9.67,8.99,0.0574,,,,8.49,7.82,10.61,12,20.49,19.09,21.1,10.32,9.81,11.15
Q28,local,Q,2026-04,4,2,false,false,9.67,8.82,0.0828,,,,8.78,7.85,,11,7.35,,,10.4,9.11,4.37
Q28,local,Q,2026-05,20,10,false,true,9.4,8.36,0.0929,8.71,7.89,8.93,9.1,7.94,10.5,16,7.68,,,10.21,8.81,4.88
Q28,local,Q,2026-06,19,7,false,false,9.72,8.66,0.0897,9.68,8.71,9.4,8.98,8.01,10.42,16,6.94,,,10.23,8.54,4.91
Q28,local,Q,2026-07,22,8,true,true,9.7,8.71,0.0845,9.38,8.42,9.16,9.08,8.09,10.87,17,6.79,,,10.29,8.98,4.68
Q28,local,Q,2026-08,21,10,true,true,9.84,8.93,0.0776,9.82,8.91,9.17,9.24,8.31,10.92,17,6.66,,,10.19,8.92,4.66
Q28,local,Q,2026-09,21,8,true,true,9.55,8.52,0.0874,9.11,8.22,9,8.99,7.96,10.74,17,7.44,6.98,,10.36,9.09,4.46
Q28,local,Q,2026-10,4,2,false,false,9.24,8.22,0.0859,,,,8.9,7.93,10.6,12,7.91,7.05,13.1,10.02,8.88,4.91
Q29,local,Q,2026-04,4,2,false,false,7.5,6.57,0.109,,,,6.45,5.56,,11,4.14,,,8.42,7.45,2.94
Q29,local,Q,2026-05,20,10,false,true,7.51,6.63,0.1058,7.68,6.81,7.33,6.7,5.91,7.99,16,4.29,,,8.15,7.08,2.97
Q29,local,Q,2026-06,19,7,false,false,8.23,7.24,0.1061,8.62,7.6,7.93,7.51,6.58,8.67,16,3.65,,,7.85,6.76,2.89
Q29,local,Q,2026-07,22,8,true,true,7.84,6.94,0.0986,8.25,7.58,7.65,7.11,6.33,8.12,17,4.16,,,8.27,7.33,2.84
Q29,local,Q,2026-08,21,10,true,true,7.87,7.01,0.0918,8.18,7.42,7.74,6.95,6.16,8.28,17,4.11,,,8.36,7.38,3.02
Q29,local,Q,2026-09,21,8,true,true,7.54,6.57,0.108,7.46,6.64,7.34,6.59,5.79,8.37,17,4.06,4.09,,8.34,7.42,3.14
Q29,local,Q,2026-10,4,2,false,false,7.68,6.81,0.1088,,,,6.46,5.73,8.6,12,4.18,4.21,13.5,8.07,7.28,3.14
Q3,local,Q,2026-04,4,2,false,false,10.5,9.69,0.061,,,,9.87,9.1,,11,11.51,,,11.66,10.45,7.71
Q3,local,Q,2026-05,20,10,false,true,10.53,9.61,0.0735,10.07,9.29,10.36,10.02,8.96,11.44,16,11.9,,,11.54,10.53,7.46
Q3,local,Q,2026-06,19,7,false,false,11.07,9.99,0.0848,10.74,9.77,11.53,9.97,9.08,11.38,16,11.09,,,11.39,10.38,7.36
Q3,local,Q,2026-07,22,8,true,true,10.78,9.85,0.0697,10.6,9.68,10.65,10.36,9.41,11.46,17,11.5,,,11.56,10.63,7.75
Q3,local,Q,2026-08,21,10,true,true,10.7,9.76,0.0682,10.41,9.4,10.57,10.26,9.37,11.3,17,11.28,,,11.37,10.41,7.83
Q3,local,Q,2026-09,21,8,true,true,10.55,9.64,0.0666,10.07,9.06,10.35,10.03,9.17,11.5,17,11.63,12.96,,11.55,10.55,7.79
Q3,local,Q,2026-10,4,2,false,false,10.72,9.88,0.059,,,,10.53,9.7,11.21,12,11.97,12.69,13.4,11.31,10.18,8.91
Q30,local,Q,2026-04,4,2,false,false,10.48,9.37,0.0873,,,,9.44,8.27,,11,6.02,,,11.88,10.62,3.9
Q30,local,Q,2026-05,20,10,false,true,10.47,9.33,0.0957,9.94,8.84,10.33,9.72,8.7,11.36,16,6.25,,,11.63,10.34,4.12
Q30,local,Q,2026-06,19,7,false,false,10.69,9.28,0.1062,10.07,8.93,10.21,10.1,9.11,12.07,16,5.79,,,11.72,10.44,4.13
Q30,local,Q,2026-07,22,8,true,true,10.8,9.67,0.0881,10.58,9.41,10.19,10.12,9.06,12.17,17,6.04,,,11.9,10.82,4.01
Q30,local,Q,2026-08,21,10,true,true,10.7,9.61,0.0868,10.63,9.65,10.21,9.87,8.73,11.84,17,5.93,,,11.79,10.57,3.99
Q30,local,Q,2026-09,21,8,true,true,10.46,9.36,0.0839,10.13,9.04,10.04,9.49,8.47,11.75,17,6.38,6.53,,11.66,10.5,4.18
Q30,local,Q,2026-10,4,2,false,false,10.24,9.1,0.0878,,,,9.14,7.96,11.02,12,6.54,6.29,14.1,11.37,10.3,4.41
Q31,local,Q,2026-04,4,2,false,false,9.24,8.46,0.0702,,,,7.86,7.11,,11,6.92,,,9.56,8.92,1.91
Q31,local,Q,2026-05,20,10,false,true,8.92,8.05,0.0919,8.62,7.73,8.83,8.06,7.22,9.67,16,7.37,,,9.39,8.34,2.24
Q31,local,Q,2026-06,19,3,false,false,9.49,8.25,0.1121,9.17,7.81,8.78,9.35,8.22,10.67,16,6.08,,,9.05,8.19,1.91
Q31,local,Q,2026-07,22,8,true,true,9.29,8.33,0.0877,9.43,8.46,8.97,8.64,7.69,9.98,17,6.56,,,9.9,8.95,2.12
Q31,local,Q,2026-08,21,10,true,true,9.46,8.51,0.0855,9.71,8.84,9.09,8.61,7.73,10.18,17,6.65,,,9.73,8.78,2.13
Q31,local,Q,2026-09,21,8,true,true,9.08,8.15,0.0852,8.81,7.85,8.74,8.24,7.37,10.12,17,7.71,7.51,,9.85,8.94,2.21
Q31,local,Q,2026-10,4,2,false,false,8.87,7.98,0.093,,,,7.88,7.05,9.44,12,8.41,7.51,10.4,9,7.4,2.2
Q32,local,Q,2026-04,4,2,false,false,6.89,5.97,0.1291,,,,6.28,5.25,,11,12.23,,,8.13,6.85,8.76
Q32,local,Q,2026-05,20,10,false,true,6.87,5.88,0.1268,6.46,5.51,6.26,6.13,5.2,8.16,16,12.42,,,7.9,6.59,9.74
Q32,local,Q,2026-06,19,7,false,false,6.88,5.52,0.1897,6.24,5.26,6.32,6.34,4.86,8.09,16,12.47,,,7.98,6.77,9.23
Q32,local,Q,2026-07,22,8,true,true,7.03,6.02,0.123,6.96,6.03,6.58,6.24,5.21,7.95,17,11.69,,,8.47,6.95,9.23
Q32,local,Q,2026-08,21,10,true,true,7.31,6.26,0.1256,7.2,6.19,6.7,6.49,5.51,8.37,17,11.73,,,7.97,6.75,9.39
Q32,local,Q,2026-09,21,8,true,true,6.89,5.88,0.1295,6.71,5.75,6.3,5.93,4.98,8.12,17,12.33,12.6,,8.11,6.97,9.67
Q32,local,Q,2026-10,4,2,false,false,7.33,6.32,0.121,,,,6.29,5.46,8.72,12,12.33,12.38,13.3,7.45,5.97,11.09
Q33,local,Q,2026-04,4,2,false,false,6.57,5.7,0.1132,,,,5.81,4.88,,11,4.75,,,6.56,5.71,3.11
Q33,local,Q,2026-05,20,10,false,true,6.54,5.16,0.1885,6.6,5.36,6.5,6.13,4.89,6.61,16,5.21,,,6.68,5.35,3.32
Q33,local,Q,2026-06,19,7,false,false,6.73,5.18,0.2145,7.28,5.71,6.66,5.93,4.5,6.79,16,5.65,,,6.33,4.91,3.05
Q33,local,Q,2026-07,22,8,true,true,6.64,5.31,0.1778,7.1,5.82,6.56,6,4.74,6.67,17,5.12,,,6.91,5.62,3.37
Q33,local,Q,2026-08,21,10,true,true,6.73,5.29,0.1919,7.05,5.77,6.57,6.23,4.97,6.87,17,5.23,,,6.82,5.3,3.22
Q33,local,Q,2026-09,21,8,true,true,6.71,5.3,0.1836,6.95,5.61,6.51,6.06,4.82,7.1,17,5.36,5.15,,6.94,5.73,3.33
Q33,local,Q,2026-10,4,2,false,false,6.74,5.52,0.1635,,,,6.24,5.16,6.85,12,5.19,5.1,12.3,6.78,5.5,3.61
Q35,local,Q,2026-04,4,2,false,false,16.09,14.26,0.1035,,,,14.92,13,,11,5.57,,,16.17,14.64,5.24
Q35,local,Q,2026-05,20,10,false,true,15.48,14.01,0.0864,13.75,12.76,15.74,14.68,13.14,16.66,16,5.37,,,16.44,15.11,5.2
Q35,local,Q,2026-06,19,7,false,false,15.61,14.42,0.0584,15.69,14.83,15.13,14.65,13.65,16.64,16,5.39,,,16.01,14.7,5.41
Q35,local,Q,2026-07,22,8,true,true,15.35,14.09,0.0706,15.1,14,15.2,14.53,13.33,15.86,17,5.46,,,16.23,14.93,8
Q35,local,Q,2026-08,21,10,true,true,15.57,14.28,0.0699,16.11,14.98,15.23,14.31,13.04,16.1,17,5.4,,,16.71,15.39,7.8
Q35,local,Q,2026-09,21,8,true,true,15.63,14.35,0.0674,15.13,13.9,15.65,14.64,13.52,16.47,17,5.23,5.1,,16.92,15.41,5.69
Q35,local,Q,2026-10,4,2,false,false,15.51,14.18,0.0731,,,,15.21,13.52,17.1,12,5.11,5.01,12.4,17.27,15.88,4.51
Q36,local,Q,2026-04,4,2,false,false,11.15,10.09,0.0782,,,,10.19,9.45,,10,4.34,,,11.59,10.37,3
Q36,local,Q,2026-05,20,10,false,true,11.25,10.16,0.0792,11.12,9.88,10.92,10.1,8.95,,15,4.34,,,11.4,9.97,3.3
Q36,local,Q,2026-06,10,7,false,false,11.22,9.86,0.1036,11.25,10.23,10.65,10.63,9.38,,15,4.35,,,11.48,9.75,3.32
Q36,local,Q,2026-07,22,8,true,true,11.27,10.18,0.0806,10.8,9.82,10.78,10.48,9.37,12.93,17,4.28,,,11.99,10.48,3.18
Q36,local,Q,2026-08,21,10,true,true,11.3,10.23,0.0814,11.38,10.27,10.99,10.7,9.5,11.96,17,4.25,,,11.82,10.14,3.14
Q36,local,Q,2026-09,21,8,true,true,11.22,10.1,0.084,10.68,9.67,10.61,10.49,9.43,12.92,17,4.26,4.52,,11.79,10.43,3.28
Q36,local,Q,2026-10,4,2,false,false,11.08,9.98,0.0875,,,,10.47,9.56,12.48,12,4.31,4.51,10.1,11.49,10.01,3.6
Q37,local,Q,2026-04,4,2,false,false,8.92,7.97,0.0876,,,,8.65,7.71,,11,6.04,,,9.51,8.34,3.39
Q37,local,Q,2026-05,20,10,false,true,8.6,7.53,0.107,8.26,7.16,8.39,7.87,6.8,9.53,16,6.43,,,9.25,8.16,3.36
Q37,local,Q,2026-06,19,7,false,false,9.29,8.26,0.0852,9.29,8.21,8.78,8.82,7.59,10.25,16,5.63,,,9.95,8.65,3.48
Q37,local,Q,2026-07,22,8,true,true,8.89,7.85,0.0974,8.84,7.8,8.75,8.14,7.1,9.53,17,6.4,,,9.62,8.44,3.12
Q37,local,Q,2026-08,21,10,true,true,8.99,7.95,0.094,9.04,7.9,8.67,8.23,7.17,9.76,17,6.19,,,9.33,8.17,3.23
Q37,local,Q,2026-09,21,8,true,true,8.58,7.6,0.0898,8.06,7.05,8.28,7.93,6.94,9.76,17,6.71,6.28,,9.41,8.27,3.13
Q37,local,Q,2026-10,4,2,false,false,8.39,7.61,0.0842,,,,7.73,6.78,9.67,12,6.7,6.22,12.3,9.05,7.41,3.13
Q38,local,Q,2026-04,4,2,false,false,8.55,7.96,0.0681,,,,8.62,8.08,,11,3.72,,,8.86,7.79,2.07
Q38,local,Q,2026-05,20,10,false,true,8.37,7.48,0.0887,7.93,7.13,8.05,7.33,6.38,9.74,16,3.71,,,9.1,8.25,2.07
Q38,local,Q,2026-06,19,7,false,false,8.87,7.89,0.083,8.57,7.72,8.89,7.85,7.15,9.59,16,3.19,,,8.68,7.87,2.3
Q38,local,Q,2026-07,22,8,true,true,8.37,7.51,0.0826,8.38,7.45,7.94,7.72,6.93,9.26,17,3.65,,,8.92,8.03,2.02
Q38,local,Q,2026-08,21,10,true,true,8.51,7.62,0.083,8.65,7.8,8.23,7.84,7.01,9.05,17,3.78,,,9.09,8.09,2.06
Q38,local,Q,2026-09,21,8,true,true,7.89,7.08,0.0824,7.62,6.84,7.51,7.11,6.34,9,17,3.97,3.55,,9.29,8.37,1.93
Q38,local,Q,2026-10,4,2,false,false,7.52,6.76,0.078,,,,6.78,6.09,8.89,12,3.96,3.58,12.9,8.66,7.75,2.05
Q39,local,Q,2026-04,4,2,false,false,8.03,7.18,0.089,,,,8,7.17,,11,7.99,,,9.16,8.34,3.02
Q39,local,Q,2026-05,20,10,false,true,7.74,6.9,0.0879,7.34,6.61,7.36,7.2,6.42,8.85,16,7.69,,,8.69,7.98,3.05
Q39,local,Q,2026-06,19,7,false,false,8.04,7.28,0.0753,7.31,6.56,7.59,7.52,6.8,9.47,16,6.7,,,8.67,8,3.18
Q39,local,Q,2026-07,22,8,true,true,8.03,7.26,0.0785,7.69,6.9,7.81,7.51,6.85,8.87,17,7.39,,,9.37,8.46,3.03
Q39,local,Q,2026-08,21,10,true,true,8.28,7.49,0.0708,8.1,7.34,8.15,7.66,7.04,8.89,17,7.18,,,9.28,8.33,3.12
Q39,local,Q,2026-09,21,8,true,true,7.83,7.06,0.0775,7.39,6.6,7.5,7,6.29,9.16,17,7.41,7.28,,9.14,8.24,3.13
Q39,local,Q,2026-10,4,2,false,false,7.48,7.05,0.0679,,,,6.88,6.37,8.76,12,7.25,6.86,13.5,8.97,8.07,2.63
Q4,local,Q,2026-04,4,2,false,false,8.4,7.28,0.1111,,,,7.59,6.79,,11,8.8,,,9.2,8.31,4.24
Q4,local,Q,2026-05,20,10,false,true,8.16,7.15,0.1098,7.91,7.03,7.86,7.61,6.51,8.86,16,9.04,,,8.87,7.81,4.41
Q4,local,Q,2026-06,19,7,false,false,8.45,7.45,0.0993,8.6,7.57,7.96,7.9,6.69,9.12,16,8.14,,,9.09,7.92,4.61
Q4,local,Q,2026-07,22,8,true,true,8.36,7.26,0.1113,8.38,7.18,8.01,7.77,6.81,8.96,17,8.59,,,9.07,8.12,4.53
Q4,local,Q,2026-08,21,10,true,true,8.33,7.32,0.1051,8.54,7.35,7.86,7.79,6.84,8.88,17,8.32,,,8.9,8,4.32
Q4,local,Q,2026-09,21,8,true,true,8.13,7.26,0.0929,8.1,7.19,7.68,7.39,6.66,9.1,17,8.45,9.07,,9.02,8.03,4.65
Q4,local,Q,2026-10,4,2,false,false,8.35,7.58,0.0789,,,,7.22,6.69,9.4,12,8.73,9.17,17.2,9.38,8.65,4.87
Q40,local,Q,2026-04,4,2,false,false,8.2,7.12,0.1257,,,,6.94,5.8,,11,3.6,,,9.13,7.98,2.14
Q40,local,Q,2026-05,20,10,false,true,7.9,6.93,0.1151,7.48,6.54,7.91,7.32,6.24,8.44,16,3.66,,,8.74,7.68,2.24
Q40,local,Q,2026-06,19,7,false,false,8.03,7.18,0.0895,8.66,8.26,7.74,6.61,5.88,8.87,16,3.88,,,8.75,7.6,2.33
Q40,local,Q,2026-07,22,8,true,true,7.98,7.04,0.1016,7.72,6.77,8,7.18,6.09,8.56,17,3.67,,,8.74,7.67,2.2
Q40,local,Q,2026-08,21,10,true,true,8.05,7.14,0.0955,8.08,7.24,7.89,7.22,6.36,8.61,17,3.75,,,8.68,7.75,2.2
Q40,local,Q,2026-09,21,8,true,true,7.91,6.99,0.1011,6.97,6.02,7.86,7.21,6.29,9.06,17,3.8,3.58,,8.79,7.67,2.23
Q40,local,Q,2026-10,4,2,false,false,7.62,6.94,0.0856,,,,5.93,5.02,8.92,12,4.12,3.58,22.6,8.8,7.39,2.38
Q41,local,Q,2026-04,4,2,false,false,8.49,7.47,0.0964,,,,8.77,7.97,,11,8.13,,,9.36,8.68,3.65
Q41,local,Q,2026-05,20,10,false,true,8.19,7.3,0.0879,7.62,6.82,8.01,7.78,6.9,8.97,16,8.47,,,9.1,8.21,4.67
Q41,local,Q,2026-06,19,7,false,false,8.54,7.61,0.0932,8.57,7.53,8.08,8.04,7.15,9.37,16,7.67,,,8.51,7.7,4.57
Q41,local,Q,2026-07,22,8,true,true,8.4,7.44,0.093,8.16,7.23,8.18,7.75,6.79,9.21,17,8.14,,,9.06,8.11,4.71
Q41,local,Q,2026-08,21,10,true,true,8.58,7.65,0.0842,8.46,7.45,8.24,8.02,7.17,9.34,17,8.06,,,8.71,7.74,4.67
Q41,local,Q,2026-09,21,8,true,true,8.21,7.34,0.0836,7.7,6.75,8.02,7.73,6.88,9.03,17,8.4,7.73,,9,7.94,4.69
Q41,local,Q,2026-10,4,2,false,false,8.58,7.72,0.0838,,,,7.4,6.56,9.94,12,7.85,7.73,15.1,8.48,7.68,4.71
Q42,local,Q,2026-04,4,0,false,false,8.7,8.12,0.0417,,,,7.95,7.56,9.15,10,1.37,,,,,
Q42,local,Q,2026-05,20,0,false,false,8.21,7.39,0.0876,7.59,6.83,8.41,7.83,7.07,8.62,14,1.42,,,,,
Q42,local,Q,2026-06,2,0,false,false,8.89,7.38,0.125,8.82,8.4,8.84,8.25,6.91,,13,1.28,,,,,
Q42,local,Q,2026-07,22,0,true,false,8.54,7.56,0.0892,8.23,7.47,8.81,7.68,6.5,9.09,15,1.29,,,,,
Q42,local,Q,2026-08,21,0,true,false,8.29,7.29,0.101,8.5,7.53,8.34,7.83,6.79,7.71,15,1.47,,,,,
Q42,local,Q,2026-09,21,0,true,false,8.08,7.33,0.0725,7.49,6.57,8.33,7.6,6.92,,14,1.47,1.54,,,,
Q42,local,Q,2026-10,4,0,false,false,7.53,6.76,0.0777,,,,6.7,6.07,8.55,10,1.32,1.47,7.4,,,
Q43,local,Q,2026-04,4,2,false,false,10.52,9.22,0.103,,,,10.13,8.86,,11,9.33,,,10.67,9.38,5.34
Q43,local,Q,2026-05,20,10,false,true,10.04,8.86,0.1024,9.89,8.86,9.53,9.6,8.52,11.02,16,10.3,,,10.47,9.08,5.52
Q43,local,Q,2026-06,19,7,false,false,10.3,9.12,0.0922,10.18,8.98,9.84,9.9,8.78,11.17,16,9.73,,,10.65,9.42,5.76
Q43,local,Q,2026-07,22,8,true,true,10.37,9.17,0.1014,10.34,9.16,9.99,9.99,8.87,11.18,17,9.64,,,10.75,9.35,5.73
Q43,local,Q,2026-08,21,10,true,true,10.4,9.17,0.1009,10.55,9.21,9.92,9.98,8.83,11.14,17,9.55,,,10.8,9.56,5.57
Q43,local,Q,2026-09,21,8,true,true,10.2,9.05,0.0959,10.06,9.02,9.66,9.75,8.73,11.19,17,9.94,10.47,,11.04,9.84,5.51
Q43,local,Q,2026-10,4,2,false,false,9.98,8.88,0.0981,,,,9.77,8.54,11.12,12,9.73,10.17,20.9,10.45,9,5.31
Q44+,sbs,Q,2026-04,4,2,false,false,9.91,8.49,0.13,,,,9.63,8.13,,11,23.86,,,10.8,9.41,15.67
Q44+,sbs,Q,2026-05,20,10,false,true,9.72,8.31,0.1284,8.93,7.59,9.31,9.26,7.81,10.94,16,23.3,,,11.2,9.78,17.16
Q44+,sbs,Q,2026-06,19,7,false,false,10.14,8.68,0.1261,10.04,8.55,9.21,10.03,8.35,11.38,16,23.14,,,11.14,9.4,17.39
Q44+,sbs,Q,2026-07,22,8,true,true,10.03,8.59,0.1261,9.55,8.1,9.57,9.41,7.99,11.3,17,22.61,,,11.2,9.76,17.26
Q44+,sbs,Q,2026-08,21,10,true,true,10.15,8.7,0.1245,9.94,8.4,9.58,9.67,8.23,11.1,17,22.53,,,11.05,9.7,16.91
Q44+,sbs,Q,2026-09,21,8,true,true,9.78,8.41,0.1223,9.11,7.81,9.3,9.22,7.87,11.09,17,23.65,23.88,,11.01,9.66,17.06
Q44+,sbs,Q,2026-10,4,2,false,false,9.63,8.26,0.1224,,,,8.44,7.2,10.55,12,24.4,23.36,28.2,11.36,10.12,17.18
Q45,local,Q,2026-04,4,2,false,false,10.07,8.68,0.1379,,,,8.93,7.36,,11,4.67,,,11.85,10.19,2.49
Q45,local,Q,2026-05,20,10,false,true,10.38,9.01,0.1148,9.71,8.33,10.37,9.83,8.51,11.01,16,4.36,,,11.88,9.96,2.6
Q45,local,Q,2026-06,19,7,false,false,10.94,9.48,0.1184,10.84,9.75,10.89,9.95,8.74,11.55,16,4.37,,,12,9.32,2.36
Q45,local,Q,2026-07,22,8,true,true,11.07,9.59,0.1141,10.93,9.47,10.81,10.25,8.88,12.01,17,4.2,,,12.11,10.4,2.53
Q45,local,Q,2026-08,21,10,true,true,11.04,9.61,0.1175,11.1,9.42,10.61,10.3,8.9,11.97,17,4.28,,,12.01,10.22,2.46
Q45,local,Q,2026-09,21,8,true,true,10.3,8.94,0.1124,9.86,8.66,10.05,9.53,8.42,11.19,17,4.48,4.3,,11.72,10.17,2.5
Q45,local,Q,2026-10,4,2,false,false,10.18,9.23,0.0857,,,,9.22,8.02,11.39,12,4.41,4.22,13.2,12.07,10.23,2.62
Q46,local,Q,2026-04,4,2,false,false,12,10.71,0.0888,,,,11.68,10.56,,11,7.5,,,13.33,11.91,5.43
Q46,local,Q,2026-05,20,10,false,true,11.79,10.45,0.0995,11.2,10,11.47,11.33,9.97,12.6,16,7.93,,,13.26,11.79,5.84
Q46,local,Q,2026-06,19,7,false,false,12.14,10.7,0.1083,11.59,10.15,11.68,12.18,10.69,12.74,16,7.22,,,12.9,11.72,6.09
Q46,local,Q,2026-07,22,8,true,true,12.21,10.81,0.1004,12.07,10.52,11.69,11.64,10.32,12.99,17,7.39,,,13.03,11.74,5.96
Q46,local,Q,2026-08,21,10,true,true,12.3,10.93,0.0954,12.33,10.75,11.78,11.7,10.42,13.04,17,7.27,,,12.89,11.61,5.86
Q46,local,Q,2026-09,21,8,true,true,11.76,10.6,0.0834,11.24,10.11,11.45,10.97,10,12.76,17,7.77,7.91,,12.95,11.7,5.88
Q46,local,Q,2026-10,4,2,false,false,11.9,10.88,0.0745,,,,10.63,9.81,13.35,12,7.33,7.74,19.4,13.3,12.16,6.03
Q47,local,Q,2026-04,4,2,false,false,7.85,6.71,0.1249,,,,6.73,5.86,,11,8.09,,,8,6.81,3.29
Q47,local,Q,2026-05,20,10,false,true,7.81,6.84,0.1072,7.77,6.91,7.67,7.16,6.33,8.39,16,8.54,,,7.93,6.63,3.68
Q47,local,Q,2026-06,19,7,false,false,8.02,7.06,0.0992,8.5,7.44,7.57,7.34,6.29,8.7,16,8.15,,,7.99,6.92,3.75
Q47,local,Q,2026-07,22,8,true,true,7.86,6.85,0.1077,7.88,7.05,7.63,7.19,6.25,8.56,17,8.15,,,8.17,7.04,3.61
Q47,local,Q,2026-08,21,10,true,true,7.94,6.99,0.1007,8.05,7.19,7.7,7.3,6.37,8.56,17,8.24,,,7.87,6.58,3.32
Q47,local,Q,2026-09,21,8,true,true,7.66,6.69,0.1046,7.58,6.74,7.41,6.96,6.11,8.47,17,8.22,8.19,,7.82,6.69,3.45
Q47,local,Q,2026-10,4,2,false,false,7.87,6.98,0.093,,,,7.44,6.5,8.63,12,8.43,8.29,13,8.12,6.8,3.39
Q48,local,Q,2026-04,4,0,false,false,12.11,10.58,0.1266,,,,11.23,9.54,,11,5.27,,,,,
Q48,local,Q,2026-05,20,0,false,false,12.06,10.56,0.1082,11.58,10.39,11.75,11.26,9.66,13,16,5.13,,,,,
Q48,local,Q,2026-06,19,0,false,false,12.81,11.1,0.1147,12.41,10.46,12.93,12.05,10.49,13.01,16,4.71,,,,,
Q48,local,Q,2026-07,22,0,true,false,12.51,10.94,0.1109,12.41,10.98,12.03,11.67,9.98,13.43,17,5.01,,,,,
Q48,local,Q,2026-08,21,0,true,false,12.43,11,0.1014,12.42,10.85,12.08,11.75,10.21,12.87,17,4.94,,,,,
Q48,local,Q,2026-09,21,0,true,false,12.09,10.76,0.0949,11.46,9.91,12.02,11.18,9.97,12.93,17,5.05,5.28,,,,
Q48,local,Q,2026-10,4,0,false,false,11.74,10.38,0.0851,,,,10.79,9.69,12.67,12,4.9,5.24,12.7,,,
Q49,local,Q,2026-04,4,2,false,false,6.71,5.85,0.0958,,,,6.69,5.72,,11,5.77,,,6.41,5.72,3.58
Q49,local,Q,2026-05,20,10,false,true,6.48,5.63,0.1083,6.12,5.29,6.45,6.21,5.43,6.8,16,5.82,,,6.27,5.34,3.76
Q49,local,Q,2026-06,19,7,false,false,6.68,5.77,0.114,7.24,6.71,6.25,6.45,5.57,6.86,16,5.38,,,6.52,5.46,3.57
Q49,local,Q,2026-07,22,8,true,true,6.59,5.69,0.1137,6.69,5.83,6.28,6.21,5.44,7.1,17,5.47,,,6.71,5.81,3.65
Q49,local,Q,2026-08,21,10,true,true,6.63,5.79,0.1054,6.8,6.01,6.39,6.31,5.5,6.85,17,5.51,,,6.44,5.43,3.63
Q49,local,Q,2026-09,21,8,true,true,6.48,5.68,0.1028,6.25,5.52,6.29,6.28,5.56,6.94,17,5.59,5.19,,6.64,5.76,3.66
Q49,local,Q,2026-10,4,2,false,false,6.2,5.44,0.1172,,,,6.34,5.47,6.33,12,5.51,5.25,19,7.07,6.26,3.78
Q5,local,Q,2026-04,4,2,false,false,8.66,7.67,0.1001,,,,7.79,6.73,,11,6.29,,,10.82,9.73,7.09
Q5,local,Q,2026-05,20,10,false,true,8.61,7.55,0.107,8.41,7.34,8.5,7.84,6.81,9.22,16,6.74,,,10.5,9.23,7.4
Q5,local,Q,2026-06,19,7,false,false,8.96,8.06,0.0854,8.91,8.44,8.94,8.16,7.45,9.35,16,6.03,,,10.26,8.69,7.45
Q5,local,Q,2026-07,22,8,true,true,9.06,7.96,0.1037,8.93,7.75,8.65,8.56,7.61,9.89,17,6.19,,,10.47,9.16,7.67
Q5,local,Q,2026-08,21,10,true,true,9.08,7.98,0.1069,9.12,7.88,8.72,8.56,7.63,9.69,17,5.95,,,10.43,9.14,7.25
Q5,local,Q,2026-09,21,8,true,true,8.83,7.71,0.11,8.61,7.44,8.52,8.32,7.39,9.62,17,6.17,6.73,,10.53,9.34,7.3
Q5,local,Q,2026-10,4,2,false,false,9,7.58,0.1412,,,,7.65,6.36,10.17,12,6.6,6.69,15.8,10.34,8.82,8.23
Q50,limited,Q,2026-04,4,2,false,false,13.64,12.2,0.0957,,,,13.02,12.21,,11,4.01,,,14.27,12.27,2.31
Q50,limited,Q,2026-05,20,10,false,true,13.23,12.02,0.0835,11.85,10.75,13.35,12.74,11.58,14.43,16,3.99,,,15.62,14.2,1.83
Q50,limited,Q,2026-06,19,7,false,false,13.8,12.86,0.0865,14.7,14.37,13.59,12.43,11.97,14.44,16,3.7,,,15.48,13.81,1.73
Q50,limited,Q,2026-07,22,8,true,true,13.8,12.58,0.0736,13.58,12.33,14.3,13.04,11.85,13.94,17,4.38,,,15.53,13.99,2.07
Q50,limited,Q,2026-08,21,10,true,true,13.67,12.52,0.072,13.36,12.19,13.52,12.77,11.72,14.75,17,4.39,,,16.12,14.72,2.07
Q50,limited,Q,2026-09,21,8,true,true,13.9,12.71,0.0738,12.92,11.89,13.17,12.53,11.56,16.77,17,4.23,4.73,,16.69,15.25,2.03
Q50,limited,Q,2026-10,4,2,false,false,14.64,13.47,0.0739,,,,11.68,10.55,19.12,12,4.51,4.76,20.6,16.73,15.29,1.97
Q51,limited,Q,2026-04,4,2,false,false,9.61,8.64,0.0752,,,,8.97,7.98,,11,4.08,,,9.82,8.63,2.84
Q51,limited,Q,2026-05,20,10,false,true,9.17,8.26,0.0865,8.69,7.91,9.08,8.32,7.52,10.02,16,4.18,,,10.09,8.92,2.94
Q51,limited,Q,2026-06,19,7,false,false,9.7,8.67,0.0794,9.66,8.5,9.63,9.43,8.42,9.75,16,4.17,,,10.13,8.98,3.12
Q51,limited,Q,2026-07,22,8,true,true,9.43,8.53,0.0756,9.91,8.99,9.16,8.78,7.95,9.69,17,4.16,,,10.02,8.87,3.32
Q51,limited,Q,2026-08,21,10,true,true,9.56,8.63,0.0764,9.97,9.06,9.15,9.01,8.23,9.94,17,4.17,,,9.74,8.71,3.09
Q51,limited,Q,2026-09,21,8,true,true,9.21,8.34,0.0768,9.16,8.27,8.85,8.53,7.78,10.05,17,4.37,4.07,,9.9,8.79,3.18
Q51,limited,Q,2026-10,4,2,false,false,9.4,8.48,0.071,,,,8.46,7.41,10.21,12,4.33,4.03,14.2,9.45,8.35,3.36
Q52+,sbs,Q,2026-04,4,2,false,false,13.16,11.36,0.1251,,,,12.38,10.61,,11,7.41,,,14.3,12.55,5.34
Q52+,sbs,Q,2026-05,20,10,false,true,13.36,11.75,0.1093,12.95,11.19,12.99,12.74,11.36,14.37,16,7.11,,,14.46,12.84,5.01
Q52+,sbs,Q,2026-06,19,7,false,false,13.73,12.47,0.0743,13.28,11.76,13.53,13.31,12.23,14.38,16,6.69,,,14.62,12.98,5.18
Q52+,sbs,Q,2026-07,22,8,true,true,13.64,12.11,0.0982,13.4,11.7,13.15,12.86,11.45,14.67,17,6.99,,,14.26,12.91,5.1
Q52+,sbs,Q,2026-08,21,10,true,true,13.7,12.06,0.1059,13.81,11.99,13.42,12.99,11.52,14.27,17,6.84,,,14.41,13.18,4.85
Q52+,sbs,Q,2026-09,21,8,true,true,13.59,11.99,0.1039,13.58,11.97,13.02,13.15,11.73,14.6,17,7.02,7.01,,14.37,12.94,5.08
Q52+,sbs,Q,2026-10,4,2,false,false,12.94,11.54,0.1053,,,,13.79,12.22,13.57,12,6.83,6.98,24,14.73,13.51,5.68
Q53+,sbs,Q,2026-04,4,2,false,false,12.28,10.93,0.0892,,,,11.64,10.26,,11,14.35,,,13.2,11.95,11.02
Q53+,sbs,Q,2026-05,20,10,false,true,12.1,10.82,0.0936,12.1,10.81,11.68,11.37,10.16,12.87,16,14.81,,,12.13,10.83,11.28
Q53+,sbs,Q,2026-06,19,7,false,false,13.15,11.59,0.0969,13.9,12.41,12.77,12.4,10.55,13.3,16,14.36,,,12.56,11.07,10.81
Q53+,sbs,Q,2026-07,22,8,true,true,12.48,11.16,0.0904,13.13,11.75,12.02,11.58,10.28,12.96,17,14.51,,,12.8,11.38,14.14
Q53+,sbs,Q,2026-08,21,10,true,true,12.46,11.16,0.0893,13.26,11.82,12.18,11.47,10.19,12.53,17,13.89,,,12.7,11.36,13.74
Q53+,sbs,Q,2026-09,21,8,true,true,12.23,11.02,0.0828,12.71,11.47,11.82,11.23,10.13,12.84,17,13.68,14.01,,12.84,11.57,11.11
Q53+,sbs,Q,2026-10,4,2,false,false,12.31,11.08,0.089,,,,11.37,10.27,12.86,12,14.18,13.88,21.7,12.9,11.54,10.71
Q54,local,Q,2026-04,4,2,false,false,8.02,7.24,0.0798,,,,7.16,6.45,,11,15.9,,,8.92,8.14,6.53
Q54,local,Q,2026-05,20,10,false,true,7.98,7.21,0.0805,7.53,6.8,7.65,7.16,6.46,9.16,16,15.77,,,8.72,7.81,7.32
Q54,local,Q,2026-06,19,7,false,false,8.33,7.5,0.0772,7.8,7,8.22,7.57,6.8,9.18,16,14.24,,,8.43,7.52,6.99
Q54,local,Q,2026-07,22,8,true,true,8.07,7.27,0.0822,7.94,7.14,7.6,7.21,6.38,9.33,17,14.94,,,8.99,8.06,7.06
Q54,local,Q,2026-08,21,10,true,true,8.22,7.4,0.0842,8.11,7.25,7.82,7.31,6.52,9.31,17,14.37,,,8.9,7.98,7.02
Q54,local,Q,2026-09,21,8,true,true,7.94,7.15,0.0833,7.66,6.91,7.45,6.97,6.2,9.35,17,15.65,16.23,,8.89,7.98,6.88
Q54,local,Q,2026-10,4,2,false,false,7.73,6.95,0.0839,,,,6.63,5.89,8.94,12,15.89,15.98,16,8.6,7.49,7.58
Q55,local,Q,2026-04,4,2,false,false,8.56,7.74,0.0823,,,,8.18,7.4,,11,5.65,,,9.06,8.25,2.93
Q55,local,Q,2026-05,20,10,false,true,7.92,7.07,0.094,7.65,6.85,7.54,7.13,6.31,9.15,16,5.68,,,9.12,8.06,3.56
Q55,local,Q,2026-06,19,7,false,false,8.07,7.14,0.0973,8.35,7.26,7.87,7.28,6.7,8.58,16,4.95,,,8.62,7.57,3.42
Q55,local,Q,2026-07,22,8,true,true,8.29,7.44,0.0869,8.3,7.4,7.89,7.68,6.89,9.2,17,5.47,,,9.33,8.33,3.36
Q55,local,Q,2026-08,21,10,true,true,8.37,7.5,0.0873,8.08,7.17,8.03,7.61,6.71,9.52,17,5.48,,,9.21,8.19,3.47
Q55,local,Q,2026-09,21,8,true,true,8.12,7.25,0.091,7.89,7,7.76,7.06,6.24,9.47,17,5.66,6.22,,9.04,8.14,3.49
Q55,local,Q,2026-10,4,2,false,false,8.37,7.36,0.0873,,,,7.29,6.49,9.31,12,5.92,6.19,15.8,9.22,7.21,3.18
Q56,local,Q,2026-04,4,2,false,false,7.18,6.35,0.1056,,,,5.99,5.37,,11,7.82,,,8.41,7.69,4.94
Q56,local,Q,2026-05,20,10,false,true,7.28,6.49,0.0912,7.02,6.35,7.14,6.39,5.72,8.09,16,7.56,,,8.35,7.45,5.13
Q56,local,Q,2026-06,19,7,false,false,7.53,6.6,0.1015,7.47,6.45,7.3,6.63,5.93,8.31,16,7.34,,,7.64,6.53,4.49
Q56,local,Q,2026-07,22,8,true,true,7.54,6.73,0.0918,7.55,6.81,7.21,6.57,5.77,8.56,17,7.6,,,8.29,7.4,5.19
Q56,local,Q,2026-08,21,10,true,true,7.56,6.77,0.0909,7.77,7.05,7.28,6.64,5.84,8.24,17,7.5,,,8.23,7.42,5
Q56,local,Q,2026-09,21,8,true,true,7.38,6.59,0.0896,7.13,6.4,7.02,6.49,5.74,8.49,17,7.61,9.25,,8.37,7.5,5.44
Q56,local,Q,2026-10,4,2,false,false,7.53,6.56,0.1157,,,,6.34,5.44,8.67,12,6.69,8.58,12.2,8,6.39,5.08
Q58,local,Q,2026-04,4,2,false,false,7.64,6.71,0.109,,,,6.72,5.7,,11,17.2,,,8.16,7.22,12.23
Q58,local,Q,2026-05,20,10,false,true,7.55,6.71,0.095,6.96,6.26,7.36,6.89,6.14,8.51,16,18.48,,,8.2,7.17,12.98
Q58,local,Q,2026-06,19,7,false,false,7.85,6.93,0.0937,7.65,6.85,7.92,6.93,6.26,8.33,16,17.94,,,7.51,6.41,13.52
Q58,local,Q,2026-07,22,8,true,true,7.77,6.9,0.0925,8.03,7.27,7.48,7.05,6.27,8.36,17,17.84,,,8.36,7.39,12.93
Q58,local,Q,2026-08,21,10,true,true,7.92,7.06,0.0899,8.18,7.38,7.64,7.21,6.41,8.42,17,17.94,,,8.22,7.28,13.59
Q58,local,Q,2026-09,21,8,true,true,7.56,6.71,0.0934,7.51,6.69,7.32,6.7,5.94,8.34,17,18.55,18.1,,8.09,7.15,13.6
Q58,local,Q,2026-10,4,2,false,false,7.97,7.12,0.0939,,,,7.06,6.27,9.09,12,18.71,18.11,17.8,7.81,6.72,13.41
Q59,local,Q,2026-04,4,2,false,false,7.47,6.67,0.0919,,,,6.81,6.25,,11,7.9,,,7.99,7.03,4.93
Q59,local,Q,2026-05,20,10,false,true,7.27,6.5,0.0902,6.88,6.11,6.92,6.77,5.94,8.3,16,7.8,,,8.24,7.32,5.55
Q59,local,Q,2026-06,19,7,false,false,7.43,6.61,0.0822,7.23,6.61,7.06,7.32,6.42,8.03,16,7.78,,,8.28,7.39,5
Q59,local,Q,2026-07,22,8,true,true,7.48,6.69,0.0887,7.38,6.59,7.15,6.9,6.11,8.3,17,7.74,,,8.57,7.68,5.52
Q59,local,Q,2026-08,21,10,true,true,7.61,6.85,0.0831,7.55,6.8,7.31,6.83,6.13,8.54,17,7.55,,,8.62,7.73,5.65
Q59,local,Q,2026-09,21,8,true,true,7.26,6.49,0.0901,7.09,6.31,6.97,6.52,5.77,8.19,17,7.57,7.89,,8.51,7.68,5.63
Q59,local,Q,2026-10,4,2,false,false,7.34,6.52,0.0934,,,,6.46,5.54,8,12,7.36,8,12.5,8.13,7.36,5.42
Q60,local,Q,2026-04,4,2,false,false,8.14,7.04,0.1193,,,,7.36,6.41,,11,18.42,,,8.84,7.5,12.07
Q60,local,Q,2026-05,20,10,false,true,8,6.82,0.1282,7.43,6.29,7.59,7.48,6.29,9.08,16,17.52,,,8.7,7.31,12.69
Q60,local,Q,2026-06,19,7,false,false,8.22,6.98,0.1267,7.53,6.13,7.9,7.74,6.48,9.22,16,17.59,,,8.47,7.11,12.97
Q60,local,Q,2026-07,22,8,true,true,8.17,6.96,0.1243,8.33,7.1,7.69,7.49,6.24,8.87,17,17.31,,,9.06,7.67,12.3
Q60,local,Q,2026-08,21,10,true,true,8.35,7.16,0.118,8.29,7.15,7.88,7.68,6.49,9.21,17,17.26,,,9.18,7.73,12.33
Q60,local,Q,2026-09,21,8,true,true,8.06,6.88,0.1222,7.65,6.55,7.55,7.39,6.33,9.35,17,18.14,18.29,,8.99,7.64,12.5
Q60,local,Q,2026-10,4,2,false,false,7.96,6.83,0.1254,,,,7.04,6.05,9.21,12,18.01,17.75,17.5,9.02,7.78,12.96
Q61,local,Q,2026-04,4,2,false,false,9.32,8.34,0.0939,,,,8.54,7.88,,11,4.02,,,9.82,9.15,2.81
Q61,local,Q,2026-05,20,10,false,true,9.11,8.22,0.0853,8.89,8.11,8.86,8.48,7.66,9.9,16,4.19,,,9.73,8.85,2.85
Q61,local,Q,2026-06,19,7,false,false,9.16,8.16,0.0848,9.21,8.45,8.95,8.68,7.46,9.58,16,4.45,,,10.16,9.23,2.36
Q61,local,Q,2026-07,22,8,true,true,9.1,8.15,0.0876,8.74,7.79,8.94,8.73,7.78,9.69,17,4.43,,,9.71,8.84,2.82
Q61,local,Q,2026-08,21,10,true,true,9.09,8.27,0.077,8.94,8,8.72,8.63,7.75,9.79,17,4.42,,,9.76,8.9,2.8
Q61,local,Q,2026-09,21,8,true,true,9.22,8.31,0.0819,9.04,8.15,8.84,8.93,8.07,9.9,17,4.28,4.46,,9.89,9.02,2.65
Q61,local,Q,2026-10,4,2,false,false,9.64,8.4,0.1104,,,,8.98,7.97,10.76,12,3.96,4.38,12.2,9.93,9.24,2.43
Q63,local,Q,2026-04,4,2,false,false,8.65,7.55,0.1083,,,,8.18,7.14,,11,6.88,,,9.42,8.21,3.84
Q63,local,Q,2026-05,20,10,false,true,8.71,7.54,0.1108,8.93,7.92,8.26,8.47,7.36,9.14,16,6.84,,,9.11,7.63,4.29
Q63,local,Q,2026-06,19,7,false,false,8.61,7.55,0.1077,9.06,8.24,8.16,7.26,6.37,9.7,16,6.92,,,8.91,7.61,4.2
Q63,local,Q,2026-07,22,8,true,true,8.81,7.67,0.1055,8.97,7.89,8.5,8.55,7.42,9.14,17,6.78,,,9.08,7.77,4.12
Q63,local,Q,2026-08,21,10,true,true,8.94,7.79,0.1093,9.21,8.1,8.43,8.66,7.61,9.45,17,6.61,,,8.92,7.57,3.83
Q63,local,Q,2026-09,21,8,true,true,8.96,7.8,0.1085,8.83,7.77,8.72,8.56,7.54,9.41,17,6.76,7.15,,8.9,7.51,3.67
Q63,local,Q,2026-10,4,2,false,false,9.36,8.07,0.116,,,,7.95,6.94,10.33,12,6.18,6.81,19.2,8.75,7.36,3.71
Q64,local,Q,2026-04,4,2,false,false,8.94,7.71,0.1287,,,,8.34,7.05,,11,5.47,,,9.82,7.83,2.62
Q64,local,Q,2026-05,20,10,false,true,8.78,7.39,0.1419,7.95,6.89,8.62,8.12,6.82,9.96,16,5.44,,,9.97,8.23,2.59
Q64,local,Q,2026-06,19,7,false,false,9.3,7.75,0.1434,8.59,7.1,9.33,8.33,6.82,10.35,16,5.2,,,9.51,7.98,2.84
Q64,local,Q,2026-07,22,8,true,true,9.02,7.64,0.1328,8.37,7.11,9.06,8.19,6.94,9.85,17,5.09,,,10.32,8.45,2.55
Q64,local,Q,2026-08,21,10,true,true,9.23,7.84,0.1335,8.9,7.44,9.01,8.54,7.22,10.08,17,4.94,,,10.02,8.32,2.55
Q64,local,Q,2026-09,21,8,true,true,8.67,7.28,0.1403,8.01,6.8,8.5,7.88,6.64,9.88,17,5.29,4.51,,9.87,8.13,2.49
Q64,local,Q,2026-10,4,2,false,false,8.47,7.24,0.1336,,,,6.49,5.63,9.98,12,5.43,4.47,19.2,10.31,9.32,2.35
Q65,local,Q,2026-04,4,2,false,false,8.09,7.34,0.0809,,,,8,7.37,,11,13.36,,,8.69,7.59,6.77
Q65,local,Q,2026-05,20,10,false,true,7.92,6.98,0.1039,7.69,6.89,7.73,7.57,6.77,8.52,16,13.48,,,8.96,7.75,7
Q65,local,Q,2026-06,19,7,false,false,8.38,7.28,0.1036,8.07,7.5,8.32,7.98,6.92,8.88,16,12.7,,,8.68,7.76,6.97
Q65,local,Q,2026-07,22,8,true,true,8.21,7.26,0.0977,7.98,7.21,8.06,7.57,6.62,8.95,17,13.12,,,8.79,7.6,7.07
Q65,local,Q,2026-08,21,10,true,true,8.22,7.3,0.0933,8.06,7.22,8.09,7.67,6.81,8.81,17,12.84,,,8.76,7.59,7.15
Q65,local,Q,2026-09,21,8,true,true,8.12,7.12,0.1065,7.69,6.71,7.75,7.7,6.8,9.21,17,13.53,13.37,,8.72,7.3,7.33
Q65,local,Q,2026-10,4,2,false,false,7.99,7.05,0.1045,,,,7.18,6.22,8.81,12,13.48,13.28,16.9,8.8,7.51,7.69
Q66,local,Q,2026-04,4,2,false,false,8.31,7.4,0.0944,,,,7.85,7.02,,11,6.18,,,8.49,7.22,4.4
Q66,local,Q,2026-05,20,10,false,true,8.24,7.34,0.088,7.86,7.18,8.03,7.79,6.95,8.75,16,6.37,,,8.54,7.29,4.93
Q66,local,Q,2026-06,19,7,false,false,7.9,6.84,0.0987,8.58,7.69,7.51,7.05,6.39,8.18,16,5.61,,,8.23,6.99,4.84
Q66,local,Q,2026-07,22,8,true,true,8.32,7.38,0.0918,8.27,7.55,8.11,7.71,6.94,8.79,17,6.04,,,8.58,7.38,4.78
Q66,local,Q,2026-08,21,10,true,true,8.45,7.51,0.087,8.53,7.73,8.02,7.93,7.08,9.01,17,6,,,8.56,7.43,4.91
Q66,local,Q,2026-09,21,8,true,true,8.11,7.22,0.0867,8.16,7.32,7.6,7.85,7.13,8.61,17,6.2,6.5,,8.74,7.64,4.72
Q66,local,Q,2026-10,4,2,false,false,8.33,7.44,0.0762,,,,7.9,7.13,8.57,12,6.18,6.4,31.2,8.41,7.18,5
Q67,local,Q,2026-04,4,2,false,false,9.05,8.12,0.0816,,,,9.2,8.39,,10,4.12,,,10.28,9.59,1.86
Q67,local,Q,2026-05,20,10,false,true,8.99,8.12,0.0778,8.46,7.91,9.06,8.4,7.6,9.75,16,3.97,,,10.51,9.68,1.9
Q67,local,Q,2026-06,16,7,false,false,9.82,9.07,0.0508,9.11,8.75,9.63,9.34,8.67,11.02,16,3.39,,,10.77,9.67,1.87
Q67,local,Q,2026-07,22,8,true,true,9.46,8.66,0.0694,8.7,7.85,9.1,8.98,8.24,10.92,17,3.9,,,11.02,10.07,1.92
Q67,local,Q,2026-08,21,10,true,true,9.85,8.99,0.0675,9.11,8.3,9.53,9.23,8.52,11.37,17,3.81,,,10.94,9.96,1.89
Q67,local,Q,2026-09,21,8,true,true,9.49,8.69,0.0611,8.65,7.82,9.13,8.7,8.08,11.35,17,3.83,4.2,,11.23,10.33,1.87
Q67,local,Q,2026-10,4,2,false,false,9.31,8.66,0.0528,,,,9.03,8.41,10.34,12,4.02,4.09,7.7,11.68,10.35,1.93
Q69,local,Q,2026-04,4,2,false,false,7.35,6.5,0.1031,,,,6.57,5.98,,11,8.82,,,8.15,7.22,5.41
Q69,local,Q,2026-05,20,10,false,true,7.44,6.64,0.094,7.38,6.67,7.26,7.04,6.23,7.82,16,8.96,,,7.96,7.17,5.75
Q69,local,Q,2026-06,19,7,false,false,7.39,6.61,0.0965,7.76,7.15,7.06,7.42,6.57,7.34,16,7.84,,,7.77,6.9,6.19
Q69,local,Q,2026-07,22,8,true,true,7.58,6.71,0.0931,7.75,6.91,7.35,7.15,6.31,7.84,17,8.45,,,8.13,7.3,5.84
Q69,local,Q,2026-08,21,10,true,true,7.71,6.88,0.0909,7.83,7.01,7.51,7.14,6.32,8.14,17,8.32,,,8.09,7.25,5.93
Q69,local,Q,2026-09,21,8,true,true,7.49,6.69,0.0875,7.42,6.65,7.18,7.02,6.28,8.1,17,8.63,9.05,,8.07,7.23,5.85
Q69,local,Q,2026-10,4,2,false,false,7.54,6.79,0.0798,,,,6.98,6.16,7.89,12,8.55,8.45,13.3,7.49,6.81,6
Q70+,sbs,Q,2026-04,4,2,false,false,13.01,11.17,0.1261,,,,12.71,10.84,,11,5.74,,,13.51,11.42,4.2
Q70+,sbs,Q,2026-05,20,10,false,true,12.74,10.92,0.1308,11.98,10.53,12.81,12.25,10.28,13.1,16,6.08,,,13.59,11.64,4.24
Q70+,sbs,Q,2026-06,19,7,false,false,12.95,10.89,0.1409,14.44,12.38,11.84,12.19,9.76,13.62,16,6.01,,,13.09,11.37,4.11
Q70+,sbs,Q,2026-07,22,8,true,true,13.4,11.52,0.1235,13.5,11.64,13.02,12.27,10.51,14.28,17,5.66,,,14.44,12.19,3.94
Q70+,sbs,Q,2026-08,21,10,true,true,13.03,11.13,0.1296,13.33,11.51,12.8,12.2,10.3,13.1,17,5.74,,,14.19,11.88,4.17
Q70+,sbs,Q,2026-09,21,8,true,true,12.95,11.22,0.1141,13.03,11.24,12.67,12.05,10.37,13.48,17,5.79,6.31,,14.25,12.16,4.05
Q70+,sbs,Q,2026-10,4,2,false,false,12.46,10.8,0.1362,,,,11.21,9.49,12.73,12,5.65,6.28,27.2,11.55,8.94,4.21
Q72,local,Q,2026-04,4,2,false,false,7.12,6.23,0.1097,,,,5.82,4.83,,11,4.37,,,6.46,5.37,2.56
Q72,local,Q,2026-05,20,10,false,true,6.69,5.87,0.1105,6.37,5.57,6.58,5.55,4.82,7.64,16,4.62,,,7.25,6.09,2.98
Q72,local,Q,2026-06,19,7,false,false,6.82,6.05,0.1041,7.53,6.63,6.53,5.28,4.67,7.59,16,4.01,,,7.74,6.82,2.89
Q72,local,Q,2026-07,22,8,true,true,7.15,6.29,0.1017,7.32,6.43,7.02,6.02,5.18,7.88,17,4.3,,,7.49,6.25,2.97
Q72,local,Q,2026-08,21,10,true,true,7.1,6.22,0.103,7.44,6.51,7.13,5.72,4.93,7.48,17,4.43,,,7.15,5.98,2.9
Q72,local,Q,2026-09,21,8,true,true,6.83,5.94,0.1081,6.73,5.88,6.76,5.9,5.02,7.44,17,4.46,4.36,,7.35,6.16,2.94
Q72,local,Q,2026-10,4,2,false,false,6.68,5.8,0.124,,,,6.09,5.08,6.76,12,4.67,4.3,17.7,7.11,5.6,2.81
Q74,limited,Q,2026-04,4,2,false,false,11.03,9.89,0.086,,,,9.63,8.48,,11,4.44,,,12.12,10.5,1.98
Q74,limited,Q,2026-05,20,10,false,true,10.94,9.91,0.0787,9.89,9.01,10.69,10.13,9.17,12.48,16,4.44,,,11.98,10.79,1.86
Q74,limited,Q,2026-06,19,7,false,false,11.84,10.71,0.0754,10.79,9.52,11.4,10.98,10.1,13.67,16,4.13,,,12.38,11.19,1.56
Q74,limited,Q,2026-07,22,8,true,true,11.68,10.46,0.0831,11.18,10.06,11.41,11.04,9.98,12.68,17,4.4,,,13.1,12.02,1.99
Q74,limited,Q,2026-08,21,10,true,true,11.8,10.79,0.0709,11.63,10.62,11.56,11.3,10.28,12.34,17,4.07,,,13.25,12.22,1.88
Q74,limited,Q,2026-09,21,8,true,true,11.17,10.06,0.0802,10.47,9.41,10.74,10.28,9.37,12.87,17,4.25,3.66,,13.23,12.23,1.88
Q74,limited,Q,2026-10,4,2,false,false,10.41,9.42,0.0839,,,,8.75,7.93,12.23,12,4.13,3.52,29.5,13.34,12.41,1.95
Q75,local,Q,2026-04,4,0,false,false,9.37,8.33,0.1009,,,,8.51,7.62,,11,6.29,,,,,
Q75,local,Q,2026-05,20,0,false,false,9.63,8.32,0.1201,8.94,7.8,9.58,8.82,7.53,10.73,16,6.55,,,,,
Q75,local,Q,2026-06,19,0,false,false,9.89,8.74,0.0877,9.35,8.43,9.75,9.56,8.91,10.69,16,5.54,,,,,
Q75,local,Q,2026-07,22,0,true,false,9.97,8.76,0.1022,9.65,8.53,9.86,9.23,8.08,10.72,17,6.01,,,,,
Q75,local,Q,2026-08,21,0,true,false,10.12,8.98,0.0938,10.07,8.92,10.04,9.07,7.95,11.02,17,5.73,,,,,
Q75,local,Q,2026-09,21,0,true,false,9.71,8.55,0.0994,9.12,8.03,9.38,9.14,7.97,11.05,17,6.61,6.6,,,,
Q75,local,Q,2026-10,4,0,false,false,9.87,8.69,0.0944,,,,8.74,7.29,11.91,12,6.41,6.24,15.8,,,
Q76,local,Q,2026-04,4,2,false,false,10.42,9.67,0.0636,,,,9.87,9.31,,11,7.09,,,12.25,11.29,3.44
Q76,local,Q,2026-05,20,10,false,true,10.28,9.43,0.0688,9.86,9.21,10.07,9.6,8.83,11.26,16,7.27,,,11.13,10.28,3.63
Q76,local,Q,2026-06,19,7,false,false,10.32,9.56,0.0631,9.7,8.81,9.81,9.87,9.19,11.74,16,6.74,,,11.03,10.13,3.43
Q76,local,Q,2026-07,22,8,true,true,10.32,9.52,0.0642,10,9.23,10.05,9.94,9.19,11.02,17,6.96,,,11.22,10.29,3.64
Q76,local,Q,2026-08,21,10,true,true,10.4,9.54,0.0688,10.04,9.16,10.03,9.75,8.91,11.54,17,7.15,,,11.31,10.43,3.54
Q76,local,Q,2026-09,21,8,true,true,10.26,9.39,0.0664,9.89,9.06,9.87,9.49,8.77,11.53,17,7.64,8.1,,11.32,10.44,3.63
Q76,local,Q,2026-10,4,2,false,false,10.06,9.3,0.0603,,,,9.27,8.52,11.82,12,7.64,8.07,10.3,10.26,9.47,3.73
Q77,local,Q,2026-04,4,2,false,false,9.64,8.65,0.089,,,,8.57,7.82,,10,7.5,,,10.84,9.85,3.11
Q77,local,Q,2026-05,20,10,false,true,9.49,8.55,0.0921,9.17,8.42,9.4,8.83,7.98,10.19,16,8.03,,,10.37,9.44,3.15
Q77,local,Q,2026-06,13,7,false,false,9.71,8.85,0.0738,10.29,9.44,8.89,9.64,8.76,10.41,16,6.68,,,9.93,9,2.87
Q77,local,Q,2026-07,22,8,true,true,9.81,8.96,0.0697,9.93,9.1,9.42,9.24,8.43,10.61,17,6.87,,,10.43,9.54,3.24
Q77,local,Q,2026-08,21,10,true,true,9.8,8.9,0.0707,9.9,9.04,9.31,9.17,8.43,10.71,17,6.76,,,10.13,9.28,2.9
Q77,local,Q,2026-09,21,8,true,true,9.57,8.73,0.0692,9.36,8.51,9.12,8.96,8.25,10.75,17,7.72,8.43,,10.04,9.18,3.05
Q77,local,Q,2026-10,4,2,false,false,9.34,8.42,0.0913,,,,8.48,7.86,10.19,12,7.75,8.44,15.7,9.69,9.14,3.36
Q80,local,Q,2026-04,4,2,false,false,8.09,7.13,0.0964,,,,7.57,6.63,,11,5.16,,,8.67,7.58,3.74
Q80,local,Q,2026-05,20,10,false,true,7.65,6.92,0.0814,7.41,6.69,7.53,7.2,6.52,8.21,16,5.26,,,8.41,7.5,3.8
Q80,local,Q,2026-06,19,7,false,false,8.08,7.23,0.0906,8.06,6.98,7.78,8.11,7.1,8.4,16,5.02,,,8.48,7.43,3.69
Q80,local,Q,2026-07,22,8,true,true,7.89,6.97,0.0901,7.89,7.09,7.63,7.26,6.54,8.67,17,5.14,,,8.42,7.45,3.92
Q80,local,Q,2026-08,21,10,true,true,7.9,7.09,0.0847,7.97,7.17,7.6,7.27,6.59,8.63,17,5.05,,,8.53,7.57,3.8
Q80,local,Q,2026-09,21,8,true,true,7.75,6.96,0.0848,7.43,6.67,7.52,7.08,6.44,8.68,17,5.26,5.61,,8.5,7.65,3.78
Q80,local,Q,2026-10,4,2,false,false,7.64,6.92,0.0828,,,,6.81,6.08,8.56,12,5.28,5.61,17.4,8.85,8.12,3.87
Q82,local,Q,2026-04,4,2,false,false,10.44,9.37,0.0897,,,,9.35,8.26,,11,2.64,,,10.85,9.87,2.55
Q82,local,Q,2026-05,20,10,false,true,9.6,8.61,0.0888,9.38,8.74,9.57,8.89,8.12,10.21,16,2.63,,,10.48,9.4,2.56
Q82,local,Q,2026-06,19,7,false,false,9.98,9.08,0.0633,10.69,9.97,9.93,8.7,8.24,10.37,16,2.46,,,10.09,8.99,2.6
Q82,local,Q,2026-07,22,8,true,true,10.13,9.27,0.0701,9.78,9.06,9.98,9.36,8.59,11.19,17,2.57,,,10.85,9.91,2.46
Q82,local,Q,2026-08,21,10,true,true,10.21,9.4,0.065,10.07,9.24,9.59,9.79,9,11.3,17,2.49,,,11.01,10.06,2.48
Q82,local,Q,2026-09,21,8,true,true,9.83,9.03,0.0649,9.32,8.51,9.79,9.31,8.67,10.75,17,2.6,2.84,,11.05,10.06,2.45
Q82,local,Q,2026-10,4,2,false,false,9.83,9.19,0.0564,,,,9.27,8.33,10.72,12,2.6,2.79,11.1,10.25,9.2,2.63
Q83,local,Q,2026-04,4,2,false,false,8.72,7.87,0.0899,,,,8.02,7.41,,11,8.71,,,10.03,8.83,4.6
Q83,local,Q,2026-05,20,10,false,true,8.43,7.5,0.0955,8.27,7.49,8.05,7.81,6.82,9.27,16,8.7,,,9.75,8.7,4.93
Q83,local,Q,2026-06,19,7,false,false,8.82,7.81,0.0912,9.02,8.04,8.48,7.91,6.97,9.54,16,8.92,,,9.65,8.85,5.01
Q83,local,Q,2026-07,22,8,true,true,8.67,7.7,0.0959,8.6,7.73,8.38,8.03,7,9.32,17,8.45,,,9.51,8.4,4.96
Q83,local,Q,2026-08,21,10,true,true,8.82,7.84,0.0942,8.72,7.77,8.58,8,7.01,9.54,17,8.42,,,9.57,8.54,5.07
Q83,local,Q,2026-09,21,8,true,true,8.6,7.64,0.0946,8.13,7.27,8.22,7.82,6.84,9.85,17,8.63,8.83,,9.66,8.58,5.05
Q83,local,Q,2026-10,4,2,false,false,8.69,7.66,0.0962,,,,7.48,6.56,9.95,12,8.52,8.81,15.9,9.43,7.97,5.06
Q84,local,Q,2026-04,4,2,false,false,10.43,9.45,0.0795,,,,9.97,9.01,,11,4.63,,,11.71,11.04,2.83
Q84,local,Q,2026-05,20,10,false,true,10.3,9.37,0.0772,9.72,8.79,9.96,9.7,8.87,11.41,16,4.91,,,11.5,10.6,2.8
Q84,local,Q,2026-06,19,7,false,false,10.79,9.79,0.0786,10.42,9.71,10.68,9.97,9.2,11.55,16,4.86,,,11.04,10.2,2.99
Q84,local,Q,2026-07,22,8,true,true,10.58,9.69,0.0704,10.36,9.41,10.33,9.87,9.09,11.35,17,4.68,,,11.49,10.46,2.83
Q84,local,Q,2026-08,21,10,true,true,10.62,9.76,0.0656,10.24,9.44,10.43,9.96,9.14,11.24,17,4.59,,,11.34,10.4,2.78
Q84,local,Q,2026-09,21,8,true,true,10.25,9.35,0.0732,9.61,8.77,9.91,9.57,8.73,11.55,17,4.81,5.15,,11.28,10.28,2.79
Q84,local,Q,2026-10,4,2,false,false,10.16,9.16,0.0854,,,,9.51,8.29,11.32,12,5.41,5.15,13.4,10.47,9.65,3.05
Q85,local,Q,2026-04,4,2,false,false,9.77,8.72,0.0929,,,,8.87,8.15,,11,8.43,,,10.85,8.73,4.02
Q85,local,Q,2026-05,20,10,false,true,9.74,8.53,0.1095,9.2,7.89,9.51,9.11,8.11,10.74,16,9.17,,,10.52,8.76,4.29
Q85,local,Q,2026-06,19,7,false,false,10.5,8.84,0.1457,10.41,8.5,10.09,10.34,8.91,11.06,16,8.59,,,10.3,8.57,4.44
Q85,local,Q,2026-07,22,8,true,true,9.88,8.44,0.1301,9.84,8.34,9.62,9.1,7.61,10.54,17,8.63,,,10.64,9.08,3.94
Q85,local,Q,2026-08,21,10,true,true,9.85,8.42,0.1279,9.78,8.3,9.56,9.18,7.77,10.54,17,8.79,,,10.55,9.03,3.93
Q85,local,Q,2026-09,21,8,true,true,9.52,8.26,0.1119,9.22,7.78,9.25,8.86,7.64,10.53,17,9.21,9.03,,10.5,9.11,4.1
Q85,local,Q,2026-10,4,2,false,false,9.34,8.19,0.1078,,,,8.66,7.32,10.21,12,9.31,8.92,14.9,10.37,9.47,4.58
Q86,local,Q,2026-04,4,2,false,false,9.29,8.59,0.0704,,,,8.72,7.7,,11,5.02,,,10.35,9.32,2.97
Q86,local,Q,2026-05,20,10,false,true,9.38,8.49,0.0831,8.75,8.05,9.11,8.54,7.77,10.69,16,5,,,10.31,8.9,2.78
Q86,local,Q,2026-06,19,7,false,false,9.44,8.5,0.0957,9.29,9.02,9.19,8.96,7.26,10.07,16,4.66,,,10.43,9.18,2.71
Q86,local,Q,2026-07,22,8,true,true,9.51,8.48,0.0932,9.6,8.54,9.2,8.99,7.93,10.23,17,4.81,,,10.23,8.94,2.8
Q86,local,Q,2026-08,21,10,true,true,9.5,8.54,0.083,9.63,8.46,9.37,8.81,8,9.95,17,4.87,,,10.32,8.85,2.56
Q86,local,Q,2026-09,21,8,true,true,9.34,8.47,0.0722,9.01,8.13,9.08,8.67,7.89,10.2,17,4.99,5.16,,10.32,9.05,2.36
Q86,local,Q,2026-10,4,2,false,false,9.25,8.54,0.0618,,,,8.59,7.97,9.59,12,5.06,5.03,15.8,9.81,8.63,2.84
Q87,local,Q,2026-04,4,2,false,false,9.84,8.82,0.0932,,,,9.69,9.16,,11,4.66,,,11.78,10.88,3.78
Q87,local,Q,2026-05,20,10,false,true,9.79,8.7,0.0971,9.57,8.81,9.5,8.93,7.94,10.81,16,4.52,,,11.45,10.21,4.14
Q87,local,Q,2026-06,19,7,false,false,10.35,9.51,0.0728,10.07,9.4,10.44,9.19,8.14,11.1,16,4.08,,,11.22,10.02,4.27
Q87,local,Q,2026-07,22,8,true,true,10.01,8.86,0.0962,10.18,9,9.72,9.23,8.16,10.61,17,4.48,,,11.81,10.71,4.03
Q87,local,Q,2026-08,21,10,true,true,9.98,9.04,0.0798,9.94,9.09,9.65,9.19,8.33,10.83,17,4.17,,,11.51,10.42,3.83
Q87,local,Q,2026-09,21,8,true,true,9.68,8.68,0.0879,9.64,8.46,9.42,9.14,8.26,10.4,17,4.39,4.65,,11.64,10.48,3.9
Q87,local,Q,2026-10,4,2,false,false,9.92,9.17,0.0688,,,,8.58,7.65,11.07,12,4.03,4.46,14,11.73,10.53,4.36
Q88,local,Q,2026-04,4,2,false,false,11.56,10.75,0.0585,,,,10.7,10.14,,11,10.58,,,12.3,11.62,5.23
Q88,local,Q,2026-05,20,10,false,true,11.15,10.33,0.0606,10.19,9.53,11.08,10.45,9.58,12.35,16,10.97,,,12.3,11.22,6.18
Q88,local,Q,2026-06,19,7,false,false,11.5,10.7,0.0584,11.12,10.14,11.27,10.68,9.63,12.6,16,9.49,,,12.1,11.01,6.51
Q88,local,Q,2026-07,22,8,true,true,11.63,10.77,0.0596,11.14,10.26,11.53,10.74,9.83,12.71,17,9.55,,,12.37,11.37,6.2
Q88,local,Q,2026-08,21,10,true,true,11.8,10.93,0.0617,11.42,10.46,11.61,10.83,9.96,12.82,17,9.54,,,12.32,11.34,6.1
Q88,local,Q,2026-09,21,8,true,true,11.31,10.47,0.0608,10.74,9.93,11.08,10.24,9.44,12.78,17,10.69,10.32,,12.43,11.52,6.18
Q88,local,Q,2026-10,4,2,false,false,11.49,10.46,0.0789,,,,9.86,9.01,13.17,12,11.73,10.03,16.2,12.12,10.82,5.89
Q89,local,Q,2026-04,4,2,false,false,10.54,9.4,0.0871,,,,9.75,8.43,,11,4.27,,,10.84,9.98,3.15
Q89,local,Q,2026-05,20,10,false,true,10.28,9.02,0.1045,10.04,9.08,10.04,9.3,8,11.55,16,4.63,,,11.03,9.6,3.65
Q89,local,Q,2026-06,19,5,false,false,10.36,9.15,0.1077,10.35,9.24,10.05,9.26,7.68,11.67,16,4.03,,,10.6,9.41,3.65
Q89,local,Q,2026-07,22,8,true,true,10.23,9,0.1031,10.27,9.18,10.13,9.25,8.18,11.09,16,4.42,,,10.72,9.43,3.6
Q89,local,Q,2026-08,21,10,true,true,10.17,8.99,0.1001,10.27,9.24,9.99,9.21,8.07,11.09,16,4.29,,,10.68,9.26,3.67
Q89,local,Q,2026-09,21,8,true,true,10.02,8.91,0.0916,10.15,9.09,9.89,9.31,8.33,10.65,17,4.41,4.8,,10.72,9.29,3.68
Q89,local,Q,2026-10,4,2,false,false,9.87,8.76,0.0925,,,,8.03,7.13,11.83,11,4.09,4.75,18.6,10.88,9.26,4.29
Q90,local,Q,2026-04,4,2,false,false,9.25,7.26,0.2076,,,,6.71,4.95,,11,2.57,,,10.3,7.93,2.54
Q90,local,Q,2026-05,20,10,false,true,10.06,8.07,0.178,10.73,8.62,9.62,8.86,6.96,10.65,16,2.49,,,10.34,8.12,2.2
Q90,local,Q,2026-06,19,7,false,false,10.72,8.76,0.174,10.41,8.83,9.79,11.17,9.77,11.57,16,2.39,,,10.83,9.15,2.36
Q90,local,Q,2026-07,22,8,true,true,11,9.28,0.1401,11.37,9.54,11.09,9.8,8.09,11.16,17,2.27,,,11.28,9.62,1.98
Q90,local,Q,2026-08,21,10,true,true,10.66,8.9,0.1507,11.33,9.41,10.01,9.92,8.14,11.2,17,2.39,,,11.2,9.83,2.04
Q90,local,Q,2026-09,21,8,true,true,11.12,9.24,0.1506,11.61,9.83,10.75,10.09,8.17,11.67,17,2.33,2.74,,10.95,9.46,2.11
Q90,local,Q,2026-10,4,2,false,false,11.09,9.17,0.1563,,,,9.78,7.28,11.43,12,2.35,2.77,5.8,12.75,11.57,2.16
Q96,shuttle,Q,2026-05,1,2,false,false,7.44,6.21,0.1569,,,,,,7.44,1,0.01,,,8.31,7.08,0.05
Q98,local,Q,2026-04,4,2,false,false,8.35,7.36,0.1072,,,,7.44,6.54,,11,8.4,,,9.29,8.16,5.96
Q98,local,Q,2026-05,20,10,false,true,8.42,7.45,0.0982,7.81,7.08,8.14,7.79,6.85,9.53,16,8.91,,,9.15,8.02,6.92
Q98,local,Q,2026-06,19,7,false,false,8.94,7.8,0.1078,8.31,7.37,8.78,8.42,7.73,9.8,16,8.35,,,8.48,7.36,7.54
Q98,local,Q,2026-07,22,8,true,true,8.73,7.78,0.0908,8.8,7.94,8.46,7.75,6.86,9.61,17,8.68,,,9.41,8.28,6.92
Q98,local,Q,2026-08,21,10,true,true,8.66,7.68,0.0959,8.73,7.8,8.27,7.92,6.99,9.47,17,8.71,,,9.41,8.35,7.04
Q98,local,Q,2026-09,21,8,true,true,8.39,7.42,0.0982,8.12,7.2,8.08,7.6,6.69,9.42,17,8.79,8.71,,9.22,8.13,7.02
Q98,local,Q,2026-10,4,2,false,false,8.37,7.5,0.0929,,,,7.62,6.78,9.52,12,8.91,8.73,17.2,8.2,7.12,7.24
QM1,express,X,2026-04,4,0,false,false,10.84,9.88,0.1475,,,,12.67,10.72,13.12,7,1.21,,,,,
QM1,express,X,2026-05,20,0,false,false,11.02,9.4,0.1937,12.22,10.51,,11.42,10.26,13.93,10,1.11,,,,,
QM1,express,X,2026-06,3,0,false,false,12.04,11.36,0.1179,11.33,10.6,,13.95,13.25,15.84,8,0.99,,,,,
QM1,express,X,2026-07,22,0,true,false,11.12,9.46,0.1889,12.8,11.89,,11.61,9.77,14.47,9,0.98,,,,,
QM1,express,X,2026-08,21,0,true,false,13.26,12.05,0.1619,15.6,14.43,,13.75,12.87,13.7,11,0.86,,,,,
QM1,express,X,2026-09,21,0,true,false,10.13,9.13,0.1736,11.25,9.98,2.39,10.56,9.08,13.11,12,0.99,0.91,,,,
QM1,express,X,2026-10,3,0,false,false,11.66,10.39,0.1474,,,,11.03,10.12,,6,0.91,0.93,4.9,,,
QM10,express,X,2026-04,4,0,false,false,9.46,8.85,0.0597,,,,7.86,7.51,,6,0.77,,,,,
QM10,express,X,2026-05,19,0,false,false,10.53,9.83,0.061,15.52,15.01,,9.06,8.35,7.91,10,0.7,,,,,
QM10,express,X,2026-06,1,0,false,false,10.03,9.42,0.037,12.34,12.19,,10.04,9.44,,7,0.69,,,,,
QM10,express,X,2026-07,22,0,true,false,13.1,11.65,0.066,17.13,15.46,6.37,9.96,8.93,12.29,12,0.69,,,,,
QM10,express,X,2026-08,21,0,true,false,13.63,12.39,0.0879,18.92,17.93,9.14,10.45,9.52,,11,0.66,,,,,
QM10,express,X,2026-09,21,0,true,false,11.73,10.11,0.134,16.98,15.11,5.3,9.03,7.78,,12,0.79,0.87,,,,
QM10,express,X,2026-10,3,0,false,false,8.47,6.78,0.2343,,,,9,8.4,7.77,7,0.67,0.86,8.5,,,
QM11,express,X,2026-04,4,0,false,false,9.11,7.76,0.1636,,,,7.8,7.07,6.84,7,1.37,,,,,
QM11,express,X,2026-05,20,0,false,false,10.41,8.61,0.1678,13.48,12.21,,11.04,9.39,10.49,10,1.55,,,,,
QM11,express,X,2026-06,3,0,false,false,11.72,10.16,0.1192,14.95,14.29,,11.77,10.34,11.63,8,1.17,,,,,
QM11,express,X,2026-07,22,0,true,false,12.38,10.67,0.1423,14.78,13.17,11.55,12.87,11.55,12.92,12,1.48,,,,,
QM11,express,X,2026-08,21,0,true,false,11.97,10.37,0.1279,14.66,13.25,8.88,12.73,11.38,10.77,12,1.41,,,,,
QM11,express,X,2026-09,21,0,true,false,9.86,8.68,0.1328,13.16,11.85,6.01,10.22,9.2,,11,1.49,1.62,,,,
QM11,express,X,2026-10,3,0,false,false,10.14,7.23,0.2768,,,,9.4,8.85,12.97,7,1.41,1.48,13.3,,,
QM12,express,X,2026-04,4,0,false,false,8.9,7.9,0.11,,,,8.74,7.93,,6,0.87,,,,,
QM12,express,X,2026-05,19,0,false,false,8.67,7.28,0.1477,8.95,7.69,5.69,8.97,7.58,10.78,11,0.84,,,,,
QM12,express,X,2026-06,1,0,false,false,10.01,9,0.0984,11.8,10.98,,9.84,9.17,,9,0.72,,,,,
QM12,express,X,2026-07,22,0,true,false,10.04,8.91,0.0944,10.45,9.61,7.14,9.62,8.85,11.32,12,0.85,,,,,
QM12,express,X,2026-08,21,0,true,false,11.52,10.32,0.0862,11.22,9.9,9.39,10.33,9.55,16.21,12,0.79,,,,,
QM12,express,X,2026-09,21,0,true,false,10.18,8.49,0.1485,10.9,9.58,8.13,9.27,8.26,13.59,13,0.87,0.88,,,,
QM12,express,X,2026-10,3,0,false,false,8.05,6.97,0.0844,,,,6.96,6.63,,6,0.77,0.85,4.1,,,
QM15,express,X,2026-04,4,1,false,false,12.73,11.56,0.0823,,,,10.67,9.63,,11,5.18,,,18.44,16.29,0.54
QM15,express,X,2026-05,20,5,false,true,12.69,11.25,0.1056,11.86,10.31,12.04,11.6,10.28,14.72,16,5.52,,,13.51,11.26,1.08
QM15,express,X,2026-06,19,3,false,false,14.34,13.1,0.0855,10.62,9.71,16.93,12.07,10.5,14.57,16,5.48,,,11.63,10.92,1.24
QM15,express,X,2026-07,22,4,true,true,14.29,12.87,0.0927,12.99,11.05,15.05,11.94,10.69,15.72,17,5.3,,,14.94,13.66,1.07
QM15,express,X,2026-08,21,5,true,true,14.27,12.76,0.0873,13.95,12.28,13.76,11.75,10.5,16.89,17,5.15,,,15.26,13.72,0.97
QM15,express,X,2026-09,21,4,true,true,13.01,11.31,0.1126,11.91,10.34,12.54,10.73,9.18,15.83,17,4.82,4.48,,15.82,14.6,1.07
QM15,express,X,2026-10,4,1,false,false,12.49,11.34,0.0811,,,,10.37,9.4,16.07,12,4.42,4.56,16.9,14.02,12.31,1.27
QM16,express,X,2026-04,4,0,false,false,13.73,13.21,0.0768,,,,12.39,11.66,,7,1.92,,,,,
QM16,express,X,2026-05,20,0,false,false,13.98,13.14,0.0718,13.83,13.06,4.93,12.74,11.52,,10,1.91,,,,,
QM16,express,X,2026-06,3,0,false,false,13.09,12.08,0.0913,,,,12.44,11.23,,7,1.89,,,,,
QM16,express,X,2026-07,22,0,true,false,13.07,12.21,0.0891,12.05,11.1,,12.16,11.1,,10,1.77,,,,,
QM16,express,X,2026-08,21,0,true,false,14.55,13.55,0.0781,13.98,12.82,,13.66,12.55,,10,1.73,,,,,
QM16,express,X,2026-09,21,0,true,false,12.53,11.86,0.1179,12.25,11.02,2.13,10.94,9.72,18.3,12,1.74,1.68,,,,
QM16,express,X,2026-10,3,0,false,false,13.85,12.83,0.088,,,,11.48,10.79,,7,1.45,1.89,15.3,,,
QM17,express,X,2026-04,4,0,false,false,11.04,10.32,0.0733,,,,10.36,9.74,,7,2.1,,,,,
QM17,express,X,2026-05,20,0,false,false,12.67,11.5,0.069,14.64,13,6.14,12.25,11.36,,10,2.02,,,,,
QM17,express,X,2026-06,3,0,false,false,12.29,11.55,0.101,11.31,10.54,,11.71,10.97,,9,1.91,,,,,
QM17,express,X,2026-07,22,0,true,false,11.91,11.01,0.0937,13.04,12.26,,12.49,11.34,14,11,1.92,,,,,
QM17,express,X,2026-08,21,0,true,false,12.68,11.67,0.0832,14.24,12.86,,13.34,12.33,,10,1.81,,,,,
QM17,express,X,2026-09,21,0,true,false,10.6,9.53,0.1391,11.87,10.88,3.44,11.88,10.41,11.42,12,1.78,1.66,,,,
QM17,express,X,2026-10,3,0,false,false,9.84,8.82,0.1012,,,,12.11,11.16,,7,1.59,1.84,14.8,,,
QM18,express,X,2026-04,4,0,false,false,10.46,10.19,0.0369,,,,7.5,7.28,,7,0.95,,,,,
QM18,express,X,2026-05,20,0,false,false,8.93,8.17,0.0666,9.75,8.38,5.67,8.19,7.38,,9,0.93,,,,,
QM18,express,X,2026-06,3,0,false,false,10.74,10.15,0.0629,12.81,12.03,,10.05,9.3,,8,0.82,,,,,
QM18,express,X,2026-07,22,0,true,false,9.03,8.36,0.0687,10.34,9.22,5.35,8.04,7.09,,10,0.93,,,,,
QM18,express,X,2026-08,21,0,true,false,10.64,9.57,0.092,13.57,12.02,8.46,8.44,7.76,,10,0.81,,,,,
QM18,express,X,2026-09,21,0,true,false,9.15,8.15,0.1017,11.08,9.68,2.38,7.69,6.74,11.16,11,0.93,0.86,,,,
QM18,express,X,2026-10,3,0,false,false,8.76,7.9,0.0968,,,,8.08,7.1,,6,0.87,0.83,9,,,
QM2,express,X,2026-04,4,2,false,false,12.99,10.22,0.2003,,,,11.46,8.99,,11,4.19,,,11.21,9.1,2.24
QM2,express,X,2026-05,20,10,false,true,13.31,11.4,0.1292,12.88,11.66,12.19,12.01,10.66,15.29,16,4.1,,,13.74,11.34,2.09
QM2,express,X,2026-06,18,7,false,false,15.28,13.11,0.1105,12.68,12.08,15.01,15.26,12.8,16.64,16,4.03,,,11.71,9.89,2.09
QM2,express,X,2026-07,22,8,true,true,13.74,11.35,0.1644,12.81,11.42,13.92,13.22,11.34,13.95,17,3.92,,,14.63,11.52,2.26
QM2,express,X,2026-08,21,10,true,true,13.87,11.76,0.1429,13.78,12.4,13.61,12.87,11.38,14.15,17,3.88,,,15.52,12.83,1.92
QM2,express,X,2026-09,21,8,true,true,13.34,11.68,0.109,12.39,11.31,12.92,11.92,10.44,14.64,17,4.05,4.65,,15.56,12.77,2.1
QM2,express,X,2026-10,4,2,false,false,13.63,12.3,0.1076,,,,13.81,12.91,13.49,12,4.06,4.58,10.4,18.88,15.32,2.57
QM20,express,X,2026-04,4,0,false,false,13.75,12.67,0.0723,,,,13.86,13.03,,11,3.47,,,,,
QM20,express,X,2026-05,20,0,false,false,14.08,12.67,0.0862,13.4,12.25,14.16,12.36,11.26,14.93,16,3.49,,,,,
QM20,express,X,2026-06,19,0,false,false,10.18,9.09,0.1037,11.81,11.74,8.34,11.26,10.36,10.12,16,3.62,,,,,
QM20,express,X,2026-07,22,0,true,false,13.56,11.92,0.1071,11.75,10.8,13.87,12.25,10.77,15.09,17,3.19,,,,,
QM20,express,X,2026-08,21,0,true,false,14.11,12.61,0.0965,14.41,13.46,13.95,12.37,11.02,14.77,17,3.14,,,,,
QM20,express,X,2026-09,21,0,true,false,12.53,10.9,0.1191,13.35,12.1,10.91,10.24,8.84,14.97,17,3.45,4.08,,,,
QM20,express,X,2026-10,4,0,false,false,14.91,13.49,0.0625,,,,14.21,13.3,17.19,12,3.21,3.89,9.1,,,
QM21,express,X,2026-04,4,0,false,false,13.17,10.97,0.1605,,,,10.48,8.5,,7,1.17,,,,,
QM21,express,X,2026-05,20,0,false,false,13.48,12.07,0.1168,16.19,15.24,,10.71,9.17,13.77,11,1.21,,,,,
QM21,express,X,2026-06,10,0,false,false,11.49,11.47,0.1908,11.12,8.53,,9.59,13.92,,10,1.07,,,,,
QM21,express,X,2026-07,22,0,true,false,13.29,11.03,0.1832,15.06,13.9,,11.61,9.87,13.85,12,1.18,,,,,
QM21,express,X,2026-08,21,0,true,false,13.09,11.11,0.1665,16.44,14.71,8.47,10.77,9.39,14.48,13,1.14,,,,,
QM21,express,X,2026-09,21,0,true,false,11.67,9.82,0.1452,10.6,9.29,7.69,9.11,7.63,15.81,13,1.22,1.41,,,,
QM21,express,X,2026-10,4,0,false,false,13.2,11.21,0.1685,,,,12.02,10.5,14.52,9,1.13,1.47,5.5,,,
QM24,express,X,2026-04,4,0,false,false,12.67,12.11,0.0478,,,,10.21,9.74,,7,1.53,,,,,
QM24,express,X,2026-05,20,0,false,false,11.98,11.26,0.0802,10.37,9.36,7.17,9.03,8.15,,10,1.65,,,,,
QM24,express,X,2026-06,3,0,false,false,11.52,11.22,0.0485,9.91,9.73,,8.95,7.94,,9,1.45,,,,,
QM24,express,X,2026-07,22,0,true,false,12.09,11.47,0.0615,10.04,9.11,8.25,9.11,8.22,,11,1.58,,,,,
QM24,express,X,2026-08,21,0,true,false,12.32,11.72,0.0502,10.31,9.52,6.82,9.97,9.21,,12,1.51,,,,,
QM24,express,X,2026-09,21,0,true,false,12.1,11.38,0.0885,10.4,9.5,8.12,8.79,7.62,19.27,12,1.65,1.63,,,,
QM24,express,X,2026-10,4,0,false,false,11.19,10.64,0.0266,,,,9.56,8.92,,8,1.54,1.65,12.2,,,
QM25,express,X,2026-04,4,0,false,false,11.54,10.73,0.0827,,,,12.24,11.98,10.02,7,1.22,,,,,
QM25,express,X,2026-05,19,0,false,false,13.47,12.15,0.0841,15.22,14.14,13.67,11.66,10.09,11.77,10,1.22,,,,,
QM25,express,X,2026-06,2,0,false,false,11.48,10.82,0.0455,13.88,12.13,5.5,10.79,10.54,,8,1.3,,,,,
QM25,express,X,2026-07,22,0,true,false,12.45,11.04,0.1109,13.26,11.87,10.22,11.78,10.29,11.7,10,1.27,,,,,
QM25,express,X,2026-08,21,0,true,false,13.42,11.98,0.0873,13.7,12.74,13.03,13.4,11.52,12.35,10,1.25,,,,,
QM25,express,X,2026-09,21,0,true,false,12.14,10.74,0.0995,12.6,11.41,9.14,12.04,10.43,,9,1.3,1.42,,,,
QM25,express,X,2026-10,3,0,false,false,11.18,10.59,0.0805,,,,10.55,9.32,8.81,7,1.45,1.55,16.5,,,
QM31,express,X,2026-04,4,0,false,false,9.72,9.38,0.0235,,,,9.81,8.94,,6,0.77,,,,,
QM31,express,X,2026-05,19,0,false,false,12.4,11.63,0.0617,13.66,12.67,,13.46,12.34,,7,0.7,,,,,
QM31,express,X,2026-06,1,0,false,false,13.82,13.04,0.0339,14.62,13.55,,15.74,14.56,,6,0.63,,,,,
QM31,express,X,2026-07,22,0,true,false,15.13,13.72,0.0663,19.37,17.01,,14.13,12.78,16.24,8,0.58,,,,,
QM31,express,X,2026-08,21,0,true,false,13.85,12.51,0.0732,17.11,15.16,,12.64,11.24,,7,0.61,,,,,
QM31,express,X,2026-09,21,0,true,false,12.01,11.03,0.0813,15.81,14.65,4.68,10.62,9.37,,8,0.72,0.61,,,,
QM31,express,X,2026-10,3,0,false,false,12.27,11.52,0.0434,,,,11.68,10.7,12.92,6,0.62,0.61,8.4,,,
QM32,express,X,2026-04,4,0,false,false,12.35,11.27,0.0774,,,,10.91,10.11,12.72,7,1.29,,,,,
QM32,express,X,2026-05,20,0,false,false,14.07,12.72,0.085,15.33,14.13,,13.17,12.1,14.86,9,1.24,,,,,
QM32,express,X,2026-06,2,0,false,false,11.77,10.72,0.069,13.03,12.5,,11.82,10.69,13.74,8,1.22,,,,,
QM32,express,X,2026-07,22,0,true,false,14.24,12.95,0.095,15.27,14.21,,12.54,11.21,12.91,10,1.24,,,,,
QM32,express,X,2026-08,21,0,true,false,13.49,11.72,0.1244,15.96,14.85,10.41,12.66,11.16,14.57,11,1.19,,,,,
QM32,express,X,2026-09,21,0,true,false,11.28,10.17,0.0825,14.67,13.25,4.8,11.9,10.5,,10,1.28,1.48,,,,
QM32,express,X,2026-10,3,0,false,false,13,11.93,0.078,,,,12.45,11.01,11.45,6,1.2,1.41,8.1,,,
QM34,express,X,2026-04,4,0,false,false,14.31,13.74,0.0554,,,,9.26,8.52,,6,0.79,,,,,
QM34,express,X,2026-05,19,0,false,false,13.65,13.15,0.0448,12.26,11.34,8.35,11.92,10.71,,9,1.11,,,,,
QM34,express,X,2026-06,1,0,false,false,14.48,13.82,0.0453,12.2,11.24,,11.84,11.07,,8,1.18,,,,,
QM34,express,X,2026-07,22,0,true,false,15.29,14.32,0.0905,12.18,11.03,,10.7,9.71,,9,1.16,,,,,
QM34,express,X,2026-08,21,0,true,false,19.81,18.15,0.0635,14.93,13.39,33.04,11.04,10.17,,10,1.15,,,,,
QM34,express,X,2026-09,21,0,true,false,13.2,12.45,0.119,11.79,10.49,6.67,10.44,9.51,22.26,12,1.24,1.31,,,,
QM34,express,X,2026-10,3,0,false,false,14.05,13.32,0.0775,,,,11.06,10.32,,6,1.35,1.47,19,,,
QM35,express,X,2026-04,4,0,false,false,14.07,12.45,0.0833,,,,14.52,13.4,12.25,7,1.45,,,,,
QM35,express,X,2026-05,20,0,false,false,14.79,13.25,0.0913,15.95,14.69,,12.19,11.03,13.37,9,1.6,,,,,
QM35,express,X,2026-06,2,0,false,false,12.37,11.09,0.0962,12.39,11.81,,13.69,13.15,,7,1.54,,,,,
QM35,express,X,2026-07,22,0,true,false,15.93,13.76,0.1156,19.76,19.02,9.46,12.75,11.43,17.12,11,1.44,,,,,
QM35,express,X,2026-08,21,0,true,false,16,13.33,0.1474,18.12,16.93,24.37,14.16,12.89,11.65,11,1.42,,,,,
QM35,express,X,2026-09,21,0,true,false,12.97,11.22,0.1082,15.38,14.05,11.25,13.26,12.26,9.8,11,1.57,1.48,,,,
QM35,express,X,2026-10,3,0,false,false,13.26,11.69,0.0868,,,,11.69,10.39,13.78,7,1.55,1.41,11.1,,,
QM36,express,X,2026-04,3,0,false,false,15.29,14.01,0.0528,,,,14.69,13.68,,4,0.69,,,,,
QM36,express,X,2026-05,18,0,false,false,13.22,11.55,0.115,12.27,10.87,,12.13,10.7,,6,0.8,,,,,
QM36,express,X,2026-06,1,0,false,false,11.41,10.2,0.1201,,,,10.75,9.71,,4,0.66,,,,,
QM36,express,X,2026-07,22,0,true,false,13.74,12.04,0.116,,,,14.09,12.58,14.12,7,0.69,,,,,
QM36,express,X,2026-08,20,0,true,false,15.87,13.51,0.1222,19.24,17.19,,14.21,12.65,,7,0.62,,,,,
QM36,express,X,2026-09,21,0,true,false,13.48,12.07,0.1031,13.09,11.49,,11.94,10.96,,7,0.69,0.79,,,,
QM36,express,X,2026-10,3,0,false,false,13.93,10.7,0.1995,,,,11.96,10.67,17.01,5,0.6,0.87,6.4,,,
QM4,express,X,2026-04,4,2,false,false,10.51,7.8,0.2307,,,,11.15,7.8,,11,2.51,,,17.61,16.48,1.39
QM4,express,X,2026-05,20,10,false,true,12.01,10.26,0.1464,10.5,9.56,11.22,12.6,10.65,14.02,16,2.25,,,12.28,10.18,1.46
QM4,express,X,2026-06,19,7,false,false,15.67,13.95,0.1104,13.23,12.4,16.64,17,15.48,15.18,16,2.12,,,11.85,10.12,1.44
QM4,express,X,2026-07,22,8,true,true,11.65,10.04,0.1253,10.77,9.85,11.67,11.8,10.29,12.49,17,2.05,,,15.22,12.25,1.41
QM4,express,X,2026-08,21,10,true,true,14.24,12.26,0.1292,14.3,13.16,13.19,14.12,11.88,15.64,17,2.02,,,14.28,12.35,1.32
QM4,express,X,2026-09,21,8,true,true,12.83,10.8,0.1438,11.46,10.32,13.22,11.98,9.82,14.12,17,2.18,2.72,,13.21,10.99,1.55
QM4,express,X,2026-10,4,2,false,false,9.78,8.43,0.1325,,,,8.77,7.68,12.04,12,2.46,2.7,5.7,12.85,10.5,2
QM40,express,X,2026-04,4,0,false,false,8.19,7.42,0.1135,,,,9.06,8.32,,6,0.41,,,,,
QM40,express,X,2026-05,18,0,false,false,10.82,10.12,0.0562,14.03,13.33,5.81,11.34,10.61,,8,0.44,,,,,
QM40,express,X,2026-06,1,0,false,false,7.86,6.07,0.1745,7.85,7.41,,10.76,9.89,,7,0.46,,,,,
QM40,express,X,2026-07,22,0,true,false,11.34,9.67,0.1362,15.95,13.88,,10.28,9.8,10.23,9,0.48,,,,,
QM40,express,X,2026-08,21,0,true,false,11.16,10.42,0.0965,14.69,14.01,,11.02,10.36,10,10,0.42,,,,,
QM40,express,X,2026-09,21,0,true,false,9.38,8.32,0.1568,10.18,9.49,,10.64,9.87,,9,0.49,0.55,,,,
QM40,express,X,2026-10,3,0,false,false,13.18,12.77,0.0883,,,,12.23,11.47,,5,0.44,0.59,10.6,,,
QM42,express,X,2026-04,4,0,false,false,13.65,13.23,0.0855,,,,10.96,10.32,6.63,7,0.5,,,,,
QM42,express,X,2026-05,20,0,false,false,14.24,13.79,0.0603,12.06,11.15,,11.49,10.48,9.07,8,0.6,,,,,
QM42,express,X,2026-06,2,0,false,false,14.55,14.4,0.0406,9.23,9.49,,,,,6,0.42,,,,,
QM42,express,X,2026-07,22,0,true,false,16.13,15.66,0.0573,14.2,13.03,,11.61,10.63,17.31,9,0.43,,,,,
QM42,express,X,2026-08,21,0,true,false,16.84,16.42,0.0383,13.29,12.4,,13.17,12.19,15.64,9,0.45,,,,,
QM42,express,X,2026-09,21,0,true,false,15.21,14.62,0.0685,15.64,14.3,,8.92,7.98,,8,0.52,0.55,,,,
QM42,express,X,2026-10,3,0,false,false,12.18,11.63,0.1065,,,,10.39,8.39,,5,0.46,0.57,4.9,,,
QM44,express,X,2026-04,4,0,false,false,10.64,10.34,0.046,,,,11.01,10.6,,5,0.53,,,,,
QM44,express,X,2026-05,18,0,false,false,10.67,9.54,0.052,12.45,11.57,7.14,11.03,9.97,11.27,8,0.5,,,,,
QM44,express,X,2026-06,1,0,false,false,12.2,10.8,0.0968,13.91,11.08,,13.92,13.51,,6,0.48,,,,,
QM44,express,X,2026-07,22,0,true,false,13.26,12.21,0.0731,19.83,18.73,7.41,11.14,9.73,9.8,9,0.49,,,,,
QM44,express,X,2026-08,21,0,true,false,14.76,13.37,0.0845,18.22,17.18,13.38,13.71,12.45,13.13,9,0.5,,,,,
QM44,express,X,2026-09,21,0,true,false,11.56,10.47,0.1024,16.17,14.51,4.4,11.95,10.31,7.62,9,0.56,0.66,,,,
QM44,express,X,2026-10,3,0,false,false,10.34,8.73,0.161,,,,9.71,8.37,,4,0.35,0.58,24.2,,,
QM5,express,X,2026-04,4,2,false,false,13.58,12.03,0.0847,,,,13.26,11.7,,11,4.9,,,15.32,13.77,2.3
QM5,express,X,2026-05,20,10,false,true,13.53,12.32,0.0773,13.2,12.31,13.47,11.77,10.37,14.58,16,5.04,,,12.92,11.22,2.26
QM5,express,X,2026-06,19,7,false,false,14.52,13.29,0.0665,13.63,12.63,13.58,13.48,12.52,16.76,16,4.45,,,13.29,11.42,2.19
QM5,express,X,2026-07,22,8,true,true,13.91,12.34,0.0952,13.82,12.71,13.3,12.84,11.28,15.4,17,4.75,,,14.58,12.62,2.28
QM5,express,X,2026-08,21,10,true,true,14.78,13.33,0.0881,15.11,14.13,14.2,13.51,11.89,15.63,17,4.59,,,15.12,13.43,2.08
QM5,express,X,2026-09,21,8,true,true,12.63,11.18,0.1001,13.33,12.25,11.33,11.31,9.73,14.23,17,5.28,4.58,,14.79,12.71,2.29
QM5,express,X,2026-10,4,2,false,false,13.23,12.19,0.0665,,,,12.33,11.03,15.79,12,5.03,4.6,11.8,13.87,12.54,2.53
QM6,express,X,2026-04,4,2,false,false,14.31,12.41,0.116,,,,13.52,12.4,,11,3.59,,,15.51,12.52,2.33
QM6,express,X,2026-05,20,10,false,true,15.34,12.91,0.1445,14.11,12.71,14.18,13.37,11.78,18.38,16,3.54,,,16.57,12.79,2.11
QM6,express,X,2026-06,19,7,false,false,14.3,12.61,0.1077,14.55,13.73,12.39,14.96,12.28,15.41,16,3.44,,,18.64,15.42,1.99
QM6,express,X,2026-07,22,8,true,true,15.25,13.1,0.132,15.24,13.41,14.52,13.6,11.97,16.85,17,3.46,,,16.75,13.59,2.01
QM6,express,X,2026-08,21,10,true,true,15.88,14.05,0.1078,15.51,14.04,15.42,15.88,14.18,15.65,17,3.29,,,15.97,12.98,2.04
QM6,express,X,2026-09,21,8,true,true,14.62,12.8,0.1103,14.22,12.77,13.9,13.16,11.3,15.87,17,3.57,3.94,,15.2,12.16,2.32
QM6,express,X,2026-10,4,2,false,false,15.11,12.74,0.1307,,,,12.07,10.31,14.87,12,3.53,3.76,6.5,12.78,8.37,2.3
QM63,express,X,2026-04,4,0,false,false,11.69,9.58,0.1905,,,,10.85,9.61,,7,2.41,,,,,
QM63,express,X,2026-05,20,0,false,false,11.05,8.95,0.1907,11.08,9.82,,10.92,9.42,,10,2.5,,,,,
QM63,express,X,2026-06,3,0,false,false,11.8,9.58,0.1801,12.07,9.96,,12.06,10.81,,8,2.34,,,,,
QM63,express,X,2026-07,22,0,true,false,11.54,9.08,0.2081,12.47,10.82,,11.58,10.12,,11,2.29,,,,,
QM63,express,X,2026-08,21,0,true,false,12.06,9.96,0.1731,13.32,11.97,,11.91,10.69,,11,2.22,,,,,
QM63,express,X,2026-09,21,0,true,false,11.52,9.26,0.198,12.89,11.13,7.04,10.04,8.56,13.28,13,2.33,2.61,,,,
QM63,express,X,2026-10,3,0,false,false,11.21,9.4,0.1521,,,,9.99,8.91,,7,2.27,2.86,8.7,,,
QM64,express,X,2026-04,4,0,false,false,10.66,9.4,0.1069,,,,9.69,8.58,,7,1.13,,,,,
QM64,express,X,2026-05,20,0,false,false,11.32,10,0.1082,11.13,9.95,8.15,10.3,9,,9,1.31,,,,,
QM64,express,X,2026-06,1,0,false,false,9.57,8.44,0.0893,9.99,8.99,,8.71,7.54,,6,1.09,,,,,
QM64,express,X,2026-07,22,0,true,false,11.11,9.42,0.1285,11.49,9.89,,10.18,8.81,,10,1.26,,,,,
QM64,express,X,2026-08,21,0,true,false,12.18,10.8,0.0885,14.02,12.26,,10.42,9.17,,9,1.23,,,,,
QM64,express,X,2026-09,21,0,true,false,11.17,9.66,0.1155,12.47,10.72,1.99,9.76,8.45,13.92,11,1.28,1.46,,,,
QM64,express,X,2026-10,3,0,false,false,12.72,11.21,0.0752,,,,11.44,9.96,,7,1.24,1.52,9.2,,,
QM65,express,X,2026-04,4,0,false,false,11.38,9.41,0.1454,,,,10.07,9.24,11.72,7,1.23,,,,,
QM65,express,X,2026-05,20,0,false,false,11.05,9.06,0.1922,13.6,12.29,8.05,11.64,10.6,11.5,11,1.38,,,,,
QM65,express,X,2026-06,2,0,false,false,9.19,7.87,0.1261,11.56,11.2,,9.45,9.16,,8,1.14,,,,,
QM65,express,X,2026-07,22,0,true,false,13.01,10.33,0.1946,16.09,14.59,10.49,10.93,9.97,13.17,12,1.35,,,,,
QM65,express,X,2026-08,21,0,true,false,13.13,11,0.1863,15.39,13.9,8.33,13.88,12.45,12.76,12,1.22,,,,,
QM65,express,X,2026-09,21,0,true,false,11.39,9.38,0.1672,13.16,11.45,5.18,11.37,9.87,13.68,13,1.38,1.33,,,,
QM65,express,X,2026-10,3,0,false,false,9.9,8.22,0.1563,,,,9.1,8.2,13.63,7,1.44,1.31,10.6,,,
QM68,express,X,2026-04,4,0,false,false,14.11,12.08,0.1543,,,,10.64,9.6,,7,1.77,,,,,
QM68,express,X,2026-05,20,0,false,false,14.65,12.03,0.1584,17.74,15.43,,10.81,9.73,,9,1.86,,,,,
QM68,express,X,2026-06,3,0,false,false,13.43,10.47,0.2414,14.64,11.89,,9.56,7.67,,9,1.87,,,,,
QM68,express,X,2026-07,22,0,true,false,15.01,12.53,0.1638,16.31,14.8,,11.39,9.9,14.1,12,1.71,,,,,
QM68,express,X,2026-08,21,0,true,false,14.84,12.53,0.1702,16.34,14.37,,12.34,10.91,,10,1.63,,,,,
QM68,express,X,2026-09,21,0,true,false,12.68,10.12,0.2086,14.04,12.45,,9.85,8.59,15.93,11,1.73,2.08,,,,
QM68,express,X,2026-10,3,0,false,false,13.49,11.41,0.1504,,,,10.7,9.79,,7,1.65,2.12,10.9,,,
QM7,express,X,2026-04,4,0,false,false,12.44,9.63,0.235,,,,11.06,9.15,,7,2.37,,,,,
QM7,express,X,2026-05,20,0,false,false,13.85,11.17,0.2014,15.22,13.71,,13.24,11.51,,12,2.17,,,,,
QM7,express,X,2026-06,3,0,false,false,13.46,11.44,0.1989,15.81,14.41,,12.69,11.44,,11,2.32,,,,,
QM7,express,X,2026-07,22,0,true,false,14.8,12.12,0.2022,17.08,15.54,,14.83,13.31,,12,1.98,,,,,
QM7,express,X,2026-08,21,0,true,false,14.71,12.34,0.1665,17.5,16.15,11.51,14.16,12.85,,14,2.02,,,,,
QM7,express,X,2026-09,21,0,true,false,11.86,9.67,0.2011,15.37,13.94,,11.68,10.48,11.47,13,2.31,2.34,,,,
QM7,express,X,2026-10,4,0,false,false,13.7,11.49,0.1753,,,,13.35,12.74,,8,2.21,1.99,20.9,,,
QM8,express,X,2026-04,4,0,false,false,12.74,10.7,0.2114,,,,10.01,7.53,,7,1.92,,,,,
QM8,express,X,2026-05,20,0,false,false,13.95,12.13,0.1178,11.55,10.17,,12.21,10.62,,8,1.95,,,,,
QM8,express,X,2026-06,3,0,false,false,15.66,14.19,0.0648,17.99,16.97,,13.54,12.49,,8,1.89,,,,,
QM8,express,X,2026-07,22,0,true,false,14.14,12.52,0.1019,11.19,10.21,,11.89,10.49,18.33,10,1.8,,,,,
QM8,express,X,2026-08,21,0,true,false,14.63,13.2,0.0917,13.04,12.27,,13.32,11.51,16.24,10,1.79,,,,,
QM8,express,X,2026-09,21,0,true,false,12.98,10.97,0.1504,12.84,11.4,,10.44,8.6,15.09,10,1.89,2.06,,,,
QM8,express,X,2026-10,3,0,false,false,12.53,10.71,0.0987,,,,11.67,9.18,,7,1.94,2.42,14.7,,,
S40,local,S,2026-04,4,2,false,false,13.11,12.32,0.0488,,,,12.15,11.24,,11,4.83,,,14.35,13.65,3.51
S40,local,S,2026-05,20,10,false,true,12.98,12.35,0.0416,12.13,11.34,12.9,12.42,11.83,14,16,4.59,,,14.56,13.8,3.58
S40,local,S,2026-06,19,7,false,false,12.57,11.57,0.0616,13.07,11.44,11.44,12.29,11.87,13.94,16,4.79,,,13.78,13.09,3.93
S40,local,S,2026-07,22,8,true,true,13.48,12.72,0.0475,13.45,12.78,12.94,12.89,12.15,14.87,17,4.46,,,14.54,13.74,3.54
S40,local,S,2026-08,21,10,true,true,13.81,13,0.0467,13.77,12.94,13.42,13.38,12.62,14.42,17,4.4,,,14.42,13.58,3.56
S40,local,S,2026-09,21,8,true,true,13.15,12.38,0.0445,12.48,11.67,12.74,12.94,12.16,14.23,17,4.49,4.88,,14.71,14.05,3.54
S40,local,S,2026-10,4,2,false,false,13.15,12.27,0.0571,,,,12.95,11.23,14.93,12,4.53,4.74,20.4,14.54,13.94,3.99
S42,local,S,2026-04,4,0,false,false,9.76,9.33,0.0292,,,,8.33,8.12,,7,0.71,,,,,
S42,local,S,2026-05,20,0,false,false,10.66,9.69,0.0607,11.18,9.35,10.24,9.49,8.8,11.31,14,0.67,,,,,
S42,local,S,2026-06,19,0,false,false,11.47,10.96,0.0371,,,,11.22,11.35,11.31,11,0.61,,,,,
S42,local,S,2026-07,22,0,true,false,10.55,9.53,0.0626,10.69,9.69,11.19,9.38,8.15,10.37,14,0.66,,,,,
S42,local,S,2026-08,21,0,true,false,10.12,9.32,0.0563,10.56,9.37,9.02,10,9.27,10.22,14,0.62,,,,,
S42,local,S,2026-09,21,0,true,false,10.12,9.47,0.0484,9.75,9.11,10.37,9.86,9.08,10.48,15,0.73,0.74,,,,
S42,local,S,2026-10,4,0,false,false,10.15,9.42,0.0393,,,,9.73,8.98,10.81,10,0.86,0.79,9.1,,,
S44,local,S,2026-04,4,2,false,false,10.84,9.68,0.0879,,,,10.68,9.34,,11,7.44,,,11.58,10.68,5.61
S44,local,S,2026-05,20,10,false,true,10.57,9.57,0.0771,10.04,9.19,10.33,10.05,9.09,11.44,16,7.31,,,11.37,10.08,5.75
S44,local,S,2026-06,19,7,false,false,10.5,9.81,0.052,10.5,9.9,10.22,9.88,9.1,11.1,16,6.58,,,11.35,10.47,6.18
S44,local,S,2026-07,22,8,true,true,10.73,9.89,0.061,10.75,9.83,10.45,10.02,9.16,11.29,17,6.73,,,11.39,10.31,5.88
S44,local,S,2026-08,21,10,true,true,10.75,9.95,0.0584,10.83,9.98,10.42,10.17,9.42,11.29,17,6.98,,,11.27,10.39,5.9
S44,local,S,2026-09,21,8,true,true,10.54,9.72,0.059,10.52,9.68,10.31,9.78,9.11,11.28,17,7.09,7.58,,11.48,10.63,5.84
S44,local,S,2026-10,4,2,false,false,10.54,9.77,0.0596,,,,9.43,8.71,11.53,12,7.59,7.14,15.2,11.78,11.15,5.82
S46,local,S,2026-04,4,2,false,false,10.11,9.25,0.0721,,,,9.71,9.29,,11,8.06,,,11.3,10.36,5.04
S46,local,S,2026-05,20,10,false,true,9.84,8.95,0.0769,9.53,8.65,9.48,9.56,8.65,10.81,16,8.02,,,11.17,10.24,5.34
S46,local,S,2026-06,19,7,false,false,10.05,9.12,0.076,10.33,9.18,9.53,9.96,8.9,10.7,16,7.22,,,11.01,10.25,5.64
S46,local,S,2026-07,22,8,true,true,10.17,9.29,0.0697,9.89,9.11,9.7,9.86,8.93,11.49,17,7.33,,,10.97,9.89,5.02
S46,local,S,2026-08,21,10,true,true,10.19,9.29,0.07,9.99,9.17,9.97,10.08,9.23,10.68,17,7.04,,,10.91,9.86,5.27
S46,local,S,2026-09,21,8,true,true,9.94,9.04,0.0715,9.62,8.73,9.6,9.75,8.96,10.85,17,8.16,8.37,,11.14,10.29,5.31
S46,local,S,2026-10,4,2,false,false,9.53,8.85,0.0577,,,,8.95,8.38,10.74,12,7.59,7.95,13,11,10.26,4.95
S48,local,S,2026-04,4,2,false,false,9.29,8.4,0.0775,,,,8.97,8.3,,11,5.73,,,10.66,9.74,4.09
S48,local,S,2026-05,20,10,false,true,9.04,8.29,0.0702,9.14,8.27,8.48,8.61,7.83,9.79,16,5.83,,,9.97,8.95,4.67
S48,local,S,2026-06,19,7,false,false,9.71,8.72,0.0775,9.68,8.86,9.34,8.79,7.85,10.61,16,5.42,,,10.19,9.49,4.87
S48,local,S,2026-07,22,8,true,true,9.41,8.53,0.0766,9.43,8.56,8.7,8.8,7.9,10.55,17,5.91,,,10.09,9.18,4.51
S48,local,S,2026-08,21,10,true,true,9.52,8.74,0.0653,10,9.1,8.89,8.87,8.14,10.15,17,5.65,,,10.06,9.15,4.48
S48,local,S,2026-09,21,8,true,true,9.1,8.38,0.0618,9.17,8.43,8.36,8.67,8.03,10.21,17,5.98,6.21,,10.12,9.3,4.69
S48,local,S,2026-10,4,2,false,false,9.15,8.51,0.0659,,,,8.5,7.93,10.51,12,6.42,5.78,14,9.85,9.09,4.99
S51,local,S,2026-04,4,2,false,false,12.12,11.17,0.0539,,,,10.81,9.76,,11,3.65,,,12.7,11.7,2.05
S51,local,S,2026-05,20,10,false,true,11.68,10.83,0.0615,11.45,10.71,11.03,11.23,10.33,12.95,16,4.09,,,12.85,11.78,2.3
S51,local,S,2026-06,19,7,false,false,11.29,10.43,0.0613,11.03,10.11,11.01,11.35,10.46,11.67,16,4.41,,,11.93,10.91,2.54
S51,local,S,2026-07,22,8,true,true,11.79,10.87,0.0619,11.65,10.79,11.33,11.69,10.73,12.47,17,4.17,,,11.88,10.74,2.39
S51,local,S,2026-08,21,10,true,true,12.15,11.24,0.0615,12.21,11.43,11.57,11.56,10.61,13.13,17,4.02,,,12.4,11.36,2.44
S51,local,S,2026-09,21,8,true,true,12.14,11.24,0.0583,11.61,10.76,11.27,11.82,10.94,14.03,17,3.95,4.32,,12.28,11.27,2.44
S51,local,S,2026-10,4,2,false,false,11.56,10.52,0.0908,,,,12.42,11.13,12.28,12,3.78,4.15,6.6,12.25,11.16,2.66
S52,local,S,2026-04,4,2,false,false,9.88,9.09,0.061,,,,10.23,8.97,,11,4.97,,,11.61,10.61,2.91
S52,local,S,2026-05,20,10,false,true,10.03,9.11,0.0758,9.41,8.74,9.91,9.88,8.89,10.63,16,4.63,,,10.96,9.91,2.9
S52,local,S,2026-06,19,7,false,false,10.63,9.56,0.0715,10.09,8.98,10.05,10.76,9.65,11.68,16,5,,,10.8,9.69,3.24
S52,local,S,2026-07,22,8,true,true,10.29,9.39,0.0729,10.1,9.17,10.03,9.94,9.12,11.03,17,4.78,,,10.85,9.95,3.26
S52,local,S,2026-08,21,10,true,true,10.51,9.59,0.0677,10.36,9.54,10.11,10.33,9.42,11.09,17,4.66,,,10.86,9.85,3.2
S52,local,S,2026-09,21,8,true,true,10.21,9.31,0.0631,9.76,8.76,9.54,10.06,9.27,11.53,17,4.63,5.28,,11.08,10.12,3.02
S52,local,S,2026-10,4,2,false,false,10.24,9.53,0.0498,,,,9.44,8.43,11.39,12,5,5.26,9.6,10.41,9.58,3.08
S53,local,S,2026-04,4,2,false,false,10.34,9.12,0.0993,,,,9.25,8.24,,11,9.82,,,11.91,10.79,7.29
S53,local,S,2026-05,20,10,false,true,10.51,9.3,0.099,9.65,8.6,10.31,9.55,8.39,11.79,16,9.86,,,11.67,10.26,7.33
S53,local,S,2026-06,19,7,false,false,11.14,10.07,0.081,10.53,9.42,11.17,10.73,9.88,11.49,16,8.14,,,11.5,10.31,7.7
S53,local,S,2026-07,22,8,true,true,11.18,9.86,0.0997,10.96,9.68,10.85,10.58,9.46,11.91,17,9.17,,,11.8,10.44,7.2
S53,local,S,2026-08,21,10,true,true,11.23,9.93,0.0981,11.24,9.9,10.93,10.65,9.49,11.68,17,9.27,,,12.1,10.69,7.69
S53,local,S,2026-09,21,8,true,true,11.11,9.9,0.0928,10.5,9.42,10.6,10.23,9.21,12.85,17,9.67,9.94,,12.06,10.75,7.63
S53,local,S,2026-10,4,2,false,false,10.52,9.48,0.0985,,,,9.48,8.45,12.37,12,9.84,9.7,19.3,12.32,11.2,8.05
S54,local,S,2026-04,4,0,false,false,12.43,11.16,0.0676,,,,11.69,10.67,,10,4.31,,,,,
S54,local,S,2026-05,20,0,false,false,11.93,10.94,0.07,10.94,10.03,11.63,11.38,10.59,13.32,16,4.14,,,,,
S54,local,S,2026-06,13,0,false,false,12.21,11.29,0.061,12.74,11.38,11.84,11.16,10.17,12.94,16,3.91,,,,,
S54,local,S,2026-07,22,0,true,false,12.71,11.49,0.0803,11.85,10.91,12.42,11.51,10.32,14.31,17,3.9,,,,,
S54,local,S,2026-08,21,0,true,false,12.94,11.84,0.0627,12.39,11.24,12.58,11.93,10.78,14.42,17,3.6,,,,,
S54,local,S,2026-09,21,0,true,false,12.16,11.11,0.0703,11.44,10.47,11.64,11.22,10.31,14.21,17,4.12,4.3,,,,
S54,local,S,2026-10,4,0,false,false,12.18,11.27,0.0711,,,,11.62,10.43,13.81,12,4.73,4.44,5,,,
S55,local,S,2026-04,4,0,false,false,13.82,12.73,0.0645,,,,13.48,13.23,13.8,10,2.28,,,,,
S55,local,S,2026-05,20,0,false,false,13.85,12.76,0.0652,13.86,12.9,13.77,13.76,12.8,13.94,14,2.39,,,,,
S55,local,S,2026-06,2,0,false,false,13.78,12.43,0.0941,11.18,9.11,14.72,14.55,13.75,,13,1.65,,,,,
S55,local,S,2026-07,22,0,true,false,13.9,12.98,0.0504,14.28,13.4,14.12,14,13.25,12.07,15,2.07,,,,,
S55,local,S,2026-08,21,0,true,false,14.01,13.24,0.0433,14.21,13.49,13.98,13.65,12.86,14.07,15,1.97,,,,,
S55,local,S,2026-09,21,0,true,false,13.42,12.54,0.0437,13.97,12.94,13.43,13.05,12.34,,14,2.41,2.54,,,,
S55,local,S,2026-10,4,0,false,false,13.57,12.72,0.0502,,,,13.65,13.14,,9,2.38,2.42,3.7,,,
S56,local,S,2026-04,4,0,false,false,14.3,13.63,0.0339,,,,13.66,12.81,17.1,9,2.02,,,,,
S56,local,S,2026-05,20,0,false,false,13.72,13.01,0.0465,13.71,13.15,13.69,13.11,12.44,14.67,13,2.33,,,,,
S56,local,S,2026-06,1,0,false,false,13.48,13.23,0.0302,13.9,13.81,13.39,13.01,12.75,,12,1.83,,,,,
S56,local,S,2026-07,22,0,true,false,14.16,13.33,0.0426,14.32,13.3,13.98,13.74,12.99,13.67,14,1.71,,,,,
S56,local,S,2026-08,21,0,true,false,13.92,12.97,0.0563,14.22,13.46,14.08,13.33,12.6,12.21,14,1.75,,,,,
S56,local,S,2026-09,21,0,true,false,13.28,12.42,0.0497,13.51,12.72,13.51,13,12.27,12.05,14,2.13,2.28,,,,
S56,local,S,2026-10,4,0,false,false,13.58,13,0.0262,,,,13.43,12.67,14.76,9,2.15,2.17,8,,,
S57,local,S,2026-04,4,2,false,false,10.56,9.99,0.0414,,,,9.34,9.11,,11,3.6,,,12.35,11.57,3.27
S57,local,S,2026-05,20,10,false,true,11.07,10.02,0.0713,10.88,9.82,10.79,9.87,9.03,12.5,16,3.93,,,12.21,11.06,2.89
S57,local,S,2026-06,19,7,false,false,11.64,11.05,0.0413,12.09,11.39,11.2,10.34,9.75,12.9,16,2.83,,,12.46,11.43,2.51
S57,local,S,2026-07,22,8,true,true,11.46,10.57,0.0582,11.14,10.33,11.18,10.64,10.04,12.55,17,3.56,,,12.34,11.45,2.74
S57,local,S,2026-08,21,10,true,true,11.55,10.74,0.0469,11.39,10.6,11.09,10.65,9.95,12.88,17,3.51,,,12.38,11.49,2.56
S57,local,S,2026-09,21,8,true,true,10.96,10.26,0.0433,10.7,9.99,10.73,9.77,9.21,12.41,17,3.91,3.78,,12.3,11.24,2.61
S57,local,S,2026-10,4,2,false,false,11.01,10.22,0.0443,,,,10.12,9.5,12.33,12,4.53,3.71,9.9,12.28,10.89,2.75
S59,local,S,2026-04,4,2,false,false,12.48,11.28,0.0883,,,,12.93,11.57,,11,6.68,,,12.53,11.65,3.59
S59,local,S,2026-05,20,10,false,true,12.62,11.65,0.0657,13.18,12.33,11.8,13.16,12.34,12.61,16,6.75,,,12.17,10.81,3.84
S59,local,S,2026-06,19,7,false,false,12.98,11.96,0.0578,13.9,12.89,12.46,13.36,12.88,12.33,16,6.17,,,12.23,10.54,3.9
S59,local,S,2026-07,22,8,true,true,13.03,12.18,0.0527,14.21,13.39,11.86,13.35,12.56,13.23,17,6.15,,,12.32,11.36,3.69
S59,local,S,2026-08,21,10,true,true,12.97,12.08,0.0558,14.11,13.28,11.87,13.35,12.51,12.93,17,6.11,,,12.2,11.07,3.66
S59,local,S,2026-09,21,8,true,true,12.75,11.9,0.0537,13.8,12.92,11.77,13.07,12.38,12.84,17,6.56,7.12,,12.48,11.51,3.68
S59,local,S,2026-10,4,2,false,false,12.67,11.87,0.058,,,,12.2,11.35,13.42,12,7.18,7.03,10,12.29,11.19,3.82
S61,local,S,2026-04,4,2,false,false,10.96,10.05,0.0686,,,,10.3,9.61,,11,5.79,,,11.01,10.22,4.03
S61,local,S,2026-05,20,10,false,true,10.86,9.93,0.0757,10.07,9.43,10.52,10,9.16,12.4,16,5.71,,,11.84,10.58,4.55
S61,local,S,2026-06,19,7,false,false,10.86,10.08,0.0561,11.86,10.63,9.98,10.25,9.91,11.7,16,5.25,,,10.58,9.83,4.41
S61,local,S,2026-07,22,8,true,true,10.85,10.04,0.0592,10.7,10.07,10.61,10.19,9.34,11.84,17,5.13,,,11.61,10.73,4.65
S61,local,S,2026-08,21,10,true,true,10.93,10.16,0.056,10.82,9.93,10.51,10.29,9.61,11.88,17,5.18,,,11.36,10.47,4.37
S61,local,S,2026-09,21,8,true,true,10.76,9.98,0.0536,10.25,9.41,10.16,10.28,9.64,12.04,17,5.67,5.72,,11.88,11.11,4.42
S61,local,S,2026-10,4,2,false,false,11.17,10.3,0.0601,,,,9.52,8.89,13.17,12,5.95,5.36,11.7,11.54,10.99,3.98
S62,local,S,2026-04,4,2,false,false,11.34,10.61,0.0563,,,,10.89,10.57,,11,4.33,,,12.54,11.58,2.95
S62,local,S,2026-05,20,10,false,true,11.52,10.58,0.0723,10.99,10.02,10.75,10.94,10.06,13.04,16,4.56,,,12.31,11.09,3.33
S62,local,S,2026-06,19,7,false,false,11.41,10.49,0.0777,11.02,10.29,10.66,11.05,9.79,12.64,16,4.5,,,11.5,10.48,3.44
S62,local,S,2026-07,22,8,true,true,11.4,10.47,0.0671,11.08,10.31,10.87,10.7,9.75,12.52,17,4.54,,,12.05,11.19,3.16
S62,local,S,2026-08,21,10,true,true,11.63,10.7,0.0684,11.33,10.54,10.9,11.45,10.41,12.83,17,4.45,,,12.18,11.37,3.1
S62,local,S,2026-09,21,8,true,true,11.53,10.67,0.0609,10.83,9.9,10.55,10.94,10.22,13.41,17,4.75,4.68,,12.73,11.75,3.24
S62,local,S,2026-10,4,2,false,false,11.16,10.62,0.0525,,,,9.48,8.96,12.95,12,5.05,4.37,13.3,11.4,10.06,3.5
S66,local,S,2026-04,4,0,false,false,10.7,9.77,0.0698,,,,8.96,8.61,,11,2.63,,,,,
S66,local,S,2026-05,20,0,false,false,10.74,9.84,0.0735,9.88,8.88,10,10.23,9.4,12.67,16,3.16,,,,,
S66,local,S,2026-06,19,0,false,false,11.1,10.13,0.0802,10.16,8.92,10.89,10.3,9.55,12.51,16,3.23,,,,,
S66,local,S,2026-07,22,0,true,false,11.06,10.06,0.0756,10.76,9.88,11.03,10.23,9.41,11.83,17,3.08,,,,,
S66,local,S,2026-08,21,0,true,false,11.11,10.17,0.0685,10.98,9.92,10.54,10.41,9.67,12.38,17,3.06,,,,,
S66,local,S,2026-09,21,0,true,false,11.11,10.15,0.0685,10.76,9.57,10.6,10.29,9.54,12.5,17,3.32,3.48,,,,
S66,local,S,2026-10,4,0,false,false,11.32,10.67,0.0435,,,,9.53,8.83,12.98,12,3.42,3.56,6.2,,,
S74,local,S,2026-04,4,2,false,false,12.54,11.77,0.0547,,,,11.35,10.17,,11,8.16,,,13.57,12.61,5.19
S74,local,S,2026-05,20,10,false,true,12.07,11.11,0.0695,11.52,10.5,11.68,10.74,9.68,13.79,16,8.7,,,13.21,12.3,6.19
S74,local,S,2026-06,19,7,false,false,11.85,11.03,0.0595,10.88,10.02,11.69,10.15,9.27,13.8,16,7.73,,,12.69,11.86,5.73
S74,local,S,2026-07,22,8,true,true,12.2,11.38,0.0519,11.83,11.01,12.03,10.98,10.12,13.41,17,7.95,,,12.96,12.18,5.66
S74,local,S,2026-08,21,10,true,true,12.39,11.6,0.0505,12.15,11.46,12.01,11.35,10.47,13.56,17,7.96,,,13.27,12.58,6.12
S74,local,S,2026-09,21,8,true,true,12.08,11.34,0.048,11.86,11.02,11.46,10.92,10.1,13.83,17,8.41,9.26,,13.27,12.42,5.55
S74,local,S,2026-10,4,2,false,false,11.68,11.06,0.0457,,,,10.5,9.61,11.98,12,8.09,8.83,13.1,13.06,12.54,6.01
S76,local,S,2026-04,4,2,false,false,11.28,10.3,0.078,,,,10.05,8.93,,11,5.95,,,12.03,11.14,2.9
S76,local,S,2026-05,20,10,false,true,10.65,9.7,0.075,10.28,9.47,9.89,9.9,8.88,12.13,16,6.3,,,12.02,10.81,2.91
S76,local,S,2026-06,19,7,false,false,10.95,9.63,0.0931,10.41,9.22,10.41,10.19,8.95,12.25,16,6.25,,,11.29,9.95,2.99
S76,local,S,2026-07,22,8,true,true,11.09,10.07,0.0768,11.09,10.14,10.49,10.3,9.26,12.03,17,5.87,,,12.17,10.95,2.77
S76,local,S,2026-08,21,10,true,true,11.36,10.34,0.0718,11.47,10.46,10.78,10.34,9.3,12.41,17,5.8,,,12.2,10.99,2.81
S76,local,S,2026-09,21,8,true,true,11,9.94,0.076,11.15,9.96,10.27,9.95,9.01,12.34,17,6.07,6.31,,12.45,11.32,2.71
S76,local,S,2026-10,4,2,false,false,10.51,9.56,0.0777,,,,9.43,8.45,11.58,12,5.93,5.87,15.1,11.09,10.02,3.1
S78,local,S,2026-04,4,2,false,false,12.74,11.92,0.0587,,,,11.47,10.93,,11,10.17,,,14.06,13.01,4.19
S78,local,S,2026-05,20,10,false,true,13.1,12.07,0.0677,12.56,11.57,12.47,12.57,11.66,14.53,16,11.28,,,13.59,12.35,6.16
S78,local,S,2026-06,19,7,false,false,12.94,11.95,0.0624,12.65,11.56,12.69,12.76,11.98,13.33,16,10.42,,,13.55,12.52,6.22
S78,local,S,2026-07,22,8,true,true,13.05,12.23,0.0499,13.13,12.28,12.46,12.91,12.04,13.71,17,10.2,,,13.81,12.86,5.9
S78,local,S,2026-08,21,10,true,true,13.36,12.51,0.0502,13.37,12.49,12.85,13.2,12.43,13.81,17,9.81,,,14.1,13.23,5.95
S78,local,S,2026-09,21,8,true,true,13.09,12.26,0.0498,12.82,11.93,12.43,12.84,12.15,14.31,17,11.2,12.38,,13.71,12.78,5.61
S78,local,S,2026-10,4,2,false,false,12.72,12.05,0.0415,,,,12.99,12.3,13.8,12,11.36,11.78,11.3,13.44,12.69,6.07
S79+,sbs,S,2026-04,4,2,false,false,14.59,13.92,0.0374,,,,15.09,14.3,,11,14.6,,,15.66,14.67,10.63
S79+,sbs,S,2026-05,20,10,false,true,14.33,13.5,0.0469,14.04,13.4,14.07,13.63,12.81,15.09,16,14.95,,,14.84,13.9,11.08
S79+,sbs,S,2026-06,19,7,false,false,14.51,13.6,0.0519,14.6,13.46,13.67,14.54,13.95,15.32,16,14.4,,,15.28,14.26,11.01
S79+,sbs,S,2026-07,22,8,true,true,14.78,13.93,0.0472,15.23,14.36,14.39,14.41,13.51,15,17,13.92,,,15.14,14.13,10.18
S79+,sbs,S,2026-08,21,10,true,true,14.79,13.92,0.0466,15.27,14.34,14.19,14.69,13.98,14.94,17,13.91,,,15.1,14.14,10.57
S79+,sbs,S,2026-09,21,8,true,true,14.45,13.63,0.0446,14.29,13.53,14.27,14.14,13.44,14.77,17,14.34,14.69,,15.13,14.19,10.96
S79+,sbs,S,2026-10,4,2,false,false,14.73,13.82,0.0468,,,,13.93,13.28,16.3,12,15.35,14.32,23,14.33,13.76,11.48
S81,limited,S,2026-04,3,0,false,false,10.98,10.8,0.0293,,,,11.05,10.69,,4,0.24,,,,,
S81,limited,S,2026-05,17,0,false,false,13.01,11.96,0.0715,,,,13.15,12.04,12.79,5,0.3,,,,,
S81,limited,S,2026-06,8,0,false,false,12.56,10.91,0.156,,,,13.33,11.53,,4,0.28,,,,,
S81,limited,S,2026-07,22,0,true,false,11.68,10.47,0.0911,,,,12.15,10.69,10.97,5,0.29,,,,,
S81,limited,S,2026-08,21,0,true,false,11.86,10.83,0.0751,,,,12.99,11.85,10.17,5,0.27,,,,,
S81,limited,S,2026-09,21,0,true,false,12.05,9.63,0.175,,,,12.17,10.08,11.86,6,0.31,0.35,,,,
S81,limited,S,2026-10,4,0,false,false,10.19,9.58,0.056,,,,10.86,10.37,9.19,5,0.38,0.46,9.5,,,
S84,limited,S,2026-04,3,0,false,false,13.69,12.84,0.0393,,,,13.39,13.2,,4,0.44,,,,,
S84,limited,S,2026-05,17,0,false,false,13.71,12.32,0.068,,,11.04,11.44,10.79,,6,0.56,,,,,
S84,limited,S,2026-06,10,0,false,false,12.35,10.85,0.1157,,,5.78,11.25,10.69,,6,0.61,,,,,
S84,limited,S,2026-07,22,0,true,false,14.34,12.87,0.066,,,11.58,12.67,11.82,16.28,8,0.63,,,,,
S84,limited,S,2026-08,21,0,true,false,14.43,12.72,0.0959,,,13.62,13.54,12.7,14.99,8,0.53,,,,,
S84,limited,S,2026-09,21,0,true,false,13.85,11.72,0.1157,,,11.63,12.1,11.43,15.73,8,0.55,0.69,,,,
S84,limited,S,2026-10,4,0,false,false,12.24,10.95,0.0565,,,,10.29,9.73,,6,0.58,0.9,7.2,,,
S86,limited,S,2026-04,2,0,false,false,10.28,9.6,0.0309,,,,10.22,9.02,10.45,4,0.14,,,,,
S86,limited,S,2026-05,16,0,false,false,11.58,10.51,0.1094,,,,11.31,9.93,,5,0.25,,,,,
S86,limited,S,2026-06,1,0,false,false,11.18,9.19,0.1601,,,,10.91,8.6,,3,0.27,,,,,
S86,limited,S,2026-07,22,0,true,false,11.9,11.24,0.0764,,,,11.39,10.53,13.41,4,0.24,,,,,
S86,limited,S,2026-08,21,0,true,false,13.26,12.49,0.066,,,,12.98,11.91,,4,0.21,,,,,
S86,limited,S,2026-09,21,0,true,false,11.53,10.91,0.0683,,,,11.25,10.32,,4,0.24,0.27,,,,
S86,limited,S,2026-10,3,0,false,false,11.08,10.53,0.0786,,,,10.81,9.94,,3,0.16,0.36,16.8,,,
S89,limited,S,2026-04,4,0,false,false,14.99,14.03,0.0644,,,,14.16,13.8,16.73,7,1.62,,,,,
S89,limited,S,2026-05,20,0,false,false,16.38,15.22,0.0525,15.06,14.3,16.92,16.34,14.99,17.32,10,1.58,,,,,
S89,limited,S,2026-06,3,0,false,false,16.66,15.04,0.0718,16.63,16.08,,14.61,13.25,19.41,8,1.51,,,,,
S89,limited,S,2026-07,22,0,true,false,16.18,14.79,0.074,15.61,14.28,15.41,15.92,14.74,17.36,12,1.56,,,,,
S89,limited,S,2026-08,21,0,true,false,16.25,15.27,0.0552,16.45,15.32,15.9,16.12,15.26,16.13,12,1.48,,,,,
S89,limited,S,2026-09,21,0,true,false,16.29,15.18,0.0576,15.85,14.78,,15.52,14.67,,9,1.4,1.6,,,,
S89,limited,S,2026-10,3,0,false,false,14.48,13.43,0.0513,,,,13.75,12.56,14.39,7,1.4,1.68,7,,,
S90,limited,S,2026-04,4,0,false,false,11.47,9.78,0.149,,,,11.44,10.83,,7,0.81,,,,,
S90,limited,S,2026-05,19,0,false,false,13.95,12.05,0.1461,11.94,10.71,10.86,14.28,13.6,16.44,12,1.12,,,,,
S90,limited,S,2026-06,11,0,false,false,14.27,12.67,0.1067,,,,13,12.11,,8,0.92,,,,,
S90,limited,S,2026-07,22,0,true,false,14.86,13.23,0.1194,14.37,13.35,,15.6,14.68,15.26,12,1.1,,,,,
S90,limited,S,2026-08,21,0,true,false,15.77,13.81,0.117,15.53,14.84,,15.24,14.64,16.77,12,1.09,,,,,
S90,limited,S,2026-09,21,0,true,false,14.66,12.95,0.1121,12.77,12.61,,14.72,13.82,17.07,12,1.14,1.3,,,,
S90,limited,S,2026-10,4,0,false,false,14.44,13.14,0.09,,,,13.96,13.74,15.81,9,1.06,1.53,27.7,,,
S91,limited,S,2026-04,4,0,false,false,10.51,9.89,0.0497,,,,10.17,9.92,12.07,6,1.45,,,,,
S91,limited,S,2026-05,20,0,false,false,11.4,10.07,0.1159,10.36,8.1,,10.85,10.11,12.81,8,1.35,,,,,
S91,limited,S,2026-06,2,0,false,false,10.9,10.19,0.0593,,,,9.99,9.62,,6,1.17,,,,,
S91,limited,S,2026-07,22,0,true,false,11.87,10.98,0.0595,11.1,10.25,,11.63,10.99,12.77,9,1.19,,,,,
S91,limited,S,2026-08,21,0,true,false,11.95,10.78,0.0716,11.14,9.05,12.76,11.07,10.14,13.33,11,1.25,,,,,
S91,limited,S,2026-09,21,0,true,false,10.86,10.3,0.0444,9.08,8.88,,10.37,9.53,,8,1.25,1.35,,,,
S91,limited,S,2026-10,3,0,false,false,11.94,11.23,0.0495,,,,11.65,11.07,13.91,7,1.32,1.52,15.7,,,
S92,limited,S,2026-04,3,0,false,false,11.7,8.31,0.2146,,,,11.58,10.94,,6,1.11,,,,,
S92,limited,S,2026-05,17,0,false,false,12.69,10.04,0.1709,12.5,11.25,,10.98,10.18,,7,0.97,,,,,
S92,limited,S,2026-06,1,0,false,false,11.18,8.69,0.1618,,,,8.81,8.22,,5,0.9,,,,,
S92,limited,S,2026-07,22,0,true,false,12.57,9.8,0.1584,11.82,9.09,,11.74,11.14,14.6,10,0.88,,,,,
S92,limited,S,2026-08,21,0,true,false,13.01,9.94,0.1763,11.54,10.48,,11.92,11.38,,9,0.86,,,,,
S92,limited,S,2026-09,21,0,true,false,12.13,9.1,0.1974,10.36,8.87,,11.57,11.05,,8,0.93,0.98,,,,
S92,limited,S,2026-10,3,0,false,false,12.34,10.4,0.1325,,,,12.12,11.31,,6,0.82,1.1,15.8,,,
S93,limited,S,2026-04,4,0,false,false,12.9,11.65,0.0734,,,,11.13,9.87,,11,6.43,,,,,
S93,limited,S,2026-05,20,0,false,false,12.41,11.1,0.0961,11.91,10.61,12.06,11.01,9.77,14.13,16,6.68,,,,,
S93,limited,S,2026-06,19,0,false,false,13.7,12.21,0.0999,14.88,13.25,13.24,12.91,11.14,13.89,16,6.27,,,,,
S93,limited,S,2026-07,22,0,true,false,13.35,12.12,0.078,13.46,11.93,12.51,12.54,11.28,15.04,17,6.43,,,,,
S93,limited,S,2026-08,21,0,true,false,13.83,12.52,0.0853,14.19,12.63,13.04,12.61,11.24,15.42,17,6.25,,,,,
S93,limited,S,2026-09,21,0,true,false,12.92,11.82,0.0711,12.7,11.52,12.68,11.95,10.85,14.1,17,6.73,6.95,,,,
S93,limited,S,2026-10,4,0,false,false,12.58,11.46,0.0714,,,,11.58,10.98,13.85,12,7.09,6.71,17,,,
S94,limited,S,2026-04,3,0,false,false,10.18,9.5,0.06,,,,10.27,9.63,,6,0.91,,,,,
S94,limited,S,2026-05,20,0,false,false,11.36,10.32,0.0837,10.68,9.12,,11.43,10.51,,8,1.02,,,,,
S94,limited,S,2026-06,14,0,false,false,12.21,11.56,0.0585,13.35,12.85,,12.4,11.09,,7,0.87,,,,,
S94,limited,S,2026-07,22,0,true,false,11.37,10.65,0.0616,10.44,9.68,,12.18,11.21,11.53,10,1.01,,,,,
S94,limited,S,2026-08,21,0,true,false,11.65,10.77,0.0691,11.47,10.38,8.93,11.38,10.53,12.31,12,0.94,,,,,
S94,limited,S,2026-09,21,0,true,false,11.43,10.49,0.0744,10.82,9.98,,10.86,9.88,12.77,11,0.96,1.09,,,,
S94,limited,S,2026-10,4,0,false,false,11.18,10.32,0.0694,,,,10.57,10.08,12.5,9,1.21,1.33,13.7,,,
S96,limited,S,2026-04,4,0,false,false,10.57,9.96,0.0391,,,,10.07,9.5,,6,1.41,,,,,
S96,limited,S,2026-05,20,0,false,false,10.6,9.95,0.0592,9.27,8.36,,10.68,9.95,12.89,11,1.37,,,,,
S96,limited,S,2026-06,15,0,false,false,10.73,9.73,0.0821,,,,8.8,7.7,13.32,9,1.34,,,,,
S96,limited,S,2026-07,22,0,true,false,10.29,9.57,0.066,9.77,8.79,,10.88,10.02,11.7,11,1.3,,,,,
S96,limited,S,2026-08,21,0,true,false,10.86,10.1,0.0674,10.6,9.15,,10.98,10.21,12.94,13,1.36,,,,,
S96,limited,S,2026-09,21,0,true,false,10.82,9.75,0.0753,10.18,8.84,9.29,11.02,10.3,12.02,14,1.4,1.62,,,,
S96,limited,S,2026-10,4,0,false,false,10.4,9.71,0.0589,,,,10.24,9.7,13.05,9,1.57,1.89,14.1,,,
S98,limited,S,2026-04,4,0,false,false,10.75,9.53,0.0817,,,,10.69,9.71,,6,1.56,,,,,
S98,limited,S,2026-05,20,0,false,false,11.1,9.75,0.0845,,,,10.25,9.21,10.77,10,1.5,,,,,
S98,limited,S,2026-06,13,0,false,false,11.6,9.88,0.1466,,,,9.69,8.53,10.99,9,1.56,,,,,
S98,limited,S,2026-07,22,0,true,false,11.16,10.14,0.0818,11.42,10.12,,10.18,9.2,11.35,12,1.43,,,,,
S98,limited,S,2026-08,21,0,true,false,12,10.81,0.0731,,,,10.94,10.14,11.4,11,1.37,,,,,
S98,limited,S,2026-09,21,0,true,false,11.23,9.97,0.0824,12.97,10.75,,10.21,9.31,10.33,12,1.45,1.67,,,,
S98,limited,S,2026-10,4,0,false,false,11.3,10.13,0.0667,,,,9.99,9.23,11.25,9,1.58,2.04,12.6,,,
SIM1,express,X,2026-04,4,0,false,false,15.25,13.87,0.1013,,,,17.51,15.99,,7,4.71,,,,,
SIM1,express,X,2026-05,20,0,false,false,14.89,13.87,0.0781,15.03,14.14,7.25,16.91,15.98,,11,4.55,,,,,
SIM1,express,X,2026-06,3,0,false,false,15.83,14.72,0.078,13.96,12.83,,17.41,15.96,,9,4.53,,,,,
SIM1,express,X,2026-07,22,0,true,false,16.13,14.95,0.0688,15.57,14.82,,17.76,16.68,,11,4.33,,,,,
SIM1,express,X,2026-08,21,0,true,false,16.17,15.5,0.0593,16.68,15.91,,18.49,17.71,18.87,12,4.3,,,,,
SIM1,express,X,2026-09,21,0,true,false,14.26,13.26,0.0696,13.29,12.24,,16.68,15.71,16.66,12,4.47,4.92,,,,
SIM1,express,X,2026-10,4,0,false,false,14.82,13.52,0.056,,,,15.64,14.88,,8,4.59,5.54,15.4,,,
SIM10,express,X,2026-04,4,0,false,false,14.6,13.65,0.0734,,,,16.9,16.07,,7,5.27,,,,,
SIM10,express,X,2026-05,20,0,false,false,14.66,13.41,0.0812,14.32,13.7,9.54,15.35,14.43,,12,5.05,,,,,
SIM10,express,X,2026-06,2,0,false,false,14.01,12.75,0.1181,13.56,13.18,,15.66,14.88,,9,4.6,,,,,
SIM10,express,X,2026-07,22,0,true,false,14.94,13.4,0.1114,13.35,12.67,,16,14.66,,11,4.89,,,,,
SIM10,express,X,2026-08,21,0,true,false,15.47,14.43,0.0651,15.27,14.36,11.16,16.57,15.6,,13,4.94,,,,,
SIM10,express,X,2026-09,21,0,true,false,13.75,12.25,0.1327,12.74,11.78,9.54,15.94,14.71,15.07,14,5.17,5.77,,,,
SIM10,express,X,2026-10,4,0,false,false,13.99,12.53,0.1168,,,,14.5,13.8,20.36,9,5.7,6.45,16.4,,,
SIM11,express,X,2026-04,4,0,false,false,15.75,11.8,0.2382,,,,17.1,16.09,21.65,7,2.54,,,,,
SIM11,express,X,2026-05,20,0,false,false,14.75,12.36,0.1522,14.08,12.61,,16.91,15.82,15.68,10,2.52,,,,,
SIM11,express,X,2026-06,2,0,false,false,16.41,12.67,0.1988,20.49,18.95,,16.78,15.14,,8,2.49,,,,,
SIM11,express,X,2026-07,22,0,true,false,16.62,13.84,0.1587,17.47,15.95,,16.43,15.14,21.32,11,2.42,,,,,
SIM11,express,X,2026-08,21,0,true,false,17,13.91,0.19,18.62,17.42,11.83,18.45,17.31,18.08,13,2.3,,,,,
SIM11,express,X,2026-09,21,0,true,false,14.82,12.07,0.1775,14.98,13.63,,16.25,15.07,20.48,11,2.53,2.74,,,,
SIM11,express,X,2026-10,4,0,false,false,13.03,11.61,0.0949,,,,15.61,14.92,13.91,8,2.56,2.88,15.1,,,
SIM15,express,X,2026-04,4,0,false,false,14.13,11.44,0.1441,,,,14.15,12.86,,7,2.73,,,,,
SIM15,express,X,2026-05,20,0,false,false,15.23,12.4,0.1918,17.03,16.4,,12.75,11.39,,11,2.86,,,,,
SIM15,express,X,2026-06,3,0,false,false,16.11,13.03,0.1781,16.67,14.77,,11.48,9.44,,10,2.46,,,,,
SIM15,express,X,2026-07,22,0,true,false,15.83,12.83,0.1669,15.85,14.21,,14.45,13.1,16.1,12,2.51,,,,,
SIM15,express,X,2026-08,21,0,true,false,16.47,13.54,0.136,17.1,15.89,14.71,15.51,14.22,,13,2.41,,,,,
SIM15,express,X,2026-09,21,0,true,false,13.54,10.8,0.1684,14.16,13.08,9.35,13.36,12.21,,12,2.62,2.92,,,,
SIM15,express,X,2026-10,3,0,false,false,14.72,11.83,0.1575,,,,14.98,13.44,,7,2.45,2.81,13.8,,,
SIM1C,express,X,2026-04,4,2,false,false,13.44,12.61,0.0652,,,,9.42,9.72,,11,8.98,,,15.6,14.21,9.51
SIM1C,express,X,2026-05,20,10,false,true,13.08,12.02,0.0722,13,12.29,12.82,11.24,10.09,14.56,16,8.95,,,16.52,15.18,9.35
SIM1C,express,X,2026-06,19,7,false,false,14.78,13.72,0.0608,15.15,14.42,14.55,13.89,13.57,15.15,16,8.95,,,16.32,15.03,9.59
SIM1C,express,X,2026-07,22,8,true,true,13.66,12.65,0.0611,14.74,13.94,13.57,11.28,10.31,14.62,17,8.88,,,16.55,15.27,9
SIM1C,express,X,2026-08,21,10,true,true,14.65,13.67,0.0543,15.35,14.59,13.98,12.86,11.86,15.83,17,8.47,,,15.79,14.49,9.08
SIM1C,express,X,2026-09,21,8,true,true,13.58,12.46,0.0701,15.13,14.24,12.44,12.05,10.68,15.02,17,9.12,9.62,,15.84,14.64,9.26
SIM1C,express,X,2026-10,4,2,false,false,13.89,12.57,0.1045,,,,13.8,12.61,14.49,12,9.39,8.36,17.1,14.84,13.74,10.34
SIM2,express,X,2026-04,4,0,false,false,19.31,16.63,0.1133,,,,21.69,19.69,,7,3.47,,,,,
SIM2,express,X,2026-05,20,0,false,false,19.99,18.09,0.0702,21.23,20.64,,21.81,20.99,25.15,13,3.28,,,,,
SIM2,express,X,2026-06,5,0,false,false,18.31,16.06,0.0863,21.16,20.48,,20.74,19.75,24.52,11,2.99,,,,,
SIM2,express,X,2026-07,22,0,true,false,21.32,19.18,0.086,25.52,24.8,,21.64,20.73,25.47,13,2.87,,,,,
SIM2,express,X,2026-08,21,0,true,false,22.58,20.6,0.0601,28.35,27.21,20.72,22.21,21.48,22.75,15,2.78,,,,,
SIM2,express,X,2026-09,21,0,true,false,19.41,17.5,0.0825,19.92,18.99,,20.75,19.93,21.64,14,3.02,3.38,,,,
SIM2,express,X,2026-10,4,0,false,false,17.9,16.22,0.1064,,,,19.46,18.99,23.41,9,3.22,3.51,12.4,,,
SIM22,express,X,2026-04,4,0,false,false,19.83,16.98,0.1176,,,,20.48,19.38,,7,2.32,,,,,
SIM22,express,X,2026-05,20,0,false,false,19.68,17.23,0.1088,19.64,19.02,,21.15,20.25,,10,2.56,,,,,
SIM22,express,X,2026-06,3,0,false,false,19.55,17.66,0.0793,17.22,16.8,,19.64,18.75,,9,2.17,,,,,
SIM22,express,X,2026-07,22,0,true,false,19.57,17.01,0.1001,20.13,18.37,10.51,20.05,18.91,,13,2.39,,,,,
SIM22,express,X,2026-08,21,0,true,false,20.54,17.73,0.1037,20.27,18.61,14.65,21.72,20.52,,12,2.34,,,,,
SIM22,express,X,2026-09,21,0,true,false,19.54,16.86,0.1092,19.58,18.04,11.88,20.14,19.03,22.52,13,2.44,2.72,,,,
SIM22,express,X,2026-10,4,0,false,false,19.39,16.87,0.1146,,,,21.69,20.59,,8,2.31,2.94,12.3,,,
SIM23,express,X,2026-04,4,0,false,false,14.75,14.2,0.0775,,,,20.08,19.47,,6,0.86,,,,,
SIM23,express,X,2026-05,20,0,false,false,17.63,16.61,0.102,18.55,17.98,11.45,19.56,18.13,22.34,11,1.16,,,,,
SIM23,express,X,2026-06,1,0,false,false,17.28,16.06,0.1045,25.81,25.28,,23.49,21.48,,8,0.99,,,,,
SIM23,express,X,2026-07,22,0,true,false,17.73,16.63,0.0983,20.05,18.47,,18.72,17.65,23.38,11,1.12,,,,,
SIM23,express,X,2026-08,21,0,true,false,18.85,17.77,0.0599,18.42,16.99,8.97,21.59,20.2,32.86,12,1.03,,,,,
SIM23,express,X,2026-09,21,0,true,false,16.79,15.67,0.0943,15.11,13.92,11.91,18.8,17.88,,11,1.06,1.17,,,,
SIM23,express,X,2026-10,4,0,false,false,17.34,16.27,0.081,,,,18.18,16.89,,7,1.15,1.31,15.6,,,
SIM24,express,X,2026-04,4,0,false,false,13.67,12.64,0.0662,,,,14.29,12.69,,6,0.9,,,,,
SIM24,express,X,2026-05,20,0,false,false,20.89,20.1,0.0617,21.24,20,,20.35,19.3,20.03,9,1.05,,,,,
SIM24,express,X,2026-06,2,0,false,false,26.61,26.33,0.024,,,,21.97,21.4,55.14,7,0.86,,,,,
SIM24,express,X,2026-07,22,0,true,false,18.88,17.66,0.0799,16.88,15.07,7.38,21.69,20.16,20.05,11,0.98,,,,,
SIM24,express,X,2026-08,21,0,true,false,22.6,21.17,0.0724,19.94,18.69,18.45,22.37,21.18,27.59,12,0.94,,,,,
SIM24,express,X,2026-09,21,0,true,false,20.72,19.85,0.0621,16.58,15.22,12.09,21.09,20.02,,10,1.02,1.07,,,,
SIM24,express,X,2026-10,4,0,false,false,19.65,17.82,0.0907,,,,21.47,19.6,27.84,8,1.09,1.2,13.8,,,
SIM25,express,X,2026-04,4,0,false,false,19.06,17.67,0.0852,,,,19.07,18.37,,7,2.66,,,,,
SIM25,express,X,2026-05,20,0,false,false,18.15,17.15,0.0928,19.85,19.57,,20.28,19.45,24.35,11,2.9,,,,,
SIM25,express,X,2026-06,4,0,false,false,18.18,17.65,0.0788,20.14,19.42,,25.98,25.1,20.47,10,2.26,,,,,
SIM25,express,X,2026-07,22,0,true,false,18.57,17.07,0.1038,22.38,20.71,,21.17,19.78,23.37,12,2.66,,,,,
SIM25,express,X,2026-08,21,0,true,false,19.82,18.19,0.1129,22.12,20.06,,21.48,20.24,26.1,13,2.71,,,,,
SIM25,express,X,2026-09,21,0,true,false,17.46,16.23,0.093,19.48,17.93,6.98,20.98,19.86,23.73,14,2.75,3.14,,,,
SIM25,express,X,2026-10,4,0,false,false,17.51,17,0.0768,,,,20.03,19.73,24.74,9,2.81,3.39,14,,,
SIM26,express,X,2026-04,4,0,false,false,19.57,18.54,0.0589,,,,18.77,18.28,,7,2.93,,,,,
SIM26,express,X,2026-05,20,0,false,false,18.5,17.23,0.0711,18.92,17.93,,21.35,20.46,22.77,12,2.93,,,,,
SIM26,express,X,2026-06,4,0,false,false,23.12,22.2,0.0873,33.81,32.82,,21.61,21.1,25.58,11,2.55,,,,,
SIM26,express,X,2026-07,22,0,true,false,19.72,18.72,0.0534,20.65,19.3,,20.63,19.86,27.14,13,2.83,,,,,
SIM26,express,X,2026-08,21,0,true,false,20.97,19.91,0.0513,20.66,19.18,13.42,21.84,20.77,28.36,14,2.85,,,,,
SIM26,express,X,2026-09,21,0,true,false,19.85,18.73,0.067,18.71,17.21,,19.4,18.2,31.79,13,3.01,3.45,,,,
SIM26,express,X,2026-10,4,0,false,false,21.36,20.18,0.0668,,,,21.92,19.8,29.62,9,3.34,3.75,16.2,,,
SIM3,express,X,2026-04,4,0,false,false,10.67,9.58,0.135,,,,15.34,14.51,,6,2.7,,,,,
SIM3,express,X,2026-05,20,0,false,false,13.21,12.53,0.0425,16.04,15.04,9.09,14.59,13.72,13.18,12,2.89,,,,,
SIM3,express,X,2026-06,2,0,false,false,14.71,13.1,0.1506,19.01,18.19,,15.54,14.95,,9,2.35,,,,,
SIM3,express,X,2026-07,22,0,true,false,14.42,12.79,0.1185,18.39,17.21,9.76,15,13.86,15.02,14,2.54,,,,,
SIM3,express,X,2026-08,21,0,true,false,13.66,12.61,0.1031,19.04,18.04,8.67,15.82,14.85,8.72,13,2.51,,,,,
SIM3,express,X,2026-09,21,0,true,false,11.56,10.22,0.176,15.06,14.06,5.39,14.89,13.46,,13,2.81,3.02,,,,
SIM3,express,X,2026-10,4,0,false,false,11.96,11.09,0.1268,,,,14.07,13.46,,7,2.92,3.1,11.7,,,
SIM30,express,X,2026-04,4,0,false,false,12.99,11.68,0.1507,,,,17.91,16.22,,7,2.53,,,,,
SIM30,express,X,2026-05,20,0,false,false,14.03,12.69,0.1346,15.2,13.9,6.7,15.59,14.38,,10,2.62,,,,,
SIM30,express,X,2026-06,3,0,false,false,19.18,18.62,0.087,,,,24.36,23.58,,8,2.14,,,,,
SIM30,express,X,2026-07,22,0,true,false,14.59,12.89,0.1565,16.12,14.02,5.27,17.06,15.66,15.93,12,2.51,,,,,
SIM30,express,X,2026-08,21,0,true,false,14.63,13.26,0.1025,15.51,14.43,6.76,16.47,15.45,15.39,12,2.55,,,,,
SIM30,express,X,2026-09,21,0,true,false,13.83,12.7,0.1307,14.07,12.83,4.56,14.69,12.93,17.26,12,2.58,2.88,,,,
SIM30,express,X,2026-10,4,0,false,false,13.9,13,0.0829,,,,16,14.9,14.97,8,2.55,3.2,12,,,
SIM31,express,X,2026-04,4,0,false,false,15.63,15,0.0524,,,,16.36,15.65,,7,2.53,,,,,
SIM31,express,X,2026-05,20,0,false,false,15.45,14.97,0.0433,15.76,15.31,5.43,14.69,13.69,,10,2.35,,,,,
SIM31,express,X,2026-06,3,0,false,false,16.21,15.48,0.054,17.54,16.09,,17.45,16.5,,8,2.04,,,,,
SIM31,express,X,2026-07,22,0,true,false,16.6,15.74,0.0627,16,15.03,6.39,15.73,14.36,,11,2.15,,,,,
SIM31,express,X,2026-08,21,0,true,false,16.39,15.08,0.0741,17.03,15.97,8.54,15.47,14.06,21.29,12,2.16,,,,,
SIM31,express,X,2026-09,21,0,true,false,14.24,13.54,0.061,14.58,13.43,5.18,14.81,13.69,17.76,12,2.25,2.68,,,,
SIM31,express,X,2026-10,3,0,false,false,14.99,14.13,0.0496,,,,15.93,14.48,,7,2.17,2.85,17.9,,,
SIM32,express,X,2026-04,4,0,false,false,16.06,14.02,0.1533,,,,18.84,17.05,,6,1.67,,,,,
SIM32,express,X,2026-05,19,0,false,false,14.19,13.2,0.0945,15.28,14.39,2.83,16.24,15.21,18.49,10,1.56,,,,,
SIM32,express,X,2026-06,1,0,false,false,15.28,13.67,0.1235,17.9,16.13,,14.41,13.45,,6,1.56,,,,,
SIM32,express,X,2026-07,22,0,true,false,17.01,15.76,0.0975,19.04,17.95,,17.95,16.55,19.53,10,1.43,,,,,
SIM32,express,X,2026-08,21,0,true,false,18.84,17.41,0.0678,20.84,19.49,10.68,18.33,17.25,24.42,11,1.29,,,,,
SIM32,express,X,2026-09,21,0,true,false,15.28,14.05,0.0931,14.66,13.77,,17.99,16.71,,10,1.46,1.62,,,,
SIM32,express,X,2026-10,3,0,false,false,14,13.44,0.0645,,,,15.85,15.78,,6,1.39,1.73,14.8,,,
SIM33,express,X,2026-04,4,0,false,false,16.74,15.57,0.0552,,,,17.02,15.73,25.97,7,2.11,,,,,
SIM33,express,X,2026-05,20,0,false,false,14.39,13.6,0.0568,13.18,12.39,8.45,15.07,14.04,22.36,11,2.28,,,,,
SIM33,express,X,2026-06,2,0,false,false,18.07,16.32,0.0809,14.13,13.39,,19.44,17.5,,8,2.07,,,,,
SIM33,express,X,2026-07,22,0,true,false,15.84,14.71,0.0729,16.59,15.49,10.02,16.18,14.87,20.27,13,1.89,,,,,
SIM33,express,X,2026-08,21,0,true,false,16.53,15.41,0.0651,18.3,17.33,10.91,16.76,15.57,20.33,13,1.8,,,,,
SIM33,express,X,2026-09,21,0,true,false,14.44,13.59,0.059,15.41,14.49,8.7,15.43,14.29,18.25,13,1.96,2.33,,,,
SIM33,express,X,2026-10,4,0,false,false,13.24,12.45,0.0488,,,,13.67,12.67,18.5,8,1.9,2.43,9.7,,,
SIM33C,express,X,2026-04,4,2,false,false,17.06,16.19,0.0451,,,,18.28,17.3,,11,4.84,,,16.16,14.95,4.61
SIM33C,express,X,2026-05,20,10,false,true,16.93,15.91,0.0573,15.48,14.83,14.09,12.97,11.88,16.3,16,4.79,,,16.48,15.22,4.61
SIM33C,express,X,2026-06,19,7,false,false,18.32,16.95,0.0688,13.47,13.07,15.07,20.32,17.75,16.42,16,4.33,,,17.14,15.76,4.56
SIM33C,express,X,2026-07,22,8,true,true,16.94,15.74,0.0632,14.74,13.51,14.07,13.51,12.38,16.54,16,4.6,,,16.25,15.07,4.86
SIM33C,express,X,2026-08,21,10,true,true,18.04,16.91,0.0517,18.01,16.74,15.34,14.28,13.39,16.26,17,4.52,,,15.96,14.72,4.97
SIM33C,express,X,2026-09,21,8,true,true,15.98,14.77,0.0708,13.78,12.96,13.16,12.01,10.76,15.91,16,4.95,4.71,,16.83,15.6,4.79
SIM33C,express,X,2026-10,4,2,false,false,14.54,13.48,0.071,,,,10.32,9.54,16.8,11,4.7,4.37,13.4,17.71,16.06,4.66
SIM34,express,X,2026-04,4,0,false,false,12,11.03,0.0916,,,,14.77,13.87,,6,2.79,,,,,
SIM34,express,X,2026-05,20,0,false,false,13.47,12.5,0.0893,13.82,13.05,,15,13.68,19.78,12,2.86,,,,,
SIM34,express,X,2026-06,2,0,false,false,14.39,13.55,0.0871,20.03,18.95,,14.14,12.62,,8,2.5,,,,,
SIM34,express,X,2026-07,22,0,true,false,13.75,12.74,0.0833,16.54,15.76,,16.03,14.76,16.77,12,2.45,,,,,
SIM34,express,X,2026-08,21,0,true,false,15.41,14.62,0.0683,17.85,17.06,,16.62,15.56,19.6,12,2.41,,,,,
SIM34,express,X,2026-09,21,0,true,false,13.75,12.8,0.0873,14.75,13.77,10.9,14.87,13.84,,12,2.72,3.01,,,,
SIM34,express,X,2026-10,3,0,false,false,10.83,9.97,0.0892,,,,13.78,13.36,,6,2.57,2.8,16.8,,,
SIM35,express,X,2026-04,4,0,false,false,17.66,17,0.0481,,,,17.88,17.3,,6,1.37,,,,,
SIM35,express,X,2026-05,20,0,false,false,15.42,14.27,0.0727,15.33,13.77,14.07,16.49,15.25,13.4,10,1.69,,,,,
SIM35,express,X,2026-06,2,0,false,false,11.71,10.83,0.0502,16.05,14.84,,13.39,12.46,,8,1.75,,,,,
SIM35,express,X,2026-07,22,0,true,false,16.39,14.99,0.0859,16.62,15.56,15.72,15.34,14,16.87,11,1.55,,,,,
SIM35,express,X,2026-08,21,0,true,false,16.66,15.64,0.0597,17.41,16.26,11.64,17.24,16.16,,10,1.47,,,,,
SIM35,express,X,2026-09,21,0,true,false,15.08,14.04,0.0562,16,14.89,12.48,14.52,13.55,,11,1.59,1.74,,,,
SIM35,express,X,2026-10,3,0,false,false,13.87,12.96,0.0572,,,,15.41,14.96,,6,1.43,1.54,11.3,,,
SIM3C,express,X,2026-04,4,2,false,false,12.87,11.56,0.0811,10.16,9.11,,11.02,10.41,,10,4.39,,,17.79,16.56,4.33
SIM3C,express,X,2026-05,20,10,false,true,12.74,11.57,0.0726,9.24,8,12.84,11.44,10.31,14.46,14,4.14,,,16.89,15.44,4.54
SIM3C,express,X,2026-06,19,7,false,false,13.78,12.57,0.0693,14.47,10.16,15.28,9.26,8.66,14.75,14,4.36,,,16,14.36,4.43
SIM3C,express,X,2026-07,22,8,true,true,14.09,12.77,0.0786,10.93,10.3,13.59,13.56,12.33,16.04,14,4.2,,,16.17,14.92,4.6
SIM3C,express,X,2026-08,21,10,true,true,13.52,12.39,0.07,12.25,11.11,12.96,12.65,11.54,15.32,14,4.08,,,15.42,14.06,4.78
SIM3C,express,X,2026-09,21,8,true,true,12.57,11.39,0.0766,11.75,11.33,11.77,12.05,11.09,14.37,14,4.39,4.55,,15.89,14.71,4.73
SIM3C,express,X,2026-10,4,2,false,false,12.05,11.04,0.0947,,,,11.71,10.85,15.2,10,4.22,4.77,10.9,16.9,14.97,4.94
SIM4,express,X,2026-04,4,0,false,false,14.91,13.9,0.096,,,,18.2,16.74,,6,3.54,,,,,
SIM4,express,X,2026-05,18,0,false,false,14.26,13.21,0.0956,15.03,14.32,3.19,17.3,16.23,16.93,10,3.22,,,,,
SIM4,express,X,2026-06,2,0,false,false,18.28,17.29,0.0917,19.11,17.58,,17.24,15.67,,7,3.08,,,,,
SIM4,express,X,2026-07,22,0,true,false,15.08,14.05,0.089,18.52,17.41,,18.18,16.87,12.14,10,2.95,,,,,
SIM4,express,X,2026-08,21,0,true,false,16.38,15.07,0.0859,20.93,19.27,4.92,19.09,17.67,,10,2.83,,,,,
SIM4,express,X,2026-09,21,0,true,false,15.27,14.33,0.0918,15.34,14.33,19.16,18.15,16.83,,10,3,3.45,,,,
SIM4,express,X,2026-10,3,0,false,false,15.71,14.8,0.0735,,,,19.65,18.5,,6,2.76,3.36,19.2,,,
SIM4C,express,X,2026-04,4,2,false,false,15.65,14.41,0.084,,,,17.26,16.65,,10,5.41,,,18.09,16.93,4.13
SIM4C,express,X,2026-05,20,10,false,true,15.05,13.47,0.1017,14.8,14.14,14.64,15.29,13.93,16.05,15,5.65,,,18.08,16.75,5.25
SIM4C,express,X,2026-06,19,7,false,false,16.95,14.54,0.1271,19.11,19.21,15.04,18.44,14.89,18.06,15,5.17,,,16.93,15.28,5.06
SIM4C,express,X,2026-07,22,8,true,true,16.03,14.35,0.098,18.4,17.56,14.53,15.95,14.45,17.59,16,5.42,,,17.33,15.97,5.36
SIM4C,express,X,2026-08,21,10,true,true,15.76,13.74,0.1226,16.57,15.56,15.4,15.3,13.91,16.68,16,5.3,,,16.72,15.18,5.31
SIM4C,express,X,2026-09,21,8,true,true,14.58,13.54,0.0663,18.54,17.78,13.16,12.76,11.55,16.27,16,5.74,6.12,,17.22,15.98,5.21
SIM4C,express,X,2026-10,4,2,false,false,15.66,13.85,0.1355,,,,14.56,13.17,19.36,10,5.89,5.95,12.2,18.03,17.66,5.95
SIM5,express,X,2026-04,4,0,false,false,16.51,15.41,0.0837,,,,16.69,15.8,19.4,7,2.23,,,,,
SIM5,express,X,2026-05,20,0,false,false,15.37,13.66,0.1151,14.53,13.29,11.88,16.71,15.59,16.14,11,2.46,,,,,
SIM5,express,X,2026-06,2,0,false,false,14.91,13.16,0.106,15.56,14.45,,16.2,14.43,,8,2.28,,,,,
SIM5,express,X,2026-07,22,0,true,false,17.43,15.2,0.0936,17.97,16.89,12.84,18.18,16.97,18.12,12,2.18,,,,,
SIM5,express,X,2026-08,21,0,true,false,17.22,15.94,0.0772,19.07,17.96,11.05,18.47,17.51,20.74,12,2.13,,,,,
SIM5,express,X,2026-09,21,0,true,false,18.73,18.05,0.069,16.75,15.92,21.37,17.48,16.25,,11,2.25,2.51,,,,
SIM5,express,X,2026-10,4,0,false,false,18.25,16.33,0.0947,,,,18.02,16.6,,7,2.31,2.47,14.7,,,
SIM6,express,X,2026-04,4,0,false,false,15.75,13.43,0.1211,,,,17.94,16.39,,7,5.12,,,,,
SIM6,express,X,2026-05,20,0,false,false,16.77,14.58,0.1248,14.94,13.81,13.04,16.71,15.56,21.27,13,4.97,,,,,
SIM6,express,X,2026-06,4,0,false,false,16.65,14.39,0.1218,15.99,16.13,,16.96,15.66,19.32,11,4.72,,,,,
SIM6,express,X,2026-07,22,0,true,false,16.88,14.63,0.1119,17.46,16.57,15.12,16.69,15.45,17.18,14,4.72,,,,,
SIM6,express,X,2026-08,21,0,true,false,17.21,15.1,0.1108,17.39,16.6,,18.18,17.1,17.48,13,4.59,,,,,
SIM6,express,X,2026-09,21,0,true,false,15.36,13.37,0.1147,14.85,13.71,12.96,16.53,15.39,16,14,4.86,5.34,,,,
SIM6,express,X,2026-10,4,0,false,false,15.9,12.65,0.1763,,,,16.09,14.92,16.7,9,5.12,5.71,16,,,
SIM7,express,X,2026-04,4,0,false,false,15.59,14.29,0.0852,,,,17.14,15.93,,7,2.4,,,,,
SIM7,express,X,2026-05,20,0,false,false,15.33,14.39,0.0577,13.61,12.94,10.09,17,15.79,19.47,12,2.55,,,,,
SIM7,express,X,2026-06,3,0,false,false,16.46,14.53,0.0821,15.85,15.38,,13.43,11.55,,9,2.42,,,,,
SIM7,express,X,2026-07,22,0,true,false,15.85,14.59,0.0782,14.22,13.3,,16.2,14.84,23.09,12,2.44,,,,,
SIM7,express,X,2026-08,21,0,true,false,16.66,15.57,0.0532,16.53,15.69,11.62,17.3,16.31,,12,2.29,,,,,
SIM7,express,X,2026-09,21,0,true,false,15.14,14.12,0.0523,13.95,13.2,9.49,15.86,14.76,20.31,13,2.35,2.77,,,,
SIM7,express,X,2026-10,4,0,false,false,11.5,10.52,0.1204,,,,14.03,12.74,14.04,9,2.4,3.05,10.4,,,
SIM8,express,X,2026-04,4,0,false,false,15.2,13.93,0.1011,,,,19.11,17.99,,8,4.62,,,,,
SIM8,express,X,2026-05,20,0,false,false,16.1,15.02,0.0921,18.78,17.71,,17.94,16.91,16.98,15,4.99,,,,,
SIM8,express,X,2026-06,11,0,false,false,15.8,14.59,0.1227,15.86,14.88,,19.31,18.62,18.96,13,4.45,,,,,
SIM8,express,X,2026-07,22,0,true,false,17.21,15.94,0.0722,19,17.37,,18.2,16.9,20.23,16,4.93,,,,,
SIM8,express,X,2026-08,21,0,true,false,17.22,15.77,0.0836,17.48,15.84,,19.14,18.11,20.03,16,4.92,,,,,
SIM8,express,X,2026-09,21,0,true,false,16.14,14.61,0.1019,16.52,14.77,,17.13,15.9,21.69,16,4.95,5.52,,,,
SIM8,express,X,2026-10,4,0,false,false,18.1,16.39,0.0929,,,,19.97,18.59,20.95,10,5.01,5.82,13.9,,,
SIM9,express,X,2026-04,4,0,false,false,15.36,12.64,0.1498,,,,18.51,15.4,,7,1.74,,,,,
SIM9,express,X,2026-05,20,0,false,false,14.68,12.75,0.1156,13.86,13.38,9.07,16.54,15.49,,11,1.87,,,,,
SIM9,express,X,2026-06,3,0,false,false,16.99,14.34,0.1537,15.08,14.36,,20.21,17.74,,10,1.85,,,,,
SIM9,express,X,2026-07,22,0,true,false,15.69,13.54,0.1276,17.07,16.12,11.15,15.42,14.17,20.89,13,1.63,,,,,
SIM9,express,X,2026-08,21,0,true,false,16.56,14.55,0.124,19.19,18.18,,18.17,16.92,,11,1.67,,,,,
SIM9,express,X,2026-09,21,0,true,false,15.28,12.82,0.1386,14.55,13.67,,16.23,15,22.18,12,1.67,2.07,,,,
SIM9,express,X,2026-10,3,0,false,false,14.72,12.65,0.1177,,,,13.95,12.41,,7,1.65,2.04,7.1,,,
T102,shuttle,,2026-08,6,0,false,false,4.87,3.9,0.3565,,,,,,4.87,3,0.09,,,,,
T102,shuttle,,2026-09,13,6,true,true,8.92,7.57,0.1131,,,,,,8.92,3,0.29,,,8.78,7.64,4.96
T102,shuttle,,2026-10,1,2,false,false,8.2,8.89,0.0165,,,,,,9.67,2,0.53,,29.2,8.36,7.23,5.4
T113,shuttle,,2026-06,0,1,false,false,,,,,,,,,,,,,,13.5,11.95,0
T127,shuttle,,2026-04,3,0,false,false,9.04,5.04,0.3414,,,,,,9.04,1,0.12,,,,,
T204,shuttle,,2026-07,0,2,false,false,,,,,,,,,,,,,,9.15,7.34,0.78
T204,shuttle,,2026-09,0,2,false,false,,,,,,,,,,,,,,8.89,7.26,1.04
T300,shuttle,,2026-09,0,2,false,false,,,,,,,,,,,,,,9.2,6.93,1.09
T320,shuttle,,2026-05,0,4,false,true,,,,,,,,,,,,,,6.84,5.06,3.2
T321,shuttle,,2026-06,0,0,false,false,,,,,,,,,,,,,,,,
T321,shuttle,,2026-09,0,0,false,false,,,,,,,,,,,,,,,,
T323,shuttle,,2026-05,0,4,false,true,,,,,,,,,,,,,,7.39,5.85,1.18
T354,shuttle,,2026-09,0,2,false,false,,,,,,,,,,,,,,9.38,6.49,0.82
T354,shuttle,,2026-10,0,2,false,false,,,,,,,,,,,,,,9.67,6.66,4.62
T403,shuttle,,2026-05,1,0,false,false,8.93,7.45,0.1432,,,,,,,1,0.02,,,,,
T403,shuttle,,2026-06,3,2,false,false,7.1,5.94,0.1358,,,,,,7.1,2,0.09,,,7.8,6.27,0.98
T403,shuttle,,2026-07,4,2,false,false,8.59,6.79,0.1974,,,,,,8.41,3,0.03,,,7.8,6.32,3.35
T403,shuttle,,2026-08,6,4,false,true,7.37,5.39,0.2417,,,,,,7.37,2,0.33,,,7.95,6.64,4.82
T403,shuttle,,2026-09,6,4,false,true,8.29,7.16,0.1149,,,,,,8.29,2,0.24,,,7.88,6.57,5.98
T410,shuttle,,2026-07,0,2,false,false,,,,,,,,,,,,,,7.25,6.24,2.27
T422,shuttle,,2026-10,0,2,false,false,,,,,,,,,,,,,,7,4.57,4.63
T426,shuttle,,2026-04,0,2,false,false,,,,,,,,,,,,,,4.12,1.48,0.53
T426,shuttle,,2026-05,0,3,false,true,,,,,,,,,,,,,,8.25,6.41,2.05
T426,shuttle,,2026-08,0,4,false,true,,,,,,,,,,,,,,8.32,7.06,4.21
T430,shuttle,,2026-06,0,4,false,false,,,,,,,,,,,,,,7.4,6.2,11.31
T430,shuttle,,2026-07,0,2,false,false,,,,,,,,,,,,,,7.71,6.55,3.56
T430,shuttle,,2026-08,0,2,false,false,,,,,,,,,,,,,,7.47,6.41,3.24
T430,shuttle,,2026-09,0,2,false,false,,,,,,,,,,,,,,7.36,6.22,3.45
T433,shuttle,,2026-07,0,2,false,false,,,,,,,,,,,,,,7.1,6.28,2.23
T434,shuttle,,2026-06,0,1,false,false,,,,,,,,,,,,,,7.2,6.05,0.17
T434,shuttle,,2026-07,0,3,false,true,,,,,,,,,,,,,,7,5.43,1.98
T434,shuttle,,2026-08,0,3,false,true,,,,,,,,,,,,,,7.06,5.58,1.71
T434,shuttle,,2026-09,1,4,false,true,5.08,3.89,0.125,5.08,3.89,,,,,1,0,,,7.2,5.49,1.72
X27,express,X,2026-04,4,2,false,false,11.78,10.34,0.1086,,,,12.85,10.15,,11,5.08,,,13.62,12.02,3
X27,express,X,2026-05,20,10,false,true,11.74,10.45,0.1089,12.92,12.02,10.4,11.86,9.83,12.3,16,4.92,,,13.61,12.09,2.72
X27,express,X,2026-06,19,7,false,false,11.33,10.09,0.1016,12.42,12.09,9.05,13.11,9.87,12.13,16,4.44,,,13.32,12.13,2.98
X27,express,X,2026-07,22,8,true,true,11.66,10.49,0.0929,12.45,11.81,11.07,11.51,9.67,11.51,17,4.37,,,13.99,12.56,2.94
X27,express,X,2026-08,21,10,true,true,11.9,10.65,0.0929,13.37,12.34,10.39,11.54,9.81,12.79,17,4.41,,,13.54,12.01,3.09
X27,express,X,2026-09,21,8,true,true,10.98,9.92,0.0834,11.67,10.82,9.05,11.24,9.74,12.51,17,4.55,5.01,,15.37,13.5,2.89
X27,express,X,2026-10,4,2,false,false,12.16,10.95,0.0807,,,,11.77,10.14,11.23,12,4.69,4.48,16.3,13.4,11.85,3.37
X28,express,X,2026-04,4,2,false,false,12.61,11.03,0.1095,,,,11.17,9.71,,11,5.53,,,14.36,13.26,3.16
X28,express,X,2026-05,20,10,false,true,12.04,10.95,0.0818,13.61,12.62,10.99,11.8,10.63,12.12,16,5.1,,,13.45,11.84,3.18
X28,express,X,2026-06,18,7,false,false,13.96,12.25,0.0977,13.19,11.34,14.53,11.87,11.1,14.74,16,4.09,,,13.99,12.42,3.17
X28,express,X,2026-07,22,8,true,true,12.18,10.69,0.1002,13.17,11.85,10.95,12.39,11.11,12.86,17,4.54,,,14.51,13.34,3.3
X28,express,X,2026-08,21,10,true,true,12.7,11.61,0.0724,13.81,12.78,11.73,12.23,10.91,12.99,17,4.5,,,12.34,10.94,3.36
X28,express,X,2026-09,21,8,true,true,11.37,10.15,0.0917,11.15,9.96,10.16,12.26,10.84,11.97,17,4.82,5.18,,13.66,12.25,3.24
X28,express,X,2026-10,4,2,false,false,11.61,10.44,0.0763,,,,11.3,9.77,13.28,12,4.6,5,16,14.33,13.82,3.67
X37,express,X,2026-04,4,0,false,false,12.97,12.03,0.0464,,,,14.45,13.03,,7,2.43,,,,,
X37,express,X,2026-05,20,0,false,false,12.4,11.43,0.0689,12,11.08,7.41,11.49,10.51,,10,2.32,,,,,
X37,express,X,2026-06,3,0,false,false,12.5,11.6,0.0678,14.56,14.22,,16.33,14.82,,8,2.05,,,,,
X37,express,X,2026-07,22,0,true,false,12.72,11.79,0.0724,12.63,11.75,5.73,11.88,10.68,,11,2.09,,,,,
X37,express,X,2026-08,21,0,true,false,13.33,12.23,0.0919,14.48,13.61,,13.06,12,,10,2.04,,,,,
X37,express,X,2026-09,21,0,true,false,12.64,11.71,0.0734,11.85,10.56,3.21,12.69,11.74,18.81,12,2.04,2.39,,,,
X37,express,X,2026-10,3,0,false,false,12,10.8,0.1094,,,,13.6,12.1,,7,2.06,2.35,21.7,,,
X38,express,X,2026-04,4,0,false,false,13.13,11.95,0.0812,,,,14.18,13.35,,6,2.32,,,,,
X38,express,X,2026-05,19,0,false,false,11.54,10.72,0.064,12.02,11,5.96,12.78,11.83,13.39,10,2.32,,,,,
X38,express,X,2026-06,1,0,false,false,12.96,9.97,0.1977,11.79,10.98,,16.19,15.51,,7,1.75,,,,,
X38,express,X,2026-07,22,0,true,false,12.14,10.57,0.108,12.91,11.84,,12.54,11.67,14.97,10,2.22,,,,,
X38,express,X,2026-08,21,0,true,false,12.47,10.46,0.1594,14.01,12.73,6.58,13.25,12.11,14.07,11,2.08,,,,,
X38,express,X,2026-09,21,0,true,false,11.9,10.73,0.098,11.98,10.79,6.98,13.89,12.69,,11,2.27,2.39,,,,
X38,express,X,2026-10,3,0,false,false,10.93,9.23,0.1288,,,,12.1,11.32,,6,2.05,2.46,19.2,,,
