route,month,counter_boardings,counter_avg_weekday,fare_taps,fare_taps_avg_weekday,counter_to_taps_ratio,network_change_this_month
B1,2024-10,44616,1588,347563,12404,0.128,false
B1,2024-11,54255,2187,329679,12467,0.175,false
B1,2024-12,64287,2148,321644,11559,0.186,false
B1,2025-01,63288,2132,299716,10639,0.2,false
B1,2025-02,63102,1792,282282,11335,0.158,false
B1,2025-03,29615,1276,342036,12620,0.101,false
B1,2025-04,45018,1781,333050,12395,0.144,false
B1,2025-05,37599,1472,343251,12372,0.119,false
B1,2025-06,32827,1349,306204,11654,0.116,false
B1,2025-07,31562,964,318296,11022,0.087,false
B1,2025-08,29839,745,303618,10701,0.07,false
B1,2025-09,62425,2434,315052,11698,0.208,false
B1,2025-10,61402,2378,301586,10799,0.22,false
B1,2025-11,61904,2423,272961,10292,0.235,false
B1,2025-12,77736,2570,280938,9934,0.259,false
B1,2026-01,95172,3459,,,,false
B1,2026-02,71962,2832,233738,9322,0.304,false
B1,2026-03,59003,2260,297468,10806,0.209,false
B1,2026-04,63413,2418,284300,10527,0.23,false
B1,2026-05,46746,1893,291766,10804,0.175,false
B1,2026-06,68976,2493,302789,11230,0.222,false
B1,2026-07,47061,1207,289694,10179,0.119,false
B1,2026-08,33536,821,273058,9720,0.084,false
B100,2024-10,113351,4556,105274,4212,1.082,false
B100,2024-11,97537,4222,89406,3802,1.11,false
B100,2024-12,86424,3522,86938,3551,0.992,false
B100,2025-01,99485,4035,85725,3420,1.18,false
B100,2025-02,86709,4010,73948,3343,1.2,false
B100,2025-03,99798,4182,93664,3912,1.069,false
B100,2025-04,106453,4456,89643,3728,1.195,false
B100,2025-05,114136,4678,93481,3742,1.25,false
B100,2025-06,93582,3990,90766,3801,1.05,false
B100,2025-07,89654,3513,94165,3688,0.953,false
B100,2025-08,79717,3273,87193,3596,0.91,false
B100,2025-09,94067,3877,94010,3818,1.015,false
B100,2025-10,97680,3808,91622,3600,1.058,false
B100,2025-11,81942,3672,73667,3243,1.132,false
B100,2025-12,92427,3727,79278,3153,1.182,false
B100,2026-01,88840,3766,,,,false
B100,2026-02,71955,3313,72798,3257,1.017,false
B100,2026-03,99648,4169,87590,3582,1.164,false
B100,2026-04,87496,3623,81761,3384,1.071,false
B100,2026-05,99935,4335,83165,3453,1.255,false
B100,2026-06,95307,3902,86419,3523,1.108,false
B100,2026-07,77113,3087,84734,3347,0.922,false
B100,2026-08,74824,3087,78973,3256,0.948,false
B102,2026-02,19920,0,533,2,,false
B103,2024-10,342182,12519,215126,7789,1.607,false
B103,2024-11,292509,11142,179773,6802,1.638,false
B103,2024-12,271698,10021,167942,6166,1.625,false
B103,2025-01,277464,10105,167341,6071,1.664,false
B103,2025-02,264031,10941,154929,6240,1.753,false
B103,2025-03,316508,12147,189617,7146,1.7,false
B103,2025-04,297493,11296,188231,7091,1.593,false
B103,2025-05,333721,12228,194921,7056,1.733,false
B103,2025-06,287978,10915,188401,7191,1.518,false
B103,2025-07,281703,9895,199784,7184,1.377,false
B103,2025-08,255639,9120,190645,7061,1.292,false
B103,2025-09,281036,10404,194525,7350,1.416,false
B103,2025-10,286335,10440,186906,6873,1.519,false
B103,2025-11,252631,9576,159264,6090,1.572,false
B103,2025-12,251332,9032,156263,5676,1.591,false
B103,2026-01,231761,8708,,,,false
B103,2026-02,197016,8106,143869,5972,1.357,false
B103,2026-03,254021,9532,177013,6571,1.451,false
B103,2026-04,240011,9177,168438,6393,1.435,false
B103,2026-05,276530,10496,169609,6402,1.639,false
B103,2026-06,277252,10169,166642,6244,1.629,false
B103,2026-07,246007,8736,162558,5942,1.47,false
B103,2026-08,251940,9011,160892,5964,1.511,false
B106,2025-04,24446,20,324,0,,false
B106,2025-05,67000,53,1318,2,26.5,false
B106,2025-06,35085,56,785,1,56,false
B106,2025-08,21040,0,318,0,,false
B106,2025-09,9,0,11,0,,false
B106,2025-12,21852,20,371,0,,false
B11,2024-10,103173,3885,175532,6568,0.592,false
B11,2024-11,70992,2695,168833,6716,0.401,false
B11,2024-12,71204,2699,169282,6436,0.419,false
B11,2025-01,88174,3286,179432,6687,0.491,false
B11,2025-02,74728,3184,167579,7106,0.448,false
B11,2025-03,97257,3737,189867,7382,0.506,false
B11,2025-04,85114,3352,174303,6802,0.493,false
B11,2025-05,105420,3852,190317,7256,0.531,false
B11,2025-06,97595,3861,177285,6930,0.557,false
B11,2025-07,89113,3343,170977,6389,0.523,false
B11,2025-08,83937,3215,162401,6334,0.508,false
B11,2025-09,114108,4523,172104,6583,0.687,false
B11,2025-10,108310,4016,160896,5917,0.679,false
B11,2025-11,90753,3671,157383,6258,0.587,false
B11,2025-12,96328,3564,153063,5642,0.632,false
B11,2026-01,89600,3523,,,,false
B11,2026-02,81639,3521,132241,5537,0.636,false
B11,2026-03,95201,3694,166230,6226,0.593,false
B11,2026-04,89739,3488,148912,5695,0.612,false
B11,2026-05,99332,3909,159479,6220,0.628,false
B11,2026-06,94271,3605,164139,6351,0.568,false
B11,2026-07,86208,3192,148191,5535,0.577,false
B11,2026-08,102198,3980,147072,5665,0.703,false
B111,2025-03,4331,206,26,1,206,false
B111,2025-04,4526,206,25,1,206,false
B111,2025-05,3450,157,70,3,52.333,false
B111,2025-06,3436,164,42,2,82,false
B111,2025-07,2293,100,42,2,50,false
B111,2025-08,2791,133,37,2,66.5,false
B111,2025-09,1979,90,41,2,45,false
B111,2025-10,3496,152,38,2,76,false
B111,2025-11,2907,145,34,2,72.5,false
B111,2025-12,2678,116,35,2,58,false
B111,2026-01,3343,152,,,,false
B111,2026-02,1818,91,24,1,91,false
B111,2026-03,3587,163,42,2,81.5,false
B111,2026-04,2747,125,38,2,62.5,false
B111,2026-05,3605,172,48,2,86,false
B111,2026-06,2859,130,60,3,43.333,false
B111,2026-07,2873,125,37,2,62.5,false
B111,2026-08,2783,133,63,3,44.333,false
B12,2024-10,336367,12269,159090,5796,2.117,false
B12,2024-11,288242,10989,141783,5356,2.052,false
B12,2024-12,273204,10108,136325,5066,1.995,false
B12,2025-01,269641,10036,140580,5143,1.951,false
B12,2025-02,247415,10249,132179,5465,1.875,false
B12,2025-03,289829,11027,151518,5742,1.92,false
B12,2025-04,269646,10380,147314,5591,1.857,false
B12,2025-05,284144,10446,148143,5408,1.932,false
B12,2025-06,268939,10397,144637,5564,1.869,false
B12,2025-07,302131,10858,156624,5710,1.902,false
B12,2025-08,274680,9845,149221,5638,1.746,false
B12,2025-09,296093,10949,143226,5317,2.059,false
B12,2025-10,298088,11011,137847,5035,2.187,false
B12,2025-11,247572,9374,113056,4363,2.149,false
B12,2025-12,252542,9144,111640,4089,2.236,false
B12,2026-01,223775,8400,,,,false
B12,2026-02,196977,8064,96852,3963,2.035,false
B12,2026-03,241898,9288,124648,4634,2.004,false
B12,2026-04,216902,8397,121676,4674,1.797,false
B12,2026-05,245971,9257,121262,4577,2.023,false
B12,2026-06,260181,9595,120148,4524,2.121,false
B12,2026-07,237842,8504,126185,4666,1.823,false
B12,2026-08,231805,8469,120473,4557,1.858,false
B13,2024-10,192126,7082,113717,4195,1.688,false
B13,2024-11,173204,6694,103166,3978,1.683,false
B13,2024-12,168533,6320,99053,3673,1.721,false
B13,2025-01,170625,6355,99008,3671,1.731,false
B13,2025-02,152731,6445,92680,3848,1.675,false
B13,2025-03,185796,7115,109733,4170,1.706,false
B13,2025-04,182123,6986,108879,4173,1.674,false
B13,2025-05,186960,7034,112079,4143,1.698,false
B13,2025-06,177321,7031,106744,4157,1.691,false
B13,2025-07,178992,6473,112793,4111,1.575,false
B13,2025-08,163304,6021,106143,3967,1.518,false
B13,2025-09,179903,6904,104592,3998,1.727,false
B13,2025-10,180404,6607,104088,3809,1.735,false
B13,2025-11,159297,6283,89176,3494,1.798,false
B13,2025-12,154952,5655,87465,3200,1.767,false
B13,2026-01,144440,5602,,,,false
B13,2026-02,119263,4956,73607,3084,1.607,false
B13,2026-03,147952,5670,94918,3583,1.582,false
B13,2026-04,150390,5855,93264,3569,1.641,false
B13,2026-05,174025,6775,93278,3531,1.919,false
B13,2026-06,155392,5843,95406,3596,1.625,false
B13,2026-07,148407,5442,92527,3364,1.618,false
B13,2026-08,145894,5520,87511,3237,1.705,false
B14,2024-10,152236,5659,68613,2522,2.244,false
B14,2024-11,132964,5192,59130,2283,2.274,false
B14,2024-12,131213,4961,57266,2147,2.311,false
B14,2025-01,128420,4765,57707,2129,2.238,false
B14,2025-02,111192,4757,55839,2355,2.02,false
B14,2025-03,124464,4766,63113,2387,1.997,false
B14,2025-04,127480,4951,61889,2372,2.087,false
B14,2025-05,131015,4826,62159,2274,2.122,false
B14,2025-06,121759,4738,59928,2349,2.017,false
B14,2025-07,130890,4709,61117,2236,2.106,false
B14,2025-08,121798,4620,59708,2263,2.042,false
B14,2025-09,135123,5169,59590,2280,2.267,false
B14,2025-10,135052,5020,56599,2096,2.395,false
B14,2025-11,115414,4608,47664,1864,2.472,false
B14,2025-12,105876,3918,46376,1707,2.295,false
B14,2026-01,98704,3822,,,,false
B14,2026-02,75588,3230,36504,1518,2.128,false
B14,2026-03,99554,3883,47954,1793,2.166,false
B14,2026-04,97498,3749,47308,1801,2.082,false
B14,2026-05,111195,4308,48169,1812,2.377,false
B14,2026-06,111277,4138,47498,1778,2.327,false
B14,2026-07,107285,3899,48462,1777,2.194,false
B14,2026-08,101449,3781,45364,1702,2.222,false
B15,2024-10,496406,17295,209680,7317,2.364,false
B15,2024-11,455114,16866,191959,7018,2.403,false
B15,2024-12,410141,14865,179911,6368,2.334,false
B15,2025-01,415398,14728,189289,6655,2.213,false
B15,2025-02,380148,15130,174237,6919,2.187,false
B15,2025-03,429139,15432,199920,7161,2.155,false
B15,2025-04,413598,15085,193704,7032,2.145,false
B15,2025-05,437296,15261,191421,6679,2.285,false
B15,2025-06,428920,15962,187718,6885,2.318,false
B15,2025-07,431320,14929,195172,6804,2.194,false
B15,2025-08,420562,15050,186230,6654,2.262,false
B15,2025-09,433050,15702,184431,6639,2.365,false
B15,2025-10,451954,16099,172962,6115,2.633,false
B15,2025-11,398557,15058,155271,5753,2.617,false
B15,2025-12,394076,13969,150381,5276,2.648,false
B15,2026-01,359193,13358,,,,false
B15,2026-02,290385,11657,126648,5008,2.328,false
B15,2026-03,328531,11969,158627,5593,2.14,false
B15,2026-04,327744,12034,155647,5666,2.124,false
B15,2026-05,359059,13002,159073,5693,2.284,false
B15,2026-06,378217,13599,155646,5608,2.425,false
B15,2026-07,366736,12988,156849,5521,2.352,false
B15,2026-08,343281,12114,152270,5421,2.235,false
B16,2024-10,67125,2654,109181,3982,0.666,false
B16,2024-11,57768,2384,97290,3796,0.628,false
B16,2024-12,57360,2293,97667,3646,0.629,false
B16,2025-01,52621,2039,105006,3869,0.527,false
B16,2025-02,52712,2340,93233,3904,0.599,false
B16,2025-03,56617,2356,109249,4214,0.559,false
B16,2025-04,64695,2577,99185,3812,0.676,false
B16,2025-05,92857,3797,105843,3949,0.962,false
B16,2025-06,77018,3092,98642,3771,0.82,false
B16,2025-07,52043,1891,93627,3375,0.56,false
B16,2025-08,44866,1683,87437,3240,0.519,false
B16,2025-09,72192,2878,99421,3760,0.765,false
B16,2025-10,86374,3287,97383,3566,0.922,false
B16,2025-11,69851,2971,88049,3433,0.865,false
B16,2025-12,70413,2766,91756,3343,0.827,false
B16,2026-01,66730,2702,,,,false
B16,2026-02,55384,2406,76692,3156,0.762,false
B16,2026-03,75003,3040,96999,3597,0.845,false
B16,2026-04,72447,2906,86903,3274,0.888,false
B16,2026-05,83242,3384,90577,3403,0.994,false
B16,2026-06,77972,3078,92384,3507,0.878,false
B16,2026-07,46097,1602,81325,2961,0.541,false
B16,2026-08,53222,1940,80795,2955,0.657,false
B17,2024-10,241619,8827,135010,4892,1.804,false
B17,2024-11,225040,8426,124895,4674,1.803,false
B17,2024-12,204601,7492,118588,4293,1.745,false
B17,2025-01,194989,7005,119636,4349,1.611,false
B17,2025-02,179491,7475,111341,4598,1.626,false
B17,2025-03,215412,8100,128667,4843,1.673,false
B17,2025-04,199596,7626,124875,4730,1.612,false
B17,2025-05,205737,7549,126602,4595,1.643,false
B17,2025-06,204930,7799,123910,4733,1.648,false
B17,2025-07,213868,7390,130177,4624,1.598,false
B17,2025-08,203490,7355,123462,4541,1.62,false
B17,2025-09,216762,8199,120447,4625,1.773,false
B17,2025-10,219937,7823,121909,4404,1.776,false
B17,2025-11,193530,7225,106057,4041,1.788,false
B17,2025-12,182532,6434,101375,3652,1.762,false
B17,2026-01,168917,6350,,,,false
B17,2026-02,143553,5817,85372,3492,1.666,false
B17,2026-03,169267,6222,110493,4065,1.531,false
B17,2026-04,159785,6116,104734,3952,1.548,false
B17,2026-05,174785,6459,107068,3992,1.618,false
B17,2026-06,184517,6766,105870,3931,1.721,false
B17,2026-07,170026,6039,104027,3753,1.609,false
B17,2026-08,169023,5980,101991,3721,1.607,false
B2,2024-10,42649,1600,40846,1527,1.048,false
B2,2024-11,39524,1501,39999,1534,0.978,false
B2,2024-12,34810,1281,39625,1466,0.874,false
B2,2025-01,33518,1278,37371,1401,0.912,false
B2,2025-02,32384,1393,36037,1522,0.915,false
B2,2025-03,40483,1582,43090,1629,0.971,false
B2,2025-04,38547,1491,41940,1619,0.921,false
B2,2025-05,38034,1456,44565,1665,0.874,false
B2,2025-06,35227,1355,39677,1515,0.894,false
B2,2025-07,30212,1073,36325,1297,0.827,false
B2,2025-08,28666,1043,35203,1308,0.797,false
B2,2025-09,31881,1245,39858,1548,0.804,false
B2,2025-10,35115,1296,40845,1510,0.858,false
B2,2025-11,29894,1235,35294,1446,0.854,false
B2,2025-12,33039,1253,37699,1396,0.898,false
B2,2026-01,30142,1163,,,,false
B2,2026-02,27962,1236,34862,1472,0.84,false
B2,2026-03,26658,1053,40058,1542,0.683,false
B2,2026-04,22809,900,35628,1384,0.65,false
B2,2026-05,25001,960,39947,1534,0.626,false
B2,2026-06,27628,1038,38716,1467,0.708,false
B2,2026-07,29293,1040,36243,1316,0.79,false
B2,2026-08,25191,977,33238,1245,0.785,false
B20,2024-10,208081,7790,92559,3441,2.264,false
B20,2024-11,182781,7062,80576,3109,2.271,false
B20,2024-12,177147,6680,75905,2820,2.369,false
B20,2025-01,181466,6852,77345,2892,2.369,false
B20,2025-02,161508,6925,70926,2992,2.315,false
B20,2025-03,197636,7844,84926,3290,2.384,false
B20,2025-04,184148,7194,83899,3230,2.227,false
B20,2025-05,195204,7439,85355,3190,2.332,false
B20,2025-06,180071,7169,78911,3115,2.301,false
B20,2025-07,180981,6595,84566,3087,2.136,false
B20,2025-08,162267,6170,77850,3001,2.056,false
B20,2025-09,193234,7518,81140,3110,2.417,false
B20,2025-10,190003,7078,79755,2937,2.41,false
B20,2025-11,163029,6576,65223,2605,2.524,false
B20,2025-12,152078,5768,61531,2308,2.499,false
B20,2026-01,143191,5569,,,,false
B20,2026-02,113859,4730,54493,2252,2.1,false
B20,2026-03,150501,5929,70286,2676,2.216,false
B20,2026-04,145979,5743,68920,2657,2.161,false
B20,2026-05,167048,6420,71299,2744,2.34,false
B20,2026-06,165211,6345,73334,2818,2.252,false
B20,2026-07,152989,5624,72671,2711,2.075,false
B20,2026-08,148480,5574,72730,2779,2.006,false
B24,2024-10,47896,1714,47515,1729,0.991,false
B24,2024-11,45228,1666,43419,1633,1.02,false
B24,2024-12,41803,1546,42598,1561,0.99,false
B24,2025-01,43851,1592,43997,1596,0.997,false
B24,2025-02,44096,1791,42372,1719,1.042,false
B24,2025-03,51505,1904,50675,1852,1.028,false
B24,2025-04,47466,1770,48552,1821,0.972,false
B24,2025-05,51742,1944,51079,1869,1.04,false
B24,2025-06,51743,1916,48929,1812,1.057,false
B24,2025-07,49217,1722,50745,1772,0.972,false
B24,2025-08,49916,1752,50008,1773,0.988,false
B24,2025-09,47758,1781,48692,1766,1.008,false
B24,2025-10,51058,1800,49053,1741,1.034,false
B24,2025-11,44174,1736,42029,1610,1.078,false
B24,2025-12,42879,1568,42101,1485,1.056,false
B24,2026-01,39985,1482,,,,false
B24,2026-02,38725,1602,39604,1600,1.001,false
B24,2026-03,45553,1603,48907,1683,0.952,false
B24,2026-04,38525,1467,45483,1679,0.874,false
B24,2026-05,43491,1557,45489,1630,0.955,false
B24,2026-06,41284,1454,45033,1607,0.905,false
B24,2026-07,42274,1504,46170,1622,0.927,false
B24,2026-08,38481,1313,46747,1619,0.811,false
B25,2024-10,205456,7294,118318,4112,1.774,false
B25,2024-11,187278,6924,103329,3742,1.85,false
B25,2024-12,174129,6235,102174,3604,1.73,false
B25,2025-01,170844,6045,102742,3591,1.683,false
B25,2025-02,159688,6449,94475,3743,1.723,false
B25,2025-03,178969,6622,111942,3953,1.675,false
B25,2025-04,173964,6382,110513,4005,1.594,false
B25,2025-05,179412,6414,106783,3665,1.75,false
B25,2025-06,181564,6877,103792,3807,1.806,false
B25,2025-07,191754,6856,112167,3925,1.747,false
B25,2025-08,177292,6254,106585,3698,1.691,false
B25,2025-09,197729,7320,107844,3829,1.912,false
B25,2025-10,184879,6760,100420,3522,1.919,false
B25,2025-11,162641,6173,87625,3209,1.924,false
B25,2025-12,153906,5370,87650,2981,1.801,false
B25,2026-01,137945,5123,,,,false
B25,2026-02,116178,4640,73268,2827,1.641,false
B25,2026-03,159952,5923,98189,3508,1.688,false
B25,2026-04,166229,6364,98020,3495,1.821,false
B25,2026-05,164880,6231,96120,3442,1.81,false
B25,2026-06,163969,6034,91606,3287,1.836,false
B25,2026-07,160439,5738,96317,3384,1.696,false
B25,2026-08,168210,6167,95655,3373,1.828,false
B26,2024-10,223101,7769,157025,5398,1.439,false
B26,2024-11,207875,7480,143005,5074,1.474,false
B26,2024-12,198050,6929,140494,4802,1.443,false
B26,2025-01,198850,6957,143173,4934,1.41,false
B26,2025-02,181398,7239,131363,5109,1.417,false
B26,2025-03,222688,8085,159594,5635,1.435,false
B26,2025-04,218371,7999,155589,5550,1.441,false
B26,2025-05,228300,8087,160002,5517,1.466,false
B26,2025-06,209527,7873,154127,5555,1.417,false
B26,2025-07,214083,7408,156997,5374,1.378,false
B26,2025-08,205384,7262,148395,5110,1.421,false
B26,2025-09,219648,8115,151196,5401,1.502,false
B26,2025-10,211221,7523,147312,5102,1.475,false
B26,2025-11,193539,7264,133636,4824,1.506,false
B26,2025-12,184078,6592,129567,4423,1.49,false
B26,2026-01,182758,6504,,,,false
B26,2026-02,142478,5450,112144,4176,1.305,false
B26,2026-03,177579,6512,143406,4983,1.307,false
B26,2026-04,177590,6501,136841,4788,1.358,false
B26,2026-05,201430,7414,143179,4999,1.483,false
B26,2026-06,184211,6452,141928,4985,1.294,false
B26,2026-07,180399,6287,138619,4753,1.323,false
B26,2026-08,164936,5714,136522,4690,1.218,false
B3,2024-10,288295,9786,215544,7182,1.363,false
B3,2024-11,255421,9103,206714,7339,1.24,false
B3,2024-12,245808,8442,202177,6969,1.211,false
B3,2025-01,243041,8285,199114,6829,1.213,false
B3,2025-02,221485,8750,183697,7149,1.224,false
B3,2025-03,254886,9191,216722,7665,1.199,false
B3,2025-04,246606,9094,210564,7518,1.21,false
B3,2025-05,261889,9264,217036,7594,1.22,false
B3,2025-06,241910,8891,207832,7586,1.172,false
B3,2025-07,246567,8645,222212,7708,1.122,false
B3,2025-08,244187,8767,210866,7403,1.184,false
B3,2025-09,244791,8748,204458,7211,1.213,false
B3,2025-10,249193,8451,195941,6772,1.248,false
B3,2025-11,246088,8658,185309,6408,1.351,false
B3,2025-12,229962,7798,179956,6140,1.27,false
B3,2026-01,200640,7106,,,,false
B3,2026-02,174423,6808,154955,5992,1.136,false
B3,2026-03,218860,7703,195332,6715,1.147,false
B3,2026-04,216628,7924,190789,6852,1.156,false
B3,2026-05,224296,8002,190681,6751,1.185,false
B3,2026-06,228111,8088,198291,7087,1.141,false
B3,2026-07,212916,7418,199582,6972,1.064,false
B3,2026-08,186592,6627,198765,6947,0.954,false
B31,2024-10,54470,2133,54133,2133,1,false
B31,2024-11,49589,2023,49053,2031,0.996,false
B31,2024-12,44909,1776,47732,1893,0.938,false
B31,2025-01,40572,1586,46997,1845,0.86,false
B31,2025-02,38981,1747,44641,1994,0.876,false
B31,2025-03,46659,1918,51098,2094,0.916,false
B31,2025-04,45313,1855,51022,2073,0.895,false
B31,2025-05,46951,1863,53931,2132,0.874,false
B31,2025-06,43572,1777,49288,2006,0.886,false
B31,2025-07,41204,1545,47878,1824,0.847,false
B31,2025-08,38208,1556,44424,1766,0.881,false
B31,2025-09,38829,1568,51020,2048,0.766,false
B31,2025-10,45860,1763,51986,2003,0.88,false
B31,2025-11,37170,1617,43000,1868,0.866,false
B31,2025-12,33368,1270,44477,1731,0.734,false
B31,2026-01,36401,1470,,,,false
B31,2026-02,28999,1274,43342,1915,0.665,false
B31,2026-03,32970,1316,50592,2035,0.647,false
B31,2026-04,31294,1247,48691,1977,0.631,false
B31,2026-05,34580,1382,48988,1975,0.7,false
B31,2026-06,35314,1359,49418,1943,0.699,false
B31,2026-07,33631,1312,45280,1737,0.755,false
B31,2026-08,32140,1257,41737,1640,0.766,false
B32,2024-10,19401,717,21113,763,0.94,false
B32,2024-11,16841,640,18143,674,0.95,false
B32,2024-12,16085,568,18061,637,0.892,false
B32,2025-01,17185,563,20654,724,0.778,false
B32,2025-02,17305,715,19238,772,0.926,false
B32,2025-03,22051,785,23045,816,0.962,false
B32,2025-04,21310,824,21730,812,1.015,false
B32,2025-05,22201,795,23856,848,0.938,false
B32,2025-06,21599,778,22561,800,0.973,false
B32,2025-07,22145,701,22806,732,0.958,false
B32,2025-08,22109,678,23673,728,0.931,false
B32,2025-09,20363,756,23198,842,0.898,false
B32,2025-10,24337,809,24752,835,0.969,false
B32,2025-11,17377,661,19391,730,0.905,false
B32,2025-12,20560,672,22000,710,0.946,false
B32,2026-01,17022,616,,,,false
B32,2026-02,14888,564,20441,767,0.735,false
B32,2026-03,22123,697,28294,846,0.824,false
B32,2026-04,19388,680,22935,804,0.846,false
B32,2026-05,19073,686,22588,800,0.858,false
B32,2026-06,20133,657,23651,792,0.83,false
B32,2026-07,19115,665,23810,781,0.851,false
B32,2026-08,22917,767,26657,856,0.896,false
B35,2024-10,482289,16992,368931,13047,1.302,false
B35,2024-11,431504,15570,320252,11771,1.323,false
B35,2024-12,462472,16834,304773,10995,1.531,false
B35,2025-01,481133,17407,317217,11212,1.553,false
B35,2025-02,416932,17144,298186,11858,1.446,false
B35,2025-03,533038,19987,352284,12941,1.544,false
B35,2025-04,505768,18662,347410,12681,1.472,false
B35,2025-05,571928,20711,341506,12197,1.698,false
B35,2025-06,582935,21973,331086,12270,1.791,false
B35,2025-07,589648,20974,328779,11603,1.808,false
B35,2025-08,465059,17016,321861,11632,1.463,false
B35,2025-09,388407,14074,318954,11546,1.219,false
B35,2025-10,504331,17641,312645,11124,1.586,false
B35,2025-11,474357,17567,276163,10276,1.71,false
B35,2025-12,432788,15811,269909,9579,1.651,false
B35,2026-01,347698,12690,,,,false
B35,2026-02,294096,12067,234569,9465,1.275,false
B35,2026-03,293917,11035,298280,10707,1.031,false
B35,2026-04,290933,10626,278981,10243,1.037,false
B35,2026-05,281549,10682,276361,10070,1.061,false
B35,2026-06,316636,11658,273465,9999,1.166,false
B35,2026-07,336297,11801,277469,9803,1.204,false
B35,2026-08,274016,9615,274969,9996,0.962,false
B36,2024-10,297081,11145,192050,7044,1.582,false
B36,2024-11,263978,10564,182646,7151,1.477,false
B36,2024-12,251234,9628,179160,6771,1.422,false
B36,2025-01,257857,9819,183270,6859,1.432,false
B36,2025-02,236919,10225,172300,7302,1.4,false
B36,2025-03,275438,10878,197667,7699,1.413,false
B36,2025-04,276331,10864,197660,7709,1.409,false
B36,2025-05,270884,10381,197623,7530,1.379,false
B36,2025-06,249765,10146,189300,7548,1.344,false
B36,2025-07,256779,9429,199969,7434,1.268,false
B36,2025-08,241689,9281,191071,7419,1.251,false
B36,2025-09,275318,10835,191701,7405,1.463,false
B36,2025-10,281895,10623,188434,7066,1.503,false
B36,2025-11,244584,9987,164575,6580,1.518,false
B36,2025-12,244958,9217,162871,6101,1.511,false
B36,2026-01,226039,8736,,,,false
B36,2026-02,195117,8442,142952,6025,1.401,false
B36,2026-03,238009,9286,177381,6765,1.373,false
B36,2026-04,227954,9007,171889,6664,1.352,false
B36,2026-05,245289,9854,167281,6579,1.498,false
B36,2026-06,245764,9631,174298,6785,1.419,false
B36,2026-07,225872,8451,179745,6725,1.257,false
B36,2026-08,210875,7852,176485,6786,1.157,false
B37,2024-10,14759,500,45116,1606,0.311,false
B37,2024-11,16027,626,37482,1445,0.433,false
B37,2024-12,12653,483,35715,1320,0.366,false
B37,2025-01,15708,528,40032,1406,0.376,false
B37,2025-02,14988,652,36189,1510,0.432,false
B37,2025-03,17126,658,44206,1672,0.394,false
B37,2025-04,19102,692,42680,1600,0.432,false
B37,2025-05,23203,840,44088,1557,0.539,false
B37,2025-06,16711,659,40014,1547,0.426,false
B37,2025-07,22450,803,45858,1602,0.501,false
B37,2025-08,22337,812,44724,1631,0.498,false
B37,2025-09,25665,989,44754,1692,0.585,false
B37,2025-10,22931,829,44110,1611,0.515,false
B37,2025-11,20845,807,37380,1452,0.556,false
B37,2025-12,16815,618,37182,1336,0.463,false
B37,2026-01,16171,596,,,,false
B37,2026-02,14540,576,32195,1272,0.453,false
B37,2026-03,16803,640,41528,1553,0.412,false
B37,2026-04,19526,709,42668,1583,0.448,false
B37,2026-05,24662,903,43403,1558,0.58,false
B37,2026-06,24845,936,43449,1614,0.58,false
B37,2026-07,25786,945,42226,1512,0.625,false
B37,2026-08,21907,848,40529,1478,0.574,false
B38,2024-10,4890,209,332271,11518,0.018,false
B38,2024-11,11749,447,296219,10928,0.041,false
B38,2024-12,12055,364,273171,9855,0.037,false
B38,2025-01,15081,363,285934,10305,0.035,false
B38,2025-02,24659,330,279885,11234,0.029,false
B38,2025-03,9126,320,316354,11575,0.028,false
B38,2025-04,12845,523,311378,11454,0.046,false
B38,2025-05,9212,339,326361,11427,0.03,false
B38,2025-06,9304,226,291361,10932,0.021,false
B38,2025-07,7365,320,289325,10134,0.032,false
B38,2025-08,18173,691,281103,9949,0.069,false
B38,2025-09,22831,917,289739,10695,0.086,false
B38,2025-10,6587,266,293241,10461,0.025,false
B38,2025-11,18020,797,245841,9342,0.085,false
B38,2025-12,30457,792,243064,8565,0.092,false
B38,2026-01,46550,1357,,,,false
B38,2026-02,41672,1585,227247,8984,0.176,false
B38,2026-03,24733,995,295051,10503,0.095,false
B38,2026-04,20187,902,282150,10404,0.087,false
B38,2026-05,14152,581,281983,10186,0.057,false
B38,2026-06,20439,867,269087,9847,0.088,false
B38,2026-07,24929,1021,263874,9204,0.111,false
B38,2026-08,10517,452,262370,9213,0.049,false
B39,2024-10,4074,133,3566,114,1.167,false
B39,2024-11,4731,171,3142,104,1.644,false
B39,2024-12,2728,93,2672,91,1.022,false
B39,2025-01,3468,108,2926,93,1.161,false
B39,2025-02,3704,141,2974,110,1.282,false
B39,2025-03,5089,173,3866,134,1.291,false
B39,2025-04,5591,196,4055,137,1.431,false
B39,2025-05,5449,195,4513,152,1.283,false
B39,2025-06,4393,160,3814,133,1.203,false
B39,2025-07,5585,181,4114,136,1.331,false
B39,2025-08,5944,204,4596,151,1.351,false
B39,2025-09,4980,168,4064,142,1.183,false
B39,2025-10,5027,172,4139,140,1.229,false
B39,2025-11,4079,145,3352,116,1.25,false
B39,2025-12,3890,127,3185,104,1.221,false
B39,2026-01,3348,111,,,,false
B39,2026-02,2821,105,2448,94,1.117,false
B39,2026-03,3643,130,3670,123,1.057,false
B39,2026-04,4241,159,3922,146,1.089,false
B39,2026-05,5016,184,4129,146,1.26,false
B39,2026-06,4489,147,3912,141,1.043,false
B39,2026-07,3990,135,3954,133,1.015,false
B39,2026-08,4892,158,4273,141,1.121,false
B4,2024-10,52253,1939,129980,4796,0.404,false
B4,2024-11,43686,1745,113906,4396,0.397,false
B4,2024-12,47262,1797,113173,4168,0.431,false
B4,2025-01,44726,1632,113662,4169,0.391,false
B4,2025-02,34296,1438,105551,4421,0.325,false
B4,2025-03,52501,2028,125611,4779,0.424,false
B4,2025-04,52237,2004,122129,4680,0.428,false
B4,2025-05,61260,2331,123762,4599,0.507,false
B4,2025-06,58249,2287,114700,4345,0.526,false
B4,2025-07,54184,1984,112316,4042,0.491,false
B4,2025-08,54619,1948,108786,4000,0.487,false
B4,2025-09,62903,2384,118703,4470,0.533,false
B4,2025-10,67349,2453,117407,4337,0.566,false
B4,2025-11,57492,2249,103900,4037,0.557,false
B4,2025-12,53641,1944,107529,3913,0.497,false
B4,2026-01,45963,1713,,,,false
B4,2026-02,44413,1879,94302,3880,0.484,false
B4,2026-03,58269,2272,112368,4203,0.541,false
B4,2026-04,52983,2081,108659,4145,0.502,false
B4,2026-05,55232,2095,106988,4061,0.516,false
B4,2026-06,60443,2351,104622,3928,0.599,false
B4,2026-07,59622,2241,102078,3695,0.606,false
B4,2026-08,60116,2111,99481,3627,0.582,false
B41,2024-10,663113,23185,405647,14009,1.655,false
B41,2024-11,563400,21002,349922,12707,1.653,false
B41,2024-12,542213,19595,342316,12149,1.613,false
B41,2025-01,534331,18892,341696,11864,1.592,false
B41,2025-02,475069,19213,322982,12843,1.496,false
B41,2025-03,557921,20885,365044,13346,1.565,false
B41,2025-04,549833,20396,363859,13243,1.54,false
B41,2025-05,555180,20092,361924,12783,1.572,false
B41,2025-06,533167,20088,349413,12957,1.55,false
B41,2025-07,505228,17885,353093,12452,1.436,false
B41,2025-08,489816,17556,346106,12384,1.418,false
B41,2025-09,458373,17058,338969,12309,1.386,false
B41,2025-10,467800,16629,328669,11639,1.429,false
B41,2025-11,421155,15607,293352,10449,1.494,false
B41,2025-12,413790,14478,277471,9652,1.5,false
B41,2026-01,357198,13134,,,,false
B41,2026-02,307009,12469,237339,9495,1.313,false
B41,2026-03,396300,14311,314824,10991,1.302,false
B41,2026-04,370601,13922,298428,10908,1.276,false
B41,2026-05,380901,14164,287718,10541,1.344,false
B41,2026-06,391469,14162,278658,10047,1.41,false
B41,2026-07,395990,14174,271444,9683,1.464,false
B41,2026-08,395062,14352,274104,9910,1.448,false
B42,2024-10,147643,5530,29969,1130,4.894,false
B42,2024-11,104112,4196,25262,1025,4.094,false
B42,2024-12,115332,4611,23457,929,4.963,false
B42,2025-01,114426,4241,23486,882,4.808,false
B42,2025-02,107291,4540,22592,969,4.685,false
B42,2025-03,117730,4589,25999,1014,4.526,false
B42,2025-04,103692,4006,26449,1037,3.863,false
B42,2025-05,116110,4389,37176,1441,3.046,false
B42,2025-06,110962,4375,37298,1489,2.938,false
B42,2025-07,117785,4331,34049,1265,3.424,false
B42,2025-08,104296,3982,31015,1192,3.341,false
B42,2025-09,121151,4702,29284,1127,4.172,false
B42,2025-10,122836,4758,26601,1025,4.642,false
B42,2025-11,98683,4097,21707,894,4.583,false
B42,2025-12,97828,3652,21996,823,4.437,false
B42,2026-01,94750,3694,,,,false
B42,2026-02,81444,3544,19259,827,4.285,false
B42,2026-03,96044,3726,24750,953,3.91,false
B42,2026-04,77032,3034,23596,920,3.298,false
B42,2026-05,91888,3675,22750,902,4.074,false
B42,2026-06,100355,3813,23550,911,4.186,false
B42,2026-07,95979,3432,23568,878,3.909,false
B42,2026-08,80676,2988,20846,806,3.707,false
B43,2024-10,70003,2600,142801,5096,0.51,false
B43,2024-11,72443,2753,130085,4804,0.573,false
B43,2024-12,66074,2409,125225,4516,0.533,false
B43,2025-01,77044,2858,134393,4852,0.589,false
B43,2025-02,63907,2691,126164,5060,0.532,false
B43,2025-03,78385,2968,148260,5429,0.547,false
B43,2025-04,82387,3086,143754,5340,0.578,false
B43,2025-05,103581,3937,144536,5242,0.751,false
B43,2025-06,98672,3847,139557,5213,0.738,false
B43,2025-07,86877,3100,141622,4978,0.623,false
B43,2025-08,82295,3012,137982,4957,0.608,false
B43,2025-09,93889,3438,136787,5089,0.676,false
B43,2025-10,101969,3573,136085,4887,0.731,false
B43,2025-11,85711,3336,117286,4538,0.735,false
B43,2025-12,80329,2844,124419,4323,0.658,false
B43,2026-01,75227,2848,,,,false
B43,2026-02,62174,2541,102285,3975,0.639,false
B43,2026-03,70272,2460,141773,4907,0.501,false
B43,2026-04,84434,3195,133683,4889,0.654,false
B43,2026-05,94291,3788,130190,4830,0.784,false
B43,2026-06,100774,3899,132338,4750,0.821,false
B43,2026-07,97061,3542,129337,4579,0.774,false
B43,2026-08,108701,4013,126642,4519,0.888,false
B44,2024-10,406149,14304,226504,7854,1.821,false
B44,2024-11,346176,12638,201003,7267,1.739,false
B44,2024-12,322582,11591,189418,6730,1.722,false
B44,2025-01,331294,11778,203689,7124,1.653,false
B44,2025-02,308061,12399,197365,7817,1.586,false
B44,2025-03,366182,13264,233498,8380,1.583,false
B44,2025-04,343313,12734,219037,7969,1.598,false
B44,2025-05,372911,13377,225457,7909,1.691,false
B44,2025-06,336138,12407,210873,7706,1.61,false
B44,2025-07,320992,11059,209407,7245,1.526,false
B44,2025-08,298024,10398,197213,6928,1.501,false
B44,2025-09,283825,10313,206222,7436,1.387,false
B44,2025-10,307869,10938,195953,6886,1.588,false
B44,2025-11,270327,9963,179294,6479,1.538,false
B44,2025-12,263670,9181,176917,6153,1.492,false
B44,2026-01,225770,8158,,,,false
B44,2026-02,187537,7542,153527,6029,1.251,false
B44,2026-03,249262,9116,200006,7058,1.292,false
B44,2026-04,227183,8498,185732,6801,1.25,false
B44,2026-05,258813,9355,198469,7196,1.3,false
B44,2026-06,269862,9695,197551,7165,1.353,false
B44,2026-07,258734,9018,190206,6669,1.352,false
B44,2026-08,261167,9256,178368,6297,1.47,false
B44+,2024-10,443077,16221,199405,7237,2.241,false
B44+,2024-11,400840,15338,174731,6621,2.317,false
B44+,2024-12,366705,13714,160177,5943,2.308,false
B44+,2025-01,368668,13523,171831,6281,2.153,false
B44+,2025-02,342418,14182,174034,7245,1.957,false
B44+,2025-03,368447,14186,200127,7586,1.87,false
B44+,2025-04,348531,13412,199362,7604,1.764,false
B44+,2025-05,360356,13420,206811,7667,1.75,false
B44+,2025-06,354074,13445,191795,7401,1.817,false
B44+,2025-07,383768,13846,191172,6913,2.003,false
B44+,2025-08,340742,12867,187987,7126,1.806,false
B44+,2025-09,332957,12568,197182,7504,1.675,false
B44+,2025-10,379490,13857,198732,7372,1.88,false
B44+,2025-11,354619,13927,178079,6971,1.998,false
B44+,2025-12,342196,12374,168808,6187,2,false
B44+,2026-01,280448,10620,,,,false
B44+,2026-02,217101,9006,130553,5334,1.688,false
B44+,2026-03,276826,10409,170215,6271,1.66,false
B44+,2026-04,264491,10205,191814,7340,1.39,false
B44+,2026-05,289883,11119,197652,7641,1.455,false
B44+,2026-06,291507,11130,204143,7774,1.432,false
B44+,2026-07,240186,8875,207300,7684,1.155,false
B44+,2026-08,201920,7451,201026,7529,0.99,false
B45,2024-10,105825,3941,70466,2594,1.519,false
B45,2024-11,93262,3609,61549,2323,1.554,false
B45,2024-12,86687,3229,61510,2289,1.411,false
B45,2025-01,84124,3078,62467,2286,1.346,false
B45,2025-02,77155,3281,59432,2479,1.324,false
B45,2025-03,97170,3806,71096,2741,1.389,false
B45,2025-04,88052,3391,71428,2763,1.227,false
B45,2025-05,96741,3602,69543,2569,1.402,false
B45,2025-06,90867,3505,67051,2611,1.342,false
B45,2025-07,108816,4019,71326,2605,1.543,false
B45,2025-08,90807,3538,64687,2458,1.439,false
B45,2025-09,101987,3680,67782,2428,1.516,false
B45,2025-10,97788,3660,62745,2312,1.583,false
B45,2025-11,82868,3301,53054,2050,1.61,false
B45,2025-12,82664,3069,54086,1972,1.556,false
B45,2026-01,72130,2767,,,,false
B45,2026-02,61993,2618,45703,1884,1.39,false
B45,2026-03,84288,3230,62163,2330,1.386,false
B45,2026-04,78252,3073,60279,2310,1.33,false
B45,2026-05,78550,3078,58470,2198,1.4,false
B45,2026-06,83207,3197,58428,2214,1.444,false
B45,2026-07,76848,2778,60132,2206,1.259,false
B45,2026-08,75826,2795,57798,2176,1.284,false
B46,2024-10,453258,15744,236446,8043,1.957,false
B46,2024-11,409092,14721,216470,7695,1.913,false
B46,2024-12,390047,13656,207751,7179,1.902,false
B46,2025-01,370355,12805,216329,7450,1.719,false
B46,2025-02,350010,13483,205341,7943,1.697,false
B46,2025-03,412089,14692,236918,8315,1.767,false
B46,2025-04,383942,13579,226958,8048,1.687,false
B46,2025-05,417747,14319,235558,7974,1.796,false
B46,2025-06,400865,14396,224294,8031,1.793,false
B46,2025-07,384399,12870,231074,7872,1.635,false
B46,2025-08,376742,12877,226926,7792,1.653,false
B46,2025-09,334492,11778,215511,7573,1.555,false
B46,2025-10,345881,11875,204817,7052,1.684,false
B46,2025-11,308798,11492,186381,6699,1.715,false
B46,2025-12,314433,11004,187389,6477,1.699,false
B46,2026-01,282146,10104,,,,false
B46,2026-02,240075,9485,166122,6398,1.482,false
B46,2026-03,276877,9934,210067,7249,1.37,false
B46,2026-04,261972,9703,204909,7419,1.308,false
B46,2026-05,285895,10285,215537,7610,1.352,false
B46,2026-06,318958,11248,212734,7531,1.494,false
B46,2026-07,336165,11534,217120,7461,1.546,false
B46,2026-08,299393,10360,208896,7269,1.425,false
B46+,2024-10,538370,19552,218508,7985,2.449,false
B46+,2024-11,456658,17478,193312,7368,2.372,false
B46+,2024-12,478267,17855,184627,6889,2.592,false
B46+,2025-01,437214,16134,188245,6996,2.306,false
B46+,2025-02,391020,16150,185197,7838,2.06,false
B46+,2025-03,426725,16271,210270,8071,2.016,false
B46+,2025-04,431976,16403,215667,8327,1.97,false
B46+,2025-05,450512,16674,218948,8101,2.058,false
B46+,2025-06,466323,17877,216691,8536,2.094,false
B46+,2025-07,481878,17465,223656,8259,2.115,false
B46+,2025-08,417123,15463,211225,8118,1.905,false
B46+,2025-09,416074,15902,220801,8539,1.862,false
B46+,2025-10,467643,17209,218220,8183,2.103,false
B46+,2025-11,433734,16812,187080,7445,2.258,false
B46+,2025-12,404897,14956,200725,7465,2.003,false
B46+,2026-01,341636,12938,,,,false
B46+,2026-02,272550,11149,170874,7279,1.532,false
B46+,2026-03,335756,12723,232523,8964,1.419,false
B46+,2026-04,321314,12446,234894,9259,1.344,false
B46+,2026-05,348470,13275,237905,9401,1.412,false
B46+,2026-06,356743,13155,242323,9406,1.399,false
B46+,2026-07,282818,10009,233299,8785,1.139,false
B46+,2026-08,224998,8215,232868,9044,0.908,false
B47,2024-10,261112,9659,131000,4741,2.037,false
B47,2024-11,241693,9279,115979,4339,2.139,false
B47,2024-12,224301,8288,109090,3973,2.086,false
B47,2025-01,224913,8234,108177,3913,2.104,false
B47,2025-02,207047,8618,103025,4234,2.035,false
B47,2025-03,249208,9540,120645,4493,2.123,false
B47,2025-04,246603,9277,119240,4473,2.074,false
B47,2025-05,264392,9646,122405,4435,2.175,false
B47,2025-06,236851,9028,118178,4504,2.004,false
B47,2025-07,254458,9114,122910,4420,2.062,false
B47,2025-08,237853,8699,117536,4319,2.014,false
B47,2025-09,258401,9800,117802,4368,2.244,false
B47,2025-10,270261,9962,113720,4084,2.439,false
B47,2025-11,242800,9486,99561,3783,2.508,false
B47,2025-12,238306,8737,100567,3609,2.421,false
B47,2026-01,224903,8502,,,,false
B47,2026-02,195636,8315,85002,3452,2.409,false
B47,2026-03,232531,8854,107430,3954,2.239,false
B47,2026-04,215286,8255,103570,3902,2.116,false
B47,2026-05,239860,9175,105208,3905,2.35,false
B47,2026-06,231260,8746,105936,3926,2.228,false
B47,2026-07,227999,8270,106871,3838,2.155,false
B47,2026-08,201089,7197,103952,3780,1.904,false
B48,2024-10,72919,2586,62563,2145,1.206,false
B48,2024-11,62552,2348,53253,1941,1.21,false
B48,2024-12,59509,2226,49121,1776,1.253,false
B48,2025-01,61850,2201,53829,1909,1.153,false
B48,2025-02,59483,2371,52143,2037,1.164,false
B48,2025-03,69752,2601,59577,2121,1.226,false
B48,2025-04,65722,2400,57721,2073,1.158,false
B48,2025-05,74537,2633,62527,2148,1.226,false
B48,2025-06,65120,2446,55858,2047,1.195,false
B48,2025-07,71418,2428,60915,2077,1.169,false
B48,2025-08,62931,2089,57600,1934,1.08,false
B48,2025-09,65819,2462,56299,2013,1.223,false
B48,2025-10,69142,2476,55682,1954,1.267,false
B48,2025-11,55640,2175,47659,1768,1.23,false
B48,2025-12,54071,1894,48796,1655,1.144,false
B48,2026-01,54545,1967,,,,false
B48,2026-02,44821,1809,43893,1672,1.082,false
B48,2026-03,59804,2069,61825,1965,1.053,false
B48,2026-04,57086,2067,57154,1988,1.04,false
B48,2026-05,57186,2096,55400,1927,1.088,false
B48,2026-06,54334,1882,52972,1783,1.056,false
B48,2026-07,59180,2098,57328,1947,1.078,false
B48,2026-08,53254,1802,59832,1934,0.932,false
B49,2024-10,265749,9857,201799,7488,1.316,false
B49,2024-11,226608,9046,171252,6810,1.328,false
B49,2024-12,209978,8183,157196,6039,1.355,false
B49,2025-01,202737,7587,160771,6032,1.258,false
B49,2025-02,191202,8256,153110,6536,1.263,false
B49,2025-03,240170,9444,191592,7525,1.255,false
B49,2025-04,228272,8999,183383,7134,1.261,false
B49,2025-05,235307,9060,186593,7057,1.284,false
B49,2025-06,211969,8379,169166,6626,1.265,false
B49,2025-07,215408,7894,168749,6132,1.287,false
B49,2025-08,180108,6804,153987,5784,1.176,false
B49,2025-09,193331,7393,175118,6672,1.108,false
B49,2025-10,199569,7491,165879,6234,1.202,false
B49,2025-11,187777,7546,151710,5901,1.279,false
B49,2025-12,170080,6310,139182,5131,1.23,false
B49,2026-01,150876,5899,,,,false
B49,2026-02,131671,5594,119650,4952,1.13,false
B49,2026-03,184363,7211,161417,6103,1.182,false
B49,2026-04,163899,6415,148306,5719,1.122,false
B49,2026-05,158582,6295,145928,5664,1.111,false
B49,2026-06,170094,6493,144167,5488,1.183,false
B49,2026-07,162801,5938,141100,5161,1.151,false
B49,2026-08,158285,5955,134216,5000,1.191,false
B52,2024-10,285213,10083,183042,6332,1.592,false
B52,2024-11,243613,9014,160654,5810,1.551,false
B52,2024-12,233488,8627,155167,5590,1.543,false
B52,2025-01,263034,9515,161966,5708,1.667,false
B52,2025-02,238700,9790,151664,5968,1.64,false
B52,2025-03,282223,10582,177377,6384,1.658,false
B52,2025-04,258360,9604,170506,6184,1.553,false
B52,2025-05,274915,9889,178771,6227,1.588,false
B52,2025-06,252004,9573,168445,6294,1.521,false
B52,2025-07,258516,9096,170363,5962,1.526,false
B52,2025-08,234469,8359,158605,5561,1.503,false
B52,2025-09,257519,9698,165989,6021,1.611,false
B52,2025-10,264404,9528,159653,5613,1.697,false
B52,2025-11,230877,8999,141262,5244,1.716,false
B52,2025-12,222345,8059,141765,4960,1.625,false
B52,2026-01,224011,8146,,,,false
B52,2026-02,180966,7213,121176,4668,1.545,false
B52,2026-03,212391,7929,153795,5396,1.469,false
B52,2026-04,204035,7567,147989,5331,1.419,false
B52,2026-05,224536,8302,152402,5420,1.532,false
B52,2026-06,215736,7869,152795,5502,1.43,false
B52,2026-07,211329,7471,149875,5210,1.434,false
B52,2026-08,192283,6629,144468,5010,1.323,false
B54,2024-10,233550,8443,144359,5135,1.644,false
B54,2024-11,197326,7620,129106,4950,1.539,false
B54,2024-12,198170,7503,123991,4648,1.614,false
B54,2025-01,204081,7524,131132,4849,1.552,false
B54,2025-02,195929,8181,126244,5182,1.579,false
B54,2025-03,212029,8147,138699,5251,1.552,false
B54,2025-04,199771,7642,132960,5075,1.506,false
B54,2025-05,205704,7549,137168,5045,1.496,false
B54,2025-06,189173,7478,124477,4817,1.552,false
B54,2025-07,185046,6712,122127,4467,1.503,false
B54,2025-08,168145,6142,115062,4312,1.424,false
B54,2025-09,181948,6923,118783,4522,1.531,false
B54,2025-10,186825,6914,117676,4313,1.603,false
B54,2025-11,158407,6546,100874,4020,1.628,false
B54,2025-12,163729,6112,105549,3830,1.596,false
B54,2026-01,158752,6092,,,,false
B54,2026-02,130797,5503,89306,3661,1.503,false
B54,2026-03,158600,6074,115477,4317,1.407,false
B54,2026-04,147369,5721,105945,4065,1.407,false
B54,2026-05,165863,6381,107935,4069,1.568,false
B54,2026-06,150306,5780,106489,4036,1.432,false
B54,2026-07,147421,5433,106197,3892,1.396,false
B54,2026-08,144096,5333,106401,3972,1.343,false
B57,2024-10,183489,6315,143207,4901,1.289,false
B57,2024-11,168344,6124,128261,4604,1.33,false
B57,2024-12,153261,5517,118144,4256,1.296,false
B57,2025-01,150642,5356,119753,4293,1.248,false
B57,2025-02,150978,6001,119862,4751,1.263,false
B57,2025-03,167152,6159,135948,4934,1.248,false
B57,2025-04,158173,5821,132321,4881,1.193,false
B57,2025-05,169180,5931,140553,4883,1.215,false
B57,2025-06,155820,5773,129769,4763,1.212,false
B57,2025-07,171441,5720,144054,4841,1.182,false
B57,2025-08,157972,5607,137439,4844,1.158,true
B57,2025-09,150765,5604,128697,4728,1.185,false
B57,2025-10,150502,5395,122527,4330,1.246,false
B57,2025-11,129534,5166,105635,4023,1.284,false
B57,2025-12,126997,4544,107691,3812,1.192,false
B57,2026-01,131925,4821,,,,false
B57,2026-02,113126,4419,104299,4011,1.102,false
B57,2026-03,138329,5162,125998,4453,1.159,false
B57,2026-04,123005,4606,117612,4305,1.07,false
B57,2026-05,134450,5161,122316,4372,1.18,false
B57,2026-06,129513,4667,117733,4233,1.103,false
B57,2026-07,127941,4471,120699,4194,1.066,false
B57,2026-08,134192,4623,126107,4294,1.077,false
B6,2024-10,956179,34801,472751,16826,2.068,false
B6,2024-11,836215,32170,450130,16972,1.895,false
B6,2024-12,802258,29890,441317,16133,1.853,false
B6,2025-01,812383,29302,440250,15760,1.859,false
B6,2025-02,752517,31467,413605,16934,1.858,false
B6,2025-03,921215,34743,480707,17847,1.947,false
B6,2025-04,825809,31365,460125,17201,1.823,false
B6,2025-05,879975,32639,493158,17935,1.82,false
B6,2025-06,784720,29762,481902,17952,1.658,false
B6,2025-07,714751,25144,463248,16392,1.534,false
B6,2025-08,704746,24823,452503,16298,1.523,false
B6,2025-09,836252,31402,482388,17871,1.757,false
B6,2025-10,855346,31539,451814,16309,1.934,false
B6,2025-11,772004,30141,399753,15218,1.981,false
B6,2025-12,726936,26408,394369,14171,1.864,false
B6,2026-01,676730,25339,,,,false
B6,2026-02,601319,24541,355657,14492,1.693,false
B6,2026-03,719361,27420,436641,16185,1.694,false
B6,2026-04,666709,25649,412471,15501,1.655,false
B6,2026-05,756506,29380,422831,15891,1.849,false
B6,2026-06,747568,27848,418612,15547,1.791,false
B6,2026-07,638656,22806,410125,14605,1.562,false
B6,2026-08,559687,20092,394045,14374,1.398,false
B60,2024-10,244083,9144,127614,4716,1.939,false
B60,2024-11,224079,8440,113955,4274,1.975,false
B60,2024-12,203876,7584,104361,3773,2.01,false
B60,2025-01,212219,7909,109656,4071,1.943,false
B60,2025-02,204784,8708,103286,4301,2.025,false
B60,2025-03,238175,9378,118826,4505,2.082,false
B60,2025-04,227826,8748,111435,4202,2.082,false
B60,2025-05,236705,8880,114461,4194,2.117,false
B60,2025-06,228999,8945,111166,4226,2.117,false
B60,2025-07,245533,8795,120418,4269,2.06,false
B60,2025-08,228492,8562,109771,4165,2.056,false
B60,2025-09,256525,9958,116130,4455,2.235,false
B60,2025-10,270125,9973,116186,4248,2.348,false
B60,2025-11,224750,8971,95872,3712,2.417,false
B60,2025-12,206781,7768,91939,3380,2.298,false
B60,2026-01,212106,8172,,,,false
B60,2026-02,167009,6884,83034,3285,2.096,false
B60,2026-03,207938,7938,104030,3868,2.052,false
B60,2026-04,195119,7528,99061,3717,2.025,false
B60,2026-05,223756,8541,98660,3691,2.314,false
B60,2026-06,209439,8054,100597,3799,2.12,false
B60,2026-07,204774,7451,99885,3662,2.035,false
B60,2026-08,201731,7597,101212,3787,2.006,false
B61,2024-10,70994,2451,173848,5900,0.415,false
B61,2024-11,62905,2234,151178,5476,0.408,false
B61,2024-12,59453,2194,150440,5301,0.414,false
B61,2025-01,59715,2184,155733,5527,0.395,false
B61,2025-02,53644,2090,147837,5867,0.356,false
B61,2025-03,61782,2151,170809,6138,0.35,false
B61,2025-04,70540,2634,168567,6143,0.429,false
B61,2025-05,82625,2781,175164,6067,0.458,false
B61,2025-06,77806,2771,166807,6087,0.455,false
B61,2025-07,89375,3115,168272,5833,0.534,false
B61,2025-08,86477,2969,166047,5773,0.514,false
B61,2025-09,93293,3458,165810,6058,0.571,false
B61,2025-10,95019,3292,160999,5680,0.58,false
B61,2025-11,86901,3280,138341,5136,0.639,false
B61,2025-12,76782,2755,141618,4950,0.557,false
B61,2026-01,74766,2836,,,,false
B61,2026-02,63544,2560,131315,5124,0.5,false
B61,2026-03,67149,2458,157833,5589,0.44,false
B61,2026-04,75625,2711,147995,5369,0.505,false
B61,2026-05,89114,3219,150989,5391,0.597,false
B61,2026-06,85462,3184,147970,5312,0.599,false
B61,2026-07,73113,2575,142812,4958,0.519,false
B61,2026-08,82653,2981,144347,4954,0.602,false
B62,2024-10,162665,5579,146117,5007,1.114,false
B62,2024-11,147108,5338,129041,4638,1.151,false
B62,2024-12,134421,4618,118046,4090,1.129,false
B62,2025-01,150891,5292,127604,4437,1.193,false
B62,2025-02,140424,5553,122683,4761,1.166,false
B62,2025-03,156105,5588,137373,4789,1.167,false
B62,2025-04,148908,5392,132815,4806,1.122,false
B62,2025-05,159851,5597,139283,4819,1.161,false
B62,2025-06,147788,5249,134472,4741,1.107,false
B62,2025-07,149503,4913,140171,4594,1.069,false
B62,2025-08,148504,4606,140688,4353,1.058,true
B62,2025-09,160743,5697,151646,5254,1.084,false
B62,2025-10,184408,6301,161358,5403,1.166,false
B62,2025-11,151999,5695,136785,4952,1.15,false
B62,2025-12,158736,5321,144300,4685,1.136,false
B62,2026-01,151710,5351,,,,false
B62,2026-02,139138,5385,133674,5010,1.075,false
B62,2026-03,166379,5519,184460,5686,0.971,false
B62,2026-04,149896,5337,164416,5633,0.947,false
B62,2026-05,165191,5998,164645,5737,1.045,false
B62,2026-06,168427,5816,161978,5480,1.061,false
B62,2026-07,155108,5330,164022,5508,0.968,false
B62,2026-08,156214,5030,178547,5612,0.896,false
B63,2024-10,105378,3741,227260,7760,0.482,false
B63,2024-11,80480,2921,198051,6998,0.417,false
B63,2024-12,82285,2892,195048,6644,0.435,false
B63,2025-01,80067,2797,207553,6922,0.404,false
B63,2025-02,76425,3034,195052,7409,0.41,false
B63,2025-03,104340,3910,227027,7767,0.503,false
B63,2025-04,110701,4000,223165,7814,0.512,false
B63,2025-05,129425,4339,224795,7493,0.579,false
B63,2025-06,119540,4446,212867,7707,0.577,false
B63,2025-07,130048,4201,235125,7832,0.536,false
B63,2025-08,126906,4431,218515,7437,0.596,false
B63,2025-09,118521,4183,216800,7727,0.541,false
B63,2025-10,130638,4544,206832,7201,0.631,false
B63,2025-11,110232,4057,184968,6582,0.616,false
B63,2025-12,102294,3548,190687,6406,0.554,false
B63,2026-01,88548,2998,,,,false
B63,2026-02,71513,2617,154015,5747,0.455,false
B63,2026-03,97623,3507,199318,6828,0.514,false
B63,2026-04,108741,3929,197420,6912,0.568,false
B63,2026-05,114149,3991,199591,6923,0.576,false
B63,2026-06,125752,4489,197602,6906,0.65,false
B63,2026-07,110963,3662,197673,6645,0.551,false
B63,2026-08,127640,4376,190854,6416,0.682,false
B64,2024-10,146865,5340,100841,3462,1.542,false
B64,2024-11,126208,4791,92715,3365,1.424,false
B64,2024-12,119563,4400,92211,3238,1.359,false
B64,2025-01,126385,4598,90161,3163,1.454,false
B64,2025-02,114756,4612,84446,3306,1.395,false
B64,2025-03,139549,5284,101373,3619,1.46,false
B64,2025-04,132091,5026,99580,3585,1.402,false
B64,2025-05,143818,5160,107000,3681,1.402,false
B64,2025-06,132645,4872,104298,3701,1.316,false
B64,2025-07,125904,4350,109722,3779,1.151,false
B64,2025-08,112649,3811,101030,3487,1.093,false
B64,2025-09,135338,5056,102303,3624,1.395,false
B64,2025-10,135293,4828,95466,3331,1.449,false
B64,2025-11,122157,4654,85723,3135,1.485,false
B64,2025-12,124746,4502,85272,2963,1.519,false
B64,2026-01,106170,3926,,,,false
B64,2026-02,82692,3368,71082,2762,1.219,false
B64,2026-03,118190,4421,90312,3160,1.399,false
B64,2026-04,112027,4220,89871,3258,1.295,false
B64,2026-05,124727,4711,95539,3417,1.379,false
B64,2026-06,126204,4499,95997,3396,1.325,false
B64,2026-07,103626,3576,99290,3417,1.047,false
B64,2026-08,96933,3251,96312,3291,0.988,false
B65,2024-10,79345,2747,63058,2112,1.301,false
B65,2024-11,67990,2425,55820,1899,1.277,false
B65,2024-12,66553,2377,53474,1805,1.317,false
B65,2025-01,64053,2182,54313,1811,1.205,false
B65,2025-02,59722,2330,52033,1978,1.178,false
B65,2025-03,66563,2340,59245,2017,1.16,false
B65,2025-04,60369,2144,57288,1997,1.074,false
B65,2025-05,63928,2153,57387,1888,1.14,false
B65,2025-06,60327,2090,53883,1848,1.131,false
B65,2025-07,61669,2069,57365,1919,1.078,false
B65,2025-08,59095,2011,54612,1859,1.082,false
B65,2025-09,70643,2441,56187,1909,1.279,false
B65,2025-10,69762,2382,53205,1804,1.32,false
B65,2025-11,62517,2239,48316,1632,1.372,false
B65,2025-12,58992,1983,45602,1487,1.334,false
B65,2026-01,52420,1895,,,,false
B65,2026-02,42716,1636,39622,1442,1.135,false
B65,2026-03,56370,1998,52942,1760,1.135,false
B65,2026-04,52801,1871,50096,1712,1.093,false
B65,2026-05,55350,1927,50604,1678,1.148,false
B65,2026-06,55842,1937,48753,1657,1.169,false
B65,2026-07,51195,1693,48214,1594,1.062,false
B65,2026-08,54729,1894,48972,1650,1.148,false
B67,2024-10,44371,1757,93293,3582,0.491,false
B67,2024-11,38867,1580,79390,3246,0.487,false
B67,2024-12,34918,1446,77892,3073,0.471,false
B67,2025-01,39455,1588,84388,3283,0.484,false
B67,2025-02,41658,1875,76971,3381,0.555,false
B67,2025-03,47612,1973,89394,3692,0.534,false
B67,2025-04,44709,1850,88041,3570,0.518,false
B67,2025-05,56810,2342,88415,3468,0.675,false
B67,2025-06,42840,1823,80911,3343,0.545,false
B67,2025-07,42667,1689,78950,3060,0.552,false
B67,2025-08,39260,1516,70327,2864,0.529,false
B67,2025-09,48077,1925,84182,3420,0.563,false
B67,2025-10,55018,2180,86101,3323,0.656,false
B67,2025-11,48251,2110,72828,3092,0.682,false
B67,2025-12,42170,1628,76374,2929,0.556,false
B67,2026-01,40254,1579,,,,false
B67,2026-02,33581,1453,66439,2853,0.509,false
B67,2026-03,42300,1749,84011,3355,0.521,false
B67,2026-04,53453,2171,77282,3090,0.703,false
B67,2026-05,49254,2079,76405,3079,0.675,false
B67,2026-06,48197,1973,74707,2979,0.662,false
B67,2026-07,41625,1641,70384,2729,0.601,false
B67,2026-08,38469,1493,69456,2769,0.539,false
B68,2024-10,116763,3979,237479,7949,0.501,false
B68,2024-11,106512,3988,212337,7706,0.518,false
B68,2024-12,98086,3507,208662,7389,0.475,false
B68,2025-01,82032,2948,215744,7560,0.39,false
B68,2025-02,80130,3191,199551,7901,0.404,false
B68,2025-03,110926,4122,241982,8426,0.489,false
B68,2025-04,136793,4995,234688,8400,0.595,false
B68,2025-05,148791,5067,244095,8423,0.602,false
B68,2025-06,132888,4968,228861,8323,0.597,false
B68,2025-07,139338,5055,237392,8266,0.612,false
B68,2025-08,144633,5442,226602,8073,0.674,false
B68,2025-09,136366,5146,236658,8471,0.607,false
B68,2025-10,145000,4957,226221,7888,0.628,false
B68,2025-11,141643,4987,224304,7682,0.649,false
B68,2025-12,107453,3715,212062,7247,0.513,false
B68,2026-01,108110,4019,,,,false
B68,2026-02,88473,3460,171222,6637,0.521,false
B68,2026-03,118717,4314,222672,7708,0.56,false
B68,2026-04,118642,4199,217668,7726,0.543,false
B68,2026-05,137048,5170,213813,7698,0.672,false
B68,2026-06,136250,4924,214766,7786,0.632,false
B68,2026-07,128404,4695,205006,7216,0.651,false
B68,2026-08,141225,5095,204343,7208,0.707,false
B69,2024-10,51274,1974,85366,3233,0.611,false
B69,2024-11,41552,1692,71836,2886,0.586,false
B69,2024-12,37289,1508,71428,2771,0.544,false
B69,2025-01,40019,1580,79455,3029,0.522,false
B69,2025-02,38009,1733,71556,3083,0.562,false
B69,2025-03,47772,1979,82183,3286,0.602,false
B69,2025-04,46208,1915,78239,3103,0.617,false
B69,2025-05,58112,2449,80090,3143,0.779,false
B69,2025-06,39644,1718,72723,2977,0.577,false
B69,2025-07,38866,1487,70882,2702,0.55,false
B69,2025-08,35112,1410,62433,2464,0.572,false
B69,2025-09,49983,2048,75222,3006,0.681,false
B69,2025-10,56539,2226,76615,2917,0.763,false
B69,2025-11,45323,2037,65881,2717,0.75,false
B69,2025-12,39525,1513,67648,2544,0.595,false
B69,2026-01,39973,1563,,,,false
B69,2026-02,39669,1699,65304,2760,0.616,false
B69,2026-03,41083,1671,77669,3013,0.555,false
B69,2026-04,49146,2043,69152,2684,0.761,false
B69,2026-05,44965,1887,66063,2631,0.717,false
B69,2026-06,35810,1427,63018,2508,0.569,false
B69,2026-07,32197,1281,58902,2219,0.577,false
B69,2026-08,30796,1210,53451,2065,0.586,false
B7,2024-10,140834,5380,77795,2938,1.831,false
B7,2024-11,120745,4858,68677,2727,1.781,false
B7,2024-12,117240,4556,65288,2506,1.818,false
B7,2025-01,125068,4804,67462,2575,1.866,false
B7,2025-02,116464,5047,63461,2735,1.845,false
B7,2025-03,141961,5706,75549,2988,1.91,false
B7,2025-04,131399,5268,70855,2780,1.895,false
B7,2025-05,134497,5240,75030,2900,1.807,false
B7,2025-06,121594,4851,68739,2742,1.769,false
B7,2025-07,117320,4314,72093,2697,1.6,false
B7,2025-08,112594,4313,68369,2678,1.611,false
B7,2025-09,132241,5158,73657,2861,1.803,false
B7,2025-10,127386,4810,68700,2587,1.859,false
B7,2025-11,111903,4673,57083,2321,2.013,false
B7,2025-12,108004,4094,57216,2154,1.901,false
B7,2026-01,98020,3836,,,,false
B7,2026-02,84472,3618,50610,2162,1.673,false
B7,2026-03,106896,4218,63552,2454,1.719,false
B7,2026-04,102909,4141,62211,2459,1.684,false
B7,2026-05,116151,4760,64111,2546,1.87,false
B7,2026-06,112008,4418,66143,2605,1.696,false
B7,2026-07,99881,3688,64791,2446,1.508,false
B7,2026-08,94526,3650,62441,2435,1.499,false
B70,2024-10,54355,2029,135207,4748,0.427,false
B70,2024-11,46313,1708,116469,4319,0.395,false
B70,2024-12,44880,1616,121135,4297,0.376,false
B70,2025-01,48957,1800,120944,4184,0.43,false
B70,2025-02,36582,1571,108610,4509,0.348,false
B70,2025-03,57343,2136,132852,4811,0.444,false
B70,2025-04,51984,1884,128085,4708,0.4,false
B70,2025-05,80693,2917,130707,4662,0.626,false
B70,2025-06,73345,2617,130248,4622,0.566,false
B70,2025-07,81710,2730,135051,4665,0.585,false
B70,2025-08,67163,2286,131763,4596,0.497,false
B70,2025-09,77911,2972,127278,4580,0.649,false
B70,2025-10,67865,2421,122566,4306,0.562,false
B70,2025-11,60890,2165,110288,4066,0.532,false
B70,2025-12,52382,1877,114952,4034,0.465,false
B70,2026-01,54343,1992,,,,false
B70,2026-02,42943,1701,88736,3472,0.49,false
B70,2026-03,56966,2120,119414,4369,0.485,false
B70,2026-04,65136,2351,116502,4246,0.554,false
B70,2026-05,71240,2530,125874,4545,0.557,false
B70,2026-06,74676,2756,124056,4502,0.612,false
B70,2026-07,72278,2484,125856,4332,0.573,false
B70,2026-08,72157,2491,119757,4158,0.599,false
B74,2024-10,82912,3093,50018,1845,1.676,false
B74,2024-11,75041,3093,48454,1915,1.615,false
B74,2024-12,72699,2771,49521,1874,1.479,false
B74,2025-01,73554,2732,48773,1800,1.518,false
B74,2025-02,67640,2800,45977,1913,1.464,false
B74,2025-03,75842,2973,50990,1965,1.513,false
B74,2025-04,71895,2782,51806,1998,1.392,false
B74,2025-05,82648,3098,50788,1908,1.624,false
B74,2025-06,63302,2435,44457,1734,1.404,false
B74,2025-07,74733,2741,54115,1982,1.383,false
B74,2025-08,73449,2732,53567,2034,1.343,false
B74,2025-09,93656,3664,58967,2284,1.604,false
B74,2025-10,95300,3558,57289,2129,1.671,false
B74,2025-11,87446,3570,48061,1912,1.867,false
B74,2025-12,85805,3237,52359,1945,1.664,false
B74,2026-01,78841,3150,,,,false
B74,2026-02,74795,3221,45781,1917,1.68,false
B74,2026-03,81289,3217,55477,2128,1.512,false
B74,2026-04,76429,3027,54608,2129,1.422,false
B74,2026-05,92868,3631,55724,2156,1.684,false
B74,2026-06,90159,3530,56372,2178,1.621,false
B74,2026-07,76237,2847,55987,2087,1.364,false
B74,2026-08,72504,2683,54911,2085,1.287,false
B8,2024-10,129611,4690,289469,10525,0.446,false
B8,2024-11,113932,4330,257779,9818,0.441,false
B8,2024-12,114204,4139,255008,9421,0.439,false
B8,2025-01,119514,4296,264298,9570,0.449,false
B8,2025-02,120908,5095,243244,10109,0.504,false
B8,2025-03,135452,5079,287749,10850,0.468,false
B8,2025-04,129132,4867,278239,10462,0.465,false
B8,2025-05,170165,6033,284885,10460,0.577,false
B8,2025-06,147743,5469,281612,10424,0.525,false
B8,2025-07,174049,6292,282662,10145,0.62,false
B8,2025-08,144719,5201,265037,9747,0.534,false
B8,2025-09,162634,6067,274741,10136,0.599,false
B8,2025-10,189145,6947,265007,9639,0.721,false
B8,2025-11,159377,6313,235647,9075,0.696,false
B8,2025-12,136437,4985,232588,8424,0.592,false
B8,2026-01,138226,5273,,,,false
B8,2026-02,117063,4634,203561,8350,0.555,false
B8,2026-03,148664,5560,253776,9329,0.596,false
B8,2026-04,156657,5912,237279,8922,0.663,false
B8,2026-05,168569,6435,237465,8924,0.721,false
B8,2026-06,177178,6564,237661,8875,0.74,false
B8,2026-07,171210,6201,241556,8595,0.721,false
B8,2026-08,173558,6321,226838,8356,0.756,false
B82,2024-10,469121,15075,276227,8635,1.746,false
B82,2024-11,434794,14612,259213,8513,1.716,false
B82,2024-12,410719,13676,251767,8046,1.7,false
B82,2025-01,421512,13848,252376,8027,1.725,false
B82,2025-02,373122,13929,240985,8711,1.599,false
B82,2025-03,442576,14435,276952,8781,1.644,false
B82,2025-04,427507,14808,265907,8751,1.692,false
B82,2025-05,466627,15230,290251,9310,1.636,false
B82,2025-06,426449,14475,280375,9173,1.578,false
B82,2025-07,408846,13068,279075,8967,1.457,false
B82,2025-08,397303,12418,274749,8745,1.42,false
B82,2025-09,431254,14795,271842,9060,1.633,false
B82,2025-10,426303,14345,257008,8490,1.69,false
B82,2025-11,406562,13921,246009,8189,1.7,false
B82,2025-12,385633,13158,239688,7826,1.681,false
B82,2026-01,331961,11155,,,,false
B82,2026-02,310090,11710,214806,7976,1.468,false
B82,2026-03,343320,11446,252551,8228,1.391,false
B82,2026-04,319750,10862,251583,8540,1.272,false
B82,2026-05,342178,11635,270873,9112,1.277,false
B82,2026-06,341684,11683,264369,9003,1.298,false
B82,2026-07,323541,10442,271081,9022,1.157,false
B82,2026-08,300251,9533,267565,8737,1.091,false
B82+,2024-10,396403,17235,198695,8632,1.997,false
B82+,2024-11,344238,16392,173067,8231,1.991,false
B82+,2024-12,326449,14839,164203,7452,1.991,false
B82+,2025-01,315183,13704,166578,7236,1.894,false
B82+,2025-02,281504,14075,145178,7250,1.941,false
B82+,2025-03,335887,15995,168138,7994,2.001,false
B82+,2025-04,330475,15022,172254,7809,1.924,false
B82+,2025-05,321198,14600,174707,7922,1.843,false
B82+,2025-06,294631,14030,175579,8347,1.681,false
B82+,2025-07,286421,12453,183414,7952,1.566,false
B82+,2025-08,264001,12571,170274,8086,1.555,false
B82+,2025-09,278348,12652,171647,7781,1.626,false
B82+,2025-10,301160,13094,172354,7478,1.751,false
B82+,2025-11,232756,11638,139630,6933,1.679,false
B82+,2025-12,243560,10590,148305,6438,1.645,false
B82+,2026-01,219703,9986,,,,false
B82+,2026-02,180693,9035,119484,5942,1.521,false
B82+,2026-03,224431,10201,161279,7312,1.395,false
B82+,2026-04,201836,9174,175473,7964,1.152,false
B82+,2026-05,204949,9759,174000,8248,1.183,false
B82+,2026-06,218353,9925,192503,8728,1.137,false
B82+,2026-07,199933,8693,188138,8166,1.065,false
B82+,2026-08,177937,8473,167979,7986,1.061,false
B83,2024-10,171395,6261,85668,3091,2.026,false
B83,2024-11,155314,5756,76275,2812,2.047,false
B83,2024-12,152106,5493,70625,2539,2.163,false
B83,2025-01,137293,4933,71277,2566,1.922,false
B83,2025-02,128200,5412,67399,2784,1.944,false
B83,2025-03,156034,5929,80380,2978,1.991,false
B83,2025-04,145072,5594,77261,2911,1.922,false
B83,2025-05,146396,5366,77653,2797,1.918,false
B83,2025-06,143160,5593,76092,2892,1.934,false
B83,2025-07,164105,5880,81340,2920,2.014,false
B83,2025-08,139724,5256,76974,2880,1.825,false
B83,2025-09,166824,6286,80173,3037,2.07,false
B83,2025-10,179311,6532,81468,2923,2.235,false
B83,2025-11,160598,6266,68099,2578,2.431,false
B83,2025-12,149129,5411,64421,2320,2.332,false
B83,2026-01,131849,4977,,,,false
B83,2026-02,116915,4939,55134,2263,2.183,false
B83,2026-03,132243,4896,70674,2627,1.864,false
B83,2026-04,129753,4974,68799,2612,1.904,false
B83,2026-05,136325,5074,71594,2646,1.918,false
B83,2026-06,140956,5204,70401,2627,1.981,false
B83,2026-07,140482,5027,70814,2590,1.941,false
B83,2026-08,131468,4938,72381,2698,1.83,false
B84,2024-10,9769,372,6809,265,1.404,false
B84,2024-11,7988,316,5857,239,1.322,false
B84,2024-12,8970,350,5689,227,1.542,false
B84,2025-01,8106,313,5910,233,1.343,false
B84,2025-02,7277,322,5506,248,1.298,false
B84,2025-03,8839,357,6189,257,1.389,false
B84,2025-04,8431,342,6411,266,1.286,false
B84,2025-05,8330,334,6576,265,1.26,false
B84,2025-06,7976,325,6051,255,1.275,false
B84,2025-07,9602,369,6701,261,1.414,false
B84,2025-08,7871,308,6199,253,1.217,false
B84,2025-09,10362,424,6797,288,1.472,false
B84,2025-10,9769,370,7233,285,1.298,false
B84,2025-11,9222,409,6148,267,1.532,false
B84,2025-12,9916,390,6528,257,1.518,false
B84,2026-01,8344,340,,,,false
B84,2026-02,7152,325,4813,218,1.491,false
B84,2026-03,8529,332,6574,265,1.253,false
B84,2026-04,8612,351,5819,241,1.456,false
B84,2026-05,8540,362,5748,244,1.484,false
B84,2026-06,9523,388,6148,252,1.54,false
B84,2026-07,8323,321,5920,234,1.372,false
B84,2026-08,7519,296,5789,240,1.233,false
B9,2024-10,114082,4051,233296,8225,0.493,false
B9,2024-11,101402,3902,221322,8326,0.469,false
B9,2024-12,103921,3960,221622,7907,0.501,false
B9,2025-01,109888,3995,221294,7911,0.505,false
B9,2025-02,88152,3774,199200,8188,0.461,false
B9,2025-03,121759,4821,230648,8561,0.563,false
B9,2025-04,115100,4407,216468,8035,0.548,false
B9,2025-05,150194,5704,231413,8354,0.683,false
B9,2025-06,128103,4466,224795,8020,0.557,false
B9,2025-07,93770,3314,204733,7284,0.455,false
B9,2025-08,96227,3359,204261,7316,0.459,false
B9,2025-09,128062,4803,220112,8042,0.597,false
B9,2025-10,125108,4442,210118,7367,0.603,false
B9,2025-11,125529,4882,202813,7545,0.647,false
B9,2025-12,99667,3807,203185,7156,0.532,false
B9,2026-01,117609,4509,,,,false
B9,2026-02,84878,3472,160850,6460,0.537,false
B9,2026-03,121779,4661,207362,7508,0.621,false
B9,2026-04,112102,4214,190030,7029,0.6,false
B9,2026-05,131804,5138,206505,7682,0.669,false
B9,2026-06,127064,4729,200962,7469,0.633,false
B9,2026-07,104917,3757,180733,6504,0.578,false
B9,2026-08,112538,4059,181832,6612,0.614,false
B90,2024-11,12432,53,201,2,26.5,false
B90,2024-12,110,0,1,0,,false
B90,2026-02,7387,0,152,1,,false
B90,2026-03,8359,0,196,0,,false
B90,2026-04,10025,0,231,0,,false
B93,2025-03,10970,16,108,0,,false
B93,2026-01,21834,69,,,,false
B93,2026-05,7707,19,7,0,,false
B96,2024-11,26716,25,526,3,8.333,false
B98,2024-10,8187,356,8,0,,false
B98,2024-11,2274,108,3,0,,false
B98,2025-08,10952,465,5,0,,false
B98,2025-09,3480,158,2,0,,false
B98,2025-10,4514,161,4,0,,false
B98,2025-11,3919,196,0,0,,false
B98,2025-12,5040,138,3,0,,false
B98,2026-02,10748,5,1,0,,false
B98,2026-03,65440,112,17,0,,false
B99,2025-04,23190,0,170,0,,false
B99,2025-05,26625,0,236,0,,false
B99,2026-01,78,0,,,,false
B99,2026-04,1907,0,28,0,,false
B99,2026-05,37412,0,375,0,,false
B99,2026-06,20956,0,135,0,,false
BM1,2024-10,15358,636,25208,1040,0.612,false
BM1,2024-11,13792,624,20022,888,0.703,false
BM1,2024-12,11184,491,18201,790,0.622,false
BM1,2025-01,12904,543,22597,936,0.58,false
BM1,2025-02,11115,535,20808,992,0.539,false
BM1,2025-03,13395,611,23187,1054,0.58,false
BM1,2025-04,14090,627,23786,1040,0.603,false
BM1,2025-05,12987,562,22652,980,0.573,false
BM1,2025-06,12366,566,21905,1004,0.564,false
BM1,2025-07,13148,558,24546,1028,0.543,false
BM1,2025-08,13122,598,22650,1026,0.583,false
BM1,2025-09,13143,567,23021,1001,0.566,false
BM1,2025-10,12944,542,23635,992,0.546,false
BM1,2025-11,10315,479,19482,899,0.533,false
BM1,2025-12,10182,421,19511,798,0.528,false
BM1,2026-01,10102,442,,,,false
BM1,2026-02,8364,401,18099,869,0.461,false
BM1,2026-03,10599,454,23582,1026,0.442,false
BM1,2026-04,11576,511,23501,1028,0.497,false
BM1,2026-05,14039,637,21306,972,0.655,false
BM1,2026-06,17766,775,22742,1000,0.775,false
BM1,2026-07,19403,815,23615,997,0.817,false
BM1,2026-08,18822,840,22923,1039,0.808,false
BM2,2024-10,11086,450,19807,810,0.556,false
BM2,2024-11,10041,426,16169,694,0.614,false
BM2,2024-12,8659,366,15563,661,0.554,false
BM2,2025-01,10839,451,18448,762,0.592,false
BM2,2025-02,8681,410,16785,798,0.514,false
BM2,2025-03,9698,441,19301,864,0.51,false
BM2,2025-04,10954,472,20165,872,0.541,false
BM2,2025-05,9645,414,19392,829,0.499,false
BM2,2025-06,9544,434,18279,822,0.528,false
BM2,2025-07,10985,452,20988,869,0.52,false
BM2,2025-08,10066,444,18785,837,0.53,false
BM2,2025-09,10468,447,20009,866,0.516,false
BM2,2025-10,11676,482,21238,871,0.553,false
BM2,2025-11,8184,367,16786,758,0.484,false
BM2,2025-12,8396,344,16557,676,0.509,false
BM2,2026-01,8210,342,,,,false
BM2,2026-02,6961,325,15059,704,0.462,false
BM2,2026-03,7732,328,19630,844,0.389,false
BM2,2026-04,9038,391,19860,854,0.458,false
BM2,2026-05,12060,531,18741,835,0.636,false
BM2,2026-06,14876,637,18812,816,0.781,false
BM2,2026-07,16016,667,19747,825,0.808,false
BM2,2026-08,15789,693,20139,896,0.773,false
BM3,2024-10,12240,473,17579,676,0.7,false
BM3,2024-11,9740,415,14446,613,0.677,false
BM3,2024-12,8748,377,13519,572,0.659,false
BM3,2025-01,10975,452,16370,655,0.69,false
BM3,2025-02,10366,480,15079,698,0.688,false
BM3,2025-03,11413,497,17412,766,0.649,false
BM3,2025-04,11393,475,17749,750,0.633,false
BM3,2025-05,10016,416,16532,693,0.6,false
BM3,2025-06,10044,447,15796,706,0.633,false
BM3,2025-07,11440,467,17909,737,0.634,false
BM3,2025-08,9737,434,16048,702,0.618,false
BM3,2025-09,10993,472,16613,711,0.664,false
BM3,2025-10,10819,451,16798,690,0.654,false
BM3,2025-11,8289,384,15087,639,0.601,false
BM3,2025-12,7867,324,14352,567,0.571,false
BM3,2026-01,7594,326,,,,false
BM3,2026-02,6583,308,12896,599,0.514,false
BM3,2026-03,8683,366,17302,709,0.516,false
BM3,2026-04,9294,392,17341,718,0.546,false
BM3,2026-05,9542,420,15054,662,0.634,false
BM3,2026-06,12409,525,15454,661,0.794,false
BM3,2026-07,14112,587,16369,677,0.867,false
BM3,2026-08,14181,620,16743,736,0.842,false
BM4,2024-10,8189,331,12371,506,0.654,false
BM4,2024-11,6788,299,10073,444,0.673,false
BM4,2024-12,6499,280,9508,413,0.678,false
BM4,2025-01,7930,325,11614,477,0.681,false
BM4,2025-02,7346,345,10538,500,0.69,false
BM4,2025-03,7840,352,11935,538,0.654,false
BM4,2025-04,6810,300,12560,547,0.548,false
BM4,2025-05,6187,268,11894,513,0.522,false
BM4,2025-06,5730,262,11082,508,0.516,false
BM4,2025-07,7077,297,12318,519,0.572,false
BM4,2025-08,6657,298,11087,500,0.596,false
BM4,2025-09,5991,260,12124,528,0.492,false
BM4,2025-10,6142,257,12276,516,0.498,false
BM4,2025-11,5112,228,10470,471,0.484,false
BM4,2025-12,4402,180,9896,409,0.44,false
BM4,2026-01,5542,234,,,,false
BM4,2026-02,4356,202,8617,408,0.495,false
BM4,2026-03,5739,237,11723,500,0.474,false
BM4,2026-04,5812,248,11807,508,0.488,false
BM4,2026-05,6483,292,10711,485,0.602,false
BM4,2026-06,9092,395,11614,509,0.776,false
BM4,2026-07,8078,336,11073,468,0.718,false
BM4,2026-08,8200,362,10787,489,0.74,false
BM5,2024-10,12025,499,18367,764,0.653,false
BM5,2024-11,10161,453,14765,658,0.688,false
BM5,2024-12,8656,368,13702,590,0.624,false
BM5,2025-01,9431,397,16020,667,0.595,false
BM5,2025-02,9721,468,15173,724,0.646,false
BM5,2025-03,10515,475,18021,809,0.587,false
BM5,2025-04,10299,452,18889,823,0.549,false
BM5,2025-05,9523,403,17932,767,0.525,false
BM5,2025-06,9983,459,16819,765,0.6,false
BM5,2025-07,12298,501,18652,773,0.648,false
BM5,2025-08,11616,499,17340,774,0.645,false
BM5,2025-09,10015,432,18100,789,0.548,false
BM5,2025-10,12556,527,18946,789,0.668,false
BM5,2025-11,7950,370,15533,729,0.508,false
BM5,2025-12,7015,294,15078,626,0.47,false
BM5,2026-01,7776,338,,,,false
BM5,2026-02,6922,328,14507,691,0.475,false
BM5,2026-03,7940,344,17970,783,0.439,false
BM5,2026-04,8175,355,18169,790,0.449,false
BM5,2026-05,9676,430,16798,751,0.573,false
BM5,2026-06,12567,540,17066,745,0.725,false
BM5,2026-07,14802,618,17809,749,0.825,false
BM5,2026-08,13473,601,17501,790,0.761,false
BX1,2024-10,20203,693,174584,6316,0.11,false
BX1,2024-11,23856,1060,148085,5502,0.193,false
BX1,2024-12,24867,999,133548,4858,0.206,false
BX1,2025-01,35601,1072,141366,5113,0.21,false
BX1,2025-02,40343,921,145139,5992,0.154,false
BX1,2025-03,41092,1873,177275,6316,0.297,false
BX1,2025-04,42813,1759,171100,6422,0.274,false
BX1,2025-05,46431,1939,171630,6229,0.311,false
BX1,2025-06,57712,2585,165453,6245,0.414,false
BX1,2025-07,62620,2481,160982,5771,0.43,false
BX1,2025-08,61252,2570,159072,5889,0.436,false
BX1,2025-09,50844,2075,162897,6182,0.336,false
BX1,2025-10,43996,1604,162462,5920,0.271,false
BX1,2025-11,39671,1496,135852,5161,0.29,false
BX1,2025-12,57772,1916,130214,4690,0.409,false
BX1,2026-01,32231,948,,,,false
BX1,2026-02,29305,1044,118482,4858,0.215,false
BX1,2026-03,20216,865,146151,5316,0.163,false
BX1,2026-04,31998,1371,137604,5130,0.267,false
BX1,2026-05,34912,1478,143197,5430,0.272,false
BX1,2026-06,33315,1341,136611,5115,0.262,false
BX1,2026-07,40793,1530,122709,4518,0.339,false
BX1,2026-08,60599,2203,121337,4469,0.493,false
BX10,2024-10,253441,9585,154802,5765,1.663,false
BX10,2024-11,227114,9117,136087,5327,1.711,false
BX10,2024-12,216976,8338,125556,4763,1.751,false
BX10,2025-01,210773,8038,131437,4922,1.633,false
BX10,2025-02,197255,8489,123658,5276,1.609,false
BX10,2025-03,234684,9446,146619,5679,1.663,false
BX10,2025-04,241731,9465,145864,5688,1.664,false
BX10,2025-05,231603,8880,152299,5765,1.54,false
BX10,2025-06,204555,8031,146142,5754,1.396,false
BX10,2025-07,203279,7549,149128,5527,1.366,false
BX10,2025-08,172224,6502,139850,5361,1.213,false
BX10,2025-09,209312,8283,147897,5779,1.433,false
BX10,2025-10,225891,8554,144698,5445,1.571,false
BX10,2025-11,197744,8288,122204,4927,1.682,false
BX10,2025-12,183992,7116,118896,4437,1.604,false
BX10,2026-01,168324,6669,,,,false
BX10,2026-02,140113,6122,101026,4282,1.43,false
BX10,2026-03,179354,7158,128788,4926,1.453,false
BX10,2026-04,171557,6678,122003,4765,1.401,false
BX10,2026-05,205843,8228,129007,5050,1.629,false
BX10,2026-06,180142,6897,129280,4997,1.38,false
BX10,2026-07,169354,6341,121578,4571,1.387,false
BX10,2026-08,165850,6396,117952,4544,1.408,false
BX11,2024-10,237062,8761,139238,5071,1.728,false
BX11,2024-11,205240,7457,124007,4729,1.577,false
BX11,2024-12,202988,7245,112614,4197,1.726,false
BX11,2025-01,187919,7073,130856,4816,1.469,false
BX11,2025-02,179806,7430,130370,5443,1.365,false
BX11,2025-03,225811,8522,146527,5545,1.537,false
BX11,2025-04,220225,8374,149629,5650,1.482,false
BX11,2025-05,259353,9402,147482,5381,1.747,false
BX11,2025-06,273307,10216,139934,5349,1.91,false
BX11,2025-07,296870,10807,141762,5143,2.101,false
BX11,2025-08,300319,10793,141779,5349,2.018,false
BX11,2025-09,343542,12987,149765,5698,2.279,false
BX11,2025-10,359971,13229,141259,5231,2.529,false
BX11,2025-11,315587,12419,118838,4644,2.674,false
BX11,2025-12,298613,11036,114736,4175,2.643,false
BX11,2026-01,272512,10476,,,,false
BX11,2026-02,218219,9271,89317,3635,2.55,false
BX11,2026-03,281304,10648,116248,4278,2.489,false
BX11,2026-04,258458,9770,114480,4349,2.246,false
BX11,2026-05,271662,10479,112469,4222,2.482,false
BX11,2026-06,262125,9208,110082,4141,2.224,false
BX11,2026-07,150060,5508,109427,4003,1.376,false
BX11,2026-08,132857,4866,108123,4069,1.196,false
BX12,2024-10,10788,464,109248,3936,0.118,false
BX12,2024-11,10223,332,95230,3546,0.094,false
BX12,2024-12,19737,584,91129,3311,0.176,false
BX12,2025-01,19489,492,94760,3448,0.143,false
BX12,2025-02,35050,658,96080,3989,0.165,false
BX12,2025-03,10991,381,122152,4611,0.083,false
BX12,2025-04,17535,504,125822,4788,0.105,false
BX12,2025-05,14504,562,128609,4724,0.119,false
BX12,2025-06,31542,1098,129032,4798,0.229,false
BX12,2025-07,90720,2068,147691,4814,0.43,false
BX12,2025-08,82168,1931,141156,4643,0.416,false
BX12,2025-09,22120,804,125458,4716,0.17,false
BX12,2025-10,15585,516,121679,4412,0.117,false
BX12,2025-11,18099,778,105353,4062,0.192,false
BX12,2025-12,39840,1224,101836,3685,0.332,false
BX12,2026-01,47738,1505,,,,false
BX12,2026-02,43748,1639,96090,3962,0.414,false
BX12,2026-03,54895,2066,120114,4416,0.468,false
BX12,2026-04,60541,2281,110160,4112,0.555,false
BX12,2026-05,98081,3348,106861,3954,0.847,false
BX12,2026-06,94481,3147,113428,4089,0.77,false
BX12,2026-07,158647,4582,118765,3911,1.172,false
BX12,2026-08,140117,4493,115190,3764,1.194,false
BX12+,2024-10,594507,21138,318724,11331,1.866,false
BX12+,2024-11,526710,19426,269798,9980,1.946,false
BX12+,2024-12,572892,20029,250582,8990,2.228,false
BX12+,2025-01,504055,18116,269497,9797,1.849,false
BX12+,2025-02,474326,18847,288335,12034,1.566,false
BX12+,2025-03,538590,19589,359346,13495,1.452,false
BX12+,2025-04,507163,19093,365236,13855,1.378,false
BX12+,2025-05,544535,19710,381945,13884,1.42,false
BX12+,2025-06,486896,18330,369671,14286,1.283,false
BX12+,2025-07,473234,16732,380039,13755,1.216,false
BX12+,2025-08,480708,17730,375501,14048,1.262,false
BX12+,2025-09,539925,20166,386240,14719,1.37,false
BX12+,2025-10,513931,18428,384078,14166,1.301,false
BX12+,2025-11,514477,18756,331447,12996,1.443,false
BX12+,2025-12,500667,17241,308885,11262,1.531,false
BX12+,2026-01,423234,15586,,,,false
BX12+,2026-02,372323,15023,283417,11976,1.254,false
BX12+,2026-03,441757,16067,382084,14330,1.121,false
BX12+,2026-04,461806,17205,391177,14991,1.148,false
BX12+,2026-05,480829,18165,388513,14892,1.22,false
BX12+,2026-06,466587,17539,370730,14123,1.242,false
BX12+,2026-07,419707,15021,358949,13486,1.114,false
BX12+,2026-08,416664,15336,348639,13371,1.147,false
BX13,2024-10,387068,13852,146943,5286,2.621,false
BX13,2024-11,339858,12770,136193,5111,2.499,false
BX13,2024-12,309143,11189,129695,4748,2.357,false
BX13,2025-01,283809,9874,122232,4380,2.254,false
BX13,2025-02,292132,11964,127379,5239,2.284,false
BX13,2025-03,343959,12371,154491,5646,2.191,false
BX13,2025-04,325343,12042,154981,5828,2.066,false
BX13,2025-05,337335,11962,150843,5451,2.194,false
BX13,2025-06,295195,10901,143384,5442,2.003,false
BX13,2025-07,318443,11499,141016,5066,2.27,false
BX13,2025-08,297915,10592,136872,5125,2.067,false
BX13,2025-09,292661,10713,138229,5189,2.065,false
BX13,2025-10,304178,10870,136956,4977,2.184,false
BX13,2025-11,276996,10384,111646,4240,2.449,false
BX13,2025-12,277951,9881,107592,3840,2.573,false
BX13,2026-01,243174,9211,,,,false
BX13,2026-02,219028,8833,102014,4187,2.11,false
BX13,2026-03,257253,9472,126540,4649,2.037,false
BX13,2026-04,265942,10190,122601,4624,2.204,false
BX13,2026-05,285935,10722,136346,5232,2.049,false
BX13,2026-06,292009,10664,126503,4756,2.242,false
BX13,2026-07,272479,9444,118228,4291,2.201,false
BX13,2026-08,268933,9351,122862,4651,2.011,false
BX15,2024-10,21472,855,114933,4242,0.202,false
BX15,2024-11,17136,502,95389,3657,0.137,false
BX15,2024-12,24513,845,84211,3151,0.268,false
BX15,2025-01,39207,1163,97898,3609,0.322,false
BX15,2025-02,45008,1258,99712,4184,0.301,false
BX15,2025-03,35840,1274,116127,4385,0.291,false
BX15,2025-04,19989,674,114486,4373,0.154,false
BX15,2025-05,21841,866,116923,4325,0.2,false
BX15,2025-06,41140,1855,118846,4669,0.397,false
BX15,2025-07,59375,2156,121410,4545,0.474,false
BX15,2025-08,55486,2385,117795,4551,0.524,false
BX15,2025-09,56245,2346,119145,4589,0.511,false
BX15,2025-10,33618,1233,118934,4438,0.278,false
BX15,2025-11,29722,1284,98954,3942,0.326,false
BX15,2025-12,62541,1934,96383,3564,0.543,false
BX15,2026-01,38925,1135,,,,false
BX15,2026-02,27547,959,79693,3339,0.287,false
BX15,2026-03,22789,848,98591,3719,0.228,false
BX15,2026-04,27120,1124,98218,3817,0.294,false
BX15,2026-05,26978,995,97104,3746,0.266,false
BX15,2026-06,24530,957,92370,3544,0.27,false
BX15,2026-07,43115,1687,87686,3273,0.515,false
BX15,2026-08,50938,1976,87407,3356,0.589,false
BX16,2024-10,234597,8703,92397,3519,2.473,false
BX16,2024-11,205045,8261,79188,3163,2.612,false
BX16,2024-12,190630,7352,72654,2828,2.6,false
BX16,2025-01,196008,7484,75236,2849,2.627,false
BX16,2025-02,169182,7515,67802,2982,2.52,false
BX16,2025-03,201558,8170,82332,3335,2.45,false
BX16,2025-04,192044,7709,84300,3396,2.27,false
BX16,2025-05,198080,7618,80536,3161,2.41,false
BX16,2025-06,181021,7470,81470,3340,2.237,false
BX16,2025-07,180725,6533,83230,3107,2.103,false
BX16,2025-08,172670,6549,77836,3063,2.138,false
BX16,2025-09,187554,7475,82153,3250,2.3,false
BX16,2025-10,200678,7608,78582,2991,2.544,false
BX16,2025-11,173599,7147,65079,2656,2.691,false
BX16,2025-12,159742,6160,63191,2425,2.54,false
BX16,2026-01,156307,6253,,,,false
BX16,2026-02,123331,5394,49252,2135,2.526,false
BX16,2026-03,162693,6429,67374,2617,2.457,false
BX16,2026-04,146601,5894,68260,2688,2.193,false
BX16,2026-05,181308,7328,69594,2781,2.635,false
BX16,2026-06,168053,6625,68137,2684,2.468,false
BX16,2026-07,165603,6250,65784,2517,2.483,false
BX16,2026-08,165248,6222,62929,2493,2.496,false
BX17,2024-10,165703,6336,77812,2827,2.241,false
BX17,2024-11,123950,4435,65392,2481,1.788,false
BX17,2024-12,127402,4690,60965,2260,2.075,false
BX17,2025-01,109529,3956,69517,2553,1.55,false
BX17,2025-02,108170,4562,72157,2997,1.522,false
BX17,2025-03,152733,5978,79550,2984,2.003,false
BX17,2025-04,174706,6502,83745,3188,2.04,false
BX17,2025-05,190012,7182,82085,2976,2.413,false
BX17,2025-06,193341,7198,78674,3026,2.379,false
BX17,2025-07,215781,7591,83122,3051,2.488,false
BX17,2025-08,212272,7656,79857,3059,2.503,false
BX17,2025-09,218671,8158,86196,3293,2.477,false
BX17,2025-10,240860,8941,84591,3158,2.831,false
BX17,2025-11,218025,8862,70589,2791,3.175,false
BX17,2025-12,236632,8649,67804,2495,3.467,false
BX17,2026-01,212985,8174,,,,false
BX17,2026-02,178896,7646,55970,2325,3.289,false
BX17,2026-03,239218,9074,72518,2722,3.334,false
BX17,2026-04,217484,8469,69433,2675,3.166,false
BX17,2026-05,220008,8388,67702,2591,3.237,false
BX17,2026-06,193190,7506,62724,2393,3.137,false
BX17,2026-07,95817,3592,64260,2385,1.506,false
BX17,2026-08,91352,3633,60985,2362,1.538,false
BX18A,2024-10,56623,2126,18922,707,3.007,false
BX18A,2024-11,45318,1779,16242,645,2.758,false
BX18A,2024-12,42958,1614,14698,563,2.867,false
BX18A,2025-01,43800,1645,16491,625,2.632,false
BX18A,2025-02,36778,1582,16014,687,2.303,false
BX18A,2025-03,47097,1853,19726,786,2.358,false
BX18A,2025-04,43571,1687,19378,764,2.208,false
BX18A,2025-05,49386,1883,19276,734,2.565,false
BX18A,2025-06,39938,1615,16757,667,2.421,false
BX18A,2025-07,41472,1496,16935,627,2.386,false
BX18A,2025-08,37935,1436,16900,655,2.192,false
BX18A,2025-09,39822,1547,18294,714,2.167,false
BX18A,2025-10,44727,1702,17110,649,2.622,false
BX18A,2025-11,37740,1544,13981,572,2.699,false
BX18A,2025-12,38268,1442,13436,510,2.827,false
BX18A,2026-01,34884,1381,,,,false
BX18A,2026-02,28005,1222,11403,488,2.504,false
BX18A,2026-03,37635,1501,14174,548,2.739,false
BX18A,2026-04,35460,1418,13914,544,2.607,false
BX18A,2026-05,43818,1768,14421,572,3.091,false
BX18A,2026-06,44390,1755,13932,542,3.238,false
BX18A,2026-07,38008,1438,13006,493,2.917,false
BX18A,2026-08,35707,1334,12397,475,2.808,false
BX18B,2024-10,71528,2706,22137,831,3.256,false
BX18B,2024-11,58237,2263,19686,772,2.931,false
BX18B,2024-12,53855,2033,18008,687,2.959,false
BX18B,2025-01,54638,2052,20001,755,2.718,false
BX18B,2025-02,48783,2083,19702,841,2.477,false
BX18B,2025-03,61221,2413,24844,982,2.457,false
BX18B,2025-04,56244,2175,24632,967,2.249,false
BX18B,2025-05,59916,2247,24553,922,2.437,false
BX18B,2025-06,50276,2021,21332,840,2.406,false
BX18B,2025-07,54756,1911,21083,768,2.488,false
BX18B,2025-08,48178,1784,20530,786,2.27,false
BX18B,2025-09,47841,1816,21927,850,2.136,false
BX18B,2025-10,56438,2105,21479,808,2.605,false
BX18B,2025-11,47916,1913,16955,688,2.781,false
BX18B,2025-12,48860,1825,16363,612,2.982,false
BX18B,2026-01,45562,1789,,,,false
BX18B,2026-02,37283,1603,14274,607,2.641,false
BX18B,2026-03,46115,1806,17587,672,2.688,false
BX18B,2026-04,44531,1777,17038,663,2.68,false
BX18B,2026-05,53712,2108,17097,671,3.142,false
BX18B,2026-06,52705,2072,16638,639,3.243,false
BX18B,2026-07,50177,1880,16333,614,3.062,false
BX18B,2026-08,47712,1786,16356,631,2.83,false
BX19,2024-10,322552,11364,267745,9491,1.197,false
BX19,2024-11,275104,10290,235683,8608,1.195,false
BX19,2024-12,264452,9598,213928,7574,1.267,false
BX19,2025-01,284331,10395,240201,8550,1.216,false
BX19,2025-02,255326,10429,239668,9730,1.072,false
BX19,2025-03,274906,10491,265710,9751,1.076,false
BX19,2025-04,248093,9565,279096,10325,0.926,false
BX19,2025-05,357955,13004,279620,9960,1.306,false
BX19,2025-06,358119,13149,260949,9649,1.363,false
BX19,2025-07,337402,11084,265864,9334,1.187,false
BX19,2025-08,328491,11960,253124,9159,1.306,false
BX19,2025-09,193188,7593,256289,9388,0.809,false
BX19,2025-10,233830,7951,252490,8968,0.887,false
BX19,2025-11,212456,7999,214084,7983,1.002,false
BX19,2025-12,234004,7654,212348,7568,1.011,false
BX19,2026-01,190176,6587,,,,false
BX19,2026-02,200278,7932,180558,7116,1.115,false
BX19,2026-03,256057,9032,223452,7876,1.147,false
BX19,2026-04,229468,8584,223141,8176,1.05,false
BX19,2026-05,273160,10702,221018,8053,1.329,false
BX19,2026-06,381130,14044,208454,7659,1.834,false
BX19,2026-07,415211,14613,203268,7293,2.004,false
BX19,2026-08,418749,14830,196466,7191,2.062,false
BX2,2024-10,25137,953,183292,6846,0.139,false
BX2,2024-11,30387,1342,148095,5806,0.231,false
BX2,2024-12,33666,1438,140604,5274,0.273,false
BX2,2025-01,36807,1122,155940,5822,0.193,false
BX2,2025-02,44930,1076,154732,6607,0.163,false
BX2,2025-03,57202,2593,183889,6860,0.378,false
BX2,2025-04,56950,2411,179905,6896,0.35,false
BX2,2025-05,61055,2535,176452,6688,0.379,false
BX2,2025-06,66378,2931,171885,6739,0.435,false
BX2,2025-07,89132,3611,170947,6327,0.571,false
BX2,2025-08,73479,3171,166683,6388,0.496,false
BX2,2025-09,61188,2468,165965,6412,0.385,false
BX2,2025-10,46602,1763,165550,6189,0.285,false
BX2,2025-11,44383,1780,134828,5437,0.327,false
BX2,2025-12,64509,2207,137746,5082,0.434,false
BX2,2026-01,38499,1169,,,,false
BX2,2026-02,27530,1029,122291,5105,0.202,false
BX2,2026-03,27644,1187,156301,5867,0.202,false
BX2,2026-04,34487,1488,146139,5628,0.264,false
BX2,2026-05,35731,1421,143157,5580,0.255,false
BX2,2026-06,43285,1773,141764,5412,0.328,false
BX2,2026-07,52954,2043,129592,4844,0.422,false
BX2,2026-08,69263,2792,125635,4831,0.578,false
BX20,2024-10,11722,510,9815,427,1.194,false
BX20,2024-11,8307,396,7718,368,1.076,false
BX20,2024-12,8031,365,7627,347,1.052,false
BX20,2025-01,9843,428,8207,357,1.199,false
BX20,2025-02,8789,439,7233,362,1.213,false
BX20,2025-03,10680,509,8839,421,1.209,false
BX20,2025-04,8897,404,9247,420,0.962,false
BX20,2025-05,10047,457,8851,400,1.143,false
BX20,2025-06,7191,342,7583,361,0.947,false
BX20,2025-07,6428,279,6685,291,0.959,false
BX20,2025-08,5842,278,6383,304,0.914,false
BX20,2025-09,8830,401,8900,405,0.99,false
BX20,2025-10,8578,373,8450,367,1.016,false
BX20,2025-11,8304,415,6441,322,1.289,false
BX20,2025-12,10196,443,7000,304,1.457,false
BX20,2026-01,9560,435,,,,false
BX20,2026-02,7069,353,6591,330,1.07,false
BX20,2026-03,9830,447,7994,363,1.231,false
BX20,2026-04,10215,464,7823,356,1.303,false
BX20,2026-05,11501,548,7637,364,1.505,false
BX20,2026-06,9238,420,7220,328,1.28,false
BX20,2026-07,6589,286,5919,257,1.113,false
BX20,2026-08,4159,198,4338,207,0.957,false
BX21,2024-10,211133,8022,126335,4709,1.704,false
BX21,2024-11,170377,6517,106244,4135,1.576,false
BX21,2024-12,180239,6753,95252,3605,1.873,false
BX21,2025-01,139550,5261,105994,3974,1.324,false
BX21,2025-02,150402,6201,104269,4418,1.404,false
BX21,2025-03,206478,7654,118543,4608,1.661,false
BX21,2025-04,195441,7452,124389,4840,1.54,false
BX21,2025-05,240466,8709,127725,4816,1.808,false
BX21,2025-06,231373,9109,123189,4880,1.867,false
BX21,2025-07,259196,9306,124977,4660,1.997,false
BX21,2025-08,257079,9530,119860,4616,2.065,false
BX21,2025-09,285599,11117,123138,4772,2.33,false
BX21,2025-10,302729,11122,120780,4511,2.466,false
BX21,2025-11,270178,11117,101808,4099,2.712,false
BX21,2025-12,271533,9961,99977,3706,2.688,false
BX21,2026-01,239415,8964,,,,false
BX21,2026-02,209674,8423,83883,3514,2.397,false
BX21,2026-03,258122,9872,106362,4053,2.436,false
BX21,2026-04,258746,9950,106369,4179,2.381,false
BX21,2026-05,259154,9952,103659,4055,2.454,false
BX21,2026-06,259775,9738,102203,3980,2.447,false
BX21,2026-07,133657,4965,98746,3748,1.325,false
BX21,2026-08,126304,4936,97400,3812,1.295,false
BX22,2024-10,31357,1214,133897,4958,0.245,false
BX22,2024-11,26168,1021,118484,4615,0.221,false
BX22,2024-12,22727,780,112413,4234,0.184,false
BX22,2025-01,28960,757,122732,4551,0.166,false
BX22,2025-02,33804,1079,116871,5054,0.213,false
BX22,2025-03,26076,928,139994,5435,0.171,false
BX22,2025-04,16469,595,141086,5484,0.108,false
BX22,2025-05,30659,1214,135484,5098,0.238,false
BX22,2025-06,57477,2130,127951,5019,0.424,false
BX22,2025-07,76770,2766,132916,4897,0.565,false
BX22,2025-08,81144,2812,126720,4849,0.58,false
BX22,2025-09,53021,2139,128903,4968,0.431,false
BX22,2025-10,48140,1882,129410,4860,0.387,false
BX22,2025-11,43503,1913,108280,4357,0.439,false
BX22,2025-12,84067,2974,101428,3761,0.791,false
BX22,2026-01,79456,2768,,,,false
BX22,2026-02,66189,2858,87848,3694,0.774,false
BX22,2026-03,72221,2777,113973,4340,0.64,false
BX22,2026-04,90022,3605,112106,4383,0.822,false
BX22,2026-05,130964,5090,109227,4198,1.212,false
BX22,2026-06,152223,5675,107838,4155,1.366,false
BX22,2026-07,161127,5804,108806,4043,1.436,false
BX22,2026-08,129616,4291,100571,3844,1.116,false
BX23,2024-10,6125,248,61127,2363,0.105,false
BX23,2024-11,2669,120,52214,2155,0.056,false
BX23,2024-12,1939,75,48756,1910,0.039,false
BX23,2025-01,1320,50,53735,2062,0.024,false
BX23,2025-02,52554,2321,49419,2167,1.071,false
BX23,2025-03,114779,4744,57050,2350,2.019,false
BX23,2025-04,115554,4694,60460,2449,1.917,false
BX23,2025-05,120749,4767,61752,2396,1.99,false
BX23,2025-06,108912,4474,60180,2457,1.821,false
BX23,2025-07,106340,3941,62192,2316,1.702,false
BX23,2025-08,85567,3306,54423,2112,1.565,false
BX23,2025-09,99253,3878,62288,2451,1.582,false
BX23,2025-10,110394,4159,61673,2338,1.779,false
BX23,2025-11,94288,3860,51920,2147,1.798,false
BX23,2025-12,91096,3489,50608,1941,1.798,false
BX23,2026-01,91084,3590,,,,false
BX23,2026-02,79223,3430,47722,2057,1.667,false
BX23,2026-03,102620,4050,58177,2280,1.776,false
BX23,2026-04,95289,3842,54528,2146,1.79,false
BX23,2026-05,98604,3976,53429,2133,1.864,false
BX23,2026-06,85369,3333,51574,2034,1.639,false
BX23,2026-07,81889,3030,49543,1867,1.623,false
BX23,2026-08,78865,2910,45749,1765,1.649,false
BX24,2024-10,24149,886,11698,438,2.023,false
BX24,2024-11,18825,756,10201,403,1.876,false
BX24,2024-12,17840,668,9294,345,1.936,false
BX24,2025-01,17803,662,9846,365,1.814,false
BX24,2025-02,15340,611,9888,418,1.462,false
BX24,2025-03,18166,722,11174,432,1.671,false
BX24,2025-04,19828,740,11546,443,1.67,false
BX24,2025-05,18254,688,10517,393,1.751,false
BX24,2025-06,18148,692,11611,455,1.521,false
BX24,2025-07,17759,663,12197,453,1.464,false
BX24,2025-08,15023,552,11321,436,1.266,false
BX24,2025-09,17453,673,12149,476,1.414,false
BX24,2025-10,18866,699,11284,425,1.645,false
BX24,2025-11,17710,719,10308,409,1.758,false
BX24,2025-12,16095,606,10056,378,1.603,false
BX24,2026-01,14398,547,,,,false
BX24,2026-02,13738,582,8881,379,1.536,false
BX24,2026-03,15269,593,11263,442,1.342,false
BX24,2026-04,14264,525,11170,437,1.201,false
BX24,2026-05,16008,591,10719,414,1.428,false
BX24,2026-06,18324,684,11179,431,1.587,false
BX24,2026-07,14902,517,10687,399,1.296,false
BX24,2026-08,16205,579,10081,377,1.536,false
BX25,2024-10,109677,4049,43860,1580,2.563,false
BX25,2024-11,96250,3738,37870,1429,2.616,false
BX25,2024-12,89180,3263,35560,1277,2.555,false
BX25,2025-01,82315,3051,34765,1263,2.416,false
BX25,2025-02,76502,3254,32257,1353,2.405,false
BX25,2025-03,100679,3809,39821,1479,2.575,false
BX25,2025-04,90811,3451,42268,1590,2.17,false
BX25,2025-05,97699,3673,40042,1464,2.509,false
BX25,2025-06,81564,3004,41022,1529,1.965,false
BX25,2025-07,88056,3213,46751,1668,1.926,false
BX25,2025-08,83797,3233,40631,1471,2.198,false
BX25,2025-09,96590,3650,40482,1510,2.417,false
BX25,2025-10,98326,3601,38893,1389,2.593,false
BX25,2025-11,88550,3437,34100,1287,2.671,false
BX25,2025-12,71467,2649,31382,1136,2.332,false
BX25,2026-01,75386,2921,,,,false
BX25,2026-02,65371,2870,26601,1085,2.645,false
BX25,2026-03,90720,3462,36443,1312,2.639,false
BX25,2026-04,73255,2807,36511,1345,2.087,false
BX25,2026-05,90385,3522,36620,1361,2.588,false
BX25,2026-06,89732,3285,35341,1295,2.537,false
BX25,2026-07,76594,2791,33982,1239,2.253,false
BX25,2026-08,75551,2796,33052,1201,2.328,false
BX26,2024-10,119742,4273,48484,1722,2.481,false
BX26,2024-11,101226,3777,40513,1487,2.54,false
BX26,2024-12,100062,3736,38147,1385,2.697,false
BX26,2025-01,92193,3364,38448,1368,2.459,false
BX26,2025-02,90047,3774,36926,1536,2.457,false
BX26,2025-03,103230,3952,43473,1621,2.438,false
BX26,2025-04,96374,3681,44781,1663,2.213,false
BX26,2025-05,100231,3696,43771,1556,2.375,false
BX26,2025-06,94455,3693,44048,1663,2.221,false
BX26,2025-07,91857,3124,45052,1581,1.976,false
BX26,2025-08,84482,3161,43765,1597,1.979,false
BX26,2025-09,95014,3670,42780,1609,2.281,false
BX26,2025-10,106956,3914,42053,1505,2.601,false
BX26,2025-11,93834,3685,36335,1400,2.632,false
BX26,2025-12,84841,3132,33315,1207,2.595,false
BX26,2026-01,78390,3050,,,,false
BX26,2026-02,66290,2694,29899,1232,2.187,false
BX26,2026-03,89198,3199,39061,1390,2.301,false
BX26,2026-04,84303,3148,40462,1491,2.111,false
BX26,2026-05,93368,3528,39303,1456,2.423,false
BX26,2026-06,81516,3125,36306,1335,2.341,false
BX26,2026-07,80700,2826,33907,1213,2.33,false
BX26,2026-08,82431,2973,33983,1251,2.376,false
BX27,2024-10,100504,3464,65620,2444,1.417,false
BX27,2024-11,90418,3500,54291,2082,1.681,false
BX27,2024-12,72362,2559,52817,2006,1.276,false
BX27,2025-01,82969,2954,56095,2087,1.415,false
BX27,2025-02,72535,3256,54998,2293,1.42,false
BX27,2025-03,98230,3534,61285,2328,1.518,false
BX27,2025-04,109367,3925,63782,2410,1.629,false
BX27,2025-05,128746,4671,63141,2354,1.984,false
BX27,2025-06,132455,4895,59289,2329,2.102,false
BX27,2025-07,135754,4689,58896,2171,2.16,false
BX27,2025-08,124116,4448,55109,2117,2.101,false
BX27,2025-09,143640,5348,56938,2210,2.42,false
BX27,2025-10,144530,5258,56289,2117,2.484,false
BX27,2025-11,140262,5411,47761,1888,2.866,false
BX27,2025-12,128093,4747,46118,1706,2.783,false
BX27,2026-01,118651,4258,,,,false
BX27,2026-02,102322,4277,39005,1621,2.638,false
BX27,2026-03,134168,5120,47308,1790,2.86,false
BX27,2026-04,125782,4480,45713,1770,2.531,false
BX27,2026-05,132810,5053,46057,1786,2.829,false
BX27,2026-06,107971,4013,44217,1702,2.358,false
BX27,2026-07,60180,2106,42384,1583,1.33,false
BX27,2026-08,47929,1739,40516,1559,1.115,false
BX28,2024-10,318744,11542,103873,3767,3.064,false
BX28,2024-11,273231,10503,90498,3445,3.049,false
BX28,2024-12,264845,9680,83494,3055,3.169,false
BX28,2025-01,267206,9714,90824,3320,2.926,false
BX28,2025-02,228566,9685,83374,3502,2.766,false
BX28,2025-03,276080,10445,102139,3836,2.723,false
BX28,2025-04,264907,9925,101766,3849,2.579,false
BX28,2025-05,280754,10276,100389,3708,2.771,false
BX28,2025-06,247161,9526,99087,3845,2.478,false
BX28,2025-07,266665,9678,108257,3981,2.431,false
BX28,2025-08,254273,9370,102182,3853,2.432,false
BX28,2025-09,268518,10152,101308,3864,2.627,false
BX28,2025-10,274772,10090,98863,3655,2.761,false
BX28,2025-11,255658,10211,85933,3381,3.02,false
BX28,2025-12,223231,8277,87520,3260,2.539,false
BX28,2026-01,228692,8604,,,,false
BX28,2026-02,204110,8541,78498,3302,2.587,false
BX28,2026-03,250757,9594,101503,3836,2.501,false
BX28,2026-04,237154,8997,96713,3727,2.414,false
BX28,2026-05,263085,9974,94948,3633,2.745,false
BX28,2026-06,269014,10159,92544,3499,2.903,false
BX28,2026-07,250356,9098,93413,3454,2.634,false
BX28,2026-08,251212,9278,88571,3341,2.777,false
BX29,2024-10,39090,1325,21715,737,1.798,false
BX29,2024-11,29887,1058,17622,643,1.645,false
BX29,2024-12,24268,870,15466,545,1.596,false
BX29,2025-01,25144,886,16084,568,1.56,false
BX29,2025-02,23092,919,15710,628,1.463,false
BX29,2025-03,28652,1043,21395,742,1.406,false
BX29,2025-04,33848,1202,22703,810,1.484,false
BX29,2025-05,40040,1265,23695,799,1.583,false
BX29,2025-06,39379,1392,26555,935,1.489,false
BX29,2025-07,31299,964,26843,871,1.107,false
BX29,2025-08,33524,1046,25960,827,1.265,false
BX29,2025-09,33613,1231,24469,861,1.43,false
BX29,2025-10,28743,959,21591,732,1.31,false
BX29,2025-11,24949,903,17736,652,1.385,false
BX29,2025-12,20166,727,15486,544,1.336,false
BX29,2026-01,18986,701,,,,false
BX29,2026-02,18438,748,14546,578,1.294,false
BX29,2026-03,19289,665,19292,669,0.994,false
BX29,2026-04,22882,801,20786,726,1.103,false
BX29,2026-05,29174,877,22911,777,1.129,false
BX29,2026-06,30535,997,21851,749,1.331,false
BX29,2026-07,32558,1046,21403,712,1.469,false
BX29,2026-08,28894,966,20504,651,1.484,false
BX3,2024-10,463824,16360,154970,5446,3.004,false
BX3,2024-11,421516,15204,139382,5047,3.012,false
BX3,2024-12,367976,13052,130661,4625,2.822,false
BX3,2025-01,347707,12424,139670,4954,2.508,false
BX3,2025-02,360936,14448,145501,5848,2.471,false
BX3,2025-03,417504,14811,173880,6200,2.389,false
BX3,2025-04,372688,13694,165544,6082,2.252,false
BX3,2025-05,392328,13954,166825,5871,2.377,false
BX3,2025-06,351309,13273,159898,5906,2.247,false
BX3,2025-07,326102,11120,153073,5340,2.082,false
BX3,2025-08,305748,10604,153405,5535,1.916,false
BX3,2025-09,348504,12929,161317,5930,2.18,false
BX3,2025-10,356894,12602,157272,5638,2.235,false
BX3,2025-11,325224,11884,132924,4989,2.382,false
BX3,2025-12,290629,10341,123027,4346,2.379,false
BX3,2026-01,263279,9675,,,,false
BX3,2026-02,254102,10140,115368,4633,2.189,false
BX3,2026-03,314197,11486,144527,5196,2.211,false
BX3,2026-04,310536,11136,141514,5210,2.137,false
BX3,2026-05,347519,12439,142544,5221,2.382,false
BX3,2026-06,316313,11637,134222,4890,2.38,false
BX3,2026-07,316700,10733,128949,4586,2.34,false
BX3,2026-08,291967,10448,126348,4547,2.298,false
BX30,2024-10,221643,8145,70187,2526,3.224,false
BX30,2024-11,190990,7378,60802,2286,3.227,false
BX30,2024-12,177433,6708,55125,2031,3.303,false
BX30,2025-01,165614,6130,53732,1956,3.134,false
BX30,2025-02,147485,6269,50438,2121,2.956,false
BX30,2025-03,181686,7210,62093,2332,3.092,false
BX30,2025-04,175714,6984,62402,2376,2.939,false
BX30,2025-05,177379,6781,59908,2179,3.112,false
BX30,2025-06,170070,6685,59741,2297,2.91,false
BX30,2025-07,162827,5847,63656,2298,2.544,false
BX30,2025-08,141669,5004,59501,2181,2.294,false
BX30,2025-09,169347,6431,61519,2318,2.774,false
BX30,2025-10,179013,6672,58634,2109,3.164,false
BX30,2025-11,160247,6299,49007,1871,3.367,false
BX30,2025-12,132095,4927,45187,1641,3.002,false
BX30,2026-01,137839,5344,,,,false
BX30,2026-02,119588,4985,42122,1706,2.922,false
BX30,2026-03,151292,5797,52474,1916,3.026,false
BX30,2026-04,143468,5652,52382,1975,2.862,false
BX30,2026-05,170825,6764,53739,2016,3.355,false
BX30,2026-06,166521,6210,51438,1924,3.228,false
BX30,2026-07,141093,5095,49225,1784,2.856,false
BX30,2026-08,132804,4965,47241,1755,2.829,false
BX31,2024-10,120371,4482,90872,3442,1.302,false
BX31,2024-11,86944,3214,77112,3065,1.049,false
BX31,2024-12,88908,3391,69489,2704,1.254,false
BX31,2025-01,81097,3080,72264,2703,1.139,false
BX31,2025-02,80676,3498,71152,3069,1.14,false
BX31,2025-03,96984,3953,80882,3252,1.216,false
BX31,2025-04,118764,4634,87259,3491,1.327,false
BX31,2025-05,132142,4964,87380,3343,1.485,false
BX31,2025-06,123533,4787,80600,3262,1.468,false
BX31,2025-07,133760,4690,87059,3252,1.442,false
BX31,2025-08,126459,4465,80985,3212,1.39,false
BX31,2025-09,157778,6240,82735,3257,1.916,false
BX31,2025-10,151178,5641,79672,3032,1.86,false
BX31,2025-11,149479,5965,67267,2766,2.157,false
BX31,2025-12,146562,5356,62451,2355,2.274,false
BX31,2026-01,121424,4849,,,,false
BX31,2026-02,112416,4820,54116,2318,2.079,false
BX31,2026-03,162895,6219,70428,2712,2.293,false
BX31,2026-04,150589,5819,70603,2791,2.085,false
BX31,2026-05,145666,5674,71321,2849,1.992,false
BX31,2026-06,152624,6123,69359,2736,2.238,false
BX31,2026-07,79063,2952,68847,2625,1.125,false
BX31,2026-08,71207,2915,65087,2582,1.129,false
BX32,2024-10,92409,3571,56239,2172,1.644,false
BX32,2024-11,78272,3200,44638,1824,1.754,false
BX32,2024-12,67196,2641,42493,1687,1.566,false
BX32,2025-01,71315,2736,46845,1825,1.499,false
BX32,2025-02,71548,3104,46854,2106,1.474,false
BX32,2025-03,96212,3864,54805,2231,1.732,false
BX32,2025-04,100614,3936,56644,2288,1.72,false
BX32,2025-05,122487,4738,55745,2204,2.15,false
BX32,2025-06,119046,4675,53606,2226,2.1,false
BX32,2025-07,129055,4755,56729,2184,2.177,false
BX32,2025-08,124444,4757,53702,2172,2.19,false
BX32,2025-09,139051,5604,53745,2166,2.587,false
BX32,2025-10,152392,5777,55006,2141,2.698,false
BX32,2025-11,122539,5131,44535,1884,2.723,false
BX32,2025-12,120620,4683,44911,1739,2.693,false
BX32,2026-01,108023,4361,,,,false
BX32,2026-02,95003,4088,39052,1688,2.422,false
BX32,2026-03,127127,5002,51807,2030,2.464,false
BX32,2026-04,118878,4801,49881,1997,2.404,false
BX32,2026-05,123308,4823,48275,1960,2.461,false
BX32,2026-06,117492,4784,48265,1938,2.469,false
BX32,2026-07,60452,2300,47831,1852,1.242,false
BX32,2026-08,59548,2330,44034,1769,1.317,false
BX33,2024-10,27697,1069,25454,984,1.086,false
BX33,2024-11,26101,1088,21223,882,1.234,false
BX33,2024-12,19751,780,18332,736,1.06,false
BX33,2025-01,23269,903,20602,793,1.139,false
BX33,2025-02,19430,864,19853,886,0.975,false
BX33,2025-03,30979,1258,24610,996,1.263,false
BX33,2025-04,30465,1214,25710,1026,1.183,false
BX33,2025-05,40295,1627,26313,1039,1.566,false
BX33,2025-06,41194,1637,25027,1022,1.602,false
BX33,2025-07,43635,1616,24911,940,1.719,false
BX33,2025-08,38548,1519,23607,956,1.589,false
BX33,2025-09,44741,1750,26976,1072,1.632,false
BX33,2025-10,52002,1988,25606,997,1.994,false
BX33,2025-11,40033,1634,21119,887,1.842,false
BX33,2025-12,43380,1704,20552,802,2.125,false
BX33,2026-01,37492,1531,,,,false
BX33,2026-02,33224,1467,16777,741,1.98,false
BX33,2026-03,41308,1670,22185,889,1.879,false
BX33,2026-04,40030,1626,22296,888,1.831,false
BX33,2026-05,43513,1724,22743,906,1.903,false
BX33,2026-06,36507,1414,21671,858,1.648,false
BX33,2026-07,22592,845,20106,776,1.089,false
BX33,2026-08,17700,706,18555,765,0.923,false
BX34,2024-10,112187,4170,50144,1916,2.176,false
BX34,2024-11,92996,3696,42538,1694,2.182,false
BX34,2024-12,85855,3156,38560,1470,2.147,false
BX34,2025-01,82453,3076,38726,1449,2.123,false
BX34,2025-02,81040,3532,39159,1704,2.073,false
BX34,2025-03,92703,3616,45188,1766,2.048,false
BX34,2025-04,87359,3375,46185,1806,1.869,false
BX34,2025-05,89507,3308,44731,1709,1.936,false
BX34,2025-06,81081,3204,44190,1754,1.827,false
BX34,2025-07,79470,2861,46536,1717,1.666,false
BX34,2025-08,81524,2965,43328,1662,1.784,false
BX34,2025-09,96531,3716,47005,1853,2.005,false
BX34,2025-10,94005,3602,45033,1714,2.102,false
BX34,2025-11,77959,3255,38760,1590,2.047,false
BX34,2025-12,75481,2813,37210,1405,2.002,false
BX34,2026-01,68328,2693,,,,false
BX34,2026-02,56145,2419,29802,1303,1.856,false
BX34,2026-03,66044,2573,38397,1486,1.731,false
BX34,2026-04,66366,2507,37924,1482,1.692,false
BX34,2026-05,69388,2753,38347,1529,1.801,false
BX34,2026-06,68540,2508,37466,1446,1.734,false
BX34,2026-07,66824,2495,35523,1322,1.887,false
BX34,2026-08,63970,2341,34266,1308,1.79,false
BX35,2024-10,157863,5900,144680,5319,1.109,false
BX35,2024-11,137608,5121,124844,4784,1.07,false
BX35,2024-12,153096,5598,112860,4184,1.338,false
BX35,2025-01,151195,5470,127949,4706,1.162,false
BX35,2025-02,122257,5003,126095,5361,0.933,false
BX35,2025-03,144831,5305,143520,5505,0.964,false
BX35,2025-04,126364,4994,157925,6077,0.822,false
BX35,2025-05,188855,6876,154427,5731,1.2,false
BX35,2025-06,151143,5895,143365,5602,1.052,false
BX35,2025-07,172158,6326,139940,5131,1.233,false
BX35,2025-08,152965,5539,138582,5241,1.057,false
BX35,2025-09,117153,4177,147486,5661,0.738,false
BX35,2025-10,153799,5571,147103,5478,1.017,false
BX35,2025-11,147299,5596,124840,4970,1.126,false
BX35,2025-12,121295,4135,118337,4374,0.945,false
BX35,2026-01,100630,3534,,,,false
BX35,2026-02,103047,4136,94326,3891,1.063,false
BX35,2026-03,126655,4625,124138,4685,0.987,false
BX35,2026-04,94834,3744,123596,4780,0.783,false
BX35,2026-05,143044,5350,124948,4821,1.11,false
BX35,2026-06,159043,5720,118362,4520,1.265,false
BX35,2026-07,186162,6771,111025,4135,1.637,false
BX35,2026-08,157157,5448,106594,4056,1.343,false
BX36,2024-10,285428,10035,252159,9321,1.077,false
BX36,2024-11,226039,8701,213676,8229,1.057,false
BX36,2024-12,228032,8768,195304,7290,1.203,false
BX36,2025-01,214387,7620,223351,8298,0.918,false
BX36,2025-02,215014,9154,218719,9217,0.993,false
BX36,2025-03,211727,7550,250764,9524,0.793,false
BX36,2025-04,211558,7723,264864,10158,0.76,false
BX36,2025-05,251048,8922,267027,9940,0.898,false
BX36,2025-06,277143,9971,243340,9471,1.053,false
BX36,2025-07,264015,9397,238513,8710,1.079,false
BX36,2025-08,265003,9372,234543,8956,1.046,false
BX36,2025-09,181017,6752,247238,9466,0.713,false
BX36,2025-10,207853,7182,249750,9310,0.771,false
BX36,2025-11,190146,7191,207885,8250,0.872,false
BX36,2025-12,212169,7685,199507,7326,1.049,false
BX36,2026-01,192400,6844,,,,false
BX36,2026-02,193427,7243,154894,6289,1.152,false
BX36,2026-03,226133,8204,206887,7711,1.064,false
BX36,2026-04,199839,7624,209666,8006,0.952,false
BX36,2026-05,259508,10265,208718,7972,1.288,false
BX36,2026-06,353492,12789,200190,7658,1.67,false
BX36,2026-07,319237,11057,190194,7067,1.565,false
BX36,2026-08,302096,10712,183705,6992,1.532,false
BX38,2024-10,221105,8043,73980,2682,2.999,false
BX38,2024-11,187423,7294,64713,2463,2.961,false
BX38,2024-12,174657,6495,59002,2184,2.974,false
BX38,2025-01,174189,6346,60968,2264,2.803,false
BX38,2025-02,154996,6561,57686,2431,2.699,false
BX38,2025-03,186865,7179,71677,2730,2.63,false
BX38,2025-04,184448,7130,72950,2783,2.562,false
BX38,2025-05,179094,6542,69541,2567,2.549,false
BX38,2025-06,169240,6419,70190,2753,2.332,false
BX38,2025-07,162420,5823,71440,2590,2.248,false
BX38,2025-08,153633,5658,69779,2657,2.129,false
BX38,2025-09,172001,6691,69277,2654,2.521,false
BX38,2025-10,180332,6655,66001,2447,2.72,false
BX38,2025-11,164502,6492,56650,2237,2.902,false
BX38,2025-12,147776,5506,58803,2167,2.541,false
BX38,2026-01,131096,5088,,,,false
BX38,2026-02,130729,5578,49462,2065,2.701,false
BX38,2026-03,152167,5948,65391,2467,2.411,false
BX38,2026-04,159805,6149,65293,2496,2.464,false
BX38,2026-05,170821,6743,63559,2462,2.739,false
BX38,2026-06,170717,6484,61734,2362,2.745,false
BX38,2026-07,156416,5733,60633,2247,2.551,false
BX38,2026-08,148828,5435,57464,2171,2.503,false
BX39,2024-10,60607,2277,139466,4936,0.461,false
BX39,2024-11,69726,2427,119857,4423,0.549,false
BX39,2024-12,54067,1899,110401,3938,0.482,false
BX39,2025-01,59880,1715,120662,4318,0.397,false
BX39,2025-02,54415,1656,111653,4651,0.356,false
BX39,2025-03,40875,1350,146310,5403,0.25,false
BX39,2025-04,54144,1831,145311,5418,0.338,false
BX39,2025-05,70454,2329,140190,5041,0.462,false
BX39,2025-06,103164,3813,127684,4775,0.799,false
BX39,2025-07,141961,4536,127110,4374,1.037,false
BX39,2025-08,139982,4546,122968,4372,1.04,false
BX39,2025-09,130628,4782,133793,4916,0.973,false
BX39,2025-10,180029,6596,125433,4471,1.475,false
BX39,2025-11,151663,5436,108660,4061,1.339,false
BX39,2025-12,184116,6370,101946,3606,1.767,false
BX39,2026-01,194448,6614,,,,false
BX39,2026-02,135043,5157,88378,3526,1.463,false
BX39,2026-03,155263,5183,111536,3942,1.315,false
BX39,2026-04,162373,5582,115394,4255,1.312,false
BX39,2026-05,200935,6781,109660,3991,1.699,false
BX39,2026-06,237138,7990,111217,4049,1.973,false
BX39,2026-07,214427,7096,109923,3934,1.804,false
BX39,2026-08,221696,7153,106057,3832,1.867,false
BX4,2024-10,14907,569,61261,2180,0.261,false
BX4,2024-11,13208,455,56164,2048,0.222,false
BX4,2024-12,8383,266,52537,1899,0.14,false
BX4,2025-01,11363,296,58059,2101,0.141,false
BX4,2025-02,20777,372,55385,2296,0.162,false
BX4,2025-03,8295,178,71798,2583,0.069,false
BX4,2025-04,11315,292,72017,2619,0.111,false
BX4,2025-05,12073,252,67169,2365,0.107,false
BX4,2025-06,14865,440,60649,2245,0.196,false
BX4,2025-07,25471,979,59510,2107,0.465,false
BX4,2025-08,35906,1372,62200,2310,0.594,false
BX4,2025-09,28915,1034,65070,2442,0.423,false
BX4,2025-10,17092,624,62809,2242,0.278,false
BX4,2025-11,20111,582,55072,2016,0.289,false
BX4,2025-12,39561,1348,52145,1849,0.729,false
BX4,2026-01,33924,1194,,,,false
BX4,2026-02,26850,1073,41708,1678,0.639,false
BX4,2026-03,49419,1812,53427,1919,0.944,false
BX4,2026-04,53136,1834,56485,2121,0.865,false
BX4,2026-05,73389,2511,55788,2014,1.247,false
BX4,2026-06,93850,3350,51745,1882,1.78,false
BX4,2026-07,83824,3054,50513,1849,1.652,false
BX4,2026-08,79802,2577,51274,1846,1.396,false
BX40,2024-10,25472,975,100951,3683,0.265,false
BX40,2024-11,25481,837,92193,3545,0.236,false
BX40,2024-12,21663,732,87377,3280,0.223,false
BX40,2025-01,23497,607,94523,3508,0.173,false
BX40,2025-02,31948,476,91658,3873,0.123,false
BX40,2025-03,4508,109,108325,4184,0.026,false
BX40,2025-04,22737,946,107430,4116,0.23,false
BX40,2025-05,18909,683,106254,3930,0.174,false
BX40,2025-06,37897,1343,99729,3864,0.348,false
BX40,2025-07,39239,1193,102533,3724,0.32,false
BX40,2025-08,52017,1963,96767,3636,0.54,false
BX40,2025-09,37405,1536,101282,3880,0.396,false
BX40,2025-10,26677,1111,101041,3770,0.295,false
BX40,2025-11,26938,974,83535,3277,0.297,false
BX40,2025-12,49951,1718,81741,3017,0.569,false
BX40,2026-01,61539,2169,,,,false
BX40,2026-02,44500,1793,66511,2805,0.639,false
BX40,2026-03,61724,2326,85135,3229,0.72,false
BX40,2026-04,69503,2686,83184,3191,0.842,false
BX40,2026-05,111981,4263,80101,3062,1.392,false
BX40,2026-06,139534,5016,80331,3064,1.637,false
BX40,2026-07,138595,5075,78676,2907,1.746,false
BX40,2026-08,140844,5140,74400,2830,1.816,false
BX41,2024-10,20492,765,69982,2418,0.316,false
BX41,2024-11,18485,748,62205,2189,0.342,false
BX41,2024-12,23891,888,53909,1850,0.48,false
BX41,2025-01,33833,972,63948,2244,0.433,false
BX41,2025-02,39096,713,61429,2455,0.29,false
BX41,2025-03,11947,513,79264,2812,0.182,false
BX41,2025-04,23758,993,83340,3011,0.33,false
BX41,2025-05,22292,705,80417,2792,0.253,false
BX41,2025-06,32774,929,77361,2847,0.326,false
BX41,2025-07,28172,952,80543,2852,0.334,false
BX41,2025-08,37252,1267,82247,2958,0.428,false
BX41,2025-09,18313,535,83747,3056,0.175,false
BX41,2025-10,11816,418,83671,2967,0.141,false
BX41,2025-11,16798,559,71956,2686,0.208,false
BX41,2025-12,47729,1339,70541,2470,0.542,false
BX41,2026-01,54331,1779,,,,false
BX41,2026-02,59917,2392,60651,2392,1,false
BX41,2026-03,71166,2655,76851,2772,0.958,false
BX41,2026-04,78102,2872,75482,2771,1.036,false
BX41,2026-05,92025,3335,75859,2769,1.204,false
BX41,2026-06,155775,5868,74530,2730,2.149,false
BX41,2026-07,164780,5865,68056,2443,2.401,false
BX41,2026-08,161418,5676,70507,2545,2.23,false
BX41+,2024-10,226588,8211,94281,3395,2.419,false
BX41+,2024-11,204231,7665,79865,2986,2.567,false
BX41+,2024-12,187092,7086,69891,2555,2.773,false
BX41+,2025-01,218824,7918,84394,3099,2.555,false
BX41+,2025-02,177705,6826,88464,3692,1.849,false
BX41+,2025-03,221475,8054,114613,4346,1.853,false
BX41+,2025-04,165834,6045,114419,4396,1.375,false
BX41+,2025-05,180129,6571,116543,4299,1.528,false
BX41+,2025-06,188851,7380,112501,4377,1.686,false
BX41+,2025-07,180134,6595,115872,4232,1.558,false
BX41+,2025-08,197511,6971,118089,4500,1.549,false
BX41+,2025-09,169366,6325,116093,4476,1.413,false
BX41+,2025-10,210811,7786,116039,4333,1.797,false
BX41+,2025-11,190718,7292,102673,4118,1.771,false
BX41+,2025-12,198260,7112,100314,3751,1.896,false
BX41+,2026-01,163699,5990,,,,false
BX41+,2026-02,167252,6636,78199,3260,2.036,false
BX41+,2026-03,154072,5944,101193,3793,1.567,false
BX41+,2026-04,171342,6307,116334,4543,1.388,false
BX41+,2026-05,191768,7073,120906,4726,1.497,false
BX41+,2026-06,134795,5058,111562,4311,1.173,false
BX41+,2026-07,184631,6467,112213,4222,1.532,false
BX41+,2026-08,147380,5704,109095,4191,1.361,false
BX42,2024-10,14550,455,94156,3445,0.132,false
BX42,2024-11,21455,871,86788,3350,0.26,false
BX42,2024-12,17309,619,80897,2993,0.207,false
BX42,2025-01,29670,768,90457,3335,0.23,false
BX42,2025-02,27320,491,83583,3546,0.138,false
BX42,2025-03,14221,609,103141,3938,0.155,false
BX42,2025-04,19586,770,107630,4138,0.186,false
BX42,2025-05,21560,676,103509,3856,0.175,false
BX42,2025-06,30493,1070,94471,3682,0.291,false
BX42,2025-07,39229,1448,99118,3679,0.394,false
BX42,2025-08,42632,1620,94377,3583,0.452,false
BX42,2025-09,29586,1230,96423,3678,0.334,false
BX42,2025-10,22464,933,92525,3400,0.274,false
BX42,2025-11,40608,1703,77881,3085,0.552,false
BX42,2025-12,37046,1170,72420,2646,0.442,false
BX42,2026-01,52704,1822,,,,false
BX42,2026-02,44042,1682,62531,2610,0.644,false
BX42,2026-03,65174,2493,80812,3030,0.823,false
BX42,2026-04,49952,1792,81657,3133,0.572,false
BX42,2026-05,97557,3567,77252,2932,1.217,false
BX42,2026-06,117019,4006,75310,2829,1.416,false
BX42,2026-07,112387,3814,75084,2773,1.375,false
BX42,2026-08,114140,3943,71344,2699,1.461,false
BX46,2024-10,3257,122,5580,224,0.545,false
BX46,2024-11,3610,159,4649,200,0.795,false
BX46,2024-12,2993,118,4472,183,0.645,false
BX46,2025-01,3440,135,5029,203,0.665,false
BX46,2025-02,4213,196,5218,242,0.81,false
BX46,2025-03,6623,282,5442,237,1.19,false
BX46,2025-04,4653,191,5955,247,0.773,false
BX46,2025-05,5961,225,5953,245,0.918,false
BX46,2025-06,8059,336,6395,274,1.226,false
BX46,2025-07,11970,424,6661,261,1.625,false
BX46,2025-08,8334,299,5970,251,1.191,false
BX46,2025-09,5732,230,6042,253,0.909,false
BX46,2025-10,5876,233,5550,223,1.045,false
BX46,2025-11,5830,256,4519,203,1.261,false
BX46,2025-12,4811,177,5087,206,0.859,false
BX46,2026-01,6043,236,,,,false
BX46,2026-02,5178,230,4200,193,1.192,false
BX46,2026-03,5521,226,5297,221,1.023,false
BX46,2026-04,3721,153,5286,223,0.686,false
BX46,2026-05,5307,223,5645,238,0.937,false
BX46,2026-06,6494,264,6295,256,1.031,false
BX46,2026-07,6535,209,6230,242,0.864,false
BX46,2026-08,3480,138,5929,246,0.561,false
BX4A,2024-10,9810,386,51040,1885,0.205,false
BX4A,2024-11,8593,306,45826,1766,0.173,false
BX4A,2024-12,7952,292,44159,1639,0.178,false
BX4A,2025-01,8629,261,46069,1716,0.152,false
BX4A,2025-02,13201,255,43397,1843,0.138,false
BX4A,2025-03,3859,109,54855,2072,0.053,false
BX4A,2025-04,6053,165,56211,2140,0.077,false
BX4A,2025-05,9731,284,56175,2079,0.137,false
BX4A,2025-06,14262,542,50112,1962,0.276,false
BX4A,2025-07,16925,673,48861,1780,0.378,false
BX4A,2025-08,25030,951,49622,1880,0.506,false
BX4A,2025-09,15192,563,51509,1973,0.285,false
BX4A,2025-10,10696,393,51229,1894,0.207,false
BX4A,2025-11,12010,408,43499,1692,0.241,false
BX4A,2025-12,26587,926,41990,1541,0.601,false
BX4A,2026-01,21892,782,,,,false
BX4A,2026-02,16980,683,33078,1381,0.495,false
BX4A,2026-03,30509,1178,42823,1605,0.734,false
BX4A,2026-04,34345,1286,42324,1617,0.795,false
BX4A,2026-05,46328,1633,42709,1609,1.015,false
BX4A,2026-06,67650,2488,41699,1555,1.6,false
BX4A,2026-07,50686,1869,38982,1446,1.293,false
BX4A,2026-08,52257,1810,39215,1467,1.234,false
BX5,2024-10,18005,654,91840,3279,0.199,false
BX5,2024-11,17687,710,84110,3086,0.23,false
BX5,2024-12,13275,513,80002,2900,0.177,false
BX5,2025-01,16143,491,85834,3088,0.159,false
BX5,2025-02,24047,412,78871,3244,0.127,false
BX5,2025-03,12014,465,101675,3722,0.125,false
BX5,2025-04,12894,531,103812,3857,0.138,false
BX5,2025-05,23701,797,100973,3636,0.219,false
BX5,2025-06,41563,1471,91061,3404,0.432,false
BX5,2025-07,53027,1862,88874,3118,0.597,false
BX5,2025-08,77834,2933,89229,3188,0.92,false
BX5,2025-09,44227,1832,91772,3383,0.542,false
BX5,2025-10,55584,2026,90363,3226,0.628,false
BX5,2025-11,41448,1616,76078,2827,0.572,false
BX5,2025-12,73676,2791,71180,2511,1.112,false
BX5,2026-01,60790,1966,,,,false
BX5,2026-02,39083,1518,64184,2582,0.588,false
BX5,2026-03,53516,1754,78959,2847,0.616,false
BX5,2026-04,48958,1791,79383,2921,0.613,false
BX5,2026-05,100326,3559,79257,2876,1.237,false
BX5,2026-06,108734,3573,78209,2835,1.26,false
BX5,2026-07,104277,3381,73936,2635,1.283,false
BX5,2026-08,97066,2894,75350,2712,1.067,false
BX6,2024-10,160520,5877,98804,3597,1.634,false
BX6,2024-11,140360,5062,84080,3193,1.585,false
BX6,2024-12,124509,4294,78548,2905,1.478,false
BX6,2025-01,136331,4877,97157,3571,1.366,false
BX6,2025-02,138002,5301,103457,4380,1.21,false
BX6,2025-03,147633,5427,115121,4407,1.231,false
BX6,2025-04,142887,5246,119593,4615,1.137,false
BX6,2025-05,178259,6127,120551,4488,1.365,false
BX6,2025-06,196259,7156,118980,4630,1.546,false
BX6,2025-07,179890,6461,122818,4504,1.435,false
BX6,2025-08,133965,5094,116944,4481,1.137,false
BX6,2025-09,103321,3891,122241,4677,0.832,false
BX6,2025-10,99399,3736,122183,4520,0.827,false
BX6,2025-11,95152,3814,105860,4165,0.916,false
BX6,2025-12,116000,4185,110759,4084,1.025,false
BX6,2026-01,93986,3326,,,,false
BX6,2026-02,88974,3512,99069,4143,0.848,false
BX6,2026-03,101649,3826,123007,4643,0.824,false
BX6,2026-04,101263,3754,123931,4788,0.784,false
BX6,2026-05,123258,4309,126424,4916,0.877,false
BX6,2026-06,166917,5931,124392,4786,1.239,false
BX6,2026-07,173672,6053,127770,4786,1.265,false
BX6,2026-08,186928,6920,123764,4839,1.43,false
BX6+,2024-10,356153,12699,106965,3922,3.238,false
BX6+,2024-11,275167,10404,91792,3539,2.94,false
BX6+,2024-12,271954,10062,81518,3060,3.288,false
BX6+,2025-01,277566,10418,107827,4079,2.554,false
BX6+,2025-02,191785,7765,123045,5276,1.472,false
BX6+,2025-03,218988,8436,144021,5653,1.492,false
BX6+,2025-04,223717,8824,142401,5568,1.585,false
BX6+,2025-05,278687,10072,145093,5499,1.832,false
BX6+,2025-06,249479,9637,137559,5465,1.763,false
BX6+,2025-07,248243,8679,137545,5082,1.708,false
BX6+,2025-08,194448,7297,129213,4971,1.468,false
BX6+,2025-09,189383,7176,135725,5283,1.358,false
BX6+,2025-10,214533,7819,135738,5146,1.519,false
BX6+,2025-11,197930,7685,114894,4664,1.648,false
BX6+,2025-12,232511,8261,119803,4521,1.827,false
BX6+,2026-01,217487,8339,,,,false
BX6+,2026-02,189982,7958,106461,4558,1.746,false
BX6+,2026-03,182281,7267,138398,5315,1.367,false
BX6+,2026-04,174704,6621,140882,5524,1.199,false
BX6+,2026-05,164324,6464,146803,5810,1.113,false
BX6+,2026-06,172160,6748,147777,5834,1.157,false
BX6+,2026-07,198834,7185,143807,5467,1.314,false
BX6+,2026-08,204010,7395,133011,5207,1.42,false
BX7,2024-10,404653,14471,234756,8333,1.737,false
BX7,2024-11,352380,13218,206552,7631,1.732,false
BX7,2024-12,322504,11828,194852,6986,1.693,false
BX7,2025-01,329857,11973,199448,7134,1.678,false
BX7,2025-02,289170,11990,193013,7837,1.53,false
BX7,2025-03,356635,13516,224682,8297,1.629,false
BX7,2025-04,339153,12862,218750,8144,1.579,false
BX7,2025-05,344620,12058,228861,8042,1.499,false
BX7,2025-06,312762,11913,217352,8237,1.446,false
BX7,2025-07,316106,10970,224721,7935,1.382,false
BX7,2025-08,263326,9880,206438,7745,1.276,false
BX7,2025-09,330302,12163,225962,8233,1.477,false
BX7,2025-10,302284,10728,211075,7605,1.411,false
BX7,2025-11,278840,10451,183311,6937,1.507,false
BX7,2025-12,253863,8836,181281,6389,1.383,false
BX7,2026-01,243817,8904,,,,false
BX7,2026-02,216607,8919,164473,6694,1.332,false
BX7,2026-03,259306,9664,200115,7178,1.346,false
BX7,2026-04,283903,10470,199992,7294,1.435,false
BX7,2026-05,286801,10391,207002,7534,1.379,false
BX7,2026-06,301487,11024,209186,7553,1.46,false
BX7,2026-07,285490,9840,198826,7044,1.397,false
BX7,2026-08,272028,10380,185089,6962,1.491,false
BX8,2024-10,57961,2199,78537,3108,0.708,false
BX8,2024-11,54276,2222,63143,2655,0.837,false
BX8,2024-12,57596,2317,56747,2283,1.015,false
BX8,2025-01,48525,1790,61998,2444,0.732,false
BX8,2025-02,52286,2338,58484,2647,0.883,false
BX8,2025-03,69380,2788,68482,2875,0.97,false
BX8,2025-04,89826,3674,72659,2996,1.226,false
BX8,2025-05,98986,3760,72215,2895,1.299,false
BX8,2025-06,93578,3960,68234,2886,1.372,false
BX8,2025-07,109952,4398,69807,2719,1.618,false
BX8,2025-08,99312,4135,65297,2718,1.521,false
BX8,2025-09,95274,3882,72332,2970,1.307,false
BX8,2025-10,122317,4729,70538,2779,1.702,false
BX8,2025-11,103143,4328,56860,2439,1.774,false
BX8,2025-12,102813,4041,55281,2175,1.858,false
BX8,2026-01,113151,4608,,,,false
BX8,2026-02,89295,4007,48960,2194,1.826,false
BX8,2026-03,111346,4518,62732,2540,1.779,false
BX8,2026-04,98548,3992,61740,2549,1.566,false
BX8,2026-05,101107,4181,61042,2551,1.639,false
BX8,2026-06,96883,3868,61343,2515,1.538,false
BX8,2026-07,51210,2112,58664,2332,0.906,false
BX8,2026-08,39973,1472,55904,2313,0.636,false
BX9,2024-10,59523,2349,282854,10098,0.233,false
BX9,2024-11,43904,1720,246316,9155,0.188,false
BX9,2024-12,48727,1841,228993,8178,0.225,false
BX9,2025-01,66850,1953,246102,8786,0.222,false
BX9,2025-02,86406,1856,241416,9777,0.19,false
BX9,2025-03,75793,3086,288059,10594,0.291,false
BX9,2025-04,60646,2461,283915,10573,0.233,false
BX9,2025-05,70634,2835,289541,10319,0.275,false
BX9,2025-06,74260,3169,280978,10609,0.299,false
BX9,2025-07,107514,4270,289627,10358,0.412,false
BX9,2025-08,93309,3344,278889,10258,0.326,false
BX9,2025-09,84330,3146,273786,10167,0.309,false
BX9,2025-10,54681,2235,262448,9482,0.236,false
BX9,2025-11,56040,2410,220230,8313,0.29,false
BX9,2025-12,75938,2495,213074,7527,0.331,false
BX9,2026-01,45670,1450,,,,false
BX9,2026-02,57133,2145,187388,7526,0.285,false
BX9,2026-03,32166,1329,230912,8353,0.159,false
BX9,2026-04,43900,1692,229105,8568,0.197,false
BX9,2026-05,50297,1837,228875,8430,0.218,false
BX9,2026-06,44337,1776,220363,8156,0.218,false
BX9,2026-07,77283,2656,208601,7454,0.356,false
BX9,2026-08,110765,4069,207866,7574,0.537,false
BX90,2024-10,650,28,3,0,,false
BX90,2024-11,652,31,7,0,,false
BX90,2024-12,626,28,1,0,,false
BX90,2025-01,1025,45,4,0,,false
BX90,2025-02,664,33,11,1,33,false
BX90,2025-03,1021,49,5,0,,false
BX90,2025-04,809,37,2,0,,false
BX90,2025-05,7621,98,88,0,,false
BX90,2025-06,7527,112,318,6,18.667,false
BX90,2025-07,8745,175,286,10,17.5,false
BX95,2025-03,1298,62,10,0,,false
BX95,2025-04,1237,56,14,1,56,false
BX95,2025-05,1372,62,30,1,62,false
BX95,2025-06,1259,60,33,2,30,false
BX95,2025-07,2340,102,19,1,102,false
BX95,2025-08,1900,90,20,1,90,false
BX95,2025-10,1335,58,32,1,58,false
BX95,2025-11,1726,86,25,1,86,false
BX95,2025-12,13,1,0,0,,false
BX95,2026-01,803,36,,,,false
BX95,2026-03,938,43,35,2,21.5,false
BX95,2026-04,1219,55,27,1,55,false
BX95,2026-06,1966,89,35,2,44.5,false
BX95,2026-07,1399,61,26,1,61,false
BX95,2026-08,666,32,35,2,16,false
BXM1,2024-10,18279,689,38112,1447,0.476,false
BXM1,2024-11,16150,635,33412,1324,0.48,false
BXM1,2024-12,16865,656,29743,1159,0.566,false
BXM1,2025-01,17069,634,31545,1199,0.529,false
BXM1,2025-02,15795,671,28037,1227,0.547,false
BXM1,2025-03,17795,673,34097,1362,0.494,false
BXM1,2025-04,17825,703,35689,1423,0.494,false
BXM1,2025-05,18340,656,37322,1429,0.459,false
BXM1,2025-06,16762,677,34432,1382,0.49,false
BXM1,2025-07,18722,689,35280,1326,0.52,false
BXM1,2025-08,16519,588,33344,1287,0.457,false
BXM1,2025-09,15131,558,36485,1437,0.388,false
BXM1,2025-10,17690,639,38088,1434,0.446,false
BXM1,2025-11,16313,657,34023,1386,0.474,false
BXM1,2025-12,17672,624,32539,1218,0.512,false
BXM1,2026-01,14748,594,,,,false
BXM1,2026-02,11856,513,29018,1246,0.412,false
BXM1,2026-03,17959,709,37979,1493,0.475,false
BXM1,2026-04,22898,876,37857,1465,0.598,false
BXM1,2026-05,23046,875,38432,1498,0.584,false
BXM1,2026-06,25027,932,37876,1469,0.634,false
BXM1,2026-07,24130,881,35533,1329,0.663,false
BXM1,2026-08,24409,943,35079,1369,0.689,false
BXM10,2024-10,16109,560,40058,1483,0.378,false
BXM10,2024-11,13227,466,34948,1363,0.342,false
BXM10,2024-12,13789,463,35121,1291,0.359,false
BXM10,2025-01,13492,481,37993,1413,0.34,false
BXM10,2025-02,13445,543,36339,1548,0.351,false
BXM10,2025-03,15483,549,42693,1657,0.331,false
BXM10,2025-04,15279,554,42726,1664,0.333,false
BXM10,2025-05,15963,531,43166,1586,0.335,false
BXM10,2025-06,14749,519,39372,1551,0.335,false
BXM10,2025-07,16978,552,46931,1633,0.338,false
BXM10,2025-08,15855,581,44651,1640,0.354,false
BXM10,2025-09,17991,696,43326,1668,0.417,false
BXM10,2025-10,20295,746,45614,1669,0.447,false
BXM10,2025-11,18090,689,39645,1525,0.452,false
BXM10,2025-12,18299,662,38968,1420,0.466,false
BXM10,2026-01,16683,651,,,,false
BXM10,2026-02,17953,751,35543,1459,0.515,false
BXM10,2026-03,22757,859,46270,1663,0.517,false
BXM10,2026-04,27897,1045,43207,1625,0.643,false
BXM10,2026-05,27999,1088,41717,1620,0.672,false
BXM10,2026-06,28859,1105,40583,1573,0.702,false
BXM10,2026-07,28843,1064,41237,1548,0.687,false
BXM10,2026-08,28339,1085,40736,1571,0.691,false
BXM11,2024-10,10895,371,29771,1068,0.347,false
BXM11,2024-11,9805,355,24344,943,0.376,false
BXM11,2024-12,10525,341,24177,866,0.394,false
BXM11,2025-01,10431,371,24222,900,0.412,false
BXM11,2025-02,10118,426,21405,918,0.464,false
BXM11,2025-03,11616,418,26519,1038,0.403,false
BXM11,2025-04,11691,455,28533,1142,0.398,false
BXM11,2025-05,9954,367,29308,1104,0.332,false
BXM11,2025-06,10205,402,28194,1128,0.356,false
BXM11,2025-07,14692,477,33026,1125,0.424,false
BXM11,2025-08,13732,473,30983,1146,0.413,false
BXM11,2025-09,11146,437,28935,1118,0.391,false
BXM11,2025-10,11830,407,30867,1127,0.361,false
BXM11,2025-11,12053,453,26048,1013,0.447,false
BXM11,2025-12,11595,408,25525,948,0.43,false
BXM11,2026-01,10388,378,,,,false
BXM11,2026-02,8592,341,21057,883,0.386,false
BXM11,2026-03,11547,392,28620,1021,0.384,false
BXM11,2026-04,15841,580,29415,1108,0.523,false
BXM11,2026-05,16458,629,27696,1080,0.582,false
BXM11,2026-06,18797,719,27836,1095,0.657,false
BXM11,2026-07,19227,708,28585,1076,0.658,false
BXM11,2026-08,19175,759,27401,1082,0.701,false
BXM18,2024-10,1391,60,5220,227,0.264,false
BXM18,2024-11,1479,70,4180,199,0.352,false
BXM18,2024-12,1497,68,3738,170,0.4,false
BXM18,2025-01,2388,104,5182,225,0.462,false
BXM18,2025-02,1602,80,4470,224,0.357,false
BXM18,2025-03,2025,96,5334,254,0.378,false
BXM18,2025-04,2647,120,6002,273,0.44,false
BXM18,2025-05,2513,114,5327,242,0.471,false
BXM18,2025-06,1778,85,5119,244,0.348,false
BXM18,2025-07,2432,106,5686,247,0.429,false
BXM18,2025-08,2205,105,5025,239,0.439,false
BXM18,2025-09,1594,72,5288,240,0.3,false
BXM18,2025-10,1472,64,5417,236,0.271,false
BXM18,2025-11,1699,85,4046,202,0.421,false
BXM18,2025-12,1399,61,4161,181,0.337,false
BXM18,2026-01,2210,100,,,,false
BXM18,2026-02,1716,86,3843,192,0.448,false
BXM18,2026-03,2744,125,5154,234,0.534,false
BXM18,2026-04,3354,152,4941,225,0.676,false
BXM18,2026-05,3018,144,4631,220,0.655,false
BXM18,2026-06,3202,146,5160,235,0.621,false
BXM18,2026-07,3899,170,5298,230,0.739,false
BXM18,2026-08,3591,171,4914,234,0.731,false
BXM2,2024-10,8382,310,20105,740,0.419,false
BXM2,2024-11,7283,272,17232,651,0.418,false
BXM2,2024-12,7556,263,15314,548,0.48,false
BXM2,2025-01,7906,267,16626,595,0.449,false
BXM2,2025-02,7029,280,14206,586,0.478,false
BXM2,2025-03,8235,287,18301,678,0.423,false
BXM2,2025-04,9750,356,20013,763,0.467,false
BXM2,2025-05,9656,323,20354,735,0.439,false
BXM2,2025-06,9499,347,19448,749,0.463,false
BXM2,2025-07,9738,317,21696,777,0.408,false
BXM2,2025-08,8242,277,19653,715,0.387,false
BXM2,2025-09,7714,250,20576,751,0.333,false
BXM2,2025-10,7204,239,19800,723,0.331,false
BXM2,2025-11,9583,336,18264,690,0.487,false
BXM2,2025-12,8581,285,18124,628,0.454,false
BXM2,2026-01,8637,307,,,,false
BXM2,2026-02,7418,302,15505,629,0.48,false
BXM2,2026-03,10400,384,20816,765,0.502,false
BXM2,2026-04,12223,437,22257,816,0.536,false
BXM2,2026-05,13876,487,22270,813,0.599,false
BXM2,2026-06,14303,498,22140,817,0.61,false
BXM2,2026-07,13278,469,22205,801,0.586,false
BXM2,2026-08,13724,527,20663,773,0.682,false
BXM3,2024-10,9565,373,20058,768,0.486,false
BXM3,2024-11,8290,333,16689,676,0.493,false
BXM3,2024-12,9161,339,16463,642,0.528,false
BXM3,2025-01,8794,335,17999,694,0.483,false
BXM3,2025-02,8083,350,15555,691,0.507,false
BXM3,2025-03,9730,403,20111,811,0.497,false
BXM3,2025-04,8377,349,20996,856,0.408,false
BXM3,2025-05,8207,345,20292,799,0.432,false
BXM3,2025-06,7680,318,18559,768,0.414,false
BXM3,2025-07,10736,412,20958,806,0.511,false
BXM3,2025-08,9784,363,20409,808,0.449,false
BXM3,2025-09,10016,406,21078,839,0.484,false
BXM3,2025-10,11397,445,21236,825,0.539,false
BXM3,2025-11,9546,421,17823,753,0.559,false
BXM3,2025-12,9731,367,18602,704,0.521,false
BXM3,2026-01,9370,357,,,,false
BXM3,2026-02,8348,351,16551,714,0.492,false
BXM3,2026-03,11106,444,21183,830,0.535,false
BXM3,2026-04,12731,519,21915,867,0.599,false
BXM3,2026-05,13515,543,21376,843,0.644,false
BXM3,2026-06,14626,569,21870,850,0.669,false
BXM3,2026-07,16805,638,21990,835,0.764,false
BXM3,2026-08,15151,621,21364,856,0.725,false
BXM4,2024-10,5479,196,12403,474,0.414,false
BXM4,2024-11,6067,213,11084,422,0.505,false
BXM4,2024-12,5484,191,9932,377,0.507,false
BXM4,2025-01,4828,173,10635,388,0.446,false
BXM4,2025-02,4393,196,9423,406,0.483,false
BXM4,2025-03,5153,187,11937,455,0.411,false
BXM4,2025-04,4733,187,12102,481,0.389,false
BXM4,2025-05,4383,174,12051,462,0.377,false
BXM4,2025-06,4627,181,11209,450,0.402,false
BXM4,2025-07,6093,229,12510,472,0.485,false
BXM4,2025-08,5646,219,12301,477,0.459,false
BXM4,2025-09,5657,227,12334,482,0.471,false
BXM4,2025-10,6661,250,13006,488,0.512,false
BXM4,2025-11,5778,229,10678,426,0.538,false
BXM4,2025-12,6098,231,10354,389,0.594,false
BXM4,2026-01,4805,185,,,,false
BXM4,2026-02,4077,142,10364,412,0.345,false
BXM4,2026-03,5528,198,12972,487,0.407,false
BXM4,2026-04,7801,310,12806,500,0.62,false
BXM4,2026-05,8408,331,12626,498,0.665,false
BXM4,2026-06,8274,322,12617,493,0.653,false
BXM4,2026-07,10174,377,13010,487,0.774,false
BXM4,2026-08,10009,390,12925,502,0.777,false
BXM6,2024-10,6443,230,17078,622,0.37,false
BXM6,2024-11,5924,198,15270,554,0.357,false
BXM6,2024-12,6696,223,15420,560,0.398,false
BXM6,2025-01,7098,245,16972,611,0.401,false
BXM6,2025-02,6362,251,15359,638,0.393,false
BXM6,2025-03,8495,294,19467,704,0.418,false
BXM6,2025-04,9374,323,22405,805,0.401,false
BXM6,2025-05,8740,314,20017,719,0.437,false
BXM6,2025-06,7932,298,18885,730,0.408,false
BXM6,2025-07,7457,255,19654,703,0.363,false
BXM6,2025-08,6788,241,19915,733,0.329,false
BXM6,2025-09,7117,258,18460,684,0.377,false
BXM6,2025-10,8304,295,18626,676,0.436,false
BXM6,2025-11,7233,259,17158,637,0.407,false
BXM6,2025-12,5971,207,16644,586,0.353,false
BXM6,2026-01,6575,234,,,,false
BXM6,2026-02,5424,219,13839,563,0.389,false
BXM6,2026-03,6851,253,17575,648,0.39,false
BXM6,2026-04,9629,343,17763,669,0.513,false
BXM6,2026-05,10169,371,17308,651,0.57,false
BXM6,2026-06,10580,393,17231,643,0.611,false
BXM6,2026-07,12367,442,17188,620,0.713,false
BXM6,2026-08,12194,448,17459,653,0.686,false
BXM7,2024-10,30949,1068,64235,2332,0.458,false
BXM7,2024-11,25426,901,57208,2163,0.417,false
BXM7,2024-12,24169,846,56554,2076,0.408,false
BXM7,2025-01,25833,941,59970,2193,0.429,false
BXM7,2025-02,22052,931,54492,2291,0.406,false
BXM7,2025-03,25784,937,62546,2360,0.397,false
BXM7,2025-04,27831,1028,66673,2548,0.403,false
BXM7,2025-05,27519,983,67650,2490,0.395,false
BXM7,2025-06,27296,1027,64403,2503,0.41,false
BXM7,2025-07,30134,1062,68248,2466,0.431,false
BXM7,2025-08,27607,1013,65397,2417,0.419,false
BXM7,2025-09,25510,918,63742,2396,0.383,false
BXM7,2025-10,30203,1091,65745,2386,0.457,false
BXM7,2025-11,27246,993,57996,2225,0.446,false
BXM7,2025-12,27611,972,59630,2143,0.454,false
BXM7,2026-01,26678,1031,,,,false
BXM7,2026-02,24941,1055,53612,2206,0.478,false
BXM7,2026-03,30775,1192,64922,2416,0.493,false
BXM7,2026-04,40888,1538,65679,2489,0.618,false
BXM7,2026-05,44295,1663,65233,2461,0.676,false
BXM7,2026-06,45441,1698,67155,2530,0.671,false
BXM7,2026-07,47321,1731,65923,2418,0.716,false
BXM7,2026-08,46575,1726,65141,2431,0.71,false
BXM8,2024-10,15294,562,40039,1524,0.369,false
BXM8,2024-11,13293,505,35162,1389,0.364,false
BXM8,2024-12,12624,460,33318,1281,0.359,false
BXM8,2025-01,13996,517,37958,1459,0.354,false
BXM8,2025-02,11964,515,35471,1572,0.328,false
BXM8,2025-03,15104,542,44008,1710,0.317,false
BXM8,2025-04,16236,614,47319,1820,0.337,false
BXM8,2025-05,14647,545,43497,1681,0.324,false
BXM8,2025-06,14259,560,40217,1646,0.34,false
BXM8,2025-07,14687,524,42343,1625,0.322,false
BXM8,2025-08,13759,512,40651,1616,0.317,false
BXM8,2025-09,14057,564,41433,1653,0.341,false
BXM8,2025-10,17433,689,44220,1681,0.41,false
BXM8,2025-11,16293,659,38093,1526,0.432,false
BXM8,2025-12,15844,591,38502,1424,0.415,false
BXM8,2026-01,15747,611,,,,false
BXM8,2026-02,15118,668,33807,1474,0.453,false
BXM8,2026-03,20900,838,42248,1656,0.506,false
BXM8,2026-04,27368,1126,43580,1743,0.646,false
BXM8,2026-05,27733,1125,43214,1738,0.647,false
BXM8,2026-06,29126,1172,44211,1749,0.67,false
BXM8,2026-07,30164,1160,43415,1681,0.69,false
BXM8,2026-08,30013,1178,43948,1753,0.672,false
BXM9,2024-10,20734,777,47086,1838,0.423,false
BXM9,2024-11,18282,708,41302,1698,0.417,false
BXM9,2024-12,17516,660,40339,1595,0.414,false
BXM9,2025-01,20139,776,43443,1698,0.457,false
BXM9,2025-02,18841,824,40251,1793,0.46,false
BXM9,2025-03,21485,866,46421,1902,0.455,false
BXM9,2025-04,22901,897,49371,1997,0.449,false
BXM9,2025-05,21391,825,48536,1924,0.429,false
BXM9,2025-06,20990,865,45347,1892,0.457,false
BXM9,2025-07,17682,658,46384,1795,0.367,false
BXM9,2025-08,16266,642,44473,1805,0.356,false
BXM9,2025-09,21388,864,47615,1921,0.45,false
BXM9,2025-10,24107,951,49860,1935,0.491,false
BXM9,2025-11,21328,896,43580,1825,0.491,false
BXM9,2025-12,22616,886,46393,1760,0.503,false
BXM9,2026-01,22348,906,,,,false
BXM9,2026-02,20352,918,40913,1806,0.508,false
BXM9,2026-03,28212,1167,50727,2039,0.572,false
BXM9,2026-04,32189,1305,50050,2017,0.647,false
BXM9,2026-05,33274,1396,49154,2016,0.692,false
BXM9,2026-06,34776,1402,50494,2032,0.69,false
BXM9,2026-07,35836,1399,49566,1927,0.726,false
BXM9,2026-08,35998,1469,48388,1968,0.746,false
J90,2024-10,20072,35,80,0,,false
J90,2024-11,24094,52,134,1,52,false
J90,2024-12,23603,35,111,0,,false
J90,2025-01,25202,52,181,1,52,false
J90,2025-02,16384,31,137,1,31,false
J90,2025-03,18001,27,118,0,,false
J90,2025-04,39590,63,274,0,,false
J90,2025-05,19529,40,102,0,,false
J90,2025-06,54504,95,304,0,,false
J90,2025-07,47662,79,364,1,79,false
J90,2025-10,0,0,1,0,,false
J90,2025-11,15243,32,218,0,,false
J90,2026-01,26783,65,,,,false
J90,2026-03,7883,0,196,1,,false
J90,2026-04,34615,33,479,3,11,false
L90,2025-12,3117,136,0,0,,false
L90,2026-01,73125,936,,,,false
L90,2026-02,56069,476,10,0,,false
L90,2026-03,13806,628,1,0,,false
L91,2024-11,68822,0,276,1,,false
L91,2024-12,55616,0,110,0,,false
L91,2025-08,191,0,1,0,,false
L92,2024-10,6048,42,872,5,8.4,false
L92,2024-11,295,14,51,2,7,false
L92,2024-12,1770,16,510,2,8,false
L92,2025-01,3467,4,1227,5,0.8,false
L92,2025-02,3311,10,973,8,1.25,false
L92,2025-03,229,11,28,1,11,false
L92,2025-04,5515,55,1297,10,5.5,false
L92,2025-05,440,20,46,2,10,false
L92,2025-06,387,18,33,2,9,false
L92,2025-08,256,12,36,2,6,false
L92,2025-09,184,8,77,4,2,false
L92,2025-10,770,33,130,6,5.5,false
L92,2025-11,306,15,33,2,7.5,false
L92,2025-12,344,15,38,2,7.5,false
L92,2026-01,69,3,,,,false
L92,2026-02,277,14,37,2,7,false
L92,2026-03,0,0,1,0,,false
L92,2026-04,242,11,46,2,5.5,false
L92,2026-05,298,14,32,2,7,false
L92,2026-06,91,4,189,9,0.444,false
M1,2024-10,302917,10829,235431,8373,1.293,false
M1,2024-11,266225,10017,207303,7753,1.292,false
M1,2024-12,268159,9687,209914,7521,1.288,false
M1,2025-01,270353,9679,211927,7574,1.278,false
M1,2025-02,245858,10219,189438,7848,1.302,false
M1,2025-03,278583,10399,217122,8059,1.29,false
M1,2025-04,288358,10749,236559,8810,1.22,false
M1,2025-05,297111,10734,240759,8750,1.227,false
M1,2025-06,293381,11396,225823,8704,1.309,false
M1,2025-07,313722,11239,239690,8586,1.309,false
M1,2025-08,293012,10633,220473,7983,1.332,false
M1,2025-09,296965,11178,221309,8223,1.359,false
M1,2025-10,307209,11221,229062,8264,1.358,false
M1,2025-11,268897,10250,198582,7466,1.373,false
M1,2025-12,265404,9663,199055,7184,1.345,false
M1,2026-01,241404,8910,,,,false
M1,2026-02,211395,8624,162882,6575,1.312,false
M1,2026-03,259295,9570,207870,7524,1.272,false
M1,2026-04,280454,10584,217726,8038,1.317,false
M1,2026-05,291474,11030,220591,8188,1.347,false
M1,2026-06,292877,11095,211867,7959,1.394,false
M1,2026-07,292123,10420,212531,7560,1.378,false
M1,2026-08,273197,9911,204226,7365,1.346,false
M10,2024-10,185917,6498,102011,3490,1.862,false
M10,2024-11,163492,5574,93631,3088,1.805,false
M10,2024-12,146379,5182,82922,2877,1.801,false
M10,2025-01,166844,5535,93428,2988,1.852,false
M10,2025-02,143388,5797,79692,3116,1.86,false
M10,2025-03,167553,5760,97634,3307,1.742,false
M10,2025-04,175627,6273,99713,3483,1.801,false
M10,2025-05,186411,6447,103120,3476,1.855,false
M10,2025-06,176723,6098,100315,3377,1.806,false
M10,2025-07,177827,5930,100756,3284,1.806,false
M10,2025-08,161260,5447,92357,3036,1.794,false
M10,2025-09,179534,6427,98268,3429,1.874,false
M10,2025-10,184684,6277,95263,3110,2.018,false
M10,2025-11,159244,5776,79503,2766,2.088,false
M10,2025-12,151874,5176,77987,2548,2.031,false
M10,2026-01,140818,4908,,,,false
M10,2026-02,119424,4730,66067,2488,1.901,false
M10,2026-03,149769,5346,83567,2864,1.867,false
M10,2026-04,157918,5781,86241,3004,1.924,false
M10,2026-05,171827,6298,92404,3110,2.025,false
M10,2026-06,178787,6281,88938,3032,2.072,false
M10,2026-07,166703,5613,82796,2628,2.136,false
M10,2026-08,147332,4954,81402,2635,1.88,false
M100,2024-10,299410,10794,152029,5535,1.95,false
M100,2024-11,266101,10087,136428,5159,1.955,false
M100,2024-12,245982,9129,130006,4802,1.901,false
M100,2025-01,236756,8851,128116,4669,1.896,false
M100,2025-02,201300,8478,124256,5176,1.638,false
M100,2025-03,256488,9830,148531,5549,1.771,false
M100,2025-04,258615,9791,145238,5494,1.782,false
M100,2025-05,279132,10385,153606,5546,1.873,false
M100,2025-06,254727,9635,146385,5569,1.73,false
M100,2025-07,245472,8686,147202,5248,1.655,false
M100,2025-08,225983,8436,131746,5001,1.687,false
M100,2025-09,256773,9754,149904,5618,1.736,false
M100,2025-10,253550,9336,145431,5311,1.758,false
M100,2025-11,237217,9669,126451,4919,1.966,false
M100,2025-12,222426,8193,125725,4566,1.794,false
M100,2026-01,212435,8188,,,,false
M100,2026-02,174990,7478,110728,4581,1.632,false
M100,2026-03,227083,8739,138812,5156,1.695,false
M100,2026-04,223191,8467,133791,5027,1.684,false
M100,2026-05,246129,9253,138890,5183,1.785,false
M100,2026-06,223570,8216,136771,4994,1.645,false
M100,2026-07,226635,8429,128423,4659,1.809,false
M100,2026-08,188372,7086,117025,4497,1.576,false
M101,2024-10,109032,3822,404498,14248,0.268,false
M101,2024-11,113582,4271,360082,13464,0.317,false
M101,2024-12,135292,4861,339346,12197,0.399,false
M101,2025-01,140598,4961,363031,13067,0.38,false
M101,2025-02,155324,5588,321860,12995,0.43,false
M101,2025-03,139530,5157,370819,13954,0.37,false
M101,2025-04,161622,6006,409068,15022,0.4,false
M101,2025-05,161490,5842,403770,14475,0.404,false
M101,2025-06,161274,6439,373942,13939,0.462,false
M101,2025-07,154648,5754,376014,13337,0.431,false
M101,2025-08,143624,5207,365662,13030,0.4,false
M101,2025-09,140873,5299,389374,14105,0.376,false
M101,2025-10,142676,5194,383013,13646,0.381,false
M101,2025-11,140212,5077,345387,12867,0.395,false
M101,2025-12,156495,5144,322411,11461,0.449,false
M101,2026-01,130240,4227,,,,false
M101,2026-02,108047,4170,291241,11735,0.355,false
M101,2026-03,108152,3832,353144,12899,0.297,false
M101,2026-04,110275,3973,338396,12442,0.319,false
M101,2026-05,115871,4224,344274,12674,0.333,false
M101,2026-06,109176,4155,330196,12250,0.339,false
M101,2026-07,111290,4016,313442,11121,0.361,false
M101,2026-08,89286,3387,310996,11207,0.302,false
M102,2024-10,55239,1703,253779,8843,0.193,false
M102,2024-11,60389,2010,231277,8479,0.237,false
M102,2024-12,75757,2619,223362,7933,0.33,false
M102,2025-01,77199,2614,238536,8455,0.309,false
M102,2025-02,85037,2683,210907,8224,0.326,false
M102,2025-03,66728,2241,223589,8249,0.272,false
M102,2025-04,89598,3360,252783,9267,0.363,false
M102,2025-05,82294,2900,244642,8917,0.325,false
M102,2025-06,79315,2861,221946,8352,0.343,false
M102,2025-07,88027,3094,239653,8464,0.366,false
M102,2025-08,65819,2578,218667,7610,0.339,false
M102,2025-09,76032,2704,231884,8163,0.331,false
M102,2025-10,79593,2751,229819,7973,0.345,false
M102,2025-11,81708,3223,208989,7550,0.427,false
M102,2025-12,86930,2901,194047,6651,0.436,false
M102,2026-01,80866,2905,,,,false
M102,2026-02,61348,2154,185129,7244,0.297,false
M102,2026-03,67516,2325,224802,7984,0.291,false
M102,2026-04,69764,2524,219744,7905,0.319,false
M102,2026-05,48841,1722,209012,7568,0.228,false
M102,2026-06,63092,2197,194380,7254,0.303,false
M102,2026-07,61518,1952,190540,6694,0.292,false
M102,2026-08,41331,1479,190250,6804,0.217,false
M103,2024-10,46735,1581,209990,7021,0.225,false
M103,2024-11,42069,1499,188598,6752,0.222,false
M103,2024-12,39397,1403,180753,6249,0.225,false
M103,2025-01,74464,2478,208485,7157,0.346,false
M103,2025-02,68709,2047,184955,6782,0.302,false
M103,2025-03,56864,2123,205414,7333,0.29,false
M103,2025-04,70573,2540,224216,7983,0.318,false
M103,2025-05,60140,2187,236957,8260,0.265,false
M103,2025-06,66713,2414,214809,7891,0.306,false
M103,2025-07,70822,2461,215193,7495,0.328,false
M103,2025-08,73310,2386,218047,7269,0.328,false
M103,2025-09,58720,2105,207603,7213,0.292,false
M103,2025-10,74684,2668,204857,7053,0.378,false
M103,2025-11,73996,2500,195367,6678,0.374,false
M103,2025-12,71662,2363,174750,5860,0.403,false
M103,2026-01,66684,1936,,,,false
M103,2026-02,46250,1505,155742,5770,0.261,false
M103,2026-03,70945,2266,196817,6783,0.334,false
M103,2026-04,74866,2571,200855,7119,0.361,false
M103,2026-05,67772,2293,205558,7379,0.311,false
M103,2026-06,62263,2109,183870,6762,0.312,false
M103,2026-07,52210,1780,183906,6351,0.28,false
M103,2026-08,35827,1335,189913,6708,0.199,false
M104,2024-10,179380,5652,174149,5440,1.039,false
M104,2024-11,186542,5932,161289,4998,1.187,false
M104,2024-12,176841,5058,166517,4701,1.076,false
M104,2025-01,167808,5088,160180,4803,1.059,false
M104,2025-02,154589,5566,145817,5246,1.061,false
M104,2025-03,190106,5708,180780,5392,1.059,false
M104,2025-04,193508,6065,181807,5676,1.069,false
M104,2025-05,193583,6158,184431,5777,1.066,false
M104,2025-06,180682,5868,172337,5598,1.048,false
M104,2025-07,187637,6206,176414,5652,1.098,false
M104,2025-08,178812,5481,165417,5078,1.079,false
M104,2025-09,189506,6255,173300,5683,1.101,false
M104,2025-10,201501,6331,171464,5393,1.174,false
M104,2025-11,192300,5696,165799,4929,1.156,false
M104,2025-12,168065,5169,146661,4440,1.164,false
M104,2026-01,135191,4291,,,,false
M104,2026-02,126942,4578,129150,4510,1.015,false
M104,2026-03,141585,4534,158920,5035,0.9,false
M104,2026-04,160088,5308,158510,5127,1.035,false
M104,2026-05,182775,5610,176214,5441,1.031,false
M104,2026-06,169274,5298,158728,4956,1.069,false
M104,2026-07,164063,5279,152130,4790,1.102,false
M104,2026-08,159800,5004,150845,4651,1.076,false
M106,2024-10,55298,2148,44800,1764,1.218,false
M106,2024-11,45255,1876,36297,1540,1.218,false
M106,2024-12,43155,1749,36404,1473,1.187,false
M106,2025-01,46232,1801,37964,1497,1.203,false
M106,2025-02,41869,1871,35772,1601,1.169,false
M106,2025-03,46679,1956,39011,1637,1.195,false
M106,2025-04,49070,2054,39770,1643,1.25,false
M106,2025-05,50418,2044,42056,1707,1.197,false
M106,2025-06,44520,1891,37537,1599,1.183,false
M106,2025-07,45680,1814,37158,1473,1.232,false
M106,2025-08,39789,1627,33235,1357,1.199,false
M106,2025-09,49069,2022,39490,1615,1.252,false
M106,2025-10,52552,2066,40807,1614,1.28,false
M106,2025-11,44433,1982,34321,1493,1.328,false
M106,2025-12,44335,1710,35106,1383,1.236,false
M106,2026-01,36283,1502,,,,false
M106,2026-02,37411,1706,31293,1409,1.211,false
M106,2026-03,45716,1866,36998,1496,1.247,false
M106,2026-04,45762,1887,35720,1452,1.3,false
M106,2026-05,48614,2020,41869,1764,1.145,false
M106,2026-06,42821,1760,34458,1418,1.241,false
M106,2026-07,39306,1541,31988,1256,1.227,false
M106,2026-08,34574,1408,29794,1222,1.152,false
M11,2024-10,305260,11387,245293,8975,1.269,false
M11,2024-11,283053,10940,213355,7962,1.374,false
M11,2024-12,273710,10107,211767,7580,1.333,false
M11,2025-01,298032,10543,237522,8316,1.268,false
M11,2025-02,261973,10956,217477,8780,1.248,false
M11,2025-03,307114,11389,252750,9126,1.248,false
M11,2025-04,325760,12232,259218,9501,1.287,false
M11,2025-05,335163,12488,258884,9443,1.322,false
M11,2025-06,309952,11947,242242,9083,1.315,false
M11,2025-07,302277,10714,253370,8853,1.21,false
M11,2025-08,283953,10558,236346,8531,1.238,false
M11,2025-09,345610,13295,258222,9561,1.391,false
M11,2025-10,336132,12401,251170,9023,1.374,false
M11,2025-11,296872,11456,220492,8174,1.402,false
M11,2025-12,280904,10209,210864,7503,1.361,false
M11,2026-01,257710,9767,,,,false
M11,2026-02,235360,9663,188478,7457,1.296,false
M11,2026-03,275015,10390,232337,8336,1.246,false
M11,2026-04,279962,10585,228160,8328,1.271,false
M11,2026-05,289814,11196,228781,8441,1.326,false
M11,2026-06,286800,10854,219283,8090,1.342,false
M11,2026-07,274272,9533,224429,7872,1.211,false
M11,2026-08,261068,9369,214202,7521,1.246,false
M116,2024-10,280023,10259,144456,5294,1.938,false
M116,2024-11,244126,9528,124594,4842,1.968,false
M116,2024-12,248012,9140,129096,4728,1.933,false
M116,2025-01,263282,9556,131352,4766,2.005,false
M116,2025-02,234225,9835,123656,5123,1.92,false
M116,2025-03,283876,10730,144444,5419,1.98,false
M116,2025-04,271923,10546,139423,5265,2.003,false
M116,2025-05,283335,10535,143244,5285,1.993,false
M116,2025-06,263068,10404,132357,5187,2.006,false
M116,2025-07,249065,9080,131576,4707,1.929,false
M116,2025-08,239705,8874,126328,4688,1.893,false
M116,2025-09,270174,10303,134273,5085,2.026,false
M116,2025-10,280330,10251,135021,4905,2.09,false
M116,2025-11,248495,9934,111829,4401,2.257,false
M116,2025-12,265948,9935,118248,4291,2.315,false
M116,2026-01,226699,8600,,,,false
M116,2026-02,202562,8231,103669,4192,1.964,false
M116,2026-03,246179,9422,125244,4592,2.052,false
M116,2026-04,236461,8800,121024,4539,1.939,false
M116,2026-05,253869,9534,119443,4486,2.125,false
M116,2026-06,246496,9418,115360,4393,2.144,false
M116,2026-07,227468,8255,108267,3929,2.101,false
M116,2026-08,206547,7592,103054,3867,1.963,false
M12,2024-10,28964,917,34497,1118,0.82,false
M12,2024-11,27775,946,26455,895,1.057,false
M12,2024-12,27081,910,27908,926,0.983,false
M12,2025-01,24680,781,27821,923,0.846,false
M12,2025-02,22669,893,25950,1000,0.893,false
M12,2025-03,24169,804,30770,1025,0.784,false
M12,2025-04,31564,1104,33733,1158,0.953,false
M12,2025-05,34808,1089,35557,1133,0.961,false
M12,2025-06,32146,1044,33679,1158,0.902,false
M12,2025-07,36681,1165,37531,1234,0.944,false
M12,2025-08,36551,1151,38037,1224,0.94,false
M12,2025-09,35914,1247,35862,1219,1.023,false
M12,2025-10,36550,1204,33892,1118,1.077,false
M12,2025-11,24534,927,29090,1000,0.927,false
M12,2025-12,29098,1030,30535,1028,1.002,false
M12,2026-01,27902,980,,,,false
M12,2026-02,24957,998,26107,995,1.003,false
M12,2026-03,28798,935,31642,1069,0.875,false
M12,2026-04,31965,1127,33980,1178,0.957,false
M12,2026-05,31599,984,33767,1103,0.892,false
M12,2026-06,31906,1039,32220,1064,0.977,false
M12,2026-07,36973,1189,36544,1165,1.021,false
M12,2026-08,34173,1165,33806,1100,1.059,false
M125,2024-10,75705,2406,144181,5050,0.476,false
M125,2024-11,66241,2636,131202,4834,0.545,false
M125,2024-12,62832,2266,127457,4513,0.502,false
M125,2025-01,99055,3322,125046,4409,0.753,false
M125,2025-02,108067,3397,118884,4799,0.708,false
M125,2025-03,90803,3368,138288,5039,0.668,false
M125,2025-04,83613,2927,138261,5143,0.569,false
M125,2025-05,88652,3165,137389,4976,0.636,false
M125,2025-06,134547,4701,128948,4786,0.982,false
M125,2025-07,132306,4582,134453,4715,0.972,false
M125,2025-08,145500,5165,126445,4558,1.133,false
M125,2025-09,83500,2997,128534,4790,0.626,false
M125,2025-10,77863,2382,124576,4410,0.54,false
M125,2025-11,105663,3779,108097,4023,0.939,false
M125,2025-12,110226,3435,110022,3892,0.883,false
M125,2026-01,94213,3046,,,,false
M125,2026-02,96966,3767,99584,4014,0.938,false
M125,2026-03,103693,3703,123973,4474,0.828,false
M125,2026-04,79846,2795,116019,4263,0.656,false
M125,2026-05,82402,2981,111954,4122,0.723,false
M125,2026-06,110590,3550,109859,3990,0.89,false
M125,2026-07,162140,5180,105212,3744,1.384,false
M125,2026-08,105910,3680,104799,3807,0.967,false
M14A+,2024-10,180912,6450,149415,5136,1.256,false
M14A+,2024-11,128766,4757,136256,4824,0.986,false
M14A+,2024-12,140961,4896,133243,4623,1.059,false
M14A+,2025-01,163440,5829,137802,4698,1.241,false
M14A+,2025-02,173783,6395,132727,5123,1.248,false
M14A+,2025-03,164117,6118,148188,5214,1.173,false
M14A+,2025-04,153438,5870,149424,5323,1.103,false
M14A+,2025-05,191028,6870,156534,5409,1.27,false
M14A+,2025-06,149827,5689,152832,5577,1.02,false
M14A+,2025-07,141776,5004,156498,5395,0.928,false
M14A+,2025-08,120190,4005,147977,5151,0.778,false
M14A+,2025-09,156408,5739,156362,5621,1.021,false
M14A+,2025-10,167050,6082,158239,5546,1.097,false
M14A+,2025-11,135240,5137,140744,5144,0.999,false
M14A+,2025-12,146680,5311,146351,5080,1.045,false
M14A+,2026-01,141729,5218,,,,false
M14A+,2026-02,141621,5479,132421,5124,1.069,false
M14A+,2026-03,145789,5254,156291,5523,0.951,false
M14A+,2026-04,129496,4691,160010,5813,0.807,false
M14A+,2026-05,143037,5509,163560,5877,0.937,false
M14A+,2026-06,122051,4249,162169,6033,0.704,false
M14A+,2026-07,109228,3862,159266,5654,0.683,false
M14A+,2026-08,102022,4017,152355,5407,0.743,false
M14D+,2024-10,376782,13746,336344,11832,1.162,false
M14D+,2024-11,292117,11376,274718,10246,1.11,false
M14D+,2024-12,347233,12635,272362,9712,1.301,false
M14D+,2025-01,339570,12032,281275,9930,1.212,false
M14D+,2025-02,321321,12497,254769,10456,1.195,false
M14D+,2025-03,315086,11761,290889,10884,1.081,false
M14D+,2025-04,341900,13045,305365,11286,1.156,false
M14D+,2025-05,345200,13188,304758,10915,1.208,false
M14D+,2025-06,318380,12579,299206,11484,1.095,false
M14D+,2025-07,302120,11060,306738,10966,1.009,false
M14D+,2025-08,256282,9900,289517,10624,0.932,false
M14D+,2025-09,301736,11732,297951,11057,1.061,false
M14D+,2025-10,330658,11937,297963,10693,1.116,false
M14D+,2025-11,284576,11128,255190,9633,1.155,false
M14D+,2025-12,351541,12520,261967,9357,1.338,false
M14D+,2026-01,302182,11057,,,,false
M14D+,2026-02,292120,12051,232349,9416,1.28,false
M14D+,2026-03,305514,12152,288395,10536,1.153,false
M14D+,2026-04,275930,10416,300508,11193,0.931,false
M14D+,2026-05,249424,9410,308400,11519,0.817,false
M14D+,2026-06,290269,10889,307992,11495,0.947,false
M14D+,2026-07,259075,8998,310406,11218,0.802,false
M14D+,2026-08,223226,7836,295038,10783,0.727,false
M15,2024-10,62973,2405,392352,13131,0.183,false
M15,2024-11,72491,2571,371669,13008,0.198,false
M15,2024-12,61573,2233,362640,12407,0.18,false
M15,2025-01,79999,2310,401841,13559,0.17,false
M15,2025-02,93019,2330,346621,13040,0.179,false
M15,2025-03,59819,2157,400504,13836,0.156,false
M15,2025-04,87885,3089,418756,14551,0.212,false
M15,2025-05,88784,3064,432332,14699,0.208,false
M15,2025-06,108983,4194,414990,14631,0.287,false
M15,2025-07,77027,2688,410480,13898,0.193,false
M15,2025-08,88639,2612,406096,13601,0.192,false
M15,2025-09,115752,4160,401392,13680,0.304,false
M15,2025-10,118298,4186,410440,13818,0.303,false
M15,2025-11,93591,3286,369856,12811,0.256,false
M15,2025-12,99014,3038,356518,11976,0.254,false
M15,2026-01,100893,2950,,,,false
M15,2026-02,67198,2258,334274,12349,0.183,false
M15,2026-03,84350,2925,402057,13442,0.218,false
M15,2026-04,54079,1877,388294,13490,0.139,false
M15,2026-05,70984,2415,399625,13503,0.179,false
M15,2026-06,94246,3273,387616,13464,0.243,false
M15,2026-07,76753,2687,367178,12479,0.215,false
M15,2026-08,63016,2153,368249,12215,0.176,false
M15+,2024-10,850667,30557,625186,22213,1.376,false
M15+,2024-11,671801,25124,546878,20345,1.235,false
M15+,2024-12,665101,24286,506654,18468,1.315,false
M15+,2025-01,787116,28364,563136,20111,1.41,false
M15+,2025-02,706569,28644,528190,21712,1.319,false
M15+,2025-03,797116,30606,615222,22634,1.352,false
M15+,2025-04,721048,26357,611661,22762,1.158,false
M15+,2025-05,823900,30185,628020,22683,1.331,false
M15+,2025-06,792598,30336,609681,23000,1.319,false
M15+,2025-07,784864,27950,619296,22140,1.262,false
M15+,2025-08,670549,24103,593647,21353,1.129,false
M15+,2025-09,687526,25080,609942,22240,1.128,false
M15+,2025-10,784451,28192,624330,22340,1.262,false
M15+,2025-11,666816,25532,552944,20965,1.218,false
M15+,2025-12,656461,23737,541052,19466,1.219,false
M15+,2026-01,606690,22674,,,,false
M15+,2026-02,517999,21144,472968,19089,1.108,false
M15+,2026-03,642153,23690,614794,22426,1.056,false
M15+,2026-04,591001,22402,622825,23165,0.967,false
M15+,2026-05,645680,24999,626108,23599,1.059,false
M15+,2026-06,617752,23008,636440,23779,0.968,false
M15+,2026-07,611784,22280,628226,22624,0.985,false
M15+,2026-08,505879,18280,600290,21897,0.835,false
M2,2024-10,271543,9889,192381,6889,1.435,false
M2,2024-11,244169,9137,168724,6236,1.465,false
M2,2024-12,235471,8532,164017,5908,1.444,false
M2,2025-01,238805,8600,171248,6063,1.418,false
M2,2025-02,217943,8943,157817,6456,1.385,false
M2,2025-03,260733,9762,184993,6814,1.433,false
M2,2025-04,259424,9725,194992,7267,1.338,false
M2,2025-05,278831,10228,197735,7113,1.438,false
M2,2025-06,258494,9882,188031,7144,1.383,false
M2,2025-07,267610,9429,193689,6779,1.391,false
M2,2025-08,261033,9276,183805,6576,1.411,false
M2,2025-09,267833,9998,185152,6852,1.459,false
M2,2025-10,282168,10163,188416,6708,1.515,false
M2,2025-11,257455,9848,165116,6065,1.624,false
M2,2025-12,229109,8174,157174,5512,1.483,false
M2,2026-01,214714,7824,,,,false
M2,2026-02,180990,7412,131051,5200,1.425,false
M2,2026-03,235999,8748,170877,6185,1.414,false
M2,2026-04,243941,9118,174378,6415,1.421,false
M2,2026-05,259830,9892,177542,6530,1.515,false
M2,2026-06,271447,10353,172464,6450,1.605,false
M2,2026-07,252876,8981,165891,5897,1.523,false
M2,2026-08,232640,8282,157354,5598,1.479,false
M20,2024-10,40894,1351,37692,1233,1.096,false
M20,2024-11,30596,1017,32164,1061,0.959,false
M20,2024-12,26644,861,29704,945,0.911,false
M20,2025-01,27884,860,34148,1093,0.787,false
M20,2025-02,27638,973,31284,1149,0.847,false
M20,2025-03,34658,1027,40090,1279,0.803,false
M20,2025-04,34747,1139,44940,1472,0.774,false
M20,2025-05,41583,1236,47207,1446,0.855,false
M20,2025-06,38202,1266,41739,1429,0.886,false
M20,2025-07,45484,1411,47851,1501,0.94,false
M20,2025-08,45316,1333,45816,1396,0.955,false
M20,2025-09,40945,1331,41724,1376,0.967,false
M20,2025-10,40864,1323,39898,1309,1.011,false
M20,2025-11,35571,1152,36146,1154,0.998,false
M20,2025-12,34376,1122,32045,1041,1.078,false
M20,2026-01,28103,919,,,,false
M20,2026-02,23680,896,26805,959,0.934,false
M20,2026-03,29807,1003,37281,1202,0.834,false
M20,2026-04,33334,1116,38962,1279,0.873,false
M20,2026-05,39310,1321,39932,1304,1.013,false
M20,2026-06,32330,1060,34822,1140,0.93,false
M20,2026-07,40701,1216,39320,1182,1.029,false
M20,2026-08,46648,1304,46667,1324,0.985,false
M21,2024-10,31275,1198,28947,1079,1.11,false
M21,2024-11,25426,1001,25472,989,1.012,false
M21,2024-12,23016,914,26166,984,0.929,false
M21,2025-01,25086,972,28084,1050,0.926,false
M21,2025-02,23653,1041,25930,1106,0.941,false
M21,2025-03,25930,1046,29319,1140,0.918,false
M21,2025-04,27194,1081,30428,1188,0.91,false
M21,2025-05,29042,1143,30753,1168,0.979,false
M21,2025-06,25392,1006,29157,1143,0.88,false
M21,2025-07,26697,922,30200,1101,0.837,false
M21,2025-08,23821,904,27477,1027,0.88,false
M21,2025-09,34033,1333,31338,1221,1.092,false
M21,2025-10,32520,1233,31034,1158,1.065,false
M21,2025-11,26789,1100,26477,1050,1.048,false
M21,2025-12,30051,1125,27903,1015,1.108,false
M21,2026-01,30360,1170,,,,false
M21,2026-02,23868,1043,25334,1048,0.995,false
M21,2026-03,29125,1183,31552,1211,0.977,false
M21,2026-04,30040,1174,29210,1112,1.056,false
M21,2026-05,30401,1233,29200,1127,1.094,false
M21,2026-06,30258,1179,28920,1113,1.059,false
M21,2026-07,25393,928,27519,1006,0.922,false
M21,2026-08,21824,838,25311,951,0.881,false
M22,2024-10,39366,1471,40762,1523,0.966,false
M22,2024-11,34883,1398,34958,1376,1.016,false
M22,2024-12,32772,1270,35501,1347,0.943,false
M22,2025-01,33854,1274,36001,1359,0.937,false
M22,2025-02,30420,1314,32322,1389,0.946,false
M22,2025-03,35747,1402,38539,1510,0.928,false
M22,2025-04,34594,1365,39845,1546,0.883,false
M22,2025-05,35438,1361,42415,1599,0.851,false
M22,2025-06,39525,1530,39810,1538,0.995,false
M22,2025-07,41718,1506,40053,1446,1.041,false
M22,2025-08,34572,1276,37151,1390,0.918,false
M22,2025-09,43374,1649,40100,1543,1.069,false
M22,2025-10,41865,1547,40619,1508,1.026,false
M22,2025-11,34046,1385,33801,1338,1.035,false
M22,2025-12,39655,1492,35620,1313,1.136,false
M22,2026-01,34229,1353,,,,false
M22,2026-02,28758,1229,30089,1258,0.977,false
M22,2026-03,38539,1521,38002,1458,1.043,false
M22,2026-04,34792,1345,35909,1376,0.977,false
M22,2026-05,39518,1559,37102,1435,1.086,false
M22,2026-06,33926,1315,36174,1367,0.962,false
M22,2026-07,31929,1189,33793,1226,0.97,false
M22,2026-08,31858,1195,32109,1201,0.995,false
M23+,2024-10,170356,6430,229579,8460,0.76,false
M23+,2024-11,164532,6439,196467,7543,0.854,false
M23+,2024-12,175331,6472,190277,7052,0.918,false
M23+,2025-01,195850,7216,208627,7647,0.944,false
M23+,2025-02,189266,7567,196462,8247,0.918,false
M23+,2025-03,188803,7329,215815,8186,0.895,false
M23+,2025-04,158501,6057,218181,8323,0.728,false
M23+,2025-05,170053,6484,220429,8134,0.797,false
M23+,2025-06,148193,6046,208441,8246,0.733,false
M23+,2025-07,161578,5997,217877,8103,0.74,false
M23+,2025-08,153703,6317,195819,7555,0.836,false
M23+,2025-09,158596,5881,220892,8353,0.704,false
M23+,2025-10,158852,5870,220922,8192,0.717,false
M23+,2025-11,160198,6844,190242,7433,0.921,false
M23+,2025-12,166287,6408,188276,6802,0.942,false
M23+,2026-01,140160,5262,,,,false
M23+,2026-02,144084,5882,156627,6249,0.941,false
M23+,2026-03,149558,5581,198446,7275,0.767,false
M23+,2026-04,120945,5045,208535,8019,0.629,false
M23+,2026-05,139814,5551,213995,8072,0.688,false
M23+,2026-06,138762,5509,209353,8012,0.688,false
M23+,2026-07,136160,5061,213857,7869,0.643,false
M23+,2026-08,109936,4265,200552,7658,0.557,false
M3,2024-10,341189,11818,258953,8994,1.314,false
M3,2024-11,320994,11423,231414,8232,1.388,false
M3,2024-12,313063,11031,229080,7935,1.39,false
M3,2025-01,301351,10333,239146,8214,1.258,false
M3,2025-02,267673,10534,218540,8627,1.221,false
M3,2025-03,335419,11837,251379,8884,1.332,false
M3,2025-04,354311,13096,262022,9498,1.379,false
M3,2025-05,363066,12645,275894,9554,1.324,false
M3,2025-06,344769,12908,260055,9511,1.357,false
M3,2025-07,370803,12617,275664,9269,1.361,false
M3,2025-08,344217,11795,254835,8655,1.363,false
M3,2025-09,348618,12465,259563,9277,1.344,false
M3,2025-10,371407,13060,259483,9003,1.451,false
M3,2025-11,336300,11915,231676,8190,1.455,false
M3,2025-12,312032,10455,222114,7518,1.391,false
M3,2026-01,277135,9660,,,,false
M3,2026-02,240878,9368,191091,7339,1.276,false
M3,2026-03,286997,10206,237847,8312,1.228,false
M3,2026-04,319529,11511,242162,8629,1.334,false
M3,2026-05,336376,12042,250597,8774,1.372,false
M3,2026-06,347753,12595,237155,8538,1.475,false
M3,2026-07,332600,11318,231976,7936,1.426,false
M3,2026-08,308578,10509,223692,7753,1.355,false
M31,2024-10,234494,8789,225515,8365,1.051,false
M31,2024-11,234780,8928,209180,8025,1.113,false
M31,2024-12,198403,7355,191654,7090,1.037,false
M31,2025-01,205131,7564,226032,8279,0.914,false
M31,2025-02,199320,8430,196676,8200,1.028,false
M31,2025-03,219080,8362,224036,8686,0.963,false
M31,2025-04,192462,7417,225569,8668,0.856,false
M31,2025-05,242218,8966,235007,8851,1.013,false
M31,2025-06,222458,8880,222353,8716,1.019,false
M31,2025-07,239500,8836,236143,8676,1.018,false
M31,2025-08,206594,7868,209926,7976,0.986,false
M31,2025-09,211622,8108,219800,8221,0.986,false
M31,2025-10,226927,8391,224859,8288,1.012,false
M31,2025-11,208414,8031,203469,7855,1.022,false
M31,2025-12,206114,7481,209812,7631,0.98,false
M31,2026-01,188807,7174,,,,false
M31,2026-02,148882,6135,175364,7175,0.855,false
M31,2026-03,189682,7288,225655,8507,0.857,false
M31,2026-04,198213,7502,214190,8105,0.926,false
M31,2026-05,210354,8213,210417,8083,1.016,false
M31,2026-06,188012,7215,204962,7818,0.923,false
M31,2026-07,163713,5895,204864,7468,0.789,false
M31,2026-08,152786,5782,198571,7375,0.784,false
M34+,2024-10,104520,4037,142814,5320,0.759,false
M34+,2024-11,83577,3152,120375,4547,0.693,false
M34+,2024-12,94348,3274,130980,4814,0.68,false
M34+,2025-01,86202,3243,121968,4494,0.722,false
M34+,2025-02,95532,3962,112922,4818,0.822,false
M34+,2025-03,103346,4061,127862,4908,0.827,false
M34+,2025-04,92450,3546,131674,5088,0.697,false
M34+,2025-05,101772,4014,132919,4991,0.804,false
M34+,2025-06,103948,4110,135376,5362,0.767,false
M34+,2025-07,102204,3834,145179,5419,0.708,false
M34+,2025-08,96941,3964,136496,5180,0.765,false
M34+,2025-09,106908,4493,139223,5389,0.834,false
M34+,2025-10,108752,3901,142752,5244,0.744,false
M34+,2025-11,86889,3682,113868,4431,0.831,false
M34+,2025-12,97528,3780,126563,4649,0.813,false
M34+,2026-01,90055,3450,,,,false
M34+,2026-02,77658,3352,91599,3824,0.877,false
M34+,2026-03,76703,3009,121900,4678,0.643,false
M34+,2026-04,77672,3045,131571,5126,0.594,false
M34+,2026-05,96271,3868,137268,5126,0.755,false
M34+,2026-06,80076,3338,126810,4975,0.671,false
M34+,2026-07,83609,3183,133115,4895,0.65,false
M34+,2026-08,82648,3339,129898,4902,0.681,false
M34A+,2024-10,104515,4124,137766,5233,0.788,false
M34A+,2024-11,84904,3452,116336,4659,0.741,false
M34A+,2024-12,90538,3551,104029,3990,0.89,false
M34A+,2025-01,103922,3956,125604,4681,0.845,false
M34A+,2025-02,110019,4262,116852,4910,0.868,false
M34A+,2025-03,104045,4127,126659,4816,0.857,false
M34A+,2025-04,90428,3453,131157,5089,0.679,false
M34A+,2025-05,107947,4204,135828,5131,0.819,false
M34A+,2025-06,92624,3757,131550,5273,0.712,false
M34A+,2025-07,90901,3339,138577,5111,0.653,false
M34A+,2025-08,88268,3554,132768,5103,0.696,false
M34A+,2025-09,87955,3433,125961,4853,0.707,false
M34A+,2025-10,103496,4113,135335,5125,0.803,false
M34A+,2025-11,87686,3729,110209,4359,0.855,false
M34A+,2025-12,95184,3666,106913,4036,0.908,false
M34A+,2026-01,91285,3437,,,,false
M34A+,2026-02,83766,3538,95601,3892,0.909,false
M34A+,2026-03,82962,3280,123126,4635,0.708,false
M34A+,2026-04,83732,3439,126218,4895,0.703,false
M34A+,2026-05,95655,3624,122099,4728,0.766,false
M34A+,2026-06,76822,3211,114287,4501,0.713,false
M34A+,2026-07,81533,3122,129501,4859,0.643,false
M34A+,2026-08,82169,3365,122547,4762,0.707,false
M35,2024-10,83228,2751,5732,145,18.972,false
M35,2024-11,57749,2094,3797,108,19.389,false
M35,2024-12,44872,1491,2353,81,18.407,false
M35,2025-01,21528,592,2693,94,6.298,false
M35,2025-02,17429,426,2989,114,3.737,false
M35,2025-03,36032,923,10349,266,3.47,false
M35,2025-04,23933,627,13162,336,1.866,false
M35,2025-05,27423,794,8565,222,3.577,false
M35,2025-06,39263,1166,8197,220,5.3,false
M35,2025-07,34953,897,7679,223,4.022,false
M35,2025-08,31754,942,6754,197,4.782,false
M35,2025-09,19665,486,13740,209,2.325,false
M35,2025-10,31395,726,7734,209,3.474,false
M35,2025-11,23085,587,4316,134,4.381,false
M35,2025-12,24367,702,3014,99,7.091,false
M35,2026-01,25852,748,,,,false
M35,2026-02,22822,811,2444,100,8.11,false
M35,2026-03,27917,785,4453,134,5.858,false
M35,2026-04,45383,1440,7136,178,8.09,false
M35,2026-05,41856,1470,7693,175,8.4,false
M35,2026-06,48317,1780,7074,150,11.867,false
M35,2026-07,62742,2044,9045,202,10.119,false
M35,2026-08,59151,2330,7743,194,12.01,false
M4,2024-10,380880,13614,328819,11845,1.149,false
M4,2024-11,348156,13000,278245,10410,1.249,false
M4,2024-12,333364,12335,278529,10141,1.216,false
M4,2025-01,335057,12032,291152,10416,1.155,false
M4,2025-02,308211,12742,273628,11335,1.124,false
M4,2025-03,359203,13363,310932,11561,1.156,false
M4,2025-04,390746,14556,324801,12094,1.204,false
M4,2025-05,407542,14959,332381,12061,1.24,false
M4,2025-06,385057,14697,319000,12060,1.219,false
M4,2025-07,387376,13442,330637,11725,1.146,false
M4,2025-08,354330,12834,301209,11003,1.166,false
M4,2025-09,396162,14999,319903,11943,1.256,false
M4,2025-10,407095,14456,330126,11810,1.224,false
M4,2025-11,361110,13606,286893,10768,1.264,false
M4,2025-12,342601,12231,277015,9793,1.249,false
M4,2026-01,297279,10912,,,,false
M4,2026-02,269397,10779,238630,9584,1.125,false
M4,2026-03,324250,12171,295594,10903,1.116,false
M4,2026-04,345705,12842,302193,11185,1.148,false
M4,2026-05,366546,13725,307729,11480,1.196,false
M4,2026-06,360118,13260,290875,10734,1.235,false
M4,2026-07,350744,12426,290630,10377,1.197,false
M4,2026-08,309849,11779,265643,9918,1.188,false
M42,2024-10,264432,9973,211944,8081,1.234,false
M42,2024-11,198228,7877,181786,7253,1.086,false
M42,2024-12,181384,6957,175431,6766,1.028,false
M42,2025-01,210628,8078,201135,7644,1.057,false
M42,2025-02,200167,8504,186839,8085,1.052,false
M42,2025-03,223174,8649,214403,8491,1.019,false
M42,2025-04,233005,9113,228654,9027,1.01,false
M42,2025-05,226013,8373,230312,8755,0.956,false
M42,2025-06,226552,9146,217528,8834,1.035,false
M42,2025-07,257331,9687,243830,9118,1.062,false
M42,2025-08,229904,8863,226817,8933,0.992,false
M42,2025-09,210797,8178,201494,7863,1.04,false
M42,2025-10,226476,8533,218021,8309,1.027,false
M42,2025-11,193273,7835,177035,7227,1.084,false
M42,2025-12,193253,7468,171483,6541,1.142,false
M42,2026-01,190384,7490,,,,false
M42,2026-02,175228,7341,145855,6153,1.193,false
M42,2026-03,201960,8004,176809,6831,1.172,false
M42,2026-04,199987,7869,174072,6787,1.159,false
M42,2026-05,214298,8376,175770,6884,1.217,false
M42,2026-06,235360,9219,184708,7226,1.276,false
M42,2026-07,251823,9155,206753,7617,1.202,false
M42,2026-08,251323,9954,195896,7790,1.278,false
M5,2024-10,188172,6509,148970,5082,1.281,false
M5,2024-11,170207,5922,131406,4594,1.289,false
M5,2024-12,152549,5131,120289,4000,1.283,false
M5,2025-01,168352,5674,133333,4432,1.28,false
M5,2025-02,154964,6137,125404,4856,1.264,false
M5,2025-03,192071,6739,152017,5217,1.292,false
M5,2025-04,192675,6919,154636,5480,1.263,false
M5,2025-05,198941,6802,158634,5423,1.254,false
M5,2025-06,191037,6985,151634,5560,1.256,false
M5,2025-07,208136,7118,167313,5698,1.249,false
M5,2025-08,192400,6963,146603,5232,1.331,false
M5,2025-09,184663,6509,148096,5171,1.259,false
M5,2025-10,191981,6794,147391,5114,1.329,false
M5,2025-11,172601,6097,130046,4523,1.348,false
M5,2025-12,147446,5029,117298,3975,1.265,false
M5,2026-01,140511,4986,,,,false
M5,2026-02,122093,4567,102624,3895,1.173,false
M5,2026-03,144195,5145,134482,4674,1.101,false
M5,2026-04,168898,6035,139042,4950,1.219,false
M5,2026-05,188640,6748,146542,5138,1.313,false
M5,2026-06,180608,6351,139700,4941,1.285,false
M5,2026-07,185572,6315,145725,4992,1.265,false
M5,2026-08,162455,6053,134331,4836,1.252,false
M50,2024-10,56684,2187,52515,2041,1.072,false
M50,2024-11,43734,1865,43273,1794,1.04,false
M50,2024-12,27253,1120,27766,1135,0.987,false
M50,2025-01,35820,1364,39528,1539,0.886,false
M50,2025-02,42030,1853,43285,1948,0.951,false
M50,2025-03,47732,1882,51160,2060,0.914,false
M50,2025-04,51531,2060,58881,2352,0.876,false
M50,2025-05,62329,2494,59542,2299,1.085,false
M50,2025-06,55418,2291,55486,2283,1.004,false
M50,2025-07,64853,2452,61358,2294,1.069,false
M50,2025-08,55002,2095,59664,2375,0.882,false
M50,2025-09,49476,1945,47702,1886,1.031,false
M50,2025-10,58713,2292,55272,2123,1.08,false
M50,2025-11,42499,1812,40756,1684,1.076,false
M50,2025-12,26740,1058,27223,1070,0.989,false
M50,2026-01,28811,1173,,,,false
M50,2026-02,37129,1625,38843,1678,0.968,false
M50,2026-03,44701,1856,50951,2016,0.921,false
M50,2026-04,46413,1848,53378,2146,0.861,false
M50,2026-05,51834,2148,50132,1989,1.08,false
M50,2026-06,51519,2071,51027,2039,1.016,false
M50,2026-07,47319,1749,47949,1792,0.976,false
M50,2026-08,49169,1837,51675,2040,0.9,false
M55,2024-10,40838,1292,44857,1448,0.892,false
M55,2024-11,37414,1169,39341,1279,0.914,false
M55,2024-12,34134,1107,41089,1296,0.854,false
M55,2025-01,34768,1118,39546,1304,0.857,false
M55,2025-02,34870,1226,37127,1347,0.91,false
M55,2025-03,41737,1281,46684,1520,0.843,false
M55,2025-04,39466,1276,50557,1689,0.755,false
M55,2025-05,41875,1289,51538,1587,0.812,false
M55,2025-06,42300,1380,49787,1686,0.819,false
M55,2025-07,57329,1706,58447,1815,0.94,false
M55,2025-08,57112,1786,57576,1810,0.987,false
M55,2025-09,44055,1545,49414,1660,0.931,false
M55,2025-10,42921,1372,45249,1452,0.945,false
M55,2025-11,41764,1227,43250,1296,0.947,false
M55,2025-12,40456,1205,39284,1210,0.996,false
M55,2026-01,31333,1024,,,,false
M55,2026-02,24549,868,29262,1052,0.825,false
M55,2026-03,32513,1072,41745,1320,0.812,false
M55,2026-04,35764,1140,43559,1431,0.797,false
M55,2026-05,43046,1472,43820,1456,1.011,false
M55,2026-06,38079,1241,38619,1294,0.959,false
M55,2026-07,49323,1561,47321,1480,1.055,false
M55,2026-08,49009,1440,46371,1428,1.008,false
M57,2024-10,156888,5899,151088,5645,1.045,false
M57,2024-11,153506,5916,142452,5533,1.069,false
M57,2024-12,133208,4869,136634,5053,0.964,false
M57,2025-01,150089,5640,146190,5364,1.051,false
M57,2025-02,153213,6476,141744,5931,1.092,false
M57,2025-03,165596,6417,157616,5967,1.075,false
M57,2025-04,154662,5980,157779,6045,0.989,false
M57,2025-05,159377,5985,162807,6064,0.987,false
M57,2025-06,146149,5771,147635,5724,1.008,false
M57,2025-07,150295,5522,152957,5584,0.989,false
M57,2025-08,130348,5038,142700,5409,0.931,false
M57,2025-09,151223,5914,146453,5550,1.066,false
M57,2025-10,161269,5989,156376,5797,1.033,false
M57,2025-11,145807,5817,142601,5565,1.045,false
M57,2025-12,144780,5339,140593,5119,1.043,false
M57,2026-01,137186,5278,,,,false
M57,2026-02,117871,4997,119160,4860,1.028,false
M57,2026-03,145024,5569,146348,5483,1.016,false
M57,2026-04,135420,5209,137998,5201,1.002,false
M57,2026-05,148710,5690,138425,5237,1.086,false
M57,2026-06,140940,5455,139294,5279,1.033,false
M57,2026-07,127386,4700,132782,4898,0.96,false
M57,2026-08,129401,4945,123768,4697,1.053,false
M60+,2024-10,42753,1422,213373,7328,0.194,false
M60+,2024-11,45700,1587,183579,6624,0.24,false
M60+,2024-12,60710,1883,168473,5885,0.32,false
M60+,2025-01,42999,1054,170784,5905,0.178,false
M60+,2025-02,75622,1761,168450,6786,0.26,false
M60+,2025-03,27800,1056,205465,7232,0.146,false
M60+,2025-04,28395,1044,200402,7246,0.144,false
M60+,2025-05,50066,1831,208536,7203,0.254,false
M60+,2025-06,70203,2581,205951,7407,0.348,false
M60+,2025-07,54649,1924,217407,7488,0.257,false
M60+,2025-08,41158,1323,214297,7566,0.175,false
M60+,2025-09,42345,1653,217464,7790,0.212,false
M60+,2025-10,40248,1348,216411,7471,0.18,false
M60+,2025-11,46549,1975,194916,7091,0.279,false
M60+,2025-12,90489,2761,184944,6382,0.433,false
M60+,2026-01,68777,1938,,,,false
M60+,2026-02,65484,2107,171782,6736,0.313,false
M60+,2026-03,36961,1288,216441,7508,0.172,false
M60+,2026-04,40740,1445,230745,8336,0.173,false
M60+,2026-05,78408,2746,237953,8393,0.327,false
M60+,2026-06,59200,2157,228469,8236,0.262,false
M60+,2026-07,40548,1409,231702,8074,0.175,false
M60+,2026-08,40556,1463,226927,7995,0.183,false
M66,2024-10,150003,5651,160753,6172,0.916,false
M66,2024-11,134526,5540,139686,5739,0.965,false
M66,2024-12,136061,5282,136637,5315,0.994,false
M66,2025-01,141146,5481,144451,5564,0.985,false
M66,2025-02,142220,6242,134984,5939,1.051,false
M66,2025-03,148487,6084,153072,6232,0.976,false
M66,2025-04,145619,5915,156458,6252,0.946,false
M66,2025-05,150770,5999,161747,6374,0.941,false
M66,2025-06,132049,5419,141651,5833,0.929,false
M66,2025-07,134813,5105,144102,5464,0.934,false
M66,2025-08,118227,4707,130528,5253,0.896,false
M66,2025-09,154244,6250,162134,6515,0.959,false
M66,2025-10,178792,6895,169063,6471,1.066,false
M66,2025-11,154633,6507,144477,6035,1.078,false
M66,2025-12,142206,5409,142202,5359,1.009,false
M66,2026-01,143459,5653,,,,false
M66,2026-02,120108,5205,128310,5534,0.941,false
M66,2026-03,145357,5805,156099,6093,0.953,false
M66,2026-04,138549,5519,150578,5991,0.921,false
M66,2026-05,143679,5875,148794,5962,0.985,false
M66,2026-06,144178,5762,146657,5840,0.987,false
M66,2026-07,130102,4886,130933,4972,0.983,false
M66,2026-08,118832,4657,118376,4728,0.985,false
M7,2024-10,365874,12828,223342,7663,1.674,false
M7,2024-11,350742,12340,213328,7286,1.694,false
M7,2024-12,324705,11187,199196,6693,1.671,false
M7,2025-01,361868,12149,223123,7286,1.667,false
M7,2025-02,330310,12800,201899,7698,1.663,false
M7,2025-03,382790,13191,237372,7997,1.649,false
M7,2025-04,381526,13605,241261,8390,1.622,false
M7,2025-05,394477,13711,241652,8328,1.646,false
M7,2025-06,381719,13849,230935,8246,1.679,false
M7,2025-07,391990,13454,237616,8069,1.667,false
M7,2025-08,363502,12788,215134,7481,1.709,false
M7,2025-09,358769,13100,209978,7543,1.737,false
M7,2025-10,378322,13533,214566,7499,1.805,false
M7,2025-11,343490,12502,192278,6680,1.872,false
M7,2025-12,330602,11499,182183,6166,1.865,false
M7,2026-01,321600,11299,,,,false
M7,2026-02,287979,11126,170791,6368,1.747,false
M7,2026-03,345389,12222,216069,7396,1.653,false
M7,2026-04,341846,12458,207257,7231,1.723,false
M7,2026-05,378357,13576,214118,7438,1.825,false
M7,2026-06,364415,12930,198500,6963,1.857,false
M7,2026-07,378433,13019,206813,6988,1.863,false
M7,2026-08,367155,12729,200572,6818,1.867,false
M72,2024-10,90970,3452,92920,3483,0.991,false
M72,2024-11,77040,3035,84656,3372,0.9,false
M72,2024-12,72288,2734,80886,3069,0.891,false
M72,2025-01,87239,3338,83661,3160,1.056,false
M72,2025-02,75563,3241,74447,3156,1.027,false
M72,2025-03,85301,3227,87313,3396,0.95,false
M72,2025-04,87983,3322,94628,3644,0.912,false
M72,2025-05,93114,3512,98567,3775,0.93,false
M72,2025-06,96218,3825,92532,3711,1.031,false
M72,2025-07,87684,3219,95582,3537,0.91,false
M72,2025-08,75012,2863,87035,3316,0.863,false
M72,2025-09,82179,3195,93732,3624,0.882,false
M72,2025-10,96295,3575,94197,3521,1.015,false
M72,2025-11,77972,3174,82099,3297,0.963,false
M72,2025-12,79032,2856,81585,2979,0.959,false
M72,2026-01,72784,2852,,,,false
M72,2026-02,70218,3004,70530,2960,1.015,false
M72,2026-03,73663,2756,86187,3273,0.842,false
M72,2026-04,76980,2997,88551,3452,0.868,false
M72,2026-05,79981,3170,88984,3536,0.896,false
M72,2026-06,72567,2784,89696,3504,0.795,false
M72,2026-07,65016,2381,83623,3145,0.757,false
M72,2026-08,63442,2400,81914,3156,0.76,false
M79+,2024-10,163609,5770,243003,8795,0.656,false
M79+,2024-11,108798,4358,213395,7919,0.55,false
M79+,2024-12,132266,5037,202044,7245,0.695,false
M79+,2025-01,141314,4946,208287,7438,0.665,false
M79+,2025-02,160072,6278,190741,7794,0.805,false
M79+,2025-03,147706,5639,211674,7754,0.727,false
M79+,2025-04,130755,5133,222911,8291,0.619,false
M79+,2025-05,176013,6616,232225,8491,0.779,false
M79+,2025-06,146121,5718,220440,8444,0.677,false
M79+,2025-07,119781,4427,207435,7409,0.598,false
M79+,2025-08,109878,4120,191497,7032,0.586,false
M79+,2025-09,122210,4726,226987,8503,0.556,false
M79+,2025-10,132567,4913,235116,8449,0.581,false
M79+,2025-11,125464,5159,207448,7879,0.655,false
M79+,2025-12,128599,4536,204440,7256,0.625,false
M79+,2026-01,115689,4230,,,,false
M79+,2026-02,126576,5143,175628,7074,0.727,false
M79+,2026-03,151332,5933,213396,7679,0.773,false
M79+,2026-04,114460,4640,223649,8325,0.557,false
M79+,2026-05,123734,4837,236474,8868,0.545,false
M79+,2026-06,121088,4904,221050,8409,0.583,false
M79+,2026-07,106351,4236,204141,7371,0.575,false
M79+,2026-08,118367,4738,197066,7177,0.66,false
M8,2024-10,21522,796,26461,997,0.798,false
M8,2024-11,20382,799,22887,883,0.905,false
M8,2024-12,16422,620,23675,881,0.704,false
M8,2025-01,20275,753,26451,975,0.772,false
M8,2025-02,19114,793,25549,1070,0.741,false
M8,2025-03,20389,748,27897,1041,0.719,false
M8,2025-04,21118,783,29614,1132,0.692,false
M8,2025-05,21754,834,28575,1098,0.76,false
M8,2025-06,20694,819,25786,1020,0.803,false
M8,2025-07,24297,863,27721,1005,0.859,false
M8,2025-08,20139,751,24882,925,0.812,false
M8,2025-09,23664,909,28481,1082,0.84,false
M8,2025-10,24762,897,28397,1057,0.849,false
M8,2025-11,21272,900,24421,966,0.932,false
M8,2025-12,22223,811,25999,949,0.855,false
M8,2026-01,22600,894,,,,false
M8,2026-02,19104,819,23360,963,0.85,false
M8,2026-03,21250,842,28378,1052,0.8,false
M8,2026-04,22497,877,27616,1050,0.835,false
M8,2026-05,21269,833,26296,1014,0.821,false
M8,2026-06,20797,825,25859,999,0.826,false
M8,2026-07,20394,756,26293,953,0.793,false
M8,2026-08,21388,801,25354,953,0.841,false
M86+,2024-10,207543,7752,378353,13766,0.563,false
M86+,2024-11,170145,6363,344819,13055,0.487,false
M86+,2024-12,193238,6915,329597,11911,0.581,false
M86+,2025-01,232255,8493,344057,12395,0.685,false
M86+,2025-02,220950,8505,281506,11747,0.724,false
M86+,2025-03,196440,7264,335476,12492,0.581,false
M86+,2025-04,196869,7598,360037,13520,0.562,false
M86+,2025-05,214764,7739,378302,13867,0.558,false
M86+,2025-06,162026,6275,357492,13705,0.458,false
M86+,2025-07,175686,6197,344068,12519,0.495,false
M86+,2025-08,157214,5631,317038,11856,0.475,false
M86+,2025-09,211309,7941,382670,14497,0.548,false
M86+,2025-10,212412,7782,391898,14203,0.548,false
M86+,2025-11,197172,7381,349147,13525,0.546,false
M86+,2025-12,199220,7163,346107,12460,0.575,false
M86+,2026-01,219298,7969,,,,false
M86+,2026-02,189701,8005,307439,12617,0.634,false
M86+,2026-03,194497,7498,367389,13486,0.556,false
M86+,2026-04,177844,6845,372144,14126,0.485,false
M86+,2026-05,174449,6718,380835,14336,0.469,false
M86+,2026-06,141795,5607,370134,14113,0.397,false
M86+,2026-07,143519,5551,329221,12178,0.456,false
M86+,2026-08,145714,5569,316555,11800,0.472,false
M9,2024-10,117816,4443,104891,3859,1.151,false
M9,2024-11,98837,3834,92504,3569,1.074,false
M9,2024-12,88198,3308,91674,3458,0.957,false
M9,2025-01,102572,3820,100410,3725,1.026,false
M9,2025-02,91445,3813,88393,3726,1.023,false
M9,2025-03,105188,4135,104208,4029,1.026,false
M9,2025-04,97884,3745,107604,4086,0.917,false
M9,2025-05,107431,3911,114100,4215,0.928,false
M9,2025-06,105126,4073,104611,3994,1.02,false
M9,2025-07,110801,3972,109550,3952,1.005,false
M9,2025-08,106418,3942,102728,3833,1.028,false
M9,2025-09,128230,4816,109416,4151,1.16,false
M9,2025-10,124223,4514,109551,4048,1.115,false
M9,2025-11,109799,4467,94172,3693,1.21,false
M9,2025-12,115229,4332,96975,3581,1.21,false
M9,2026-01,112518,4361,,,,false
M9,2026-02,96158,4007,83432,3405,1.177,false
M9,2026-03,117232,4458,104360,3895,1.145,false
M9,2026-04,110552,4435,99738,3802,1.166,false
M9,2026-05,112852,4383,97322,3724,1.177,false
M9,2026-06,103900,3959,100361,3813,1.038,false
M9,2026-07,110330,4063,101825,3753,1.083,false
M9,2026-08,91963,3590,99608,3772,0.952,false
M90,2025-02,0,0,11,0,,false
M90,2025-03,22355,29,36,0,,false
M90,2025-08,867,19,4,0,,false
M90,2025-10,15347,0,12,0,,false
M90,2025-11,39,2,0,0,,false
M90,2026-02,8,0,0,0,,false
M90,2026-05,12682,221,25,0,,false
M90,2026-06,236,11,6,0,,false
M90,2026-07,21,0,0,0,,false
M96,2024-10,318344,12152,288723,10961,1.109,false
M96,2024-11,274899,11060,253410,10093,1.096,false
M96,2024-12,277944,10630,254044,9722,1.093,false
M96,2025-01,304135,11448,264836,10047,1.139,false
M96,2025-02,266078,11625,242155,10480,1.109,false
M96,2025-03,301703,12064,272521,10850,1.112,false
M96,2025-04,313827,12385,275602,10910,1.135,false
M96,2025-05,331268,12836,284563,10984,1.169,false
M96,2025-06,290535,11462,261797,10512,1.09,false
M96,2025-07,287466,10808,260398,9836,1.099,false
M96,2025-08,270313,10543,240372,9418,1.119,false
M96,2025-09,308760,12142,274240,10735,1.131,false
M96,2025-10,329699,12535,278339,10577,1.185,false
M96,2025-11,285739,11801,238412,9781,1.207,false
M96,2025-12,286584,10751,242110,9053,1.188,false
M96,2026-01,273545,10580,,,,false
M96,2026-02,253992,10821,222051,9508,1.138,false
M96,2026-03,287426,11258,266128,10275,1.096,false
M96,2026-04,284957,11353,256290,10066,1.128,false
M96,2026-05,292315,11458,247723,9695,1.182,false
M96,2026-06,284134,10937,247185,9679,1.13,false
M96,2026-07,257847,9662,230013,8734,1.106,false
M96,2026-08,242516,9383,217855,8495,1.105,false
M98,2024-10,32161,1398,30425,1323,1.057,false
M98,2024-11,27995,1333,24755,1179,1.131,false
M98,2024-12,24663,1121,24137,1097,1.022,false
M98,2025-01,26331,1145,25895,1126,1.017,false
M98,2025-02,23085,1154,24146,1207,0.956,false
M98,2025-03,28512,1358,27413,1305,1.041,false
M98,2025-04,28295,1286,28022,1274,1.009,false
M98,2025-05,28325,1288,27754,1262,1.021,false
M98,2025-06,26529,1263,24419,1163,1.086,false
M98,2025-07,22071,960,21759,946,1.015,false
M98,2025-08,18225,868,20303,967,0.898,false
M98,2025-09,29067,1321,27141,1234,1.071,false
M98,2025-10,31596,1374,27139,1180,1.164,false
M98,2025-11,26202,1310,20776,1039,1.261,false
M98,2025-12,25644,1115,20933,910,1.225,false
M98,2026-01,21654,984,,,,false
M98,2026-02,19533,977,19388,969,1.008,false
M98,2026-03,24262,1103,25065,1139,0.968,false
M98,2026-04,26255,1193,23922,1086,1.099,false
M98,2026-05,27841,1326,23051,1097,1.209,false
M98,2026-06,25073,1140,22894,1040,1.096,false
M98,2026-07,23051,1002,20327,883,1.135,false
M98,2026-08,19481,928,17821,848,1.094,false
Q06,2024-10,31985,1144,163382,6107,0.187,false
Q06,2024-11,28330,1129,146481,5675,0.199,false
Q06,2024-12,22182,817,145537,5452,0.15,false
Q06,2025-01,17945,608,147850,5453,0.111,false
Q06,2025-02,156169,6638,136873,5736,1.157,false
Q06,2025-03,245504,9084,155226,5943,1.529,false
Q06,2025-04,311525,11686,154376,5929,1.971,false
Q06,2025-05,312524,11390,155418,5758,1.978,false
Q06,2025-06,305397,11733,149495,5821,2.016,false
Q06,2025-07,333518,11946,156367,5727,2.086,false
Q06,2025-08,311627,11432,150134,5736,1.993,true
Q06,2025-09,332292,12588,154439,5913,2.129,false
Q06,2025-10,347678,12639,154131,5721,2.209,false
Q06,2025-11,322517,12668,131252,5157,2.456,false
Q06,2025-12,322442,11706,130180,4787,2.445,false
Q06,2026-01,310343,11631,,,,false
Q06,2026-02,257522,10652,105799,4407,2.417,false
Q06,2026-03,311772,11917,137451,5219,2.283,false
Q06,2026-04,312091,11944,132695,5116,2.335,false
Q06,2026-05,336528,12819,129630,4956,2.587,false
Q06,2026-06,351911,13042,130899,4987,2.615,false
Q06,2026-07,336865,12063,126809,4684,2.575,false
Q06,2026-08,324377,11854,123909,4688,2.529,false
Q07,2024-10,13696,525,69054,2510,0.209,false
Q07,2024-11,11820,449,58654,2262,0.198,false
Q07,2024-12,9736,339,55214,2076,0.163,false
Q07,2025-01,11342,430,56330,2086,0.206,false
Q07,2025-02,64426,2844,53949,2271,1.252,false
Q07,2025-03,109963,4350,62157,2374,1.832,false
Q07,2025-04,138197,5400,62228,2377,2.272,false
Q07,2025-05,142617,5375,63928,2348,2.289,false
Q07,2025-06,133043,5265,62228,2422,2.174,false
Q07,2025-07,119281,4305,60151,2196,1.96,false
Q07,2025-08,110402,4049,58551,2180,1.857,true
Q07,2025-09,131641,5137,57826,2201,2.334,false
Q07,2025-10,143210,5461,57801,2136,2.557,false
Q07,2025-11,123281,5026,49711,1922,2.615,false
Q07,2025-12,122853,4607,48575,1769,2.604,false
Q07,2026-01,117619,4630,,,,false
Q07,2026-02,100849,4282,43954,1820,2.353,false
Q07,2026-03,130416,5109,54719,2037,2.508,false
Q07,2026-04,120393,4668,53885,2039,2.289,false
Q07,2026-05,140653,5586,54336,2033,2.748,false
Q07,2026-06,137341,5163,54274,2022,2.553,false
Q07,2026-07,112679,4050,51856,1872,2.163,false
Q07,2026-08,111583,4027,52015,1900,2.119,false
Q08,2024-10,27759,965,176654,6169,0.156,false
Q08,2024-11,26836,1065,156866,5752,0.185,false
Q08,2024-12,23401,762,152129,5452,0.14,false
Q08,2025-01,16715,575,147563,5207,0.11,false
Q08,2025-02,138101,5760,140913,5674,1.015,false
Q08,2025-03,225532,8282,163867,5957,1.39,false
Q08,2025-04,284745,10463,161208,5935,1.763,false
Q08,2025-05,277870,9809,165761,5850,1.677,false
Q08,2025-06,273940,10143,158515,5880,1.725,false
Q08,2025-07,305307,10650,168170,5909,1.802,false
Q08,2025-08,294396,10402,163654,5878,1.77,true
Q08,2025-09,337622,12786,179694,6732,1.899,false
Q08,2025-10,362013,13050,181171,6554,1.991,false
Q08,2025-11,331394,12602,160461,6069,2.076,false
Q08,2025-12,330164,11873,159128,5706,2.081,false
Q08,2026-01,307090,11472,,,,false
Q08,2026-02,261080,10620,128957,5212,2.038,false
Q08,2026-03,319006,11862,169997,6159,1.926,false
Q08,2026-04,314997,11941,168173,6248,1.911,false
Q08,2026-05,346768,13024,165936,6137,2.122,false
Q08,2026-06,358265,13036,165743,6065,2.149,false
Q08,2026-07,338024,11874,160869,5701,2.083,false
Q08,2026-08,335771,12153,161381,5888,2.064,false
Q09,2024-10,9709,361,70667,2624,0.138,false
Q09,2024-11,10171,379,61599,2387,0.159,false
Q09,2024-12,8635,311,59606,2244,0.139,false
Q09,2025-01,8217,291,58514,2168,0.134,false
Q09,2025-02,52096,2261,56029,2365,0.956,false
Q09,2025-03,83943,3184,65758,2531,1.258,false
Q09,2025-04,108428,4143,65320,2535,1.634,false
Q09,2025-05,107860,4014,66097,2473,1.623,false
Q09,2025-06,101707,3933,62495,2467,1.594,false
Q09,2025-07,116550,4235,66944,2457,1.724,false
Q09,2025-08,108923,4099,64260,2471,1.659,true
Q09,2025-09,97297,3721,58567,2281,1.631,false
Q09,2025-10,99240,3697,57180,2138,1.729,false
Q09,2025-11,88679,3480,49274,1964,1.772,false
Q09,2025-12,88172,3217,49036,1826,1.762,false
Q09,2026-01,82044,3167,,,,false
Q09,2026-02,72638,3058,41185,1747,1.75,false
Q09,2026-03,84259,3243,51923,1994,1.626,false
Q09,2026-04,87579,3388,50045,1953,1.735,false
Q09,2026-05,89775,3438,49537,1929,1.782,false
Q09,2026-06,91659,3422,49459,1902,1.799,false
Q09,2026-07,84954,3117,45613,1705,1.828,false
Q09,2026-08,82939,3072,45212,1734,1.772,false
Q1,2024-10,74415,2683,81252,3016,0.89,false
Q1,2024-11,63566,2427,69184,2705,0.897,false
Q1,2024-12,63454,2343,66009,2487,0.942,false
Q1,2025-01,54492,1984,63905,2377,0.835,false
Q1,2025-02,52855,2188,62050,2613,0.837,false
Q1,2025-03,63990,2428,71269,2727,0.89,false
Q1,2025-04,64682,2508,69842,2708,0.926,false
Q1,2025-05,65759,2472,71879,2687,0.92,false
Q1,2025-06,55878,2166,64317,2493,0.869,true
Q1,2025-07,80322,2760,95532,3370,0.819,false
Q1,2025-08,83019,3020,98717,3561,0.848,false
Q1,2025-09,90658,3292,106657,4015,0.82,false
Q1,2025-10,92666,3340,108754,3973,0.841,false
Q1,2025-11,84862,3160,95514,3676,0.86,false
Q1,2025-12,81618,2910,93249,3364,0.865,false
Q1,2026-01,66263,2410,,,,false
Q1,2026-02,61097,2438,81744,3313,0.736,false
Q1,2026-03,69326,2531,103505,3830,0.661,false
Q1,2026-04,76062,2933,99947,3749,0.782,false
Q1,2026-05,103544,4109,102883,3857,1.065,false
Q1,2026-06,105417,4128,102339,3797,1.087,false
Q1,2026-07,100804,3757,101071,3640,1.032,false
Q1,2026-08,102047,3948,98922,3621,1.09,false
Q10,2024-10,386783,13850,386122,13764,1.006,false
Q10,2024-11,302486,11658,353891,13155,0.886,false
Q10,2024-12,297310,11350,345017,12394,0.916,false
Q10,2025-01,297832,11166,341646,12176,0.917,false
Q10,2025-02,280087,11722,315736,12806,0.915,false
Q10,2025-03,352400,13102,362406,13396,0.978,false
Q10,2025-04,341847,12226,358211,13326,0.917,false
Q10,2025-05,359860,12738,374391,13435,0.948,false
Q10,2025-06,337083,12328,352222,13157,0.937,false
Q10,2025-07,326881,11190,358863,12756,0.877,false
Q10,2025-08,326938,11258,351908,12877,0.874,true
Q10,2025-09,198648,6882,212254,7791,0.883,false
Q10,2025-10,196777,6765,208248,7416,0.912,false
Q10,2025-11,186652,6848,187446,6986,0.98,false
Q10,2025-12,211292,7119,181202,6376,1.117,false
Q10,2026-01,201361,7089,,,,false
Q10,2026-02,178476,6916,165106,6602,1.048,false
Q10,2026-03,171129,6117,194444,6975,0.877,false
Q10,2026-04,159424,5677,190816,6977,0.814,false
Q10,2026-05,191471,6851,190819,6893,0.994,false
Q10,2026-06,181090,6133,185070,6723,0.912,false
Q10,2026-07,139871,4612,179880,6335,0.728,false
Q10,2026-08,130045,4380,181247,6500,0.674,false
Q100,2024-10,34330,1242,82511,3000,0.414,false
Q100,2024-11,33605,1236,73419,2777,0.445,false
Q100,2024-12,31414,1053,69400,2532,0.416,false
Q100,2025-01,32937,1143,72634,2633,0.434,false
Q100,2025-02,45424,1777,69893,2862,0.621,false
Q100,2025-03,76790,2823,83516,3162,0.893,false
Q100,2025-04,98962,3588,82766,3102,1.157,false
Q100,2025-05,105138,3599,89658,3219,1.118,false
Q100,2025-06,99447,3457,82118,3044,1.136,false
Q100,2025-07,109091,3802,81789,2894,1.314,false
Q100,2025-08,97140,3403,77955,2810,1.211,true
Q100,2025-09,105123,3742,87236,3156,1.186,false
Q100,2025-10,105825,3630,83783,2975,1.22,false
Q100,2025-11,102128,3697,76196,2847,1.299,false
Q100,2025-12,94327,3292,73855,2605,1.264,false
Q100,2026-01,92438,3164,,,,false
Q100,2026-02,82600,3186,71051,2852,1.117,false
Q100,2026-03,101920,3445,88307,3007,1.146,false
Q100,2026-04,93419,3224,82369,2889,1.116,false
Q100,2026-05,87788,3047,81122,2931,1.04,false
Q100,2026-06,96473,3435,82667,2968,1.157,false
Q100,2026-07,92664,3135,78602,2750,1.14,false
Q100,2026-08,100314,3268,88167,2925,1.117,false
Q101,2024-10,28135,1045,71808,2606,0.401,false
Q101,2024-11,25893,979,61962,2370,0.413,false
Q101,2024-12,23697,857,58283,2133,0.402,false
Q101,2025-01,24409,881,65625,2423,0.364,false
Q101,2025-02,32663,1401,64927,2675,0.524,false
Q101,2025-03,56704,2114,78271,2954,0.716,false
Q101,2025-04,67646,2567,75459,2876,0.893,false
Q101,2025-05,74250,2563,80829,2845,0.901,false
Q101,2025-06,73940,2816,76614,2946,0.956,false
Q101,2025-07,79092,2807,78869,2865,0.98,false
Q101,2025-08,72735,2672,74109,2756,0.97,true
Q101,2025-09,78262,2934,75034,2762,1.062,false
Q101,2025-10,80455,2896,78522,2832,1.023,false
Q101,2025-11,69300,2666,67529,2609,1.022,false
Q101,2025-12,76413,2753,71147,2559,1.076,false
Q101,2026-01,72841,2663,,,,false
Q101,2026-02,69607,2924,72719,2970,0.985,false
Q101,2026-03,75746,2836,90309,3302,0.859,false
Q101,2026-04,76682,2842,85727,3158,0.9,false
Q101,2026-05,83170,3086,88475,3222,0.958,false
Q101,2026-06,82270,2999,89102,3311,0.906,false
Q101,2026-07,86181,3152,87126,3109,1.014,false
Q101,2026-08,86692,3115,90112,3268,0.953,false
Q102,2024-10,20276,710,55694,2000,0.355,false
Q102,2024-11,19334,738,48064,1808,0.408,false
Q102,2024-12,18500,730,48490,1763,0.414,false
Q102,2025-01,17532,602,50792,1842,0.327,false
Q102,2025-02,28971,1231,48132,1954,0.63,false
Q102,2025-03,41555,1514,56482,2086,0.726,false
Q102,2025-04,56205,2074,54281,2018,1.028,false
Q102,2025-05,60231,2170,58803,2127,1.02,false
Q102,2025-06,58776,2227,54467,2062,1.08,false
Q102,2025-07,57210,2000,53955,1871,1.069,false
Q102,2025-08,54531,1979,50095,1804,1.097,true
Q102,2025-09,19519,698,19304,681,1.025,false
Q102,2025-10,21123,773,20084,726,1.065,false
Q102,2025-11,18711,680,17352,646,1.053,false
Q102,2025-12,18369,650,17809,637,1.02,false
Q102,2026-01,18420,662,,,,false
Q102,2026-02,15349,617,16099,645,0.957,false
Q102,2026-03,17655,676,20238,743,0.91,false
Q102,2026-04,16253,600,20175,724,0.829,false
Q102,2026-05,20273,739,21375,776,0.952,false
Q102,2026-06,19263,687,20812,762,0.902,false
Q102,2026-07,20153,695,21037,739,0.94,false
Q102,2026-08,16755,595,19741,714,0.833,false
Q103,2024-10,12329,455,34413,1294,0.352,false
Q103,2024-11,9520,370,28539,1142,0.324,false
Q103,2024-12,10972,444,28555,1092,0.407,false
Q103,2025-01,12159,476,29791,1129,0.422,false
Q103,2025-02,18306,776,28009,1207,0.643,false
Q103,2025-03,27255,997,33851,1309,0.762,false
Q103,2025-04,33550,1302,33409,1305,0.998,false
Q103,2025-05,36741,1372,35574,1347,1.019,false
Q103,2025-06,36253,1419,33989,1336,1.062,false
Q103,2025-07,35005,1315,32740,1204,1.092,false
Q103,2025-08,33409,1251,31975,1195,1.047,true
Q103,2025-09,41250,1608,38750,1452,1.107,false
Q103,2025-10,43236,1615,39054,1446,1.117,false
Q103,2025-11,39209,1600,34671,1386,1.154,false
Q103,2025-12,41102,1535,36810,1360,1.129,false
Q103,2026-01,39563,1543,,,,false
Q103,2026-02,32997,1360,40764,1701,0.8,false
Q103,2026-03,41542,1556,47389,1782,0.873,false
Q103,2026-04,36005,1369,43257,1631,0.839,false
Q103,2026-05,40924,1599,43920,1686,0.948,false
Q103,2026-06,40362,1534,45365,1724,0.89,false
Q103,2026-07,38826,1453,44598,1660,0.875,false
Q103,2026-08,38510,1414,43738,1647,0.859,false
Q104,2024-10,22134,799,54778,1993,0.401,false
Q104,2024-11,16079,613,47515,1770,0.346,false
Q104,2024-12,16902,643,46210,1687,0.381,false
Q104,2025-01,13378,464,46167,1669,0.278,false
Q104,2025-02,23162,904,43281,1783,0.507,false
Q104,2025-03,43482,1612,50815,1917,0.841,false
Q104,2025-04,53563,2049,51039,1924,1.065,false
Q104,2025-05,56223,2115,53403,1959,1.08,false
Q104,2025-06,47371,1784,50228,1887,0.945,false
Q104,2025-07,47735,1698,48193,1667,1.019,false
Q104,2025-08,46594,1690,44221,1558,1.085,true
Q104,2025-09,46468,1719,46886,1741,0.987,false
Q104,2025-10,46797,1661,47725,1731,0.96,false
Q104,2025-11,47009,1796,44036,1652,1.087,false
Q104,2025-12,42631,1482,44661,1598,0.927,false
Q104,2026-01,44314,1658,,,,false
Q104,2026-02,37594,1566,39208,1562,1.003,false
Q104,2026-03,46312,1756,48695,1794,0.979,false
Q104,2026-04,44102,1719,44646,1652,1.041,false
Q104,2026-05,45039,1728,46239,1686,1.025,false
Q104,2026-06,45929,1760,46507,1713,1.027,false
Q104,2026-07,39411,1392,43346,1523,0.914,false
Q104,2026-08,39038,1402,42589,1522,0.921,false
Q109,2025-01,2997,117,124,5,23.4,false
Q109,2025-02,11219,482,185,6,80.333,false
Q109,2025-03,84406,3275,252,8,409.375,false
Q109,2025-04,102682,3953,212,7,564.714,false
Q109,2025-05,65385,2345,204,6,390.833,false
Q109,2026-07,138,6,2,0,,false
Q11,2024-10,10282,416,77948,2976,0.14,false
Q11,2024-11,6422,262,66821,2698,0.097,false
Q11,2024-12,8095,306,63212,2453,0.125,false
Q11,2025-01,8320,330,63509,2408,0.137,false
Q11,2025-02,26153,1166,60461,2638,0.442,false
Q11,2025-03,60482,2435,70359,2798,0.87,false
Q11,2025-04,80108,3216,69877,2779,1.157,false
Q11,2025-05,94537,3661,70842,2710,1.351,false
Q11,2025-06,88513,3596,69503,2796,1.286,false
Q11,2025-07,90867,3387,73351,2748,1.233,false
Q11,2025-08,86347,3188,71235,2722,1.171,true
Q11,2025-09,178085,6717,128349,4808,1.397,false
Q11,2025-10,185737,6749,129547,4710,1.433,false
Q11,2025-11,162792,6407,116607,4488,1.428,false
Q11,2025-12,175774,6427,117720,4231,1.519,false
Q11,2026-01,161571,6103,,,,false
Q11,2026-02,143472,5961,105445,4326,1.378,false
Q11,2026-03,166196,6279,128542,4718,1.331,false
Q11,2026-04,167542,6382,125555,4731,1.349,false
Q11,2026-05,192713,7312,129683,4805,1.522,false
Q11,2026-06,183515,6860,130053,4773,1.437,false
Q11,2026-07,153401,5430,116093,4195,1.294,false
Q11,2026-08,149904,5353,116083,4256,1.258,false
Q110,2024-10,29478,1157,105802,3945,0.293,false
Q110,2024-11,30445,1127,92395,3544,0.318,false
Q110,2024-12,30536,1164,89505,3365,0.346,false
Q110,2025-01,21739,740,91981,3406,0.217,false
Q110,2025-02,75737,3221,87138,3642,0.884,false
Q110,2025-03,157516,6034,103237,3983,1.515,false
Q110,2025-04,151032,5681,102469,3959,1.435,false
Q110,2025-05,156422,5756,101899,3809,1.511,false
Q110,2025-06,145584,5591,96257,3777,1.48,true
Q110,2025-07,159969,5699,114164,4161,1.37,false
Q110,2025-08,157291,5812,109293,4145,1.402,false
Q110,2025-09,171972,6467,112813,4315,1.499,false
Q110,2025-10,184079,6725,113188,4180,1.609,false
Q110,2025-11,164543,6394,97651,3845,1.663,false
Q110,2025-12,170243,6223,97753,3580,1.738,false
Q110,2026-01,155776,5883,,,,false
Q110,2026-02,135482,5619,84477,3502,1.605,false
Q110,2026-03,160633,6115,106982,4022,1.52,false
Q110,2026-04,164837,6236,102863,3924,1.589,false
Q110,2026-05,176264,6596,105487,4012,1.644,false
Q110,2026-06,186767,7041,104534,3961,1.778,false
Q110,2026-07,175460,6465,99858,3664,1.764,false
Q110,2026-08,166490,6193,93837,3563,1.738,false
Q111,2024-10,351808,12924,217545,8053,1.605,false
Q111,2024-11,323060,12270,190845,7368,1.665,false
Q111,2024-12,313653,11569,180720,6758,1.712,false
Q111,2025-01,311268,11513,184778,6787,1.696,false
Q111,2025-02,265538,11535,176529,7365,1.566,false
Q111,2025-03,356832,13605,199202,7625,1.784,false
Q111,2025-04,337271,12815,193178,7391,1.734,false
Q111,2025-05,353656,12965,193650,7149,1.814,false
Q111,2025-06,315344,12229,178209,6916,1.768,true
Q111,2025-07,160603,5844,107724,3991,1.464,false
Q111,2025-08,145935,5365,103252,3951,1.358,false
Q111,2025-09,156269,5972,111283,4303,1.388,false
Q111,2025-10,168736,6287,110250,4149,1.515,false
Q111,2025-11,142595,5746,93203,3733,1.539,false
Q111,2025-12,153706,5715,92335,3428,1.667,false
Q111,2026-01,136709,5213,,,,false
Q111,2026-02,110172,4578,81933,3463,1.322,false
Q111,2026-03,135046,5283,100672,3858,1.369,false
Q111,2026-04,128750,5061,99963,3893,1.3,false
Q111,2026-05,136558,5244,97305,3763,1.394,false
Q111,2026-06,144603,5486,93566,3595,1.526,false
Q111,2026-07,186886,6798,90069,3362,2.022,false
Q111,2026-08,184719,6951,87128,3343,2.079,false
Q112,2024-10,19439,747,82685,3089,0.242,false
Q112,2024-11,19998,763,72616,2827,0.27,false
Q112,2024-12,18221,652,70588,2650,0.246,false
Q112,2025-01,18802,666,72050,2642,0.252,false
Q112,2025-02,59485,2509,68794,2876,0.872,false
Q112,2025-03,119683,4602,81881,3139,1.466,false
Q112,2025-04,119823,4554,81035,3093,1.472,false
Q112,2025-05,124651,4589,82538,3046,1.507,false
Q112,2025-06,114524,4336,77179,3008,1.441,true
Q112,2025-07,124119,4480,80559,2935,1.526,false
Q112,2025-08,117442,4288,79109,2932,1.462,false
Q112,2025-09,140039,5260,89703,3411,1.542,false
Q112,2025-10,150290,5513,88038,3221,1.712,false
Q112,2025-11,129926,5092,75726,2931,1.737,false
Q112,2025-12,132424,4799,74703,2694,1.781,false
Q112,2026-01,116762,4391,,,,false
Q112,2026-02,103737,4306,63028,2587,1.664,false
Q112,2026-03,137643,5219,83327,3061,1.705,false
Q112,2026-04,136057,5096,82123,3082,1.653,false
Q112,2026-05,141681,5432,81163,3051,1.78,false
Q112,2026-06,147492,5429,81317,2963,1.832,false
Q112,2026-07,140610,5020,77992,2795,1.796,false
Q112,2026-08,132939,4823,73696,2729,1.767,false
Q113,2024-10,125632,4691,72885,2765,1.697,false
Q113,2024-11,111502,4347,64112,2571,1.691,false
Q113,2024-12,104161,4055,58181,2284,1.775,false
Q113,2025-01,106228,4015,58492,2227,1.803,false
Q113,2025-02,98453,4358,57322,2473,1.762,false
Q113,2025-03,127781,5036,66140,2641,1.907,false
Q113,2025-04,119970,4759,62238,2484,1.916,false
Q113,2025-05,123101,4689,63691,2440,1.922,false
Q113,2025-06,113639,4604,57652,2353,1.957,true
Q113,2025-07,109783,4184,61313,2377,1.76,false
Q113,2025-08,95002,3808,57100,2319,1.642,false
Q113,2025-09,105142,4279,56194,2267,1.888,false
Q113,2025-10,108902,4256,55687,2166,1.965,false
Q113,2025-11,87685,3733,46837,2000,1.867,false
Q113,2025-12,93441,3590,51131,1991,1.803,false
Q113,2026-01,83178,3335,,,,false
Q113,2026-02,64576,2778,44562,1955,1.421,false
Q113,2026-03,81328,3271,53674,2148,1.523,false
Q113,2026-04,86392,3492,52085,2114,1.652,false
Q113,2026-05,87862,3634,49978,2064,1.761,false
Q113,2026-06,91096,3719,49273,2003,1.857,false
Q113,2026-07,116795,4515,46139,1799,2.51,false
Q113,2026-08,106053,4241,42647,1727,2.456,false
Q114,2024-10,196280,6720,112343,3939,1.706,false
Q114,2024-11,185494,6730,102315,3767,1.787,false
Q114,2024-12,185619,6498,97324,3434,1.892,false
Q114,2025-01,184216,6527,98586,3493,1.869,false
Q114,2025-02,161133,6558,93580,3739,1.754,false
Q114,2025-03,214578,7625,107558,3878,1.966,false
Q114,2025-04,205585,7225,102426,3755,1.924,false
Q114,2025-05,215053,7325,101692,3609,2.03,false
Q114,2025-06,192537,6850,99215,3633,1.885,true
Q114,2025-07,182191,6030,95697,3222,1.872,false
Q114,2025-08,173936,5859,93700,3171,1.848,false
Q114,2025-09,182506,6290,97423,3399,1.851,false
Q114,2025-10,195551,6523,93414,3134,2.081,false
Q114,2025-11,173786,6021,85803,2978,2.022,false
Q114,2025-12,176167,5751,85948,2904,1.98,false
Q114,2026-01,154139,5250,,,,false
Q114,2026-02,134795,4985,76562,2944,1.693,false
Q114,2026-03,147166,5002,93784,3194,1.566,false
Q114,2026-04,135756,4740,87790,3043,1.558,false
Q114,2026-05,158707,5357,90733,3077,1.741,false
Q114,2026-06,173351,5910,84724,2914,2.028,false
Q114,2026-07,232240,7754,85784,2881,2.691,false
Q114,2026-08,230718,7483,81259,2677,2.795,false
Q115,2025-06,6420,175,4308,133,1.316,true
Q115,2025-07,116546,4207,79589,2898,1.452,false
Q115,2025-08,98175,3585,72368,2698,1.329,false
Q115,2025-09,108774,4103,73364,2814,1.458,false
Q115,2025-10,100231,3672,70482,2613,1.405,false
Q115,2025-11,92062,3698,60945,2419,1.529,false
Q115,2025-12,89896,3289,60460,2218,1.483,false
Q115,2026-01,83425,3105,,,,false
Q115,2026-02,70478,2943,53032,2220,1.326,false
Q115,2026-03,88323,3389,64834,2453,1.382,false
Q115,2026-04,75824,2836,60406,2317,1.224,false
Q115,2026-05,81960,3094,60449,2294,1.349,false
Q115,2026-06,85451,3200,57350,2174,1.472,false
Q115,2026-07,104613,3722,55341,2033,1.831,false
Q115,2026-08,106444,3943,53284,2018,1.954,false
Q12,2024-10,69210,2341,207687,7382,0.317,false
Q12,2024-11,55638,1955,187076,6866,0.285,false
Q12,2024-12,46885,1572,187585,6572,0.239,false
Q12,2025-01,47250,1457,187310,6532,0.223,false
Q12,2025-02,51937,1769,173181,6900,0.256,false
Q12,2025-03,57995,1995,199554,7129,0.28,false
Q12,2025-04,55067,1833,199107,7271,0.252,false
Q12,2025-05,59910,2061,203644,7169,0.287,false
Q12,2025-06,14760,478,198791,7301,0.065,true
Q12,2025-07,19154,696,206149,7181,0.097,false
Q12,2025-08,22592,650,199225,7049,0.092,false
Q12,2025-09,25523,784,204485,7335,0.107,false
Q12,2025-10,21476,598,196864,6903,0.087,false
Q12,2025-11,18317,453,189229,7040,0.064,false
Q12,2025-12,25044,574,194079,6784,0.085,false
Q12,2026-01,30069,856,,,,false
Q12,2026-02,31009,1077,173314,6797,0.158,false
Q12,2026-03,34325,1189,212584,7537,0.158,false
Q12,2026-04,23338,696,204357,7415,0.094,false
Q12,2026-05,30896,1011,206846,7345,0.138,false
Q12,2026-06,50223,1694,201774,7270,0.233,false
Q12,2026-07,59074,2160,195617,6905,0.313,false
Q12,2026-08,51787,1691,194506,6832,0.248,false
Q121,2025-01,2200,10,23,0,,false
Q13,2024-10,159047,5613,163621,5801,0.968,false
Q13,2024-11,143954,5343,144421,5292,1.01,false
Q13,2024-12,141059,5140,144189,5180,0.992,false
Q13,2025-01,123672,4500,140074,4955,0.908,false
Q13,2025-02,108772,4332,132750,5304,0.817,false
Q13,2025-03,137186,5106,157043,5733,0.891,false
Q13,2025-04,122959,4536,149553,5493,0.826,false
Q13,2025-05,120937,4206,154464,5402,0.779,false
Q13,2025-06,117634,4440,142717,5283,0.84,true
Q13,2025-07,83966,3011,120516,4265,0.706,false
Q13,2025-08,83305,2968,120679,4348,0.683,false
Q13,2025-09,87439,3186,126088,4619,0.69,false
Q13,2025-10,81476,2979,126279,4524,0.658,false
Q13,2025-11,81539,3086,109522,4188,0.737,false
Q13,2025-12,83648,3023,110390,3943,0.767,false
Q13,2026-01,75883,2785,,,,false
Q13,2026-02,62651,2559,96566,3843,0.666,false
Q13,2026-03,79724,3050,119613,4334,0.704,false
Q13,2026-04,69542,2515,115234,4250,0.592,false
Q13,2026-05,90852,3457,122793,4444,0.778,false
Q13,2026-06,84372,3116,117085,4262,0.731,false
Q13,2026-07,68983,2396,120994,4312,0.556,false
Q13,2026-08,65811,2306,120363,4347,0.53,false
Q14,2025-06,7925,257,6927,221,1.163,true
Q14,2025-07,179185,6424,152379,5433,1.182,false
Q14,2025-08,181952,6681,164989,6110,1.093,false
Q14,2025-09,188133,7002,172024,6402,1.094,false
Q14,2025-10,197541,7077,172068,6229,1.136,false
Q14,2025-11,179334,6873,153436,5828,1.179,false
Q14,2025-12,177813,6311,152976,5440,1.16,false
Q14,2026-01,155535,5748,,,,false
Q14,2026-02,132449,5408,126467,5209,1.038,false
Q14,2026-03,167694,6169,165374,6080,1.015,false
Q14,2026-04,170871,6513,163685,6116,1.065,false
Q14,2026-05,188446,6991,167590,6164,1.134,false
Q14,2026-06,187916,6808,169915,6267,1.086,false
Q14,2026-07,174103,6152,169068,6105,1.008,false
Q14,2026-08,172576,6145,167270,6086,1.01,false
Q15,2024-10,52705,1899,63686,2386,0.796,false
Q15,2024-11,48485,1808,56368,2213,0.817,false
Q15,2024-12,44544,1604,56100,2088,0.768,false
Q15,2025-01,39649,1395,54892,2003,0.696,false
Q15,2025-02,35281,1385,52984,2220,0.624,false
Q15,2025-03,37221,1320,64276,2471,0.534,false
Q15,2025-04,44052,1650,60237,2317,0.712,false
Q15,2025-05,46455,1618,63270,2347,0.689,false
Q15,2025-06,41103,1472,62261,2417,0.609,true
Q15,2025-07,74551,2648,113064,4151,0.638,false
Q15,2025-08,68099,2457,107981,4109,0.598,false
Q15,2025-09,72723,2636,114010,4362,0.604,false
Q15,2025-10,69681,2569,111830,4149,0.619,false
Q15,2025-11,65047,2489,93463,3729,0.667,false
Q15,2025-12,60066,2128,95897,3535,0.602,false
Q15,2026-01,60869,2287,,,,false
Q15,2026-02,52970,2201,81598,3401,0.647,false
Q15,2026-03,64347,2378,102960,3879,0.613,false
Q15,2026-04,56704,2119,99396,3819,0.555,false
Q15,2026-05,70187,2666,101457,3883,0.687,false
Q15,2026-06,66762,2445,98470,3722,0.657,false
Q15,2026-07,58111,2041,101469,3729,0.547,false
Q15,2026-08,59511,2219,98284,3670,0.605,false
Q15A,2024-10,61326,2237,68164,2581,0.867,false
Q15A,2024-11,53847,2033,58308,2302,0.883,false
Q15A,2024-12,51216,1873,56770,2129,0.88,false
Q15A,2025-01,47453,1738,59987,2250,0.772,false
Q15A,2025-02,41715,1678,57416,2443,0.687,false
Q15A,2025-03,40803,1502,64551,2512,0.598,false
Q15A,2025-04,50134,1981,64784,2518,0.787,false
Q15A,2025-05,53294,1991,67573,2542,0.783,false
Q15A,2025-06,42744,1621,59645,2383,0.68,true
Q16,2024-10,73159,2670,89763,3310,0.807,false
Q16,2024-11,69795,2701,77486,3001,0.9,false
Q16,2024-12,64607,2436,75391,2843,0.857,false
Q16,2025-01,51348,1811,74537,2744,0.66,false
Q16,2025-02,44540,1801,69924,2948,0.611,false
Q16,2025-03,52574,1880,83701,3222,0.583,false
Q16,2025-04,60906,2347,85318,3299,0.711,false
Q16,2025-05,68774,2522,88147,3302,0.764,false
Q16,2025-06,64322,2520,82972,3258,0.773,true
Q16,2025-07,44743,1538,76444,2782,0.553,false
Q16,2025-08,45329,1567,73056,2727,0.575,false
Q16,2025-09,46131,1706,76877,2934,0.581,false
Q16,2025-10,46932,1671,77484,2870,0.582,false
Q16,2025-11,46222,1810,65503,2597,0.697,false
Q16,2025-12,40095,1443,65662,2406,0.6,false
Q16,2026-01,37755,1438,,,,false
Q16,2026-02,37574,1564,59604,2469,0.633,false
Q16,2026-03,46296,1786,76427,2893,0.617,false
Q16,2026-04,41584,1601,71494,2733,0.586,false
Q16,2026-05,37690,1373,72938,2778,0.494,false
Q16,2026-06,45295,1680,72084,2699,0.622,false
Q16,2026-07,28430,921,71171,2596,0.355,false
Q16,2026-08,31433,1063,70159,2601,0.409,false
Q17,2024-10,265828,9252,323257,11507,0.804,false
Q17,2024-11,252710,9388,290054,10766,0.872,false
Q17,2024-12,242373,8441,276927,9930,0.85,false
Q17,2025-01,235933,8375,274068,9702,0.863,false
Q17,2025-02,210490,8474,264269,10658,0.795,false
Q17,2025-03,249242,9046,307239,11277,0.802,false
Q17,2025-04,241663,8773,296151,10921,0.803,false
Q17,2025-05,261810,9242,314146,11193,0.826,false
Q17,2025-06,236025,8534,281371,10327,0.826,true
Q17,2025-07,235660,7987,299496,10288,0.776,false
Q17,2025-08,209533,7174,283730,9932,0.722,false
Q17,2025-09,226022,8242,317669,11700,0.704,false
Q17,2025-10,244382,8669,310583,11119,0.78,false
Q17,2025-11,220417,8222,273286,10370,0.793,false
Q17,2025-12,222550,7880,267677,9475,0.832,false
Q17,2026-01,192468,6919,,,,false
Q17,2026-02,162296,6567,230024,9143,0.718,false
Q17,2026-03,199748,7291,290079,10455,0.697,false
Q17,2026-04,182138,6705,271331,9895,0.678,false
Q17,2026-05,202998,7394,277499,10028,0.737,false
Q17,2026-06,182187,6415,268999,9609,0.668,false
Q17,2026-07,184950,6470,252348,8765,0.738,false
Q17,2026-08,186576,6384,249260,8669,0.736,false
Q18,2024-10,67192,2492,190128,6925,0.36,false
Q18,2024-11,58143,2223,170908,6511,0.341,false
Q18,2024-12,64068,2341,162742,6044,0.387,false
Q18,2025-01,56053,2029,170532,6243,0.325,false
Q18,2025-02,79346,3431,161533,6677,0.514,false
Q18,2025-03,142124,5407,195734,7420,0.729,false
Q18,2025-04,176184,6662,188160,7136,0.934,false
Q18,2025-05,175860,6475,190059,6994,0.926,false
Q18,2025-06,184598,6907,180769,6861,1.007,false
Q18,2025-07,194334,7012,193003,6984,1.004,false
Q18,2025-08,185009,6814,184843,6868,0.992,true
Q18,2025-09,203063,7829,199799,7588,1.032,false
Q18,2025-10,211230,7722,193890,7111,1.086,false
Q18,2025-11,185262,7180,170741,6636,1.082,false
Q18,2025-12,184939,6777,171257,6237,1.087,false
Q18,2026-01,171486,6452,,,,false
Q18,2026-02,155671,6515,155034,6346,1.027,false
Q18,2026-03,169730,6333,192465,7214,0.878,false
Q18,2026-04,158365,6031,182155,6918,0.872,false
Q18,2026-05,168055,6503,183990,6979,0.932,false
Q18,2026-06,179944,6944,189603,7113,0.976,false
Q18,2026-07,167075,5975,180702,6582,0.908,false
Q18,2026-08,159935,5959,173215,6430,0.927,false
Q19,2024-10,53250,2003,87574,3239,0.618,false
Q19,2024-11,42574,1658,75751,2913,0.569,false
Q19,2024-12,39861,1567,73492,2764,0.567,false
Q19,2025-01,41322,1472,75240,2802,0.525,false
Q19,2025-02,39568,1623,71299,3013,0.539,false
Q19,2025-03,46032,1808,83007,3196,0.566,false
Q19,2025-04,43428,1671,84718,3283,0.509,false
Q19,2025-05,51343,1999,86230,3228,0.619,false
Q19,2025-06,55853,2046,82978,3228,0.634,false
Q19,2025-07,94853,3513,85788,3139,1.119,false
Q19,2025-08,85400,3230,82571,3133,1.031,true
Q19,2025-09,88579,3424,86406,3286,1.042,false
Q19,2025-10,87416,3205,84184,3097,1.035,false
Q19,2025-11,90937,3543,76831,2940,1.205,false
Q19,2025-12,84483,3124,74414,2719,1.149,false
Q19,2026-01,71751,2676,,,,false
Q19,2026-02,59837,2450,64963,2672,0.917,false
Q19,2026-03,75681,2858,81545,3054,0.936,false
Q19,2026-04,77636,3000,80709,3092,0.97,false
Q19,2026-05,86411,3316,83239,3109,1.067,false
Q19,2026-06,91679,3523,82982,3111,1.132,false
Q19,2026-07,85973,3103,79934,2906,1.068,false
Q19,2026-08,79708,2907,77697,2889,1.006,false
Q2,2024-10,113444,4096,109382,4018,1.019,false
Q2,2024-11,100306,3791,94371,3656,1.037,false
Q2,2024-12,95132,3554,89227,3342,1.063,false
Q2,2025-01,85900,3111,89304,3277,0.949,false
Q2,2025-02,86759,3662,83334,3493,1.048,false
Q2,2025-03,97674,3742,95795,3664,1.021,false
Q2,2025-04,104187,4049,93967,3610,1.122,false
Q2,2025-05,104119,3846,96518,3567,1.078,false
Q2,2025-06,87017,3405,86041,3355,1.015,true
Q2,2025-07,82162,3028,85827,3154,0.96,false
Q2,2025-08,76621,2863,82732,3124,0.916,false
Q2,2025-09,81150,3070,88612,3401,0.903,false
Q2,2025-10,85100,3120,90616,3338,0.935,false
Q2,2025-11,76157,2917,77518,3032,0.962,false
Q2,2025-12,71644,2645,73939,2716,0.974,false
Q2,2026-01,65591,2486,,,,false
Q2,2026-02,56552,2331,68546,2799,0.833,false
Q2,2026-03,66229,2492,84261,3152,0.791,false
Q2,2026-04,70881,2806,77922,2966,0.946,false
Q2,2026-05,85533,3401,76158,2895,1.175,false
Q2,2026-06,82930,3302,76642,2902,1.138,false
Q2,2026-07,84113,3189,78196,2876,1.109,false
Q2,2026-08,85292,3339,77400,2897,1.153,false
Q20,2025-06,13121,370,14366,423,0.875,true
Q20,2025-07,209413,7124,255736,8863,0.804,false
Q20,2025-08,216706,7751,247911,8760,0.885,false
Q20,2025-09,231390,8608,267177,9762,0.882,false
Q20,2025-10,231072,8272,268426,9544,0.867,false
Q20,2025-11,223573,8535,239325,9034,0.945,false
Q20,2025-12,229520,8053,228195,8014,1.005,false
Q20,2026-01,199709,7420,,,,false
Q20,2026-02,177853,7202,203828,8051,0.895,false
Q20,2026-03,226872,8113,255433,9129,0.889,false
Q20,2026-04,211063,8017,241634,8868,0.904,false
Q20,2026-05,221146,8070,248270,9021,0.895,false
Q20,2026-06,211511,7760,240407,8657,0.896,false
Q20,2026-07,181348,6161,231111,8080,0.762,false
Q20,2026-08,179432,6251,238185,8373,0.747,false
Q20A,2024-10,195054,5977,178572,5630,1.062,false
Q20A,2024-11,189733,6160,167757,5352,1.151,false
Q20A,2024-12,173682,5420,160846,5077,1.068,false
Q20A,2025-01,160360,4982,159497,4992,0.998,false
Q20A,2025-02,152398,5251,155914,5480,0.958,false
Q20A,2025-03,175651,5596,180105,5594,1,false
Q20A,2025-04,159915,4897,169578,5477,0.894,false
Q20A,2025-05,175221,5293,187164,5707,0.927,false
Q20A,2025-06,151415,4759,162899,5243,0.908,true
Q20B,2024-10,129576,5634,120053,5203,1.083,false
Q20B,2024-11,112823,5373,98454,4671,1.15,false
Q20B,2024-12,101961,4635,96664,4372,1.06,false
Q20B,2025-01,96536,4197,96953,4203,0.999,false
Q20B,2025-02,88073,4404,89499,4467,0.986,false
Q20B,2025-03,101962,4855,103247,4886,0.994,false
Q20B,2025-04,95738,4352,107631,4871,0.893,false
Q20B,2025-05,98722,4487,106031,4804,0.934,false
Q20B,2025-06,89943,4283,96968,4606,0.93,true
Q21,2024-10,4584,135,61347,2107,0.064,false
Q21,2024-11,5223,170,54039,1901,0.089,false
Q21,2024-12,6479,200,51918,1772,0.113,false
Q21,2025-01,7481,243,50529,1729,0.141,false
Q21,2025-02,16903,665,47188,1805,0.368,false
Q21,2025-03,45723,1649,57488,1988,0.829,false
Q21,2025-04,55230,1965,55111,1950,1.008,false
Q21,2025-05,72548,2491,58399,1984,1.256,false
Q21,2025-06,63987,2232,55186,1935,1.153,false
Q21,2025-07,58153,1953,47471,1591,1.228,false
Q21,2025-08,54864,1830,44470,1529,1.197,true
Q22,2024-10,18090,650,78787,2707,0.24,false
Q22,2024-11,14200,552,68312,2465,0.224,false
Q22,2024-12,15862,562,64006,2269,0.248,false
Q22,2025-01,22767,829,66474,2341,0.354,false
Q22,2025-02,70548,3021,58038,2308,1.309,false
Q22,2025-03,157348,5818,66892,2403,2.421,false
Q22,2025-04,212296,7866,64224,2344,3.356,false
Q22,2025-05,270802,9792,68073,2366,4.139,false
Q22,2025-06,264135,9969,70607,2565,3.887,false
Q22,2025-07,281979,9844,76242,2587,3.805,false
Q22,2025-08,262703,9284,71895,2439,3.806,true
Q22,2025-09,255941,9544,56448,2022,4.72,false
Q22,2025-10,266644,9509,51872,1800,5.283,false
Q22,2025-11,234425,9009,46376,1688,5.337,false
Q22,2025-12,239419,8571,49504,1730,4.954,false
Q22,2026-01,229351,8547,,,,false
Q22,2026-02,192789,7902,45750,1815,4.354,false
Q22,2026-03,230963,8506,59410,2103,4.045,false
Q22,2026-04,244048,9291,62244,2266,4.1,false
Q22,2026-05,277124,10365,61427,2214,4.682,false
Q22,2026-06,275697,10080,62238,2223,4.534,false
Q22,2026-07,267000,9498,62578,2184,4.349,false
Q22,2026-08,261019,9320,61658,2180,4.275,false
Q23,2024-10,201480,7489,354053,12987,0.577,false
Q23,2024-11,190593,7232,328527,12496,0.579,false
Q23,2024-12,183543,6774,322055,11731,0.577,false
Q23,2025-01,179505,6612,339713,12306,0.537,false
Q23,2025-02,167253,6811,311905,12729,0.535,false
Q23,2025-03,188150,7104,350754,13073,0.543,false
Q23,2025-04,189229,7168,359024,13449,0.533,false
Q23,2025-05,226899,8421,346145,12472,0.675,false
Q23,2025-06,197513,7401,311817,11843,0.625,true
Q23,2025-07,258271,9225,252262,9015,1.023,false
Q23,2025-08,249073,9105,241275,8852,1.029,false
Q23,2025-09,243771,9249,240359,8991,1.029,false
Q23,2025-10,256888,9290,239158,8641,1.075,false
Q23,2025-11,244117,9473,213079,8104,1.169,false
Q23,2025-12,236425,8575,213918,7634,1.123,false
Q23,2026-01,221715,8449,,,,false
Q23,2026-02,193048,7960,193413,7849,1.014,false
Q23,2026-03,235084,8902,235200,8609,1.034,false
Q23,2026-04,218241,8173,235458,8833,0.925,false
Q23,2026-05,258608,9836,242878,8978,1.096,false
Q23,2026-06,244482,9025,245469,9097,0.992,false
Q23,2026-07,256717,9398,246372,8845,1.063,false
Q23,2026-08,246662,9006,249022,9094,0.99,false
Q24,2024-10,182649,6582,116204,4153,1.585,false
Q24,2024-11,152764,5719,100132,3701,1.545,false
Q24,2024-12,135410,4950,93428,3354,1.476,false
Q24,2025-01,145013,5154,98634,3480,1.481,false
Q24,2025-02,125373,5147,91528,3748,1.373,false
Q24,2025-03,158012,5705,111128,4095,1.393,false
Q24,2025-04,148553,5418,105595,3862,1.403,false
Q24,2025-05,145912,5286,103942,3730,1.417,false
Q24,2025-06,137162,5193,99316,3716,1.397,false
Q24,2025-07,142710,5076,100823,3546,1.431,false
Q24,2025-08,131403,4817,93086,3395,1.419,true
Q24,2025-09,137743,5297,87662,3340,1.586,false
Q24,2025-10,131236,4848,84497,3132,1.548,false
Q24,2025-11,113538,4478,70608,2755,1.625,false
Q24,2025-12,102041,3860,65673,2421,1.594,false
Q24,2026-01,98848,3673,,,,false
Q24,2026-02,80250,3427,56789,2372,1.445,false
Q24,2026-03,119551,4516,80579,2981,1.515,false
Q24,2026-04,118559,4500,82556,3063,1.469,false
Q24,2026-05,129787,5016,83350,3139,1.598,false
Q24,2026-06,132027,4827,84343,3025,1.596,false
Q24,2026-07,111095,3826,82010,2909,1.315,false
Q24,2026-08,99408,3678,77938,2846,1.292,false
Q25,2024-10,267158,9596,446782,16229,0.591,false
Q25,2024-11,222924,8092,401844,15208,0.532,false
Q25,2024-12,206083,7515,386654,14163,0.531,false
Q25,2025-01,225228,8061,384397,13779,0.585,false
Q25,2025-02,212466,8527,371348,15225,0.56,false
Q25,2025-03,239300,9115,417311,15534,0.587,false
Q25,2025-04,233469,8658,423255,15888,0.545,false
Q25,2025-05,284267,10130,435202,15709,0.645,false
Q25,2025-06,237032,8799,395057,14876,0.591,true
Q25,2025-07,288916,10388,496885,18229,0.57,false
Q25,2025-08,281643,10693,486345,18492,0.578,false
Q25,2025-09,308006,11894,505008,19468,0.611,false
Q25,2025-10,309564,11649,496359,18521,0.629,false
Q25,2025-11,296098,11862,433050,17282,0.686,false
Q25,2025-12,280730,10650,436331,16037,0.664,false
Q25,2026-01,260199,9639,,,,false
Q25,2026-02,218419,9021,366506,15255,0.591,false
Q25,2026-03,277602,10873,477788,18198,0.597,false
Q25,2026-04,258990,10066,450192,17331,0.581,false
Q25,2026-05,315422,12262,445170,17135,0.716,false
Q25,2026-06,330708,12303,433122,16417,0.749,false
Q25,2026-07,276589,10211,438130,16154,0.632,false
Q25,2026-08,298032,11271,424492,16108,0.7,false
Q26,2024-10,20892,908,25818,1123,0.809,false
Q26,2024-11,17350,826,21979,1047,0.789,false
Q26,2024-12,14933,679,21109,960,0.707,false
Q26,2025-01,13272,577,22228,966,0.597,false
Q26,2025-02,11329,566,20729,1036,0.546,false
Q26,2025-03,14767,703,24155,1150,0.611,false
Q26,2025-04,14607,664,24503,1114,0.596,false
Q26,2025-05,13218,601,24644,1120,0.537,false
Q26,2025-06,17905,733,34077,1419,0.517,true
Q26,2025-07,134116,4765,259140,9325,0.511,false
Q26,2025-08,131890,4944,259031,9541,0.518,false
Q26,2025-09,143372,5345,269597,10180,0.525,false
Q26,2025-10,155752,5746,275083,10063,0.571,false
Q26,2025-11,135187,5214,239784,9331,0.559,false
Q26,2025-12,131069,4732,247832,8893,0.532,false
Q26,2026-01,133803,4995,,,,false
Q26,2026-02,111007,4516,212940,8661,0.521,false
Q26,2026-03,128397,4899,266358,9868,0.496,false
Q26,2026-04,134794,5164,259874,9808,0.527,false
Q26,2026-05,154490,5670,261920,9777,0.58,false
Q26,2026-06,171831,6308,265369,9822,0.642,false
Q26,2026-07,153900,5482,260896,9391,0.584,false
Q26,2026-08,160517,5833,257686,9465,0.616,false
Q27,2024-10,477486,17418,498865,18062,0.964,false
Q27,2024-11,415050,15616,442565,16738,0.933,false
Q27,2024-12,396618,14443,420733,15271,0.946,false
Q27,2025-01,370317,13232,407845,14498,0.913,false
Q27,2025-02,339714,14154,400126,16430,0.861,false
Q27,2025-03,414288,15610,464091,17294,0.903,false
Q27,2025-04,391748,14617,441697,16532,0.884,false
Q27,2025-05,401728,14790,453950,16367,0.904,false
Q27,2025-06,331908,12243,399547,14900,0.822,true
Q27,2025-07,261064,9364,327416,11663,0.803,false
Q27,2025-08,257365,9462,321836,11827,0.8,false
Q27,2025-09,292180,11161,355081,13408,0.832,false
Q27,2025-10,298388,10947,341925,12478,0.877,false
Q27,2025-11,263515,10427,296573,11554,0.902,false
Q27,2025-12,241883,8823,279608,10039,0.879,false
Q27,2026-01,214487,7986,,,,false
Q27,2026-02,196312,8170,250556,10129,0.807,false
Q27,2026-03,256277,9801,319773,11758,0.834,false
Q27,2026-04,214169,8196,296231,11067,0.741,false
Q27,2026-05,237751,9093,300938,11144,0.816,false
Q27,2026-06,225363,8328,285489,10446,0.797,false
Q27,2026-07,203518,7056,281538,10047,0.702,false
Q27,2026-08,235300,8316,282219,10207,0.815,false
Q28,2024-10,197445,7415,195171,7239,1.024,false
Q28,2024-11,175320,6747,174021,6714,1.005,false
Q28,2024-12,166757,6150,167652,6160,0.998,false
Q28,2025-01,143435,5250,173311,6335,0.829,false
Q28,2025-02,139576,5933,156457,6456,0.919,false
Q28,2025-03,161668,6207,186090,6998,0.887,false
Q28,2025-04,162176,6302,181380,6909,0.912,false
Q28,2025-05,171742,6344,191844,7076,0.897,false
Q28,2025-06,138495,5218,177538,6838,0.763,true
Q28,2025-07,75190,2690,147812,5311,0.506,false
Q28,2025-08,71519,2498,135668,4925,0.507,false
Q28,2025-09,90304,3512,156176,5948,0.59,false
Q28,2025-10,93426,3474,155225,5711,0.608,false
Q28,2025-11,87806,3564,130362,5147,0.692,false
Q28,2025-12,86837,3241,131027,4737,0.684,false
Q28,2026-01,77162,3009,,,,false
Q28,2026-02,64407,2778,111747,4574,0.607,false
Q28,2026-03,83376,3279,139649,5219,0.628,false
Q28,2026-04,82880,3205,134296,5063,0.633,false
Q28,2026-05,106310,4282,143018,5294,0.809,false
Q28,2026-06,100975,3835,136728,5069,0.757,false
Q28,2026-07,78075,2790,133610,4799,0.581,false
Q28,2026-08,75250,2678,128158,4656,0.575,false
Q29,2024-10,51719,1787,123137,4416,0.405,false
Q29,2024-11,48697,1775,110443,4100,0.433,false
Q29,2024-12,38250,1349,108680,3910,0.345,false
Q29,2025-01,39225,1422,102584,3680,0.386,false
Q29,2025-02,55031,2172,102048,4172,0.521,false
Q29,2025-03,92203,3380,123586,4530,0.746,false
Q29,2025-04,104946,3882,123034,4582,0.847,false
Q29,2025-05,121101,4267,130813,4705,0.907,false
Q29,2025-06,115477,4318,121423,4548,0.949,true
Q29,2025-07,121943,4267,119293,4164,1.025,false
Q29,2025-08,117294,4154,111697,3986,1.042,false
Q29,2025-09,119198,4394,110672,4034,1.089,false
Q29,2025-10,123967,4401,110966,3929,1.12,false
Q29,2025-11,109386,4120,99940,3701,1.113,false
Q29,2025-12,97830,3347,95320,3320,1.008,false
Q29,2026-01,91067,3378,,,,false
Q29,2026-02,88154,3520,85258,3385,1.04,false
Q29,2026-03,102522,3742,106497,3831,0.977,false
Q29,2026-04,97584,3637,103645,3871,0.94,false
Q29,2026-05,100969,3606,105971,3843,0.938,false
Q29,2026-06,107532,3895,105857,3839,1.015,false
Q29,2026-07,96793,3390,104973,3757,0.902,false
Q29,2026-08,93851,3270,102984,3694,0.885,false
Q3,2024-10,214848,7438,143282,5099,1.459,false
Q3,2024-11,190491,7116,131048,4840,1.47,false
Q3,2024-12,182136,6372,124227,4465,1.427,false
Q3,2025-01,168460,5906,126043,4484,1.317,false
Q3,2025-02,159922,6510,116035,4673,1.393,false
Q3,2025-03,171253,6230,132354,4824,1.291,false
Q3,2025-04,176071,6493,131665,4861,1.336,false
Q3,2025-05,181359,6552,134559,4784,1.37,false
Q3,2025-06,167720,6237,124540,4598,1.356,true
Q3,2025-07,163914,5670,132068,4670,1.214,false
Q3,2025-08,163270,5653,126834,4575,1.236,false
Q3,2025-09,160950,5862,132081,4868,1.204,false
Q3,2025-10,167812,5927,129070,4601,1.288,false
Q3,2025-11,157497,5761,113955,4280,1.346,false
Q3,2025-12,151605,5229,107435,3813,1.371,false
Q3,2026-01,144967,5252,,,,false
Q3,2026-02,121612,4838,95970,3853,1.256,false
Q3,2026-03,133598,4968,118843,4307,1.153,false
Q3,2026-04,132261,4968,115973,4280,1.161,false
Q3,2026-05,151846,5659,116370,4240,1.335,false
Q3,2026-06,137645,4926,116238,4268,1.154,false
Q3,2026-07,143589,4969,113130,4001,1.242,false
Q3,2026-08,134260,4754,110758,3978,1.195,false
Q30,2024-10,184951,7255,191943,7525,0.964,false
Q30,2024-11,158369,6615,165300,6889,0.96,false
Q30,2024-12,141536,5628,148237,5929,0.949,false
Q30,2025-01,137044,5258,144462,5619,0.936,false
Q30,2025-02,140087,6192,157147,7043,0.879,false
Q30,2025-03,157453,6571,179129,7471,0.88,false
Q30,2025-04,155096,6243,170293,6956,0.897,false
Q30,2025-05,158067,6287,168499,6709,0.937,false
Q30,2025-06,117366,4830,133007,5448,0.887,true
Q30,2025-07,60799,2140,74711,2590,0.826,false
Q30,2025-08,53028,1781,66813,2357,0.756,false
Q30,2025-09,70108,2664,82975,3133,0.85,false
Q30,2025-10,71650,2638,80941,2912,0.906,false
Q30,2025-11,62436,2383,69948,2644,0.901,false
Q30,2025-12,59094,2135,63077,2248,0.95,false
Q30,2026-01,54464,2006,,,,false
Q30,2026-02,52932,2086,58466,2366,0.882,false
Q30,2026-03,61633,2288,73457,2664,0.859,false
Q30,2026-04,49847,1845,68171,2525,0.731,false
Q30,2026-05,52845,1904,67909,2484,0.767,false
Q30,2026-06,46628,1673,62996,2283,0.733,false
Q30,2026-07,46444,1599,61389,2139,0.748,false
Q30,2026-08,45815,1542,57530,1976,0.78,false
Q31,2024-10,134271,5392,121856,4931,1.093,false
Q31,2024-11,107689,4659,98377,4247,1.097,false
Q31,2024-12,94120,3942,90178,3764,1.047,false
Q31,2025-01,92228,3735,92769,3752,0.995,false
Q31,2025-02,85849,4013,86790,4014,1,false
Q31,2025-03,106716,4681,105948,4604,1.017,false
Q31,2025-04,100331,4219,102812,4338,0.973,false
Q31,2025-05,108755,4553,106173,4395,1.036,false
Q31,2025-06,87067,3798,88969,3838,0.99,true
Q31,2025-07,65451,2564,80726,3169,0.809,false
Q31,2025-08,58600,2465,71267,2964,0.832,false
Q31,2025-09,84579,3558,102570,4311,0.825,false
Q31,2025-10,78029,3116,98284,3958,0.787,false
Q31,2025-11,74254,3346,76932,3427,0.976,false
Q31,2025-12,72023,2881,71237,2842,1.014,false
Q31,2026-01,64081,2694,,,,false
Q31,2026-02,53297,2477,63396,2887,0.858,false
Q31,2026-03,70351,3004,80865,3357,0.895,false
Q31,2026-04,61837,2598,75880,3162,0.822,false
Q31,2026-05,65810,2834,72378,3067,0.924,false
Q31,2026-06,54022,2249,68895,2841,0.792,false
Q31,2026-07,41274,1599,62158,2453,0.652,false
Q31,2026-08,35045,1443,60738,2500,0.577,false
Q32,2024-10,195052,6754,198997,6955,0.971,false
Q32,2024-11,165062,5882,174700,6262,0.939,false
Q32,2024-12,146852,4991,166056,5730,0.871,false
Q32,2025-01,150448,5090,184015,6300,0.808,false
Q32,2025-02,137740,5292,175331,6759,0.783,false
Q32,2025-03,171719,6026,212331,7359,0.819,false
Q32,2025-04,174314,6298,209216,7539,0.835,false
Q32,2025-05,180740,6160,214463,7238,0.851,false
Q32,2025-06,186639,6496,216402,7768,0.836,false
Q32,2025-07,211639,7309,228368,7839,0.932,false
Q32,2025-08,191583,6626,214329,7454,0.889,true
Q32,2025-09,180604,6511,195738,6907,0.943,false
Q32,2025-10,186364,6415,206104,6931,0.926,false
Q32,2025-11,174603,6220,176885,6322,0.984,false
Q32,2025-12,170318,5908,177991,6119,0.966,false
Q32,2026-01,152923,5413,,,,false
Q32,2026-02,132043,5153,157457,6102,0.844,false
Q32,2026-03,155398,5419,202038,6887,0.787,false
Q32,2026-04,154527,5477,193407,6909,0.793,false
Q32,2026-05,195935,6471,227125,7597,0.852,false
Q32,2026-06,167932,5942,196354,7051,0.843,false
Q32,2026-07,169017,5851,195111,6800,0.86,false
Q32,2026-08,173941,5890,200824,6890,0.855,false
Q33,2024-10,55410,2071,158492,5798,0.357,false
Q33,2024-11,48457,1743,148769,5683,0.307,false
Q33,2024-12,49843,1751,146235,5357,0.327,false
Q33,2025-01,45326,1655,144718,5270,0.314,false
Q33,2025-02,66694,2801,136026,5595,0.501,false
Q33,2025-03,114710,4301,157985,5914,0.727,false
Q33,2025-04,138881,5251,152393,5739,0.915,false
Q33,2025-05,139872,5068,156018,5695,0.89,false
Q33,2025-06,129973,5058,145410,5583,0.906,false
Q33,2025-07,143078,5135,151236,5465,0.94,false
Q33,2025-08,136506,5062,142484,5287,0.957,true
Q33,2025-09,115223,4257,127707,4810,0.885,false
Q33,2025-10,120628,4317,129094,4690,0.92,false
Q33,2025-11,110638,4259,117098,4543,0.937,false
Q33,2025-12,114361,4089,124356,4443,0.92,false
Q33,2026-01,103026,3812,,,,false
Q33,2026-02,92863,3737,112308,4620,0.809,false
Q33,2026-03,106917,4056,138816,5191,0.781,false
Q33,2026-04,96211,3689,125897,4805,0.768,false
Q33,2026-05,98389,3778,121628,4586,0.824,false
Q33,2026-06,99605,3776,120890,4560,0.828,false
Q33,2026-07,99854,3645,117986,4293,0.849,false
Q33,2026-08,101304,3819,116604,4413,0.865,false
Q34,2024-10,74234,3227,124585,5415,0.596,false
Q34,2024-11,59716,2843,105659,5030,0.565,false
Q34,2024-12,55706,2532,103356,4692,0.54,false
Q34,2025-01,60048,2611,96342,4183,0.624,false
Q34,2025-02,56764,2838,96255,4808,0.59,false
Q34,2025-03,61822,2944,107041,5097,0.578,false
Q34,2025-04,64602,2936,115306,5241,0.56,false
Q34,2025-05,74886,3404,110093,5004,0.68,false
Q34,2025-06,56549,2692,91220,4343,0.62,true
Q35,2024-10,12894,394,66735,2221,0.177,false
Q35,2024-11,8331,265,60255,2178,0.122,false
Q35,2024-12,12614,422,52726,1869,0.226,false
Q35,2025-01,9609,306,51282,1826,0.168,false
Q35,2025-02,30753,1243,53236,2178,0.571,false
Q35,2025-03,66933,2387,62753,2309,1.034,false
Q35,2025-04,93837,3504,61782,2291,1.529,false
Q35,2025-05,108199,3758,63443,2236,1.681,false
Q35,2025-06,111688,3983,70935,2514,1.584,false
Q35,2025-07,127311,4053,82627,2544,1.593,false
Q35,2025-08,119430,3563,79174,2287,1.558,true
Q35,2025-09,102020,3676,58088,2084,1.764,false
Q35,2025-10,95145,3223,51678,1767,1.824,false
Q35,2025-11,88835,3284,44770,1650,1.99,false
Q35,2025-12,90979,3163,43131,1530,2.067,false
Q35,2026-01,75722,2761,,,,false
Q35,2026-02,69328,2774,37603,1528,1.815,false
Q35,2026-03,84070,3019,47910,1712,1.763,false
Q35,2026-04,83140,3057,47220,1740,1.757,false
Q35,2026-05,103000,3694,53163,1907,1.937,false
Q35,2026-06,119617,3898,67989,2119,1.84,false
Q35,2026-07,129523,3940,76737,2268,1.737,false
Q35,2026-08,123578,3756,73308,2107,1.783,false
Q36,2024-10,125460,4773,123002,4651,1.026,false
Q36,2024-11,115409,4642,106479,4260,1.09,false
Q36,2024-12,101103,3931,102782,3971,0.99,false
Q36,2025-01,93683,3556,102705,3884,0.916,false
Q36,2025-02,80193,3499,96091,4161,0.841,false
Q36,2025-03,101199,3943,111509,4447,0.887,false
Q36,2025-04,105376,4128,111216,4417,0.935,false
Q36,2025-05,103772,3990,112032,4304,0.927,false
Q36,2025-06,93183,3742,101077,4095,0.914,true
Q36,2025-07,36819,1384,46285,1739,0.796,false
Q36,2025-08,31170,1186,41759,1614,0.735,false
Q36,2025-09,37855,1499,47245,1841,0.814,false
Q36,2025-10,39600,1501,47571,1790,0.839,false
Q36,2025-11,31420,1269,40370,1643,0.772,false
Q36,2025-12,30129,1122,39228,1479,0.759,false
Q36,2026-01,30113,1218,,,,false
Q36,2026-02,27308,1205,36716,1583,0.761,false
Q36,2026-03,34520,1421,44340,1719,0.827,false
Q36,2026-04,27088,1069,42064,1646,0.649,false
Q36,2026-05,27489,1067,43367,1699,0.628,false
Q36,2026-06,28922,1153,40622,1568,0.735,false
Q36,2026-07,29480,1092,40567,1519,0.719,false
Q36,2026-08,28011,1077,39569,1523,0.707,false
Q37,2024-10,20851,818,149612,5581,0.147,false
Q37,2024-11,14465,570,130663,5122,0.111,false
Q37,2024-12,12617,467,122621,4663,0.1,false
Q37,2025-01,11761,435,123343,4590,0.095,false
Q37,2025-02,76222,3351,115192,4934,0.679,false
Q37,2025-03,129383,4919,135680,5295,0.929,false
Q37,2025-04,164587,6355,134403,5203,1.221,false
Q37,2025-05,162332,6059,136666,5129,1.181,false
Q37,2025-06,147007,5786,127413,5028,1.151,false
Q37,2025-07,159198,5770,130822,4825,1.196,false
Q37,2025-08,147248,5519,125541,4781,1.154,true
Q37,2025-09,160520,6165,127525,4942,1.247,false
Q37,2025-10,165732,6243,126871,4739,1.317,false
Q37,2025-11,151422,6082,107697,4292,1.417,false
Q37,2025-12,141893,5205,105297,3888,1.339,false
Q37,2026-01,139295,5343,,,,false
Q37,2026-02,125132,5311,98070,4160,1.277,false
Q37,2026-03,147526,5730,122546,4632,1.237,false
Q37,2026-04,147816,5755,119638,4577,1.257,false
Q37,2026-05,159590,6145,117540,4525,1.358,false
Q37,2026-06,159491,6014,118420,4489,1.34,false
Q37,2026-07,151252,5557,117999,4354,1.276,false
Q37,2026-08,143694,5390,114111,4323,1.247,false
Q38,2024-10,86132,3267,166718,6341,0.515,false
Q38,2024-11,75304,3182,147734,5910,0.538,false
Q38,2024-12,82418,3114,144815,5553,0.561,false
Q38,2025-01,81765,3150,150991,5736,0.549,false
Q38,2025-02,69289,3008,139156,6018,0.5,false
Q38,2025-03,92343,3571,160315,6357,0.562,false
Q38,2025-04,81313,3247,162738,6465,0.502,false
Q38,2025-05,103667,3922,167090,6442,0.609,false
Q38,2025-06,85493,3496,147336,5917,0.591,true
Q38,2025-07,41215,1528,60600,2279,0.67,false
Q38,2025-08,41450,1639,56511,2223,0.737,false
Q38,2025-09,43618,1725,64190,2565,0.673,false
Q38,2025-10,49069,1870,65557,2516,0.743,false
Q38,2025-11,45378,1877,55104,2293,0.819,false
Q38,2025-12,44645,1701,56829,2172,0.783,false
Q38,2026-01,42383,1699,,,,false
Q38,2026-02,36477,1608,49435,2135,0.753,false
Q38,2026-03,43056,1718,62973,2472,0.695,false
Q38,2026-04,40830,1640,60317,2416,0.679,false
Q38,2026-05,38455,1589,60557,2459,0.646,false
Q38,2026-06,47367,1872,60190,2354,0.795,false
Q38,2026-07,33001,1233,58394,2225,0.554,false
Q38,2026-08,32463,1304,58146,2284,0.571,false
Q39,2024-10,41100,1637,110304,4385,0.373,false
Q39,2024-11,38358,1661,95305,3989,0.416,false
Q39,2024-12,30054,1229,86933,3497,0.351,false
Q39,2025-01,33999,1371,94449,3723,0.368,false
Q39,2025-02,52667,2393,91872,4111,0.582,false
Q39,2025-03,78871,3231,114002,4769,0.678,false
Q39,2025-04,93982,3817,107177,4421,0.863,false
Q39,2025-05,98159,3960,113576,4601,0.861,false
Q39,2025-06,83913,3493,97186,4043,0.864,true
Q39,2025-07,76758,2969,80500,3103,0.957,false
Q39,2025-08,68997,2776,73752,2966,0.936,false
Q39,2025-09,92971,3809,93153,3825,0.996,false
Q39,2025-10,101469,4004,97283,3849,1.04,false
Q39,2025-11,87993,3861,79981,3473,1.112,false
Q39,2025-12,79055,3117,75692,2963,1.052,false
Q39,2026-01,77172,3129,,,,false
Q39,2026-02,66396,2993,68722,3041,0.984,false
Q39,2026-03,88995,3649,91622,3699,0.986,false
Q39,2026-04,75914,3111,83053,3386,0.919,false
Q39,2026-05,79838,3388,83355,3459,0.979,false
Q39,2026-06,73767,2958,78916,3193,0.926,false
Q39,2026-07,66061,2554,75330,2932,0.871,false
Q39,2026-08,59201,2397,69810,2792,0.859,false
Q4,2024-10,207309,7716,157125,5854,1.318,false
Q4,2024-11,182384,6998,137444,5327,1.314,false
Q4,2024-12,165864,6254,130653,4921,1.271,false
Q4,2025-01,172549,6373,129543,4795,1.329,false
Q4,2025-02,158163,6644,122451,5153,1.289,false
Q4,2025-03,182339,7003,137524,5305,1.32,false
Q4,2025-04,172551,6592,133342,5136,1.283,false
Q4,2025-05,185541,6987,137163,5131,1.362,false
Q4,2025-06,174257,6773,126715,4975,1.361,true
Q4,2025-07,146401,5247,122201,4489,1.169,false
Q4,2025-08,136196,4999,116953,4438,1.126,false
Q4,2025-09,149240,5765,122088,4693,1.228,false
Q4,2025-10,159517,6030,120428,4495,1.341,false
Q4,2025-11,130408,5132,102457,4062,1.263,false
Q4,2025-12,130015,4802,99269,3666,1.31,false
Q4,2026-01,118603,4530,,,,false
Q4,2026-02,96116,3923,87891,3687,1.064,false
Q4,2026-03,118335,4566,106536,4085,1.118,false
Q4,2026-04,104857,4016,102890,3994,1.006,false
Q4,2026-05,126694,5043,102176,3942,1.279,false
Q4,2026-06,112749,4272,100620,3860,1.107,false
Q4,2026-07,120977,4308,97767,3639,1.184,false
Q4,2026-08,104973,3873,94792,3619,1.07,false
Q40,2024-10,11480,419,74515,2746,0.153,false
Q40,2024-11,9503,354,68714,2666,0.133,false
Q40,2024-12,8617,325,69395,2620,0.124,false
Q40,2025-01,6818,247,66024,2441,0.101,false
Q40,2025-02,57516,2450,63943,2680,0.914,false
Q40,2025-03,90299,3395,72065,2773,1.224,false
Q40,2025-04,111586,4205,71720,2768,1.519,false
Q40,2025-05,112195,4090,72242,2690,1.52,false
Q40,2025-06,108432,4159,67525,2634,1.579,false
Q40,2025-07,112379,4053,69763,2567,1.579,false
Q40,2025-08,106914,3930,67512,2572,1.528,true
Q40,2025-09,101412,3849,64280,2476,1.555,false
Q40,2025-10,104660,3879,64703,2402,1.615,false
Q40,2025-11,91333,3595,55349,2192,1.64,false
Q40,2025-12,88399,3210,54888,2002,1.603,false
Q40,2026-01,79919,3022,,,,false
Q40,2026-02,71483,2920,44397,1843,1.584,false
Q40,2026-03,88449,3348,58217,2202,1.52,false
Q40,2026-04,87895,3397,57074,2215,1.534,false
Q40,2026-05,98590,3807,55732,2168,1.756,false
Q40,2026-06,98082,3666,55076,2103,1.743,false
Q40,2026-07,89392,3202,53712,1990,1.609,false
Q40,2026-08,93368,3508,53578,2050,1.711,false
Q41,2024-10,12348,484,115103,4424,0.109,false
Q41,2024-11,8097,333,96703,3853,0.086,false
Q41,2024-12,12284,514,91734,3554,0.145,false
Q41,2025-01,13787,541,97103,3682,0.147,false
Q41,2025-02,44516,2008,90992,3936,0.51,false
Q41,2025-03,109717,4425,103705,4148,1.067,false
Q41,2025-04,149189,5890,104033,4132,1.425,false
Q41,2025-05,173569,6717,105312,4034,1.665,false
Q41,2025-06,186623,7645,101676,4086,1.871,false
Q41,2025-07,156836,5855,102518,3844,1.523,false
Q41,2025-08,146343,5647,96491,3796,1.488,true
Q41,2025-09,160887,6281,98769,3861,1.627,false
Q41,2025-10,166896,6396,97868,3698,1.73,false
Q41,2025-11,147819,6062,85703,3470,1.747,false
Q41,2025-12,155737,5907,84871,3178,1.859,false
Q41,2026-01,141282,5495,,,,false
Q41,2026-02,129419,5551,74577,3168,1.752,false
Q41,2026-03,156635,6167,94163,3658,1.686,false
Q41,2026-04,155242,6074,91955,3590,1.692,false
Q41,2026-05,171259,6768,89873,3506,1.93,false
Q41,2026-06,161635,6253,89931,3470,1.802,false
Q41,2026-07,154936,5783,89323,3355,1.724,false
Q41,2026-08,151379,5688,88556,3413,1.667,false
Q42,2024-10,17510,761,20036,871,0.874,false
Q42,2024-11,14452,688,16468,784,0.878,false
Q42,2024-12,13300,605,16065,730,0.829,false
Q42,2025-01,14765,642,17297,752,0.854,false
Q42,2025-02,13123,656,15623,781,0.84,false
Q42,2025-03,14362,684,18364,874,0.783,false
Q42,2025-04,14910,678,18359,834,0.813,false
Q42,2025-05,14200,645,18020,819,0.788,false
Q42,2025-06,12548,598,15907,757,0.79,true
Q42,2025-07,14041,610,16057,698,0.874,false
Q42,2025-08,11901,567,14219,677,0.838,false
Q42,2025-09,13734,624,17595,800,0.78,false
Q42,2025-10,16083,699,18729,814,0.859,false
Q42,2025-11,10562,528,14866,743,0.711,false
Q42,2025-12,11500,500,15737,684,0.731,false
Q42,2026-01,11271,512,,,,false
Q42,2026-02,9430,472,13193,659,0.716,false
Q42,2026-03,11642,529,16368,744,0.711,false
Q42,2026-04,12707,578,16464,748,0.773,false
Q42,2026-05,11147,531,15585,742,0.716,false
Q42,2026-06,10668,485,16020,728,0.666,false
Q42,2026-07,10248,446,14189,617,0.723,false
Q42,2026-08,8830,420,13706,652,0.644,false
Q43,2024-10,284794,10261,242865,8989,1.142,false
Q43,2024-11,253868,9480,215557,8280,1.145,false
Q43,2024-12,261483,9536,205224,7660,1.245,false
Q43,2025-01,249243,9029,208600,7615,1.186,false
Q43,2025-02,215093,8775,196882,8164,1.075,false
Q43,2025-03,249987,9341,230265,8780,1.064,false
Q43,2025-04,229215,8686,226767,8690,1,false
Q43,2025-05,230319,8663,234764,8712,0.994,false
Q43,2025-06,210162,8124,216704,8410,0.966,true
Q43,2025-07,163920,5898,183194,6691,0.881,false
Q43,2025-08,146670,5265,169227,6401,0.823,false
Q43,2025-09,163867,6376,190609,7357,0.867,false
Q43,2025-10,170512,6432,191672,7159,0.898,false
Q43,2025-11,152362,5937,165702,6591,0.901,false
Q43,2025-12,142611,5218,161056,5959,0.876,false
Q43,2026-01,130242,5027,,,,false
Q43,2026-02,116917,4964,143961,6006,0.827,false
Q43,2026-03,145223,5716,178020,6766,0.845,false
Q43,2026-04,134212,5264,171468,6577,0.8,false
Q43,2026-05,140386,5574,172554,6657,0.837,false
Q43,2026-06,147586,5634,170571,6494,0.868,false
Q43,2026-07,123324,4402,161527,5927,0.743,false
Q43,2026-08,132721,4704,159926,6015,0.782,false
Q44+,2024-10,719886,25225,378397,13174,1.915,false
Q44+,2024-11,594894,21820,331627,11904,1.833,false
Q44+,2024-12,553102,19570,309566,10870,1.8,false
Q44+,2025-01,546141,19156,316341,11073,1.73,false
Q44+,2025-02,496187,19813,308539,12345,1.605,false
Q44+,2025-03,544550,19552,366723,13228,1.478,false
Q44+,2025-04,539394,19865,371161,13553,1.466,false
Q44+,2025-05,501103,17626,385797,13548,1.301,false
Q44+,2025-06,507640,18396,396755,14676,1.253,false
Q44+,2025-07,467048,15731,437284,15323,1.027,false
Q44+,2025-08,447685,15700,435016,15732,0.998,false
Q44+,2025-09,449307,16207,437243,16129,1.005,false
Q44+,2025-10,378468,12809,440876,15836,0.809,false
Q44+,2025-11,412919,15384,398433,15055,1.022,false
Q44+,2025-12,384375,13282,390555,13948,0.952,false
Q44+,2026-01,342714,12359,,,,false
Q44+,2026-02,270000,10478,344061,13900,0.754,false
Q44+,2026-03,312067,10803,435231,15820,0.683,false
Q44+,2026-04,320135,11499,441206,16402,0.701,false
Q44+,2026-05,344204,12303,458853,16819,0.731,false
Q44+,2026-06,338699,12174,452084,16554,0.735,false
Q44+,2026-07,366173,12553,445729,15919,0.789,false
Q44+,2026-08,461432,15910,440969,15951,0.997,false
Q45,2025-06,3099,97,5041,164,0.591,true
Q45,2025-07,75767,2674,108384,3954,0.676,false
Q45,2025-08,74839,2759,99594,3775,0.731,false
Q45,2025-09,78606,2956,125534,4912,0.602,false
Q45,2025-10,76149,2802,121021,4564,0.614,false
Q45,2025-11,68776,2640,105142,4277,0.617,false
Q45,2025-12,62400,2268,95899,3565,0.636,false
Q45,2026-01,58711,2278,,,,false
Q45,2026-02,56866,2456,99048,4269,0.575,false
Q45,2026-03,66167,2526,116113,4469,0.565,false
Q45,2026-04,62184,2482,110143,4327,0.574,false
Q45,2026-05,59898,2288,100431,3934,0.582,false
Q45,2026-06,59067,2280,98670,3800,0.6,false
Q45,2026-07,53876,1934,93205,3451,0.56,false
Q45,2026-08,54974,2068,90796,3470,0.596,false
Q46,2024-10,324628,11901,409180,15396,0.773,false
Q46,2024-11,295652,11573,355918,14167,0.817,false
Q46,2024-12,274015,10320,332421,12778,0.808,false
Q46,2025-01,260959,9853,327212,12369,0.797,false
Q46,2025-02,248149,10740,318094,13772,0.78,false
Q46,2025-03,292642,11661,367292,14639,0.797,false
Q46,2025-04,282383,11049,363176,14375,0.769,false
Q46,2025-05,283247,10801,361995,13889,0.778,false
Q46,2025-06,244092,9379,320991,12812,0.732,true
Q46,2025-07,122947,4299,170184,5952,0.722,false
Q46,2025-08,115984,4014,161715,5744,0.699,false
Q46,2025-09,132472,4939,173394,6380,0.774,false
Q46,2025-10,136038,4610,173387,6085,0.758,false
Q46,2025-11,120404,4505,150490,5593,0.805,false
Q46,2025-12,113402,4036,142037,4995,0.808,false
Q46,2026-01,103366,3810,,,,false
Q46,2026-02,93887,3810,133744,5382,0.708,false
Q46,2026-03,103316,3896,164309,5960,0.654,false
Q46,2026-04,94023,3415,155931,5731,0.596,false
Q46,2026-05,110377,3980,158108,5724,0.695,false
Q46,2026-06,107032,3866,156830,5700,0.678,false
Q46,2026-07,101274,3597,153141,5385,0.668,false
Q46,2026-08,103460,3656,149255,5300,0.69,false
Q47,2024-10,62410,2375,192336,7328,0.324,false
Q47,2024-11,58193,2244,169789,6806,0.33,false
Q47,2024-12,57172,2181,170518,6568,0.332,false
Q47,2025-01,58267,2252,172991,6586,0.342,false
Q47,2025-02,79568,3434,162293,7016,0.489,false
Q47,2025-03,133352,5391,190118,7611,0.708,false
Q47,2025-04,159972,6380,187154,7383,0.864,false
Q47,2025-05,174624,6522,197077,7570,0.862,false
Q47,2025-06,160570,6485,180427,7294,0.889,false
Q47,2025-07,174699,6576,191251,7187,0.915,false
Q47,2025-08,157671,6190,180608,7054,0.878,true
Q47,2025-09,165644,6530,176567,6942,0.941,false
Q47,2025-10,181039,6870,181098,6896,0.996,false
Q47,2025-11,158472,6547,157483,6452,1.015,false
Q47,2025-12,165201,6275,163521,6138,1.022,false
Q47,2026-01,150249,5808,,,,false
Q47,2026-02,123626,5337,144937,6199,0.861,false
Q47,2026-03,153950,6074,184405,7150,0.85,false
Q47,2026-04,143737,5664,176715,6937,0.816,false
Q47,2026-05,156100,6193,174312,6866,0.902,false
Q47,2026-06,160310,6191,179618,7046,0.879,false
Q47,2026-07,157717,5968,178316,6753,0.884,false
Q47,2026-08,150981,5899,176046,6931,0.851,false
Q48,2024-10,80972,2794,71888,2395,1.167,false
Q48,2024-11,73914,2569,65047,2229,1.153,false
Q48,2024-12,67999,2335,60903,2035,1.147,false
Q48,2025-01,58230,1997,58495,1944,1.027,false
Q48,2025-02,51177,2029,53081,1945,1.043,false
Q48,2025-03,60429,1911,64828,2143,0.892,false
Q48,2025-04,59764,2020,61795,2112,0.956,false
Q48,2025-05,63639,2180,68723,2253,0.968,false
Q48,2025-06,64440,2373,64379,2316,1.025,true
Q48,2025-07,47965,2085,65713,2857,0.73,false
Q48,2025-08,38570,1837,59245,2821,0.651,false
Q48,2025-09,45775,2081,70925,3224,0.645,false
Q48,2025-10,52128,2266,72756,3163,0.716,false
Q48,2025-11,41793,2090,58131,2907,0.719,false
Q48,2025-12,40065,1742,59639,2593,0.672,false
Q48,2026-01,36802,1673,,,,false
Q48,2026-02,36436,1822,55356,2767,0.658,false
Q48,2026-03,40770,1853,68741,3123,0.593,false
Q48,2026-04,39666,1803,65110,2958,0.61,false
Q48,2026-05,34433,1640,59537,2835,0.578,false
Q48,2026-06,35453,1612,61094,2777,0.58,false
Q48,2026-07,34790,1513,58808,2557,0.592,false
Q48,2026-08,30357,1446,54048,2572,0.562,false
Q49,2024-10,59361,2131,201770,7430,0.287,false
Q49,2024-11,57081,2119,183196,7016,0.302,false
Q49,2024-12,59743,2136,183311,6796,0.314,false
Q49,2025-01,60285,2193,184852,6774,0.324,false
Q49,2025-02,89400,3831,169269,6997,0.548,false
Q49,2025-03,133107,5131,194496,7393,0.694,false
Q49,2025-04,159852,6072,187408,7168,0.847,false
Q49,2025-05,166619,6011,202276,7501,0.801,false
Q49,2025-06,161205,6261,187305,7249,0.864,false
Q49,2025-07,165209,5971,196605,7220,0.827,false
Q49,2025-08,163405,6137,185235,7011,0.875,true
Q49,2025-09,170372,6487,193567,7409,0.876,false
Q49,2025-10,182420,6751,198839,7323,0.922,false
Q49,2025-11,174149,6882,176658,6959,0.989,false
Q49,2025-12,174276,6450,188223,6829,0.945,false
Q49,2026-01,164134,6106,,,,false
Q49,2026-02,139351,5668,171696,7105,0.798,false
Q49,2026-03,157890,6074,206739,7825,0.776,false
Q49,2026-04,145858,5564,192476,7369,0.755,false
Q49,2026-05,176924,6811,196126,7417,0.918,false
Q49,2026-06,168380,6371,195839,7464,0.854,false
Q49,2026-07,155107,5775,189750,6957,0.83,false
Q49,2026-08,164158,6297,186624,7045,0.894,false
Q5,2024-10,258825,9371,200718,7346,1.276,false
Q5,2024-11,231638,8655,180612,6842,1.265,false
Q5,2024-12,216842,7867,171956,6297,1.249,false
Q5,2025-01,212804,7686,169909,6206,1.238,false
Q5,2025-02,202916,8418,160612,6650,1.266,false
Q5,2025-03,227803,8607,182649,6905,1.246,false
Q5,2025-04,227051,8520,182056,6940,1.228,false
Q5,2025-05,244583,8886,183956,6735,1.319,false
Q5,2025-06,223177,8448,169874,6529,1.294,true
Q5,2025-07,122072,3888,117239,4014,0.969,false
Q5,2025-08,114791,3578,107535,3660,0.978,false
Q5,2025-09,115298,4017,113977,4092,0.982,false
Q5,2025-10,113526,3785,113055,3932,0.963,false
Q5,2025-11,100341,3540,100691,3658,0.968,false
Q5,2025-12,96105,3126,95069,3274,0.955,false
Q5,2026-01,92759,3146,,,,false
Q5,2026-02,79427,3015,82548,3242,0.93,false
Q5,2026-03,99355,3463,101665,3580,0.967,false
Q5,2026-04,84534,2914,97415,3514,0.829,false
Q5,2026-05,101740,3524,98818,3543,0.995,false
Q5,2026-06,95956,3238,94869,3401,0.952,false
Q5,2026-07,99048,3217,91033,3171,1.015,false
Q5,2026-08,95498,3021,90111,3095,0.976,false
Q50,2024-10,5890,236,79218,2944,0.08,false
Q50,2024-11,2019,89,69986,2724,0.033,false
Q50,2024-12,1746,65,64159,2419,0.027,false
Q50,2025-01,1335,45,65291,2392,0.019,false
Q50,2025-02,47465,2062,61549,2582,0.799,false
Q50,2025-03,105352,4158,73450,2808,1.481,false
Q50,2025-04,107846,4250,76603,2964,1.434,false
Q50,2025-05,108750,4180,77340,2857,1.463,false
Q50,2025-06,96180,3878,73069,2842,1.365,true
Q50,2025-07,103911,3796,77446,2823,1.345,false
Q50,2025-08,94736,3698,75313,2871,1.288,false
Q50,2025-09,93432,3661,76374,2940,1.245,false
Q50,2025-10,103210,3847,76060,2829,1.36,false
Q50,2025-11,82906,3410,64887,2628,1.298,false
Q50,2025-12,85781,3271,63926,2394,1.366,false
Q50,2026-01,80335,3115,,,,false
Q50,2026-02,68390,2919,58047,2449,1.192,false
Q50,2026-03,88923,3469,74408,2825,1.228,false
Q50,2026-04,89844,3560,73086,2851,1.249,false
Q50,2026-05,90698,3614,75163,2905,1.244,false
Q50,2026-06,82367,3216,73769,2810,1.144,false
Q50,2026-07,87257,3246,71296,2639,1.23,false
Q50,2026-08,89074,3305,70914,2673,1.236,false
Q51,2025-06,885,19,605,19,1,true
Q51,2025-07,37172,1302,22664,815,1.598,false
Q51,2025-08,47091,1705,27952,1021,1.67,false
Q51,2025-09,58283,2251,33012,1267,1.777,false
Q51,2025-10,65735,2466,33992,1261,1.956,false
Q51,2025-11,61338,2501,30556,1190,2.102,false
Q51,2025-12,59586,2238,30044,1100,2.035,false
Q51,2026-01,62884,2384,,,,false
Q51,2026-02,60571,2659,27357,1137,2.339,false
Q51,2026-03,72338,2800,35070,1309,2.139,false
Q51,2026-04,67703,2646,34042,1286,2.058,false
Q51,2026-05,73098,2876,34518,1305,2.204,false
Q51,2026-06,76843,2902,35075,1310,2.215,false
Q51,2026-07,66382,2406,35156,1295,1.858,false
Q51,2026-08,71838,2759,32900,1209,2.282,false
Q52+,2024-10,174002,6085,336896,11503,1.649,false
Q52+,2024-11,148995,5270,288445,10205,1.658,false
Q52+,2024-12,147894,5242,265059,9226,1.718,false
Q52+,2025-01,153295,5557,279342,9750,1.747,false
Q52+,2025-02,164883,6872,283429,11220,1.67,false
Q52+,2025-03,191491,7049,350483,12580,1.529,false
Q52+,2025-04,189167,7047,349629,12811,1.545,false
Q52+,2025-05,182275,6500,344942,11923,1.495,false
Q52+,2025-06,142849,5401,337795,12344,1.379,false
Q52+,2025-07,141412,4908,354127,11893,1.336,false
Q52+,2025-08,134971,4722,350459,11877,1.264,true
Q52+,2025-09,124467,4507,324512,11703,1.373,false
Q52+,2025-10,124717,4409,308422,10785,1.418,false
Q52+,2025-11,124459,4670,276550,10151,1.555,false
Q52+,2025-12,135648,4686,297196,10494,1.355,false
Q52+,2026-01,109408,3952,,,,false
Q52+,2026-02,101164,4072,263211,10545,1.08,false
Q52+,2026-03,90767,3401,346655,12318,0.921,false
Q52+,2026-04,94485,3507,357890,13113,0.867,false
Q52+,2026-05,106240,3957,380055,13765,0.922,false
Q52+,2026-06,101500,3728,385906,13908,0.804,false
Q52+,2026-07,81125,2879,388242,13418,0.64,false
Q52+,2026-08,65861,2338,384010,13256,0.521,false
Q53+,2024-10,381343,12887,336896,11503,1.649,false
Q53+,2024-11,322437,11650,288445,10205,1.658,false
Q53+,2024-12,303223,10604,265059,9226,1.718,false
Q53+,2025-01,324957,11480,279342,9750,1.747,false
Q53+,2025-02,294282,11863,283429,11220,1.67,false
Q53+,2025-03,347374,12180,350483,12580,1.529,false
Q53+,2025-04,353656,12743,349629,12811,1.545,false
Q53+,2025-05,330437,11326,344942,11923,1.495,false
Q53+,2025-06,324364,11618,337795,12344,1.379,false
Q53+,2025-07,339549,10985,354127,11893,1.336,false
Q53+,2025-08,322952,10287,350459,11877,1.264,false
Q53+,2025-09,324805,11565,324512,11703,1.373,false
Q53+,2025-10,315359,10885,308422,10785,1.418,false
Q53+,2025-11,305627,11118,276550,10151,1.555,false
Q53+,2025-12,280465,9531,297196,10494,1.355,false
Q53+,2026-01,243947,8458,,,,false
Q53+,2026-02,190497,7317,263211,10545,1.08,false
Q53+,2026-03,223210,7949,346655,12318,0.921,false
Q53+,2026-04,218741,7862,357890,13113,0.867,false
Q53+,2026-05,246051,8733,380055,13765,0.922,false
Q53+,2026-06,213856,7457,385906,13908,0.804,false
Q53+,2026-07,176668,5704,388242,13418,0.64,false
Q53+,2026-08,144107,4574,384010,13256,0.521,false
Q54,2024-10,294024,10678,219168,8040,1.328,false
Q54,2024-11,259785,9951,191132,7292,1.365,false
Q54,2024-12,259177,9441,184909,6810,1.386,false
Q54,2025-01,267151,9681,192013,7012,1.381,false
Q54,2025-02,243937,10058,178610,7349,1.369,false
Q54,2025-03,293166,11024,209815,7884,1.398,false
Q54,2025-04,281796,10776,208350,7873,1.369,false
Q54,2025-05,295596,10838,212885,7819,1.386,false
Q54,2025-06,266833,10250,200715,7659,1.338,true
Q54,2025-07,284549,9965,222488,7955,1.253,false
Q54,2025-08,274699,10277,209801,7889,1.303,false
Q54,2025-09,337217,12965,218323,8329,1.557,false
Q54,2025-10,348078,12934,214113,7903,1.637,false
Q54,2025-11,308030,12165,185272,7279,1.671,false
Q54,2025-12,279758,10330,178571,6569,1.573,false
Q54,2026-01,247756,9443,,,,false
Q54,2026-02,215798,8943,160484,6627,1.349,false
Q54,2026-03,249604,9550,196786,7366,1.296,false
Q54,2026-04,246439,9589,195635,7475,1.283,false
Q54,2026-05,264306,10197,199386,7606,1.341,false
Q54,2026-06,263445,9856,205919,7798,1.264,false
Q54,2026-07,243285,8919,200543,7382,1.208,false
Q54,2026-08,229453,8658,194492,7344,1.179,false
Q55,2024-10,173689,6226,144753,5283,1.178,false
Q55,2024-11,151015,5667,129410,4982,1.137,false
Q55,2024-12,149351,5517,127959,4759,1.159,false
Q55,2025-01,157983,5797,130852,4816,1.204,false
Q55,2025-02,146915,6084,124227,5140,1.184,false
Q55,2025-03,179904,6746,145887,5529,1.22,false
Q55,2025-04,168829,6409,141756,5384,1.19,false
Q55,2025-05,171836,6273,143530,5302,1.183,false
Q55,2025-06,163124,6276,133690,5182,1.211,true
Q55,2025-07,155536,5570,133383,4850,1.148,false
Q55,2025-08,153808,5592,130502,4804,1.164,false
Q55,2025-09,164630,6328,137318,5216,1.213,false
Q55,2025-10,174610,6414,134689,4934,1.3,false
Q55,2025-11,155185,6107,118467,4610,1.325,false
Q55,2025-12,141219,5154,117263,4272,1.206,false
Q55,2026-01,138594,5305,,,,false
Q55,2026-02,118190,4918,102781,4264,1.153,false
Q55,2026-03,143258,5416,126539,4703,1.152,false
Q55,2026-04,137155,5205,124304,4685,1.111,false
Q55,2026-05,153147,5872,126793,4754,1.235,false
Q55,2026-06,153669,5843,130461,4870,1.2,false
Q55,2026-07,137040,4911,128317,4668,1.052,false
Q55,2026-08,133654,4874,124021,4576,1.065,false
Q56,2024-10,168853,6138,114258,4042,1.519,false
Q56,2024-11,149443,5517,102557,3755,1.469,false
Q56,2024-12,142142,5121,96180,3426,1.495,false
Q56,2025-01,144441,5048,99756,3496,1.444,false
Q56,2025-02,131536,5284,94053,3764,1.404,false
Q56,2025-03,152689,5552,109598,3907,1.421,false
Q56,2025-04,143466,5360,107475,3924,1.366,false
Q56,2025-05,144790,5092,107884,3799,1.34,false
Q56,2025-06,145991,5356,106542,3891,1.377,false
Q56,2025-07,157105,5378,109810,3791,1.419,false
Q56,2025-08,144064,5073,99813,3531,1.437,true
Q56,2025-09,142189,5308,98556,3681,1.442,false
Q56,2025-10,155719,5709,96498,3504,1.629,false
Q56,2025-11,134731,5099,83867,3102,1.644,false
Q56,2025-12,126061,4604,79194,2840,1.621,false
Q56,2026-01,111281,3886,,,,false
Q56,2026-02,87411,3591,63188,2567,1.399,false
Q56,2026-03,121281,4402,89764,3210,1.371,false
Q56,2026-04,124902,4509,91461,3327,1.355,false
Q56,2026-05,132365,4950,90532,3271,1.513,false
Q56,2026-06,142155,5024,95031,3338,1.505,false
Q56,2026-07,132265,4565,97902,3424,1.333,false
Q56,2026-08,129677,4594,92447,3277,1.402,false
Q58,2024-10,755298,26351,639008,22233,1.185,false
Q58,2024-11,694440,25432,573945,20862,1.219,false
Q58,2024-12,669038,23486,548947,19405,1.21,false
Q58,2025-01,689588,24487,561885,19787,1.238,false
Q58,2025-02,648679,25757,528743,20850,1.235,false
Q58,2025-03,694568,25325,625338,22399,1.131,false
Q58,2025-04,638638,23543,592331,21683,1.086,false
Q58,2025-05,691065,24596,621078,21860,1.125,false
Q58,2025-06,622133,23031,576534,21190,1.087,true
Q58,2025-07,380140,12996,427119,14804,0.878,false
Q58,2025-08,336777,11511,402642,14177,0.812,false
Q58,2025-09,371376,13785,394938,14253,0.967,false
Q58,2025-10,369800,13078,395916,13751,0.951,false
Q58,2025-11,363393,13362,358062,12968,1.03,false
Q58,2025-12,334231,11812,343935,11961,0.988,false
Q58,2026-01,312648,11340,,,,false
Q58,2026-02,253723,10168,301170,11779,0.863,false
Q58,2026-03,309187,11602,371396,13229,0.877,false
Q58,2026-04,321386,11690,359174,13037,0.897,false
Q58,2026-05,345581,12868,368152,13132,0.98,false
Q58,2026-06,332201,12047,352262,12620,0.955,false
Q58,2026-07,279811,9565,355854,12492,0.766,false
Q58,2026-08,262921,9250,360278,12656,0.731,false
Q59,2024-10,170944,6241,156901,5807,1.075,false
Q59,2024-11,150890,5726,142020,5405,1.059,false
Q59,2024-12,145056,5277,138111,5089,1.037,false
Q59,2025-01,147247,5417,142123,5207,1.04,false
Q59,2025-02,143124,5895,133221,5532,1.066,false
Q59,2025-03,166986,6358,153771,5814,1.094,false
Q59,2025-04,160913,6073,151186,5773,1.052,false
Q59,2025-05,157333,5807,153637,5665,1.025,false
Q59,2025-06,154217,6024,147261,5642,1.068,true
Q59,2025-07,162863,5700,154703,5496,1.037,false
Q59,2025-08,157055,5770,147927,5491,1.051,false
Q59,2025-09,154768,5941,151770,5698,1.043,false
Q59,2025-10,165231,5931,149532,5446,1.089,false
Q59,2025-11,138431,5192,130304,5000,1.038,false
Q59,2025-12,140637,4971,131885,4741,1.049,false
Q59,2026-01,132972,4992,,,,false
Q59,2026-02,131918,5442,124554,5085,1.07,false
Q59,2026-03,133560,4956,146600,5455,0.909,false
Q59,2026-04,128291,4900,140671,5380,0.911,false
Q59,2026-05,136841,5216,138576,5179,1.007,false
Q59,2026-06,143605,5335,139507,5205,1.025,false
Q59,2026-07,127919,4559,138373,4995,0.913,false
Q59,2026-08,120278,4414,136454,5022,0.879,false
Q60,2024-10,30914,1035,299777,10405,0.099,false
Q60,2024-11,29374,1027,266766,9563,0.107,false
Q60,2024-12,23437,871,254368,8903,0.098,false
Q60,2025-01,20009,702,256177,8922,0.079,false
Q60,2025-02,182626,7574,252860,10050,0.754,false
Q60,2025-03,312252,11041,308816,10974,1.006,false
Q60,2025-04,388531,14136,303580,11077,1.276,false
Q60,2025-05,369570,12715,309050,10719,1.186,false
Q60,2025-06,380547,13913,304469,11104,1.253,false
Q60,2025-07,415561,14101,320572,10995,1.282,false
Q60,2025-08,390444,13751,303491,10702,1.285,true
Q60,2025-09,389475,14238,307291,11102,1.282,false
Q60,2025-10,403865,13904,307057,10649,1.306,false
Q60,2025-11,374049,13766,269201,9761,1.41,false
Q60,2025-12,347469,12041,254517,8802,1.368,false
Q60,2026-01,326536,11788,,,,false
Q60,2026-02,282053,11207,225681,8865,1.264,false
Q60,2026-03,351513,12539,300509,10540,1.19,false
Q60,2026-04,360679,13076,290283,10513,1.244,false
Q60,2026-05,416122,14797,311545,10941,1.352,false
Q60,2026-06,415350,14890,296369,10656,1.397,false
Q60,2026-07,396325,13865,289824,10143,1.367,false
Q60,2026-08,394248,13902,291446,10204,1.362,false
Q61,2025-06,1172,36,1910,64,0.562,true
Q61,2025-07,34045,1254,50748,1846,0.679,false
Q61,2025-08,40096,1529,53554,1985,0.77,false
Q61,2025-09,45896,1784,55160,2087,0.855,false
Q61,2025-10,40875,1544,55471,2049,0.754,false
Q61,2025-11,40605,1627,46603,1902,0.855,false
Q61,2025-12,39938,1515,49969,1829,0.828,false
Q61,2026-01,28411,1065,,,,false
Q61,2026-02,28198,1194,45915,1882,0.634,false
Q61,2026-03,33832,1294,56234,2089,0.619,false
Q61,2026-04,33662,1329,55286,2099,0.633,false
Q61,2026-05,41788,1633,56242,2118,0.771,false
Q61,2026-06,38642,1446,55612,2069,0.699,false
Q61,2026-07,40683,1599,56687,2083,0.768,false
Q61,2026-08,26075,973,56416,2105,0.462,false
Q63,2025-06,4545,135,6851,222,0.608,true
Q63,2025-07,83295,2984,145727,5273,0.566,false
Q63,2025-08,83114,3097,142790,5343,0.58,false
Q63,2025-09,95645,3719,153109,5822,0.639,false
Q63,2025-10,94496,3432,153204,5601,0.613,false
Q63,2025-11,90642,3367,139358,5246,0.642,false
Q63,2025-12,84711,3170,135798,4888,0.649,false
Q63,2026-01,78194,3091,,,,false
Q63,2026-02,68625,2966,116143,4740,0.626,false
Q63,2026-03,89417,3475,146139,5367,0.647,false
Q63,2026-04,86096,3374,141096,5355,0.63,false
Q63,2026-05,107694,4194,148837,5486,0.764,false
Q63,2026-06,104519,3947,147043,5521,0.715,false
Q63,2026-07,93937,3540,145876,5327,0.665,false
Q63,2026-08,88407,3173,138232,5162,0.615,false
Q64,2024-10,31907,1238,178939,6780,0.183,false
Q64,2024-11,24028,951,162234,6487,0.147,false
Q64,2024-12,30784,1177,156701,6064,0.194,false
Q64,2025-01,23080,849,150494,5722,0.148,false
Q64,2025-02,73192,3143,151977,6617,0.475,false
Q64,2025-03,149047,5933,176329,7065,0.84,false
Q64,2025-04,141251,5599,170340,6769,0.827,false
Q64,2025-05,148238,5677,174835,6752,0.841,false
Q64,2025-06,129182,5055,153896,6198,0.816,true
Q64,2025-07,65153,2381,135034,5020,0.474,false
Q64,2025-08,57916,2292,131341,5079,0.451,false
Q64,2025-09,77503,2968,150503,5924,0.501,false
Q64,2025-10,85158,3158,151646,5760,0.548,false
Q64,2025-11,84599,3528,140056,5705,0.618,false
Q64,2025-12,78678,2990,135692,5102,0.586,false
Q64,2026-01,66774,2606,,,,false
Q64,2026-02,54209,2337,125889,5400,0.433,false
Q64,2026-03,68736,2707,152153,5916,0.458,false
Q64,2026-04,77666,2982,142922,5626,0.53,false
Q64,2026-05,84703,3408,143546,5732,0.595,false
Q64,2026-06,80786,3004,135708,5236,0.574,false
Q64,2026-07,66260,2459,131452,4926,0.499,false
Q64,2026-08,79869,3050,129793,4993,0.611,false
Q65,2024-10,262638,9776,454879,16834,0.581,false
Q65,2024-11,234662,8953,411940,15945,0.561,false
Q65,2024-12,217811,8331,410226,15256,0.546,false
Q65,2025-01,232105,8570,414737,15242,0.562,false
Q65,2025-02,209879,8857,376995,15691,0.564,false
Q65,2025-03,245168,9517,427824,16250,0.586,false
Q65,2025-04,229445,9004,447779,17178,0.524,false
Q65,2025-05,293310,10915,458642,17042,0.64,false
Q65,2025-06,236962,9462,420269,16374,0.578,true
Q65,2025-07,142548,5233,253831,9189,0.569,false
Q65,2025-08,139306,5179,245506,9179,0.564,false
Q65,2025-09,157324,6099,262854,10046,0.607,false
Q65,2025-10,168408,6376,264084,9753,0.654,false
Q65,2025-11,148351,5808,231619,9028,0.643,false
Q65,2025-12,157207,5797,231842,8447,0.686,false
Q65,2026-01,140822,5266,,,,false
Q65,2026-02,123488,5005,198574,8156,0.614,false
Q65,2026-03,145332,5646,249831,9364,0.603,false
Q65,2026-04,150805,5882,241171,9218,0.638,false
Q65,2026-05,192494,7602,246412,9344,0.814,false
Q65,2026-06,185322,7166,243281,9163,0.782,false
Q65,2026-07,163425,5972,243837,8903,0.671,false
Q65,2026-08,170662,6119,237914,8852,0.691,false
Q66,2024-10,231974,8408,351188,12484,0.674,false
Q66,2024-11,183696,6844,318705,11679,0.586,false
Q66,2024-12,183374,6798,309878,11025,0.617,false
Q66,2025-01,191514,6816,316973,11221,0.607,false
Q66,2025-02,170486,6850,295467,11760,0.582,false
Q66,2025-03,208233,7573,335010,12041,0.629,false
Q66,2025-04,180928,6647,342654,12581,0.528,false
Q66,2025-05,235280,8401,357721,12626,0.665,false
Q66,2025-06,215316,8024,331634,12266,0.654,true
Q66,2025-07,120936,4245,195362,6584,0.645,false
Q66,2025-08,118101,3829,181739,6186,0.619,false
Q66,2025-09,123055,4398,186072,6564,0.67,false
Q66,2025-10,128110,4413,184936,6273,0.703,false
Q66,2025-11,104223,3674,168538,5836,0.63,false
Q66,2025-12,107016,3653,161948,5468,0.668,false
Q66,2026-01,108907,3862,,,,false
Q66,2026-02,87260,3347,136250,5180,0.646,false
Q66,2026-03,98506,3614,170796,5879,0.615,false
Q66,2026-04,95233,3417,165319,5842,0.585,false
Q66,2026-05,123096,4394,176485,6049,0.726,false
Q66,2026-06,125300,4441,170092,5938,0.748,false
Q66,2026-07,110777,3764,164770,5636,0.668,false
Q66,2026-08,112986,3828,162722,5459,0.701,false
Q67,2024-10,19105,793,55665,2310,0.343,false
Q67,2024-11,16006,717,47438,2129,0.337,false
Q67,2024-12,15359,667,47572,2027,0.329,false
Q67,2025-01,15707,645,47685,1979,0.326,false
Q67,2025-02,22554,1058,45836,2183,0.485,false
Q67,2025-03,39540,1762,53227,2392,0.737,false
Q67,2025-04,45648,1958,53617,2315,0.846,false
Q67,2025-05,45740,1944,54318,2323,0.837,false
Q67,2025-06,44653,2001,50860,2289,0.874,true
Q67,2025-07,47257,1902,48675,1976,0.963,false
Q67,2025-08,39860,1711,42920,1865,0.917,false
Q67,2025-09,44059,1865,47847,2020,0.923,false
Q67,2025-10,50091,2018,50643,2059,0.98,false
Q67,2025-11,42973,1929,41390,1862,1.036,false
Q67,2025-12,42368,1687,43264,1737,0.971,false
Q67,2026-01,34817,1457,,,,false
Q67,2026-02,34959,1618,38499,1790,0.904,false
Q67,2026-03,40804,1725,47717,2016,0.856,false
Q67,2026-04,36462,1542,45098,1908,0.808,false
Q67,2026-05,36770,1597,43886,1898,0.841,false
Q67,2026-06,39143,1643,44101,1854,0.886,false
Q67,2026-07,36993,1484,45258,1833,0.81,false
Q67,2026-08,34533,1467,41171,1759,0.834,false
Q69,2024-10,71512,2639,225768,8316,0.317,false
Q69,2024-11,72618,2885,198650,7649,0.377,false
Q69,2024-12,71913,2703,192524,7143,0.378,false
Q69,2025-01,73743,2754,196040,7182,0.383,false
Q69,2025-02,107167,4517,187259,7729,0.584,false
Q69,2025-03,170319,6347,224663,8485,0.748,false
Q69,2025-04,217961,8365,214614,8162,1.025,false
Q69,2025-05,229746,8442,226763,8249,1.023,false
Q69,2025-06,222209,8345,212307,8099,1.03,false
Q69,2025-07,232300,8220,218095,7840,1.048,false
Q69,2025-08,211564,7764,202586,7490,1.037,true
Q69,2025-09,219200,8370,205064,7754,1.079,false
Q69,2025-10,228538,8506,203650,7530,1.13,false
Q69,2025-11,194967,7697,178194,6982,1.102,false
Q69,2025-12,219989,8080,182858,6649,1.215,false
Q69,2026-01,209253,8010,,,,false
Q69,2026-02,180384,7569,174321,7216,1.049,false
Q69,2026-03,220628,8336,211907,7782,1.071,false
Q69,2026-04,197375,7558,192466,7231,1.045,false
Q69,2026-05,204739,8017,195339,7372,1.087,false
Q69,2026-06,205389,7707,194216,7286,1.058,false
Q69,2026-07,190938,6955,181622,6591,1.055,false
Q69,2026-08,186878,6759,184440,6580,1.027,false
Q70+,2024-10,241225,8199,4992,181,45.298,false
Q70+,2024-11,220979,7971,4108,154,51.76,false
Q70+,2024-12,226318,7865,3572,132,59.583,false
Q70+,2025-01,190713,6509,3610,126,51.659,false
Q70+,2025-02,169552,6619,3356,129,51.31,false
Q70+,2025-03,227004,7895,3669,139,56.799,false
Q70+,2025-04,219343,7713,3074,118,65.364,false
Q70+,2025-05,248111,8392,2664,97,86.515,false
Q70+,2025-06,230214,8250,2373,91,90.659,false
Q70+,2025-07,273287,9290,2115,75,123.867,false
Q70+,2025-08,267513,9255,1583,59,156.864,false
Q70+,2025-09,235828,8433,1487,58,145.397,false
Q70+,2025-10,234220,8057,885,31,259.903,false
Q70+,2025-11,230905,8422,567,22,382.818,false
Q70+,2025-12,247370,8770,413,11,797.273,false
Q70+,2026-01,221632,7776,,,,false
Q70+,2026-02,186584,7187,323,6,1197.833,false
Q70+,2026-03,187448,6636,58,2,3318,false
Q70+,2026-04,185561,6650,27,1,6650,false
Q70+,2026-05,236996,8427,303,11,766.091,false
Q70+,2026-06,168916,5928,417,18,329.333,false
Q70+,2026-07,211760,7236,447,18,402,false
Q70+,2026-08,261169,9019,632,28,322.107,false
Q72,2024-10,54401,1941,144522,5224,0.372,false
Q72,2024-11,48638,1823,127910,4827,0.378,false
Q72,2024-12,40214,1456,123803,4524,0.322,false
Q72,2025-01,49633,1817,124231,4516,0.402,false
Q72,2025-02,73335,2983,120042,4897,0.609,false
Q72,2025-03,111880,3931,142070,5324,0.738,false
Q72,2025-04,146516,5638,139657,5261,1.072,false
Q72,2025-05,158017,5772,147912,5360,1.077,false
Q72,2025-06,150748,5767,141997,5456,1.057,false
Q72,2025-07,147958,5308,143312,5130,1.035,false
Q72,2025-08,137350,5016,132100,4886,1.027,true
Q72,2025-09,138179,5100,128553,4806,1.061,false
Q72,2025-10,137422,4939,125370,4538,1.088,false
Q72,2025-11,128286,4953,112440,4338,1.142,false
Q72,2025-12,129448,4691,115135,4070,1.153,false
Q72,2026-01,112018,4266,,,,false
Q72,2026-02,100506,4048,98518,4002,1.011,false
Q72,2026-03,126371,4831,125034,4606,1.049,false
Q72,2026-04,119404,4473,118409,4465,1.002,false
Q72,2026-05,125772,4639,118091,4418,1.05,false
Q72,2026-06,120235,4442,124170,4662,0.953,false
Q72,2026-07,126272,4532,117513,4260,1.064,false
Q72,2026-08,126525,4509,120633,4486,1.005,false
Q74,2025-06,938,35,2043,70,0.5,true
Q74,2025-07,24501,949,49490,1915,0.496,false
Q74,2025-08,25542,1016,54093,2186,0.465,false
Q74,2025-09,41483,1717,70975,2890,0.594,false
Q74,2025-10,41148,1587,70579,2749,0.577,false
Q74,2025-11,35858,1522,64832,2744,0.555,false
Q74,2025-12,35465,1366,62557,2412,0.566,false
Q74,2026-01,34520,1382,,,,false
Q74,2026-02,32935,1473,62697,2793,0.527,false
Q74,2026-03,34350,1422,77752,3145,0.452,false
Q74,2026-04,35793,1452,70622,2853,0.509,false
Q74,2026-05,40917,1702,71729,2924,0.582,false
Q74,2026-06,45947,1883,65523,2616,0.72,false
Q74,2026-07,33436,1307,62349,2389,0.547,false
Q74,2026-08,36126,1378,58320,2290,0.602,false
Q75,2025-06,768,37,1160,55,0.673,true
Q75,2025-07,24838,1079,35281,1533,0.704,false
Q75,2025-08,24523,1168,35354,1683,0.694,false
Q75,2025-09,48965,2226,64810,2945,0.756,false
Q75,2025-10,48218,2096,63066,2741,0.765,false
Q75,2025-11,43926,2196,49423,2471,0.889,false
Q75,2025-12,37550,1633,42906,1865,0.876,false
Q75,2026-01,32187,1462,,,,false
Q75,2026-02,34196,1709,40414,2020,0.846,false
Q75,2026-03,47205,2146,54792,2489,0.862,false
Q75,2026-04,35202,1600,45447,2065,0.775,false
Q75,2026-05,34001,1619,41575,1978,0.819,false
Q75,2026-06,25792,1172,33713,1532,0.765,false
Q75,2026-07,21647,941,30242,1314,0.716,false
Q75,2026-08,22565,1075,28780,1370,0.785,false
Q76,2024-10,129810,5093,112337,4351,1.171,false
Q76,2024-11,108241,4460,92938,3821,1.167,false
Q76,2024-12,92903,3703,83752,3307,1.12,false
Q76,2025-01,86853,3370,87517,3380,0.997,false
Q76,2025-02,73288,3250,79993,3515,0.925,false
Q76,2025-03,98941,4050,98379,4018,1.008,false
Q76,2025-04,89459,3634,95167,3845,0.945,false
Q76,2025-05,98884,3906,99757,3915,0.998,false
Q76,2025-06,88581,3653,87497,3574,1.022,true
Q76,2025-07,77077,2889,95686,3650,0.792,false
Q76,2025-08,73642,2952,87673,3473,0.85,false
Q76,2025-09,106656,4322,109107,4417,0.978,false
Q76,2025-10,99305,3907,107418,4187,0.933,false
Q76,2025-11,83991,3607,86075,3639,0.991,false
Q76,2025-12,83509,3288,77615,3004,1.095,false
Q76,2026-01,77696,3172,,,,false
Q76,2026-02,66374,2978,71064,3121,0.954,false
Q76,2026-03,91488,3778,91028,3629,1.041,false
Q76,2026-04,86670,3545,86918,3484,1.018,false
Q76,2026-05,88079,3728,85102,3458,1.078,false
Q76,2026-06,74222,3036,79576,3158,0.961,false
Q76,2026-07,56002,2079,77574,2962,0.702,false
Q76,2026-08,49053,1918,75957,2985,0.643,false
Q77,2024-10,142754,5674,98971,3847,1.475,false
Q77,2024-11,122373,5098,82874,3400,1.499,false
Q77,2024-12,111173,4586,75845,3020,1.519,false
Q77,2025-01,110357,4361,77880,3023,1.443,false
Q77,2025-02,102321,4580,72948,3215,1.425,false
Q77,2025-03,120618,5075,84743,3449,1.471,false
Q77,2025-04,114450,4602,81986,3302,1.394,false
Q77,2025-05,123596,4859,84472,3302,1.472,false
Q77,2025-06,94570,3902,70936,2910,1.341,true
Q77,2025-07,81861,3093,68663,2609,1.186,false
Q77,2025-08,74783,2951,66275,2620,1.126,false
Q77,2025-09,108911,4415,80699,3235,1.365,false
Q77,2025-10,119342,4699,81073,3144,1.495,false
Q77,2025-11,103425,4471,65636,2743,1.63,false
Q77,2025-12,98595,3839,62751,2394,1.604,false
Q77,2026-01,96343,3904,,,,false
Q77,2026-02,82849,3718,57031,2496,1.49,false
Q77,2026-03,118605,4824,71150,2815,1.714,false
Q77,2026-04,101539,4252,68258,2728,1.559,false
Q77,2026-05,113732,4840,68475,2752,1.759,false
Q77,2026-06,90962,3691,66493,2637,1.4,false
Q77,2026-07,83612,3148,63797,2443,1.289,false
Q77,2026-08,72345,2820,60940,2415,1.168,false
Q80,2025-08,2355,0,2748,9,,true
Q80,2025-09,119815,4323,147640,5515,0.784,false
Q80,2025-10,120979,4166,152562,5518,0.755,false
Q80,2025-11,112765,4350,137908,5339,0.815,false
Q80,2025-12,136128,4724,138699,4977,0.949,false
Q80,2026-01,129151,4710,,,,false
Q80,2026-02,113072,4551,124276,5070,0.898,false
Q80,2026-03,107761,3893,147681,5462,0.713,false
Q80,2026-04,107660,3956,145432,5450,0.726,false
Q80,2026-05,127762,4806,144437,5348,0.899,false
Q80,2026-06,119414,4420,141615,5259,0.84,false
Q80,2026-07,87858,2897,139010,5001,0.579,false
Q80,2026-08,90264,3036,138686,5113,0.594,false
Q82,2025-06,1798,53,1621,52,1.019,true
Q82,2025-07,23427,831,32888,1193,0.697,false
Q82,2025-08,24869,849,32469,1228,0.691,false
Q82,2025-09,26189,951,36234,1378,0.69,false
Q82,2025-10,25515,925,36823,1344,0.688,false
Q82,2025-11,27447,1068,31751,1238,0.863,false
Q82,2025-12,24617,911,31312,1148,0.794,false
Q82,2026-01,22465,843,,,,false
Q82,2026-02,20570,829,29331,1187,0.698,false
Q82,2026-03,21982,810,33675,1243,0.652,false
Q82,2026-04,22671,870,32385,1232,0.706,false
Q82,2026-05,22068,850,31423,1197,0.71,false
Q82,2026-06,21565,820,31304,1177,0.697,false
Q82,2026-07,17451,590,31501,1149,0.513,false
Q82,2026-08,17608,631,30960,1150,0.549,false
Q83,2024-10,165201,6018,156627,5822,1.034,false
Q83,2024-11,156854,5996,140284,5460,1.098,false
Q83,2024-12,144740,5332,133930,5026,1.061,false
Q83,2025-01,141153,5250,134215,4961,1.058,false
Q83,2025-02,126994,5213,126981,5359,0.973,false
Q83,2025-03,154197,5905,146432,5649,1.045,false
Q83,2025-04,151633,5713,146138,5618,1.017,false
Q83,2025-05,153287,5529,148039,5528,1,false
Q83,2025-06,140346,5163,135038,5255,0.982,true
Q83,2025-07,140143,5031,142885,5219,0.964,false
Q83,2025-08,126820,4613,137432,5202,0.887,false
Q83,2025-09,134671,5158,143040,5482,0.941,false
Q83,2025-10,137261,5071,142622,5297,0.957,false
Q83,2025-11,128636,4967,122326,4791,1.037,false
Q83,2025-12,116845,4280,117789,4317,0.991,false
Q83,2026-01,102097,3848,,,,false
Q83,2026-02,94459,3851,103013,4252,0.906,false
Q83,2026-03,103315,3888,128349,4819,0.807,false
Q83,2026-04,99555,3809,121856,4652,0.819,false
Q83,2026-05,101719,3809,119710,4586,0.831,false
Q83,2026-06,102282,3636,116416,4412,0.824,false
Q83,2026-07,103763,3652,115379,4239,0.862,false
Q83,2026-08,108382,3901,112263,4221,0.924,false
Q84,2024-10,83104,3115,80879,3087,1.009,false
Q84,2024-11,73007,2950,71219,2865,1.03,false
Q84,2024-12,66424,2565,67595,2615,0.981,false
Q84,2025-01,62883,2331,66521,2529,0.922,false
Q84,2025-02,57437,2430,63371,2739,0.887,false
Q84,2025-03,67710,2645,72862,2906,0.91,false
Q84,2025-04,73690,2872,73111,2904,0.989,false
Q84,2025-05,74280,2825,73924,2862,0.987,false
Q84,2025-06,68968,2708,66570,2672,1.013,true
Q84,2025-07,55334,2080,64622,2421,0.859,false
Q84,2025-08,60395,2225,60694,2348,0.948,false
Q84,2025-09,63389,2528,67789,2682,0.943,false
Q84,2025-10,63186,2364,66823,2547,0.928,false
Q84,2025-11,55593,2320,56499,2328,0.997,false
Q84,2025-12,51952,1970,55350,2092,0.942,false
Q84,2026-01,47620,1851,,,,false
Q84,2026-02,44458,1895,47807,2077,0.912,false
Q84,2026-03,52353,2057,60668,2374,0.866,false
Q84,2026-04,46811,1826,55260,2179,0.838,false
Q84,2026-05,50460,1993,56140,2232,0.893,false
Q84,2026-06,52442,2083,55229,2157,0.966,false
Q84,2026-07,46131,1696,53026,2022,0.839,false
Q84,2026-08,50314,1902,50308,1982,0.96,false
Q85,2024-10,245689,9143,186180,6926,1.32,false
Q85,2024-11,209784,8051,162425,6334,1.271,false
Q85,2024-12,197443,7518,153994,5774,1.302,false
Q85,2025-01,195946,7178,151570,5589,1.284,false
Q85,2025-02,173938,7211,142417,5942,1.214,false
Q85,2025-03,205533,8009,162696,6273,1.277,false
Q85,2025-04,210607,8093,160942,6226,1.3,false
Q85,2025-05,219081,8196,160952,6010,1.364,false
Q85,2025-06,192341,7557,148788,5858,1.29,true
Q85,2025-07,114846,4302,94702,3607,1.193,false
Q85,2025-08,98504,3810,90265,3569,1.068,false
Q85,2025-09,113154,4466,101267,4051,1.102,false
Q85,2025-10,117306,4559,99568,3856,1.182,false
Q85,2025-11,100760,4144,82092,3437,1.206,false
Q85,2025-12,107561,4102,80641,3076,1.334,false
Q85,2026-01,97332,3871,,,,false
Q85,2026-02,79371,3546,71166,3105,1.142,false
Q85,2026-03,97146,3896,86728,3448,1.13,false
Q85,2026-04,96131,3934,83531,3345,1.176,false
Q85,2026-05,100836,4043,83930,3362,1.203,false
Q85,2026-06,91002,3593,79484,3131,1.148,false
Q85,2026-07,82515,3076,76934,2944,1.045,false
Q85,2026-08,78984,3063,74299,2956,1.036,false
Q86,2025-06,1783,65,1797,67,0.97,true
Q86,2025-07,58087,2288,47462,1863,1.228,false
Q86,2025-08,56576,2201,49179,2016,1.092,false
Q86,2025-09,65840,2661,52707,2136,1.246,false
Q86,2025-10,71241,2799,54035,2111,1.326,false
Q86,2025-11,62461,2717,43906,1863,1.458,false
Q86,2025-12,64504,2495,45048,1754,1.422,false
Q86,2026-01,53192,2132,,,,false
Q86,2026-02,45592,2062,37027,1637,1.26,false
Q86,2026-03,51811,2120,48079,1929,1.099,false
Q86,2026-04,53170,2183,46080,1874,1.165,false
Q86,2026-05,58526,2407,44174,1797,1.339,false
Q86,2026-06,50787,2050,44889,1810,1.133,false
Q86,2026-07,53902,2086,43385,1685,1.238,false
Q86,2026-08,48268,1889,42307,1720,1.098,false
Q87,2025-06,3996,132,2604,81,1.63,true
Q87,2025-07,76880,2854,44027,1556,1.834,false
Q87,2025-08,71156,2634,47821,1701,1.549,false
Q87,2025-09,68962,2647,44121,1594,1.661,false
Q87,2025-10,68170,2499,43672,1536,1.627,false
Q87,2025-11,66037,2581,40240,1470,1.756,false
Q87,2025-12,61308,2208,36617,1294,1.706,false
Q87,2026-01,52884,1970,,,,false
Q87,2026-02,53279,2207,31961,1248,1.768,false
Q87,2026-03,57549,2160,38603,1358,1.591,false
Q87,2026-04,58328,2279,35889,1287,1.771,false
Q87,2026-05,56516,2194,39099,1368,1.604,false
Q87,2026-06,61710,2333,36051,1267,1.841,false
Q87,2026-07,57189,2052,37282,1298,1.581,false
Q87,2026-08,52517,1940,35352,1226,1.582,false
Q88,2024-10,218806,8163,241337,9100,0.897,false
Q88,2024-11,191506,7617,212144,8428,0.904,false
Q88,2024-12,177201,6759,192621,7365,0.918,false
Q88,2025-01,171826,6469,187040,6993,0.925,false
Q88,2025-02,158471,6858,189421,8159,0.841,false
Q88,2025-03,199573,7885,226562,8973,0.879,false
Q88,2025-04,188635,7386,215936,8487,0.87,false
Q88,2025-05,198285,7586,224186,8481,0.894,false
Q88,2025-06,164927,6440,189362,7415,0.869,true
Q88,2025-07,145225,5339,178347,6459,0.827,false
Q88,2025-08,129543,4727,174311,6555,0.721,false
Q88,2025-09,171507,6607,214779,8404,0.786,false
Q88,2025-10,175556,6601,211470,7969,0.828,false
Q88,2025-11,161553,6501,185013,7444,0.873,false
Q88,2025-12,153669,5705,168595,6271,0.91,false
Q88,2026-01,121374,4695,,,,false
Q88,2026-02,119322,5165,151745,6438,0.802,false
Q88,2026-03,145717,5676,195931,7535,0.753,false
Q88,2026-04,131001,5128,177288,6830,0.751,false
Q88,2026-05,132490,5240,180571,6974,0.751,false
Q88,2026-06,122437,4637,163403,6161,0.753,false
Q88,2026-07,116048,4179,150568,5518,0.757,false
Q88,2026-08,119087,4313,151103,5615,0.768,false
Q89,2025-06,2863,79,2358,68,1.162,true
Q89,2025-07,62208,2151,45673,1568,1.372,false
Q89,2025-08,58905,1985,47245,1646,1.206,false
Q89,2025-09,60366,2188,48128,1725,1.268,false
Q89,2025-10,66085,2334,46401,1623,1.438,false
Q89,2025-11,64365,2452,42232,1554,1.578,false
Q89,2025-12,60147,2070,40745,1417,1.461,false
Q89,2026-01,50217,1828,,,,false
Q89,2026-02,40187,1578,33804,1324,1.192,false
Q89,2026-03,53088,1924,41252,1440,1.336,false
Q89,2026-04,50661,1927,39774,1428,1.349,false
Q89,2026-05,52463,1877,39118,1379,1.361,false
Q89,2026-06,51852,1876,39909,1439,1.304,false
Q89,2026-07,53064,1904,37609,1326,1.436,false
Q89,2026-08,54259,1965,37791,1331,1.476,false
Q90,2024-10,19304,21,143,0,,false
Q90,2024-11,11146,1,71,0,,false
Q90,2024-12,9359,18,56,0,,false
Q90,2025-01,38291,48,260,1,48,false
Q90,2025-02,18011,23,135,0,,false
Q90,2025-06,1220,30,2381,39,0.769,true
Q90,2025-07,14977,481,22988,747,0.644,false
Q90,2025-08,17033,610,24424,802,0.761,false
Q90,2025-09,14432,496,22326,754,0.658,false
Q90,2025-10,14149,469,22300,712,0.659,false
Q90,2025-11,13556,489,21086,659,0.742,false
Q90,2025-12,13205,438,18932,645,0.679,false
Q90,2026-01,10330,327,,,,false
Q90,2026-02,9053,358,16263,613,0.584,false
Q90,2026-03,11155,386,20417,691,0.559,false
Q90,2026-04,8694,298,21574,744,0.401,false
Q90,2026-05,12388,428,21882,755,0.567,false
Q90,2026-06,11800,371,21865,764,0.486,false
Q90,2026-07,9763,275,22367,758,0.363,false
Q90,2026-08,13397,400,25468,840,0.476,false
Q92,2024-10,0,0,1,0,,false
Q92,2024-11,209,2,4,0,,false
Q92,2024-12,152,2,9,0,,false
Q92,2025-01,216,2,5,0,,false
Q92,2025-02,515,14,7,0,,false
Q92,2025-03,522,7,2,0,,false
Q92,2025-04,103,5,2,0,,false
Q92,2025-05,28,1,0,0,,false
Q92,2025-06,295,14,6,0,,false
Q92,2025-07,56,2,1,0,,false
Q92,2025-08,46,2,1,0,,false
Q92,2025-09,44,2,0,0,,false
Q92,2025-10,273,6,4,0,,false
Q92,2025-11,24,1,1,0,,false
Q92,2025-12,187,8,13,1,8,false
Q92,2026-01,45,2,,,,false
Q92,2026-02,16,1,1,0,,false
Q92,2026-03,53,2,9,0,,false
Q93,2024-11,7657,6,19,0,,false
Q93,2024-12,5713,10,8,0,,false
Q93,2025-01,4953,5,6,0,,false
Q93,2025-02,9878,28,34,1,28,false
Q93,2025-03,19606,16,33,0,,false
Q93,2025-04,292,13,0,0,,false
Q93,2025-05,74,3,0,0,,false
Q93,2025-06,5337,29,10,0,,false
Q93,2025-07,65,3,0,0,,false
Q93,2025-08,105,5,0,0,,false
Q93,2025-09,75,3,1,0,,false
Q93,2025-10,3852,7,7,0,,false
Q93,2025-11,81,4,0,0,,false
Q93,2025-12,197,9,0,0,,false
Q93,2026-01,22,1,,,,false
Q93,2026-02,92,5,0,0,,false
Q93,2026-03,715,2,0,0,,false
Q96,2024-11,50,2,0,0,,false
Q96,2024-12,42,2,0,0,,false
Q96,2025-04,98,2,3,0,,false
Q96,2025-05,542,12,11,0,,false
Q96,2025-08,89,4,2,0,,false
Q96,2025-09,3664,140,74,1,140,false
Q96,2025-10,539,11,15,0,,false
Q96,2025-11,21,1,1,0,,false
Q96,2025-12,2,0,0,0,,false
Q96,2026-05,956,24,30,0,,false
Q97,2025-01,52244,1837,339,10,183.7,false
Q97,2025-02,100330,4090,345,11,371.818,false
Q97,2025-03,109400,3934,304,9,437.111,false
Q97,2025-04,109169,4043,338,12,336.917,false
Q97,2025-05,64719,2162,194,6,360.333,false
Q98,2025-01,632,2,7,0,,false
Q98,2025-06,6049,172,6855,190,0.905,true
Q98,2025-07,131432,4498,151679,5134,0.876,false
Q98,2025-08,132224,4319,161557,5518,0.783,false
Q98,2025-09,143237,5209,165854,5948,0.876,false
Q98,2025-10,145967,4974,168736,5809,0.856,false
Q98,2025-11,143759,5201,157310,5620,0.925,false
Q98,2025-12,133809,4540,153220,5286,0.859,false
Q98,2026-01,126609,4613,,,,false
Q98,2026-02,103467,3993,135713,5316,0.751,false
Q98,2026-03,140306,5038,169846,5956,0.846,false
Q98,2026-04,138827,4913,161911,5825,0.843,false
Q98,2026-05,141788,5119,168323,5954,0.86,false
Q98,2026-06,128617,4565,164107,5809,0.786,false
Q98,2026-07,130599,4608,167157,5828,0.791,false
Q98,2026-08,115437,3941,169093,5867,0.672,false
QM1,2024-10,2418,105,4605,200,0.525,false
QM1,2024-11,2163,103,4003,191,0.539,false
QM1,2024-12,2022,92,3772,171,0.538,false
QM1,2025-01,2328,101,4418,192,0.526,false
QM1,2025-02,2097,105,4344,217,0.484,false
QM1,2025-03,2537,121,4546,216,0.56,false
QM1,2025-04,2401,109,5375,244,0.447,false
QM1,2025-05,2363,107,5516,251,0.426,false
QM1,2025-06,2152,102,4926,235,0.434,true
QM1,2025-07,3008,131,5662,246,0.533,false
QM1,2025-08,2741,131,5188,247,0.53,false
QM1,2025-09,1876,85,5443,247,0.344,false
QM1,2025-10,1782,77,5635,245,0.314,false
QM1,2025-11,1671,84,4633,232,0.362,false
QM1,2025-12,2383,104,4611,200,0.52,false
QM1,2026-01,2239,102,,,,false
QM1,2026-02,1684,84,4354,218,0.385,false
QM1,2026-03,2953,134,5747,261,0.513,false
QM1,2026-04,3206,146,5638,256,0.57,false
QM1,2026-05,3360,160,5415,258,0.62,false
QM1,2026-06,4036,183,5809,264,0.693,false
QM1,2026-07,4182,182,5610,244,0.746,false
QM1,2026-08,3958,188,5135,245,0.767,false
QM10,2024-10,1854,81,4418,192,0.422,false
QM10,2024-11,1498,71,3734,178,0.399,false
QM10,2024-12,1354,62,3382,154,0.403,false
QM10,2025-01,1862,81,4042,176,0.46,false
QM10,2025-02,1367,68,3673,184,0.37,false
QM10,2025-03,1481,71,3942,188,0.378,false
QM10,2025-04,2288,104,4483,204,0.51,false
QM10,2025-05,2006,91,4352,198,0.46,false
QM10,2025-06,2119,101,4298,205,0.493,true
QM10,2025-07,1653,72,4386,191,0.377,false
QM10,2025-08,1392,66,3754,179,0.369,false
QM10,2025-09,1809,82,3903,177,0.463,false
QM10,2025-10,1555,68,3859,168,0.405,false
QM10,2025-11,1281,64,3057,153,0.418,false
QM10,2025-12,1283,56,2703,118,0.475,false
QM10,2026-01,1590,72,,,,false
QM10,2026-02,1866,93,2952,148,0.628,false
QM10,2026-03,2584,117,3816,173,0.676,false
QM10,2026-04,2827,128,3691,168,0.762,false
QM10,2026-05,2650,126,3506,167,0.754,false
QM10,2026-06,3159,144,3883,176,0.818,false
QM10,2026-07,2940,128,3707,161,0.795,false
QM10,2026-08,2867,137,3450,164,0.835,false
QM11,2024-10,3211,140,8986,391,0.358,false
QM11,2024-11,2624,125,6874,327,0.382,false
QM11,2024-12,2759,125,6838,311,0.402,false
QM11,2025-01,3460,150,8785,382,0.393,false
QM11,2025-02,3359,168,7834,392,0.429,false
QM11,2025-03,3909,186,8838,421,0.442,false
QM11,2025-04,4238,193,9939,452,0.427,false
QM11,2025-05,3308,150,8943,406,0.369,false
QM11,2025-06,3828,182,8623,411,0.443,true
QM11,2025-07,4356,189,10926,475,0.398,false
QM11,2025-08,3961,189,10103,481,0.393,false
QM11,2025-09,5106,232,10496,476,0.487,false
QM11,2025-10,5161,224,10860,472,0.475,false
QM11,2025-11,3502,175,8307,413,0.424,false
QM11,2025-12,4190,182,8355,363,0.501,false
QM11,2026-01,4919,224,,,,false
QM11,2026-02,4731,237,8055,402,0.59,false
QM11,2026-03,6743,306,10682,485,0.631,false
QM11,2026-04,7642,347,11177,507,0.684,false
QM11,2026-05,7597,362,10784,512,0.707,false
QM11,2026-06,8661,394,10930,495,0.796,false
QM11,2026-07,9761,424,11629,505,0.84,false
QM11,2026-08,9601,457,11015,522,0.875,false
QM12,2024-10,3505,152,5458,237,0.641,false
QM12,2024-11,2678,128,4282,204,0.627,false
QM12,2024-12,2183,99,3893,177,0.559,false
QM12,2025-01,3833,167,5261,229,0.729,false
QM12,2025-02,3190,160,4616,231,0.693,false
QM12,2025-03,3207,153,5032,239,0.64,false
QM12,2025-04,2985,136,5624,256,0.531,false
QM12,2025-05,3064,139,5320,242,0.574,false
QM12,2025-06,2648,126,4964,236,0.534,true
QM12,2025-07,3060,133,5101,222,0.599,false
QM12,2025-08,2889,138,4464,213,0.648,false
QM12,2025-09,2261,103,4470,203,0.507,false
QM12,2025-10,2136,93,4426,192,0.484,false
QM12,2025-11,1649,82,3550,178,0.461,false
QM12,2025-12,2370,103,3522,153,0.673,false
QM12,2026-01,1793,82,,,,false
QM12,2026-02,1792,90,3148,157,0.573,false
QM12,2026-03,2372,108,4412,201,0.537,false
QM12,2026-04,2569,117,4231,192,0.609,false
QM12,2026-05,2796,133,4055,193,0.689,false
QM12,2026-06,3434,156,4259,194,0.804,false
QM12,2026-07,3496,152,4301,187,0.813,false
QM12,2026-08,3671,175,4412,210,0.833,false
QM15,2024-10,31643,1310,38090,1582,0.828,false
QM15,2024-11,27079,1201,32026,1423,0.844,false
QM15,2024-12,24756,1069,30648,1322,0.809,false
QM15,2025-01,31836,1323,36954,1532,0.864,false
QM15,2025-02,31102,1470,36261,1722,0.854,false
QM15,2025-03,33049,1457,39764,1772,0.822,false
QM15,2025-04,36066,1548,42947,1859,0.833,false
QM15,2025-05,32703,1368,40247,1712,0.799,false
QM15,2025-06,30952,1399,37841,1716,0.815,false
QM15,2025-07,34651,1438,41448,1725,0.834,false
QM15,2025-08,30235,1345,37972,1704,0.789,false
QM15,2025-09,29483,1265,38512,1668,0.758,true
QM15,2025-10,35955,1493,40968,1717,0.87,false
QM15,2025-11,28816,1338,33267,1549,0.864,false
QM15,2025-12,31250,1295,34564,1425,0.909,false
QM15,2026-01,31201,1339,,,,false
QM15,2026-02,27918,1319,31932,1517,0.869,false
QM15,2026-03,33469,1448,41323,1787,0.81,false
QM15,2026-04,34618,1490,41297,1786,0.834,false
QM15,2026-05,32726,1469,38776,1746,0.841,false
QM15,2026-06,35264,1519,40298,1749,0.868,false
QM15,2026-07,33638,1403,39412,1650,0.85,false
QM15,2026-08,33867,1508,37244,1675,0.9,false
QM16,2024-10,9464,411,10119,440,0.934,false
QM16,2024-11,7244,345,7868,374,0.922,false
QM16,2024-12,6488,295,7200,327,0.902,false
QM16,2025-01,7898,343,9798,425,0.807,false
QM16,2025-02,8620,431,9508,475,0.907,false
QM16,2025-03,9531,454,10798,513,0.885,false
QM16,2025-04,10239,465,11144,506,0.919,false
QM16,2025-05,8922,406,10288,467,0.869,false
QM16,2025-06,8727,416,9735,463,0.898,false
QM16,2025-07,8169,355,9605,418,0.849,false
QM16,2025-08,6729,320,8243,393,0.814,false
QM16,2025-09,7164,326,9207,418,0.78,true
QM16,2025-10,9043,393,9774,425,0.925,false
QM16,2025-11,6763,338,7405,370,0.914,false
QM16,2025-12,7059,307,7502,326,0.942,false
QM16,2026-01,7958,362,,,,false
QM16,2026-02,6747,337,7502,375,0.899,false
QM16,2026-03,8661,394,9699,441,0.893,false
QM16,2026-04,8499,386,9394,427,0.904,false
QM16,2026-05,8181,390,8715,415,0.94,false
QM16,2026-06,8787,399,9534,433,0.921,false
QM16,2026-07,8242,358,8920,388,0.923,false
QM16,2026-08,7874,375,8443,402,0.933,false
QM17,2024-10,8798,383,9695,421,0.91,false
QM17,2024-11,7171,341,7792,371,0.919,false
QM17,2024-12,6318,287,7379,335,0.857,false
QM17,2025-01,9900,430,10663,463,0.929,false
QM17,2025-02,10395,520,11728,586,0.887,false
QM17,2025-03,11999,571,13216,629,0.908,false
QM17,2025-04,12522,569,13519,614,0.927,false
QM17,2025-05,10512,478,11495,522,0.916,false
QM17,2025-06,7931,378,9330,444,0.851,false
QM17,2025-07,8232,358,9856,429,0.834,false
QM17,2025-08,7441,354,9113,434,0.816,false
QM17,2025-09,7998,364,9632,438,0.831,true
QM17,2025-10,9319,405,9976,434,0.933,false
QM17,2025-11,7249,362,7810,390,0.928,false
QM17,2025-12,7715,335,8248,359,0.933,false
QM17,2026-01,7951,361,,,,false
QM17,2026-02,6703,335,7978,399,0.84,false
QM17,2026-03,8563,389,10350,470,0.828,false
QM17,2026-04,8952,407,10263,466,0.873,false
QM17,2026-05,7723,368,9402,448,0.821,false
QM17,2026-06,8583,390,9476,431,0.905,false
QM17,2026-07,8235,358,9133,397,0.902,false
QM17,2026-08,8108,386,9053,431,0.896,false
QM18,2024-10,2776,121,3256,142,0.852,false
QM18,2024-11,1933,92,2454,117,0.786,false
QM18,2024-12,1774,81,2111,96,0.844,false
QM18,2025-01,2836,123,3141,137,0.898,false
QM18,2025-02,2744,137,3203,160,0.856,false
QM18,2025-03,3194,152,3554,169,0.899,false
QM18,2025-04,2648,120,3563,162,0.741,false
QM18,2025-05,2402,109,3428,156,0.699,false
QM18,2025-06,2569,122,3307,157,0.777,false
QM18,2025-07,3504,152,3953,172,0.884,false
QM18,2025-08,2927,139,3458,165,0.842,false
QM18,2025-09,3031,138,3542,161,0.857,true
QM18,2025-10,3152,137,3693,161,0.851,false
QM18,2025-11,2355,118,2824,141,0.837,false
QM18,2025-12,2562,111,2834,123,0.902,false
QM18,2026-01,2634,120,,,,false
QM18,2026-02,2255,113,2447,122,0.926,false
QM18,2026-03,3050,139,3560,162,0.858,false
QM18,2026-04,3002,136,3499,159,0.855,false
QM18,2026-05,2912,139,3305,157,0.885,false
QM18,2026-06,2843,129,3320,151,0.854,false
QM18,2026-07,2957,129,3289,143,0.902,false
QM18,2026-08,2797,133,3143,150,0.887,false
QM2,2024-10,12632,478,25529,983,0.486,false
QM2,2024-11,9679,368,21626,864,0.426,false
QM2,2024-12,9738,352,20335,793,0.444,false
QM2,2025-01,10508,389,21991,859,0.453,false
QM2,2025-02,10497,442,20883,927,0.477,false
QM2,2025-03,10509,404,23064,956,0.423,false
QM2,2025-04,10917,418,25597,1051,0.398,false
QM2,2025-05,11130,411,24660,978,0.42,false
QM2,2025-06,11531,472,23715,1001,0.472,true
QM2,2025-07,10102,369,22593,880,0.419,false
QM2,2025-08,10844,410,21141,855,0.48,false
QM2,2025-09,9511,344,21552,869,0.396,false
QM2,2025-10,10555,364,22851,876,0.416,false
QM2,2025-11,11082,364,21042,832,0.438,false
QM2,2025-12,10269,350,20118,753,0.465,false
QM2,2026-01,10689,398,,,,false
QM2,2026-02,9749,402,17679,780,0.515,false
QM2,2026-03,12442,480,22437,895,0.536,false
QM2,2026-04,13154,504,22423,901,0.559,false
QM2,2026-05,14563,557,22835,902,0.618,false
QM2,2026-06,15566,597,21988,877,0.681,false
QM2,2026-07,17146,638,21317,823,0.775,false
QM2,2026-08,16156,632,20310,823,0.768,false
QM20,2024-10,7392,321,19322,840,0.382,false
QM20,2024-11,6217,296,15489,738,0.401,false
QM20,2024-12,5781,263,15118,687,0.383,false
QM20,2025-01,7478,325,17224,748,0.434,false
QM20,2025-02,7456,373,15924,796,0.469,false
QM20,2025-03,7946,378,17290,823,0.459,false
QM20,2025-04,7388,336,18952,861,0.39,false
QM20,2025-05,6383,290,18470,840,0.345,false
QM20,2025-06,7928,378,17749,845,0.447,true
QM20,2025-07,9207,400,19772,860,0.465,false
QM20,2025-08,8103,386,17515,834,0.463,false
QM20,2025-09,8499,386,18680,849,0.455,false
QM20,2025-10,8724,379,19560,850,0.446,false
QM20,2025-11,7113,356,15965,798,0.446,false
QM20,2025-12,8470,368,16535,719,0.512,false
QM20,2026-01,8394,382,,,,false
QM20,2026-02,8443,422,14941,747,0.565,false
QM20,2026-03,11050,502,19951,907,0.553,false
QM20,2026-04,12324,560,19718,896,0.625,false
QM20,2026-05,11779,561,18738,892,0.629,false
QM20,2026-06,13600,618,19310,877,0.705,false
QM20,2026-07,14559,633,18874,821,0.771,false
QM20,2026-08,14038,668,18180,866,0.771,false
QM21,2024-10,3467,151,3604,157,0.962,false
QM21,2024-11,2748,131,2822,134,0.978,false
QM21,2024-12,2442,111,2613,119,0.933,false
QM21,2025-01,3228,140,3239,141,0.993,false
QM21,2025-02,2930,146,3062,153,0.954,false
QM21,2025-03,3064,146,3359,160,0.912,false
QM21,2025-04,3391,154,3476,158,0.975,false
QM21,2025-05,3164,144,3239,147,0.98,false
QM21,2025-06,3225,154,3172,151,1.02,true
QM21,2025-07,2830,123,2899,126,0.976,false
QM21,2025-08,2618,125,2435,116,1.078,false
QM21,2025-09,2622,119,2473,112,1.062,false
QM21,2025-10,2611,114,2524,110,1.036,false
QM21,2025-11,1839,92,1929,96,0.958,false
QM21,2025-12,1902,83,2027,88,0.943,false
QM21,2026-01,1942,88,,,,false
QM21,2026-02,1709,85,1987,99,0.859,false
QM21,2026-03,1955,89,2418,110,0.809,false
QM21,2026-04,2173,99,2432,111,0.892,false
QM21,2026-05,2389,114,2432,116,0.983,false
QM21,2026-06,2359,107,2325,106,1.009,false
QM21,2026-07,2356,102,2280,99,1.03,false
QM21,2026-08,2263,108,2181,104,1.038,false
QM24,2024-10,11277,490,12268,533,0.919,false
QM24,2024-11,9509,453,9858,469,0.966,false
QM24,2024-12,8336,379,8561,389,0.974,false
QM24,2025-01,10590,460,11557,502,0.916,false
QM24,2025-02,10470,524,10019,501,1.046,false
QM24,2025-03,11387,542,11249,535,1.013,false
QM24,2025-04,12359,562,12300,559,1.005,false
QM24,2025-05,11517,524,11871,539,0.972,false
QM24,2025-06,10875,518,11405,543,0.954,false
QM24,2025-07,12229,532,12807,557,0.955,false
QM24,2025-08,10329,492,10904,519,0.948,false
QM24,2025-09,11291,513,11572,526,0.975,true
QM24,2025-10,12393,539,12601,548,0.984,false
QM24,2025-11,9895,495,9909,495,1,false
QM24,2025-12,9564,416,9683,421,0.988,false
QM24,2026-01,10796,491,,,,false
QM24,2026-02,9516,476,10035,502,0.948,false
QM24,2026-03,12034,547,13103,596,0.918,false
QM24,2026-04,12151,552,12512,569,0.97,false
QM24,2026-05,11094,528,11826,563,0.938,false
QM24,2026-06,11748,534,12087,549,0.973,false
QM24,2026-07,11076,482,11635,506,0.953,false
QM24,2026-08,10986,523,11029,525,0.996,false
QM25,2024-10,8360,363,9076,394,0.921,false
QM25,2024-11,5898,281,7006,334,0.841,false
QM25,2024-12,6566,298,6871,312,0.955,false
QM25,2025-01,8333,362,8983,391,0.926,false
QM25,2025-02,6927,346,7148,357,0.969,false
QM25,2025-03,8552,407,8428,401,1.015,false
QM25,2025-04,9179,417,9288,422,0.988,false
QM25,2025-05,8001,364,8782,399,0.912,false
QM25,2025-06,8105,386,8454,403,0.958,false
QM25,2025-07,8535,371,9101,396,0.937,false
QM25,2025-08,7649,364,7651,364,1,false
QM25,2025-09,8895,404,9511,432,0.935,true
QM25,2025-10,9588,417,9514,414,1.007,false
QM25,2025-11,7701,385,7603,380,1.013,false
QM25,2025-12,7634,332,8052,350,0.949,false
QM25,2026-01,7700,350,,,,false
QM25,2026-02,6974,349,8068,403,0.866,false
QM25,2026-03,9413,428,10685,486,0.881,false
QM25,2026-04,10148,461,10366,471,0.979,false
QM25,2026-05,8744,416,9020,430,0.967,false
QM25,2026-06,9487,431,9823,446,0.966,false
QM25,2026-07,9334,406,9619,418,0.971,false
QM25,2026-08,9114,434,9198,438,0.991,false
QM3,2024-10,809,35,2090,91,0.385,false
QM3,2024-11,696,33,1619,77,0.429,false
QM3,2024-12,658,30,1498,68,0.441,false
QM3,2025-01,835,36,1971,86,0.419,false
QM3,2025-02,563,28,1890,94,0.298,false
QM3,2025-03,782,37,2227,106,0.349,false
QM3,2025-04,698,32,2309,105,0.305,false
QM3,2025-05,790,36,2174,99,0.364,false
QM3,2025-06,445,21,1853,88,0.239,true
QM31,2024-10,1860,81,3361,146,0.555,false
QM31,2024-11,1564,74,2635,125,0.592,false
QM31,2024-12,1278,58,2387,108,0.537,false
QM31,2025-01,1555,68,3035,132,0.515,false
QM31,2025-02,1299,65,2708,135,0.481,false
QM31,2025-03,1646,78,3421,163,0.479,false
QM31,2025-04,1706,78,3423,156,0.5,false
QM31,2025-05,1675,76,3300,150,0.507,false
QM31,2025-06,1420,68,3097,147,0.463,true
QM31,2025-07,1159,50,2907,126,0.397,false
QM31,2025-08,1120,53,2644,126,0.421,false
QM31,2025-09,1433,65,2862,130,0.5,false
QM31,2025-10,1323,58,2789,121,0.479,false
QM31,2025-11,980,49,2275,114,0.43,false
QM31,2025-12,1069,46,2092,91,0.505,false
QM31,2026-01,1246,57,,,,false
QM31,2026-02,1140,57,2033,102,0.559,false
QM31,2026-03,1452,66,2854,130,0.508,false
QM31,2026-04,1653,75,2428,110,0.682,false
QM31,2026-05,1658,79,2339,111,0.712,false
QM31,2026-06,1707,78,2575,117,0.667,false
QM31,2026-07,1494,65,2503,109,0.596,false
QM31,2026-08,1796,86,2339,111,0.775,false
QM32,2024-10,2578,112,6794,295,0.38,false
QM32,2024-11,1933,92,5385,256,0.359,false
QM32,2024-12,1713,78,4814,219,0.356,false
QM32,2025-01,3038,132,6124,266,0.496,false
QM32,2025-02,2870,144,5545,277,0.52,false
QM32,2025-03,2922,139,6231,297,0.468,false
QM32,2025-04,2814,128,6819,310,0.413,false
QM32,2025-05,2525,115,6225,283,0.406,false
QM32,2025-06,2710,129,6179,294,0.439,true
QM32,2025-07,2863,124,6491,282,0.44,false
QM32,2025-08,2194,104,5227,249,0.418,false
QM32,2025-09,3154,143,5831,265,0.54,false
QM32,2025-10,3463,151,6194,269,0.561,false
QM32,2025-11,2378,119,5137,257,0.463,false
QM32,2025-12,2620,114,4973,216,0.528,false
QM32,2026-01,2498,114,,,,false
QM32,2026-02,2387,119,4884,244,0.488,false
QM32,2026-03,3626,165,6645,302,0.546,false
QM32,2026-04,3804,173,6400,291,0.595,false
QM32,2026-05,3797,181,5909,281,0.644,false
QM32,2026-06,4309,196,6456,293,0.669,false
QM32,2026-07,4222,184,5922,257,0.716,false
QM32,2026-08,4212,201,5451,260,0.773,false
QM34,2024-10,11475,499,12122,527,0.947,false
QM34,2024-11,9222,439,9986,476,0.922,false
QM34,2024-12,8595,391,8918,405,0.965,false
QM34,2025-01,10753,468,10980,477,0.981,false
QM34,2025-02,10236,512,9559,478,1.071,false
QM34,2025-03,11077,527,11229,534,0.987,false
QM34,2025-04,11758,534,12252,557,0.959,false
QM34,2025-05,10928,497,11771,535,0.929,false
QM34,2025-06,11029,525,11466,546,0.962,false
QM34,2025-07,11600,504,11891,517,0.975,false
QM34,2025-08,10061,479,10394,495,0.968,false
QM34,2025-09,10567,480,10984,499,0.962,true
QM34,2025-10,11324,492,11553,502,0.98,false
QM34,2025-11,9026,451,9211,460,0.98,false
QM34,2025-12,8870,386,8968,390,0.99,false
QM34,2026-01,8970,408,,,,false
QM34,2026-02,8756,438,9310,465,0.942,false
QM34,2026-03,9966,453,11888,540,0.839,false
QM34,2026-04,10488,477,11385,518,0.921,false
QM34,2026-05,9594,457,10506,500,0.914,false
QM34,2026-06,10757,489,11515,523,0.935,false
QM34,2026-07,9999,435,10327,449,0.969,false
QM34,2026-08,9500,452,9974,475,0.952,false
QM35,2024-10,3604,157,7066,307,0.511,false
QM35,2024-11,3383,161,5901,281,0.573,false
QM35,2024-12,3046,138,5681,258,0.535,false
QM35,2025-01,3702,161,6697,291,0.553,false
QM35,2025-02,3064,153,6342,317,0.483,false
QM35,2025-03,3809,181,6945,331,0.547,false
QM35,2025-04,3420,155,7140,325,0.477,false
QM35,2025-05,3334,152,7027,319,0.476,false
QM35,2025-06,3031,144,6729,320,0.45,true
QM35,2025-07,2618,114,8109,353,0.323,false
QM35,2025-08,2287,109,6617,315,0.346,false
QM35,2025-09,2976,135,7199,326,0.414,false
QM35,2025-10,2800,122,7447,323,0.378,false
QM35,2025-11,2421,121,5981,297,0.407,false
QM35,2025-12,2736,119,6293,273,0.436,false
QM35,2026-01,3049,139,,,,false
QM35,2026-02,3033,152,5696,285,0.533,false
QM35,2026-03,3899,177,7169,326,0.543,false
QM35,2026-04,3787,172,6826,310,0.555,false
QM35,2026-05,3614,172,6203,295,0.583,false
QM35,2026-06,4673,212,6765,308,0.688,false
QM35,2026-07,4953,215,6633,288,0.747,false
QM35,2026-08,4628,220,6410,305,0.721,false
QM36,2024-10,1633,71,2759,120,0.592,false
QM36,2024-11,1202,57,2344,112,0.509,false
QM36,2024-12,1344,61,2153,98,0.622,false
QM36,2025-01,1267,55,2482,108,0.509,false
QM36,2025-02,1421,71,2318,116,0.612,false
QM36,2025-03,1352,64,2441,116,0.552,false
QM36,2025-04,1474,67,2840,129,0.519,false
QM36,2025-05,1624,74,2823,128,0.578,false
QM36,2025-06,1573,75,2786,133,0.564,true
QM36,2025-07,925,40,2457,107,0.374,false
QM36,2025-08,747,36,1938,92,0.391,false
QM36,2025-09,838,38,2402,109,0.349,false
QM36,2025-10,943,41,2459,107,0.383,false
QM36,2025-11,925,46,2037,102,0.451,false
QM36,2025-12,894,39,1859,81,0.481,false
QM36,2026-01,939,43,,,,false
QM36,2026-02,969,48,1806,90,0.533,false
QM36,2026-03,1539,70,2585,118,0.593,false
QM36,2026-04,1638,74,2588,118,0.627,false
QM36,2026-05,1586,76,2294,109,0.697,false
QM36,2026-06,1704,77,2467,112,0.688,false
QM36,2026-07,1456,63,2253,98,0.643,false
QM36,2026-08,1120,53,2174,104,0.51,false
QM4,2024-10,3773,130,10484,401,0.324,false
QM4,2024-11,3974,148,9882,398,0.372,false
QM4,2024-12,3675,127,8864,342,0.371,false
QM4,2025-01,4720,175,9906,387,0.452,false
QM4,2025-02,4249,175,9482,424,0.413,false
QM4,2025-03,4936,192,10862,446,0.43,false
QM4,2025-04,5568,216,11162,454,0.476,false
QM4,2025-05,5860,213,11505,455,0.468,false
QM4,2025-06,4889,197,10233,427,0.461,true
QM4,2025-07,4646,163,11071,424,0.384,false
QM4,2025-08,4639,182,10178,415,0.439,false
QM4,2025-09,3953,138,9865,394,0.35,false
QM4,2025-10,4307,146,9804,381,0.383,false
QM4,2025-11,4299,152,9151,377,0.403,false
QM4,2025-12,4077,142,8775,336,0.423,false
QM4,2026-01,3923,146,,,,false
QM4,2026-02,3627,147,7417,329,0.447,false
QM4,2026-03,5548,210,10781,431,0.487,false
QM4,2026-04,5537,216,10051,407,0.531,false
QM4,2026-05,5942,232,10263,413,0.562,false
QM4,2026-06,6706,253,10243,410,0.617,false
QM4,2026-07,7612,290,9686,378,0.767,false
QM4,2026-08,7579,293,9850,399,0.734,false
QM40,2024-10,1227,53,3123,136,0.39,false
QM40,2024-11,1042,50,2574,123,0.407,false
QM40,2024-12,1006,46,2367,108,0.426,false
QM40,2025-01,1054,46,2986,130,0.354,false
QM40,2025-02,1026,51,2641,132,0.386,false
QM40,2025-03,1162,55,2931,140,0.393,false
QM40,2025-04,1775,81,3380,154,0.526,false
QM40,2025-05,1668,76,3313,151,0.503,false
QM40,2025-06,1779,85,3084,146,0.582,true
QM40,2025-07,1461,64,2893,126,0.508,false
QM40,2025-08,1267,60,2674,127,0.472,false
QM40,2025-09,1011,46,2752,125,0.368,false
QM40,2025-10,1227,53,2751,120,0.442,false
QM40,2025-11,770,38,2193,110,0.345,false
QM40,2025-12,848,37,2197,96,0.385,false
QM40,2026-01,669,30,,,,false
QM40,2026-02,955,48,1926,96,0.5,false
QM40,2026-03,1281,58,2451,111,0.523,false
QM40,2026-04,1608,73,2630,120,0.608,false
QM40,2026-05,1470,70,2394,114,0.614,false
QM40,2026-06,1752,80,2666,121,0.661,false
QM40,2026-07,1966,85,2533,110,0.773,false
QM40,2026-08,1829,87,2404,114,0.763,false
QM42,2024-10,1689,73,3803,165,0.442,false
QM42,2024-11,1461,70,3023,144,0.486,false
QM42,2024-12,1421,65,2733,124,0.524,false
QM42,2025-01,1885,82,3544,154,0.532,false
QM42,2025-02,1511,76,3210,160,0.475,false
QM42,2025-03,1742,83,3558,169,0.491,false
QM42,2025-04,1347,61,3720,169,0.361,false
QM42,2025-05,1298,59,3561,162,0.364,false
QM42,2025-06,1036,49,3219,153,0.32,true
QM42,2025-07,1401,61,3340,145,0.421,false
QM42,2025-08,1587,76,2817,134,0.567,false
QM42,2025-09,1649,75,3142,143,0.524,false
QM42,2025-10,1730,75,3398,148,0.507,false
QM42,2025-11,1369,68,2555,128,0.531,false
QM42,2025-12,1560,68,2684,117,0.581,false
QM42,2026-01,1435,65,,,,false
QM42,2026-02,1442,72,2265,113,0.637,false
QM42,2026-03,1908,87,3015,137,0.635,false
QM42,2026-04,1956,89,2921,133,0.669,false
QM42,2026-05,1810,86,2739,130,0.662,false
QM42,2026-06,1860,85,2812,128,0.664,false
QM42,2026-07,2024,88,2510,109,0.807,false
QM42,2026-08,1802,86,2504,119,0.723,false
QM44,2024-10,1570,68,2934,127,0.535,false
QM44,2024-11,1720,82,2649,126,0.651,false
QM44,2024-12,1509,69,2406,109,0.633,false
QM44,2025-01,1985,86,2855,124,0.694,false
QM44,2025-02,1286,64,2628,131,0.489,false
QM44,2025-03,1540,73,2808,134,0.545,false
QM44,2025-04,1812,82,3138,143,0.573,false
QM44,2025-05,1535,70,2990,136,0.515,false
QM44,2025-06,1353,64,2704,129,0.496,true
QM44,2025-07,1043,45,2486,108,0.417,false
QM44,2025-08,917,44,2329,111,0.396,false
QM44,2025-09,1251,57,2683,122,0.467,false
QM44,2025-10,1365,59,2667,116,0.509,false
QM44,2025-11,1067,53,2308,115,0.461,false
QM44,2025-12,1115,48,2227,97,0.495,false
QM44,2026-01,901,41,,,,false
QM44,2026-02,1321,66,2082,104,0.635,false
QM44,2026-03,1400,64,2730,124,0.516,false
QM44,2026-04,1661,76,2572,117,0.65,false
QM44,2026-05,1832,87,2425,115,0.757,false
QM44,2026-06,2104,96,2606,118,0.814,false
QM44,2026-07,1853,81,2381,104,0.779,false
QM44,2026-08,1894,90,2177,104,0.865,false
QM5,2024-10,16221,619,29338,1132,0.547,false
QM5,2024-11,14037,549,25064,1016,0.54,false
QM5,2024-12,13175,512,23516,932,0.549,false
QM5,2025-01,14451,563,26613,1042,0.54,false
QM5,2025-02,14014,602,24840,1110,0.542,false
QM5,2025-03,16094,632,28097,1159,0.545,false
QM5,2025-04,15532,612,29985,1228,0.498,false
QM5,2025-05,14927,561,29310,1166,0.481,false
QM5,2025-06,16040,661,27778,1179,0.561,true
QM5,2025-07,18176,699,31709,1261,0.554,false
QM5,2025-08,15793,629,28828,1217,0.517,false
QM5,2025-09,13853,537,27495,1128,0.476,false
QM5,2025-10,15222,583,27834,1096,0.532,false
QM5,2025-11,13133,546,23551,1007,0.542,false
QM5,2025-12,12891,489,22758,880,0.556,false
QM5,2026-01,14888,600,,,,false
QM5,2026-02,13861,616,21653,978,0.63,false
QM5,2026-03,16277,668,27619,1136,0.588,false
QM5,2026-04,17446,717,27362,1133,0.633,false
QM5,2026-05,19587,810,28111,1179,0.687,false
QM5,2026-06,20258,830,27112,1128,0.736,false
QM5,2026-07,20589,796,28655,1134,0.702,false
QM5,2026-08,20958,870,27399,1146,0.759,false
QM6,2024-10,6954,229,16936,622,0.368,false
QM6,2024-11,6379,208,14367,550,0.378,false
QM6,2024-12,5873,192,13181,490,0.392,false
QM6,2025-01,5519,192,13865,527,0.364,false
QM6,2025-02,6757,263,13951,597,0.441,false
QM6,2025-03,7344,274,15857,633,0.433,false
QM6,2025-04,8305,303,17058,673,0.45,false
QM6,2025-05,8875,308,16711,636,0.484,false
QM6,2025-06,8880,338,15693,636,0.531,true
QM6,2025-07,6796,226,13176,481,0.47,false
QM6,2025-08,6101,218,12670,478,0.456,false
QM6,2025-09,6290,213,12592,480,0.444,false
QM6,2025-10,7048,234,12568,458,0.511,false
QM6,2025-11,6429,220,11047,429,0.513,false
QM6,2025-12,6093,201,10206,366,0.549,false
QM6,2026-01,5509,195,,,,false
QM6,2026-02,6239,244,9748,416,0.587,false
QM6,2026-03,6764,241,12831,492,0.49,false
QM6,2026-04,7580,279,12422,480,0.581,false
QM6,2026-05,8444,304,13451,514,0.591,false
QM6,2026-06,8569,311,13064,504,0.617,false
QM6,2026-07,9617,335,12775,471,0.711,false
QM6,2026-08,9367,339,12205,468,0.724,false
QM63,2025-06,251,12,409,19,0.632,true
QM63,2025-07,6358,276,8290,360,0.767,false
QM63,2025-08,5106,243,7458,355,0.685,false
QM63,2025-09,5062,230,7861,357,0.644,false
QM63,2025-10,5845,254,8464,368,0.69,false
QM63,2025-11,4772,239,6172,309,0.773,false
QM63,2025-12,4675,203,6193,269,0.755,false
QM63,2026-01,4149,189,,,,false
QM63,2026-02,3512,176,6469,323,0.545,false
QM63,2026-03,4557,207,8154,371,0.558,false
QM63,2026-04,5879,267,7585,345,0.774,false
QM63,2026-05,6503,310,8036,383,0.809,false
QM63,2026-06,7112,323,7977,363,0.89,false
QM63,2026-07,6208,270,7678,334,0.808,false
QM63,2026-08,5934,283,7177,342,0.827,false
QM64,2025-06,100,5,185,9,0.556,true
QM64,2025-07,3224,140,4110,179,0.782,false
QM64,2025-08,2338,111,3298,157,0.707,false
QM64,2025-09,2365,108,3861,176,0.614,false
QM64,2025-10,2703,118,4196,182,0.648,false
QM64,2025-11,1916,96,2887,144,0.667,false
QM64,2025-12,1843,80,3197,139,0.576,false
QM64,2026-01,2083,95,,,,false
QM64,2026-02,2006,100,3241,162,0.617,false
QM64,2026-03,2280,104,4192,191,0.545,false
QM64,2026-04,2946,134,4006,182,0.736,false
QM64,2026-05,2922,139,3753,179,0.777,false
QM64,2026-06,3121,142,3783,172,0.826,false
QM64,2026-07,3215,140,3707,161,0.87,false
QM64,2026-08,2874,137,3226,154,0.89,false
QM65,2025-06,53,3,53,3,1,true
QM65,2025-07,2163,94,2237,97,0.969,false
QM65,2025-08,2446,116,2445,116,1,false
QM65,2025-09,2450,111,2525,115,0.965,false
QM65,2025-10,2630,114,2491,108,1.056,false
QM65,2025-11,2153,108,1956,98,1.102,false
QM65,2025-12,2255,98,2409,105,0.933,false
QM65,2026-01,2365,108,,,,false
QM65,2026-02,1770,88,2284,114,0.772,false
QM65,2026-03,2614,119,2934,133,0.895,false
QM65,2026-04,3413,155,3249,148,1.047,false
QM65,2026-05,3354,160,3160,150,1.067,false
QM65,2026-06,3035,138,3265,148,0.932,false
QM65,2026-07,3728,162,3516,153,1.059,false
QM65,2026-08,3224,154,3349,159,0.969,false
QM68,2025-06,197,9,328,16,0.562,true
QM68,2025-07,4165,181,6503,283,0.64,false
QM68,2025-08,3597,171,6074,289,0.592,false
QM68,2025-09,4028,183,6198,282,0.649,false
QM68,2025-10,4578,199,6551,285,0.698,false
QM68,2025-11,3462,173,4919,246,0.703,false
QM68,2025-12,3734,162,5330,232,0.698,false
QM68,2026-01,3304,150,,,,false
QM68,2026-02,2869,143,5193,260,0.55,false
QM68,2026-03,3211,146,6883,313,0.466,false
QM68,2026-04,4803,218,6443,293,0.744,false
QM68,2026-05,5352,255,6340,302,0.844,false
QM68,2026-06,5170,235,6084,277,0.848,false
QM68,2026-07,5093,221,6258,272,0.812,false
QM68,2026-08,4762,227,5693,271,0.838,false
QM7,2024-10,4502,196,9942,432,0.454,false
QM7,2024-11,3647,174,8142,388,0.448,false
QM7,2024-12,3332,151,7764,353,0.428,false
QM7,2025-01,4107,179,9595,417,0.429,false
QM7,2025-02,4299,215,9061,453,0.475,false
QM7,2025-03,4543,216,9893,471,0.459,false
QM7,2025-04,4816,219,11313,514,0.426,false
QM7,2025-05,3727,169,10372,471,0.359,false
QM7,2025-06,4717,225,10667,508,0.443,true
QM7,2025-07,5702,248,12426,540,0.459,false
QM7,2025-08,6336,302,10737,511,0.591,false
QM7,2025-09,5734,261,11810,537,0.486,false
QM7,2025-10,5908,257,12163,529,0.486,false
QM7,2025-11,4530,226,9610,480,0.471,false
QM7,2025-12,4329,188,9769,425,0.442,false
QM7,2026-01,5181,236,,,,false
QM7,2026-02,5322,266,8861,443,0.6,false
QM7,2026-03,7195,327,11678,531,0.616,false
QM7,2026-04,7050,320,11582,526,0.608,false
QM7,2026-05,5711,272,10665,508,0.535,false
QM7,2026-06,7920,360,12255,557,0.646,false
QM7,2026-07,10149,441,12044,524,0.842,false
QM7,2026-08,10058,479,11759,560,0.855,false
QM8,2024-10,4179,182,8847,385,0.473,false
QM8,2024-11,3142,150,6856,326,0.46,false
QM8,2024-12,2908,132,6177,281,0.47,false
QM8,2025-01,3277,142,7930,345,0.412,false
QM8,2025-02,3277,164,7067,353,0.465,false
QM8,2025-03,3197,152,7506,357,0.426,false
QM8,2025-04,4421,201,8629,392,0.513,false
QM8,2025-05,3441,156,8435,383,0.407,false
QM8,2025-06,4084,194,7991,381,0.509,true
QM8,2025-07,3642,158,9204,400,0.395,false
QM8,2025-08,3472,165,8112,386,0.427,false
QM8,2025-09,5027,228,8983,408,0.559,false
QM8,2025-10,5339,232,8826,384,0.604,false
QM8,2025-11,4323,216,6815,341,0.633,false
QM8,2025-12,4422,192,6931,301,0.638,false
QM8,2026-01,4629,210,,,,false
QM8,2026-02,4629,231,7356,368,0.628,false
QM8,2026-03,5899,268,9610,437,0.613,false
QM8,2026-04,6233,283,9398,427,0.663,false
QM8,2026-05,5850,279,8598,409,0.682,false
QM8,2026-06,6507,296,8957,407,0.727,false
QM8,2026-07,6638,289,9748,424,0.682,false
QM8,2026-08,6148,293,8496,405,0.723,false
S40,2024-10,74596,2424,51562,1788,1.356,false
S40,2024-11,72268,2471,52430,1914,1.291,false
S40,2024-12,67924,2197,52062,1823,1.205,false
S40,2025-01,53503,1668,47002,1631,1.023,false
S40,2025-02,50831,1878,45393,1773,1.059,false
S40,2025-03,55685,1793,53706,1906,0.941,false
S40,2025-04,59636,2031,54799,1992,1.02,false
S40,2025-05,59394,2005,53748,1862,1.077,false
S40,2025-06,65128,2187,51123,1864,1.173,false
S40,2025-07,77239,2530,52590,1801,1.405,false
S40,2025-08,75304,2339,51565,1772,1.32,false
S40,2025-09,72458,2442,48900,1740,1.403,false
S40,2025-10,77442,2534,47114,1657,1.529,false
S40,2025-11,68757,2337,39980,1514,1.544,false
S40,2025-12,66267,2240,38441,1370,1.635,false
S40,2026-01,58780,2064,,,,false
S40,2026-02,44672,1701,35234,1418,1.2,false
S40,2026-03,56359,1883,43791,1562,1.206,false
S40,2026-04,65311,2229,43150,1582,1.409,false
S40,2026-05,70120,2410,44868,1627,1.481,false
S40,2026-06,76891,2540,46963,1663,1.527,false
S40,2026-07,71133,2222,43689,1551,1.433,false
S40,2026-08,71747,2219,42369,1512,1.468,false
S42,2024-10,9265,402,7062,306,1.314,false
S42,2024-11,7676,363,6183,293,1.239,false
S42,2024-12,7187,326,6493,293,1.113,false
S42,2025-01,7684,333,6393,277,1.202,false
S42,2025-02,6171,308,6149,307,1.003,false
S42,2025-03,7830,370,7203,341,1.085,false
S42,2025-04,7562,342,6949,315,1.086,false
S42,2025-05,7864,354,6380,289,1.225,false
S42,2025-06,7888,375,6219,295,1.271,false
S42,2025-07,7020,304,6109,265,1.147,false
S42,2025-08,5382,255,5166,246,1.037,false
S42,2025-09,8573,390,6448,293,1.331,false
S42,2025-10,9901,430,6759,294,1.463,false
S42,2025-11,8860,442,5264,262,1.687,false
S42,2025-12,8888,386,5388,233,1.657,false
S42,2026-01,8267,375,,,,false
S42,2026-02,6691,334,4669,233,1.433,false
S42,2026-03,9572,435,6009,273,1.593,false
S42,2026-04,6357,289,5424,246,1.175,false
S42,2026-05,6942,329,5437,258,1.275,false
S42,2026-06,5610,255,5435,246,1.037,false
S42,2026-07,5312,231,5171,224,1.031,false
S42,2026-08,5403,257,5184,246,1.045,false
S44,2024-10,174389,6149,74312,2597,2.368,false
S44,2024-11,156079,5659,71104,2599,2.177,false
S44,2024-12,141954,5158,67071,2362,2.184,false
S44,2025-01,142501,5000,67047,2328,2.148,false
S44,2025-02,130363,5222,63131,2497,2.091,false
S44,2025-03,158354,5607,74163,2624,2.137,false
S44,2025-04,147960,5301,73705,2660,1.993,false
S44,2025-05,158889,5573,74761,2578,2.162,false
S44,2025-06,144718,5367,71825,2603,2.062,false
S44,2025-07,140210,4732,72681,2476,1.911,false
S44,2025-08,145021,4930,69449,2422,2.036,false
S44,2025-09,149680,5437,68471,2448,2.221,false
S44,2025-10,151148,5339,63570,2205,2.421,false
S44,2025-11,134971,4936,56567,2060,2.396,false
S44,2025-12,119668,4257,54042,1879,2.266,false
S44,2026-01,112750,4070,,,,false
S44,2026-02,98088,3844,49612,1956,1.965,false
S44,2026-03,106365,3797,64629,2271,1.672,false
S44,2026-04,116761,4272,63489,2280,1.874,false
S44,2026-05,126845,4727,65540,2341,2.019,false
S44,2026-06,121317,4383,64702,2301,1.905,false
S44,2026-07,124419,4293,60248,2102,2.042,false
S44,2026-08,121045,4009,62475,2162,1.854,false
S46,2024-10,126790,4445,70560,2520,1.764,false
S46,2024-11,106493,3735,64591,2431,1.536,false
S46,2024-12,108958,3805,62282,2271,1.675,false
S46,2025-01,102161,3559,59779,2140,1.663,false
S46,2025-02,96834,3942,56270,2309,1.707,false
S46,2025-03,107062,3953,68231,2523,1.567,false
S46,2025-04,108201,3895,68437,2537,1.535,false
S46,2025-05,111610,4031,67974,2419,1.666,false
S46,2025-06,102242,3899,63156,2392,1.63,false
S46,2025-07,114800,3929,65126,2332,1.685,false
S46,2025-08,105718,3780,63657,2335,1.619,false
S46,2025-09,126615,4705,64797,2430,1.936,false
S46,2025-10,139078,5031,62897,2275,2.211,false
S46,2025-11,121197,4742,54034,2092,2.267,false
S46,2025-12,115085,4193,51798,1883,2.227,false
S46,2026-01,106088,3975,,,,false
S46,2026-02,87304,3613,49082,2052,1.761,false
S46,2026-03,113289,4219,60918,2246,1.878,false
S46,2026-04,103706,3882,58460,2212,1.755,false
S46,2026-05,123648,4572,59487,2227,2.053,false
S46,2026-06,113880,4173,58505,2180,1.914,false
S46,2026-07,105100,3560,57252,2084,1.708,false
S46,2026-08,101009,3525,55171,2053,1.717,false
S48,2024-10,106310,3521,67917,2378,1.481,false
S48,2024-11,90161,3147,62601,2256,1.395,false
S48,2024-12,91775,3111,59336,2086,1.491,false
S48,2025-01,88153,2911,56298,1953,1.491,false
S48,2025-02,73387,2728,53796,2096,1.302,false
S48,2025-03,81840,2723,63512,2251,1.21,false
S48,2025-04,79366,2728,63276,2256,1.209,false
S48,2025-05,73227,2307,60146,2050,1.125,false
S48,2025-06,78796,2724,56951,2060,1.322,false
S48,2025-07,100776,3352,61168,2091,1.603,false
S48,2025-08,101963,3268,60239,2096,1.559,false
S48,2025-09,114862,4044,59807,2121,1.907,false
S48,2025-10,118642,4035,58429,2010,2.007,false
S48,2025-11,103553,3773,51237,1843,2.047,false
S48,2025-12,101435,3501,49327,1719,2.037,false
S48,2026-01,87124,3082,,,,false
S48,2026-02,67760,2584,45619,1800,1.436,false
S48,2026-03,90229,3129,55906,1981,1.58,false
S48,2026-04,88542,3197,55513,2020,1.583,false
S48,2026-05,98199,3475,56621,2020,1.72,false
S48,2026-06,97873,3391,55887,2013,1.685,false
S48,2026-07,102579,3431,54469,1920,1.787,false
S48,2026-08,89156,2976,51949,1827,1.629,false
S51,2024-10,46192,1544,43305,1610,0.959,false
S51,2024-11,40641,1470,38839,1510,0.974,false
S51,2024-12,38788,1336,36334,1365,0.979,false
S51,2025-01,34351,1167,36608,1338,0.872,false
S51,2025-02,33626,1216,36149,1494,0.814,false
S51,2025-03,40684,1333,42094,1577,0.845,false
S51,2025-04,37837,1333,42093,1601,0.833,false
S51,2025-05,38696,1370,41772,1518,0.903,false
S51,2025-06,41533,1496,41768,1602,0.934,false
S51,2025-07,55184,1879,44750,1579,1.19,false
S51,2025-08,52167,1678,43216,1569,1.069,false
S51,2025-09,50133,1841,42467,1587,1.16,false
S51,2025-10,48820,1566,42425,1524,1.028,false
S51,2025-11,46345,1636,36472,1425,1.148,false
S51,2025-12,41980,1456,36146,1335,1.091,false
S51,2026-01,37830,1402,,,,false
S51,2026-02,32731,1225,32785,1368,0.895,false
S51,2026-03,47235,1691,40805,1514,1.117,false
S51,2026-04,42284,1486,40718,1550,0.959,false
S51,2026-05,47659,1680,39977,1518,1.107,false
S51,2026-06,46288,1543,41149,1521,1.014,false
S51,2026-07,46546,1611,40661,1470,1.096,false
S51,2026-08,42589,1409,40033,1474,0.956,false
S52,2024-10,60014,2073,36543,1304,1.59,false
S52,2024-11,51625,1855,32908,1218,1.523,false
S52,2024-12,49064,1772,30763,1116,1.588,false
S52,2025-01,45015,1574,33110,1194,1.318,false
S52,2025-02,42345,1607,33064,1351,1.189,false
S52,2025-03,46372,1652,39101,1468,1.125,false
S52,2025-04,46177,1621,36820,1385,1.17,false
S52,2025-05,46146,1666,35671,1293,1.288,false
S52,2025-06,43422,1581,33898,1255,1.26,false
S52,2025-07,55887,1895,36869,1321,1.435,false
S52,2025-08,55086,1856,35540,1289,1.44,false
S52,2025-09,62751,2369,36935,1385,1.71,false
S52,2025-10,66972,2317,35955,1301,1.781,false
S52,2025-11,58259,2176,30580,1174,1.853,false
S52,2025-12,53661,1888,30160,1088,1.735,false
S52,2026-01,53210,2030,,,,false
S52,2026-02,45020,1892,28504,1172,1.614,false
S52,2026-03,59927,2336,35313,1303,1.793,false
S52,2026-04,50728,1852,33873,1286,1.44,false
S52,2026-05,57033,2108,33481,1271,1.659,false
S52,2026-06,52264,1844,34140,1283,1.437,false
S52,2026-07,54678,1918,33121,1200,1.598,false
S52,2026-08,50502,1735,32142,1191,1.457,false
S53,2024-10,146010,4857,145705,5005,0.97,false
S53,2024-11,133114,4559,132456,4766,0.957,false
S53,2024-12,120817,3891,124023,4294,0.906,false
S53,2025-01,118380,3839,122026,4220,0.91,false
S53,2025-02,109492,3926,118905,4606,0.852,false
S53,2025-03,124512,3925,141725,4949,0.793,false
S53,2025-04,130519,4458,137917,4944,0.902,false
S53,2025-05,116573,3896,142948,4897,0.796,false
S53,2025-06,128318,4431,134200,4850,0.914,false
S53,2025-07,153534,5208,134800,4596,1.133,false
S53,2025-08,148697,4729,130510,4449,1.063,false
S53,2025-09,160065,5522,133882,4786,1.154,false
S53,2025-10,166551,5531,129970,4479,1.235,false
S53,2025-11,145698,5395,115400,4234,1.274,false
S53,2025-12,137523,4606,113743,3961,1.163,false
S53,2026-01,129904,4632,,,,false
S53,2026-02,104429,4009,103800,4079,0.983,false
S53,2026-03,141247,4806,133033,4679,1.027,false
S53,2026-04,133000,4768,130377,4690,1.017,false
S53,2026-05,156760,5637,132748,4733,1.191,false
S53,2026-06,151838,5097,133892,4763,1.07,false
S53,2026-07,147258,4937,130181,4535,1.089,false
S53,2026-08,142584,4685,126781,4389,1.067,false
S54,2024-10,21171,920,11529,501,1.836,false
S54,2024-11,16668,794,9017,429,1.851,false
S54,2024-12,14168,644,7652,348,1.851,false
S54,2025-01,15889,691,8221,357,1.936,false
S54,2025-02,14597,730,8218,411,1.776,false
S54,2025-03,18198,867,9327,444,1.953,false
S54,2025-04,16358,744,9510,432,1.722,false
S54,2025-05,16938,770,8328,379,2.032,false
S54,2025-06,13333,635,7560,360,1.764,false
S54,2025-07,11496,500,9355,407,1.229,false
S54,2025-08,11546,550,9383,446,1.233,false
S54,2025-09,24352,1107,10159,462,2.396,false
S54,2025-10,29476,1282,10069,438,2.927,false
S54,2025-11,22116,1106,7917,396,2.793,false
S54,2025-12,21624,940,7792,339,2.773,false
S54,2026-01,20145,916,,,,false
S54,2026-02,19277,964,7074,354,2.723,false
S54,2026-03,23236,1056,9332,424,2.491,false
S54,2026-04,19646,893,9494,432,2.067,false
S54,2026-05,25483,1213,8542,407,2.98,false
S54,2026-06,16270,740,9362,426,1.737,false
S54,2026-07,14448,628,9729,423,1.485,false
S54,2026-08,10823,515,9092,433,1.189,false
S55,2024-10,15190,660,3386,147,4.49,false
S55,2024-11,10974,523,3127,149,3.51,false
S55,2024-12,10953,498,2810,128,3.891,false
S55,2025-01,9302,404,2652,115,3.513,false
S55,2025-02,10672,534,2691,135,3.956,false
S55,2025-03,10771,513,3079,147,3.49,false
S55,2025-04,10675,485,3000,136,3.566,false
S55,2025-05,11974,544,2994,136,4,false
S55,2025-06,7389,352,2929,139,2.532,false
S55,2025-07,4931,214,3502,152,1.408,false
S55,2025-08,5337,254,3050,145,1.752,false
S55,2025-09,15457,703,3528,160,4.394,false
S55,2025-10,17195,748,3213,140,5.343,false
S55,2025-11,13036,652,2490,124,5.258,false
S55,2025-12,13386,582,2518,109,5.339,false
S55,2026-01,11576,526,,,,false
S55,2026-02,10490,524,2376,118,4.441,false
S55,2026-03,15853,721,2854,130,5.546,false
S55,2026-04,13562,616,2984,136,4.529,false
S55,2026-05,16001,762,2891,138,5.522,false
S55,2026-06,10200,464,2979,135,3.437,false
S55,2026-07,6564,285,2936,127,2.244,false
S55,2026-08,6103,291,3027,143,2.035,false
S56,2024-10,22500,978,5983,260,3.762,false
S56,2024-11,18235,868,5200,247,3.514,false
S56,2024-12,16040,729,4858,221,3.299,false
S56,2025-01,15397,669,4446,193,3.466,false
S56,2025-02,17356,868,4461,222,3.91,false
S56,2025-03,17944,854,5036,240,3.558,false
S56,2025-04,16139,734,5504,250,2.936,false
S56,2025-05,18035,820,5253,239,3.431,false
S56,2025-06,13067,622,5075,242,2.57,false
S56,2025-07,8756,381,5423,236,1.614,false
S56,2025-08,8598,409,4899,233,1.755,false
S56,2025-09,20422,928,5462,248,3.742,false
S56,2025-10,23349,1015,5215,227,4.471,false
S56,2025-11,18394,920,4123,206,4.466,false
S56,2025-12,17385,756,4066,177,4.271,false
S56,2026-01,15957,725,,,,false
S56,2026-02,15229,761,3764,188,4.048,false
S56,2026-03,22186,1008,4821,219,4.603,false
S56,2026-04,18779,854,4898,223,3.83,false
S56,2026-05,20313,967,4550,217,4.456,false
S56,2026-06,16936,770,5007,228,3.377,false
S56,2026-07,9515,414,4483,195,2.123,false
S56,2026-08,9339,445,4409,210,2.119,false
S57,2024-10,51992,1929,20399,708,2.725,false
S57,2024-11,42135,1643,18006,654,2.512,false
S57,2024-12,39197,1496,16505,584,2.562,false
S57,2025-01,39265,1429,16799,583,2.451,false
S57,2025-02,36646,1544,16487,650,2.375,false
S57,2025-03,50128,1910,20410,731,2.613,false
S57,2025-04,42745,1662,20094,736,2.258,false
S57,2025-05,45774,1753,19986,697,2.515,false
S57,2025-06,40928,1592,19044,706,2.255,false
S57,2025-07,35850,1253,20485,708,1.77,false
S57,2025-08,35338,1247,19804,709,1.759,false
S57,2025-09,47168,1798,20474,752,2.391,false
S57,2025-10,48353,1787,18533,653,2.737,false
S57,2025-11,42460,1677,15872,576,2.911,false
S57,2025-12,36045,1340,14673,510,2.627,false
S57,2026-01,35577,1371,,,,false
S57,2026-02,28245,1161,14232,568,2.044,false
S57,2026-03,36952,1439,18649,662,2.174,false
S57,2026-04,33962,1328,18177,673,1.973,false
S57,2026-05,42538,1622,19023,690,2.351,false
S57,2026-06,35747,1333,18362,667,1.999,false
S57,2026-07,31684,1141,19134,686,1.663,false
S57,2026-08,31649,1087,18436,657,1.654,false
S59,2024-10,113133,4089,43165,1515,2.699,false
S59,2024-11,89376,3331,39866,1446,2.304,false
S59,2024-12,86837,3168,37935,1333,2.377,false
S59,2025-01,83874,3027,36872,1297,2.334,false
S59,2025-02,79645,3273,35343,1425,2.297,false
S59,2025-03,101918,3880,42329,1564,2.481,false
S59,2025-04,91250,3499,41426,1552,2.255,false
S59,2025-05,98315,3572,42792,1508,2.369,false
S59,2025-06,83440,3248,39427,1489,2.181,false
S59,2025-07,76946,2672,41101,1451,1.841,false
S59,2025-08,80281,2926,39103,1414,2.069,false
S59,2025-09,95487,3562,38685,1421,2.507,false
S59,2025-10,94846,3461,36529,1289,2.685,false
S59,2025-11,77361,3062,32504,1193,2.567,false
S59,2025-12,74703,2647,30145,1056,2.507,false
S59,2026-01,69931,2626,,,,false
S59,2026-02,63340,2598,28082,1134,2.291,false
S59,2026-03,70112,2699,36025,1300,2.076,false
S59,2026-04,69674,2693,35089,1301,2.07,false
S59,2026-05,83738,3238,37819,1375,2.355,false
S59,2026-06,78316,2922,36699,1336,2.187,false
S59,2026-07,70869,2485,35074,1247,1.993,false
S59,2026-08,66187,2345,34715,1245,1.884,false
S61,2024-10,99750,3481,52961,1815,1.918,false
S61,2024-11,88600,3338,49270,1788,1.867,false
S61,2024-12,85964,3073,46497,1620,1.897,false
S61,2025-01,76098,2650,43609,1499,1.768,false
S61,2025-02,78907,3220,43763,1707,1.886,false
S61,2025-03,91922,3390,52495,1845,1.837,false
S61,2025-04,89740,3265,50901,1831,1.783,false
S61,2025-05,91580,3252,52258,1798,1.809,false
S61,2025-06,78854,2909,48416,1725,1.686,false
S61,2025-07,72224,2425,49109,1660,1.461,false
S61,2025-08,69498,2403,48382,1652,1.455,false
S61,2025-09,81006,2866,48204,1709,1.677,false
S61,2025-10,87893,3029,47538,1623,1.866,false
S61,2025-11,78947,2934,42470,1541,1.904,false
S61,2025-12,70309,2396,39178,1352,1.772,false
S61,2026-01,63585,2285,,,,false
S61,2026-02,54101,2141,35985,1398,1.531,false
S61,2026-03,71222,2522,45854,1568,1.608,false
S61,2026-04,63776,2331,43381,1550,1.504,false
S61,2026-05,70166,2529,46202,1631,1.551,false
S61,2026-06,65503,2381,44104,1544,1.542,false
S61,2026-07,61819,2013,42867,1451,1.387,false
S61,2026-08,64461,2088,42433,1455,1.435,false
S62,2024-10,88355,3103,51802,1815,1.71,false
S62,2024-11,78346,2824,47896,1732,1.63,false
S62,2024-12,73041,2545,43632,1539,1.654,false
S62,2025-01,73295,2528,43372,1517,1.666,false
S62,2025-02,67223,2631,42176,1676,1.57,false
S62,2025-03,81806,2972,51793,1864,1.594,false
S62,2025-04,75817,2810,49710,1831,1.535,false
S62,2025-05,80490,2854,52215,1843,1.549,false
S62,2025-06,73954,2692,47516,1752,1.537,false
S62,2025-07,72631,2425,48067,1654,1.466,false
S62,2025-08,68135,2282,46553,1626,1.403,false
S62,2025-09,75808,2754,48909,1743,1.58,false
S62,2025-10,75786,2613,44339,1532,1.706,false
S62,2025-11,71923,2589,40691,1480,1.749,false
S62,2025-12,61745,2132,37134,1261,1.691,false
S62,2026-01,58852,2100,,,,false
S62,2026-02,47869,1877,34544,1356,1.384,false
S62,2026-03,57942,2065,43240,1524,1.355,false
S62,2026-04,58448,2131,41901,1503,1.418,false
S62,2026-05,67758,2400,42358,1505,1.595,false
S62,2026-06,64797,2248,42786,1515,1.484,false
S62,2026-07,60212,2046,40438,1389,1.473,false
S62,2026-08,60159,2053,40002,1399,1.467,false
S66,2024-10,20317,877,19030,823,1.066,false
S66,2024-11,14635,689,16195,765,0.901,false
S66,2024-12,13192,596,15099,682,0.874,false
S66,2025-01,11362,490,15811,684,0.716,false
S66,2025-02,10595,526,15635,778,0.676,false
S66,2025-03,11444,543,17364,821,0.661,false
S66,2025-04,11075,500,17142,776,0.644,false
S66,2025-05,8848,399,14958,677,0.589,false
S66,2025-06,9336,440,13764,652,0.675,false
S66,2025-07,16121,696,15903,689,1.01,false
S66,2025-08,14569,686,14838,702,0.977,false
S66,2025-09,16187,736,17131,775,0.95,false
S66,2025-10,16499,717,17911,774,0.926,false
S66,2025-11,13527,672,13756,684,0.982,false
S66,2025-12,13554,587,14468,626,0.938,false
S66,2026-01,12455,561,,,,false
S66,2026-02,11477,572,13986,695,0.823,false
S66,2026-03,12525,569,17395,787,0.723,false
S66,2026-04,13292,604,17014,770,0.784,false
S66,2026-05,14993,709,15688,743,0.954,false
S66,2026-06,13597,616,15981,723,0.852,false
S66,2026-07,15263,664,16474,714,0.93,false
S66,2026-08,13506,643,14042,666,0.965,false
S74,2024-10,112031,4055,69304,2471,1.641,false
S74,2024-11,91884,3325,61404,2273,1.463,false
S74,2024-12,98087,3443,56852,2024,1.701,false
S74,2025-01,96290,3282,56337,1978,1.659,false
S74,2025-02,83304,3257,51691,2066,1.576,false
S74,2025-03,91469,3306,62038,2268,1.458,false
S74,2025-04,96975,3558,62828,2324,1.531,false
S74,2025-05,104184,3682,65290,2326,1.583,false
S74,2025-06,99419,3660,63156,2371,1.544,false
S74,2025-07,98823,3352,65064,2287,1.466,false
S74,2025-08,106085,3853,62459,2233,1.725,false
S74,2025-09,109804,3949,61745,2224,1.776,false
S74,2025-10,114993,3945,59523,2071,1.905,false
S74,2025-11,106683,3967,53045,1942,2.043,false
S74,2025-12,95121,3308,49449,1743,1.898,false
S74,2026-01,88340,3213,,,,false
S74,2026-02,78345,3108,43677,1731,1.795,false
S74,2026-03,93657,3395,55203,1953,1.738,false
S74,2026-04,93068,3446,56470,2078,1.658,false
S74,2026-05,104948,3694,56085,2028,1.821,false
S74,2026-06,105308,3710,55095,1981,1.873,false
S74,2026-07,112509,3885,53879,1915,2.029,false
S74,2026-08,105854,3580,53732,1907,1.877,false
S76,2024-10,52658,1901,41432,1566,1.214,false
S76,2024-11,47668,1810,36784,1474,1.228,false
S76,2024-12,46438,1604,35040,1355,1.184,false
S76,2025-01,49444,1866,36830,1399,1.334,false
S76,2025-02,44272,1793,37135,1610,1.114,false
S76,2025-03,51181,2018,42689,1693,1.192,false
S76,2025-04,39013,1422,41966,1645,0.864,false
S76,2025-05,38379,1428,39139,1501,0.951,false
S76,2025-06,38439,1414,36426,1442,0.981,false
S76,2025-07,54997,1961,39884,1493,1.313,false
S76,2025-08,55363,2003,39951,1541,1.3,false
S76,2025-09,61277,2420,40459,1590,1.522,false
S76,2025-10,64806,2380,40485,1519,1.567,false
S76,2025-11,56859,2258,34486,1411,1.6,false
S76,2025-12,59763,2247,33547,1276,1.761,false
S76,2026-01,43135,1674,,,,false
S76,2026-02,42548,1741,31826,1364,1.276,false
S76,2026-03,56803,2144,39801,1526,1.405,false
S76,2026-04,56095,2148,39303,1538,1.397,false
S76,2026-05,66876,2584,37702,1482,1.744,false
S76,2026-06,59672,2177,39447,1526,1.427,false
S76,2026-07,53370,1905,38435,1463,1.302,false
S76,2026-08,51615,1863,36655,1430,1.303,false
S78,2024-10,160777,6017,87826,3215,1.872,false
S78,2024-11,137008,5456,75740,2877,1.896,false
S78,2024-12,133458,5016,70965,2623,1.912,false
S78,2025-01,130419,4842,70505,2516,1.924,false
S78,2025-02,123579,5201,65680,2677,1.943,false
S78,2025-03,139112,5462,78588,2885,1.893,false
S78,2025-04,135201,5221,78852,2970,1.758,false
S78,2025-05,150666,5665,79918,2896,1.956,false
S78,2025-06,121556,4713,76386,2940,1.603,false
S78,2025-07,118539,4150,78236,2789,1.488,false
S78,2025-08,132903,4759,77009,2805,1.697,false
S78,2025-09,165324,6432,78312,2879,2.234,false
S78,2025-10,168424,6057,73587,2624,2.308,false
S78,2025-11,148184,5847,67690,2566,2.279,false
S78,2025-12,140513,5307,64766,2336,2.272,false
S78,2026-01,126862,4795,,,,false
S78,2026-02,118282,4944,57734,2364,2.091,false
S78,2026-03,145857,5688,71432,2625,2.167,false
S78,2026-04,135003,5242,72081,2723,1.925,false
S78,2026-05,157335,6081,73409,2745,2.215,false
S78,2026-06,147137,5557,74431,2748,2.022,false
S78,2026-07,136432,4845,73472,2662,1.82,false
S78,2026-08,130147,4655,72031,2664,1.747,false
S79+,2024-10,410163,14362,229115,7877,1.823,false
S79+,2024-11,357876,12964,208885,7449,1.74,false
S79+,2024-12,350326,12224,203287,6983,1.751,false
S79+,2025-01,342497,11966,195890,6729,1.778,false
S79+,2025-02,304503,12047,178889,6957,1.732,false
S79+,2025-03,371426,13315,214622,7483,1.779,false
S79+,2025-04,353582,12845,213389,7675,1.674,false
S79+,2025-05,381990,13211,216642,7390,1.788,false
S79+,2025-06,349494,12661,209055,7549,1.677,false
S79+,2025-07,342056,11675,222114,7610,1.534,false
S79+,2025-08,353333,11949,215943,7399,1.615,false
S79+,2025-09,369624,13231,213590,7484,1.768,false
S79+,2025-10,374267,12843,207245,7068,1.817,false
S79+,2025-11,353345,12820,184461,6668,1.923,false
S79+,2025-12,328184,11516,185479,6417,1.795,false
S79+,2026-01,303787,10984,,,,false
S79+,2026-02,258509,10208,168051,6548,1.559,false
S79+,2026-03,315964,11542,218327,7643,1.51,false
S79+,2026-04,319921,11630,211901,7677,1.515,false
S79+,2026-05,336084,11923,226391,8034,1.484,false
S79+,2026-06,340760,12145,227234,8070,1.505,false
S79+,2026-07,320790,11246,226301,7874,1.428,false
S79+,2026-08,316660,11028,222626,7708,1.431,false
S81,2024-10,1320,57,2322,101,0.564,false
S81,2024-11,1310,62,1837,87,0.713,false
S81,2024-12,1715,78,1781,81,0.963,false
S81,2025-01,1362,59,2345,102,0.578,false
S81,2025-02,1886,94,2529,126,0.746,false
S81,2025-03,1512,72,2658,127,0.567,false
S81,2025-04,1671,76,2360,107,0.71,false
S81,2025-05,1494,68,2101,96,0.708,false
S81,2025-06,1249,59,1721,82,0.72,false
S81,2025-07,2127,92,2269,99,0.929,false
S81,2025-08,1910,91,2373,113,0.805,false
S81,2025-09,2135,97,2658,121,0.802,false
S81,2025-10,1729,75,2922,127,0.591,false
S81,2025-11,1621,81,2111,106,0.764,false
S81,2025-12,1913,83,2285,99,0.838,false
S81,2026-01,1443,66,,,,false
S81,2026-02,1425,71,1815,91,0.78,false
S81,2026-03,2279,104,2761,126,0.825,false
S81,2026-04,1703,77,2743,125,0.616,false
S81,2026-05,1578,75,2180,104,0.721,false
S81,2026-06,1594,72,2398,109,0.661,false
S81,2026-07,1847,80,2336,102,0.784,false
S81,2026-08,1629,78,2226,106,0.736,false
S84,2024-10,4543,198,3242,141,1.404,false
S84,2024-11,3318,158,2417,115,1.374,false
S84,2024-12,3279,149,2432,111,1.342,false
S84,2025-01,3402,148,2230,97,1.526,false
S84,2025-02,2823,141,1942,96,1.469,false
S84,2025-03,3204,153,2346,112,1.366,false
S84,2025-04,3668,167,2703,123,1.358,false
S84,2025-05,3364,153,2400,109,1.404,false
S84,2025-06,2799,133,2477,118,1.127,false
S84,2025-07,3319,144,2438,106,1.358,false
S84,2025-08,3571,170,2507,119,1.429,false
S84,2025-09,3730,170,2350,107,1.589,false
S84,2025-10,3931,171,2355,102,1.676,false
S84,2025-11,2947,147,1877,94,1.564,false
S84,2025-12,3259,142,1939,84,1.69,false
S84,2026-01,2644,120,,,,false
S84,2026-02,2286,114,1498,75,1.52,false
S84,2026-03,2741,125,1938,88,1.42,false
S84,2026-04,2668,121,1971,90,1.344,false
S84,2026-05,2623,125,1828,87,1.437,false
S84,2026-06,3329,151,2048,93,1.624,false
S84,2026-07,3578,156,2046,89,1.753,false
S84,2026-08,3264,155,1620,77,2.013,false
S86,2024-10,1511,66,1562,68,0.971,false
S86,2024-11,1445,69,1145,55,1.255,false
S86,2024-12,979,44,1146,52,0.846,false
S86,2025-01,587,26,1518,66,0.394,false
S86,2025-02,695,35,1436,72,0.486,false
S86,2025-03,970,46,1712,82,0.561,false
S86,2025-04,944,43,1210,55,0.782,false
S86,2025-05,1101,50,1152,52,0.962,false
S86,2025-06,867,41,777,37,1.108,false
S86,2025-07,1343,58,1276,55,1.055,false
S86,2025-08,1615,77,1285,61,1.262,false
S86,2025-09,1596,73,1741,79,0.924,false
S86,2025-10,2126,92,1869,81,1.136,false
S86,2025-11,1498,75,1435,72,1.042,false
S86,2025-12,1768,77,1409,61,1.262,false
S86,2026-01,1105,50,,,,false
S86,2026-02,864,43,1213,61,0.705,false
S86,2026-03,1705,78,1737,79,0.987,false
S86,2026-04,1303,59,1651,75,0.787,false
S86,2026-05,1372,65,1415,67,0.97,false
S86,2026-06,1399,64,1348,61,1.049,false
S86,2026-07,1667,72,1362,59,1.22,false
S86,2026-08,1256,60,1285,61,0.984,false
S89,2024-10,11260,490,7117,309,1.586,false
S89,2024-11,9355,445,5903,281,1.584,false
S89,2024-12,7775,353,5391,245,1.441,false
S89,2025-01,8884,386,5706,248,1.556,false
S89,2025-02,8172,409,5508,275,1.487,false
S89,2025-03,9552,455,6554,312,1.458,false
S89,2025-04,9285,422,6426,292,1.445,false
S89,2025-05,9427,428,6362,289,1.481,false
S89,2025-06,8205,391,5886,280,1.396,false
S89,2025-07,7735,336,6176,268,1.254,false
S89,2025-08,7532,359,5718,272,1.32,false
S89,2025-09,9811,446,6186,281,1.587,false
S89,2025-10,10314,448,6489,282,1.589,false
S89,2025-11,7479,374,4853,243,1.539,false
S89,2025-12,7602,331,4890,213,1.554,false
S89,2026-01,7442,338,,,,false
S89,2026-02,6097,305,4544,227,1.344,false
S89,2026-03,7492,341,5902,268,1.272,false
S89,2026-04,7807,355,5900,268,1.325,false
S89,2026-05,8025,382,5790,276,1.384,false
S89,2026-06,8173,372,6189,281,1.324,false
S89,2026-07,6695,291,5918,257,1.132,false
S89,2026-08,5998,286,5430,259,1.104,false
S90,2024-10,12507,544,11094,482,1.129,false
S90,2024-11,11662,555,10369,493,1.126,false
S90,2024-12,10857,494,11588,527,0.937,false
S90,2025-01,9230,401,10418,453,0.885,false
S90,2025-02,8098,405,9408,470,0.862,false
S90,2025-03,9674,461,10437,497,0.928,false
S90,2025-04,10390,472,10234,464,1.017,false
S90,2025-05,9598,436,9664,439,0.993,false
S90,2025-06,8732,416,8792,419,0.993,false
S90,2025-07,11516,501,8822,384,1.305,false
S90,2025-08,9894,471,8035,382,1.233,false
S90,2025-09,11828,538,9430,428,1.257,false
S90,2025-10,14806,644,9338,406,1.586,false
S90,2025-11,10404,520,6662,333,1.562,false
S90,2025-12,11946,519,6903,300,1.73,false
S90,2026-01,9192,418,,,,false
S90,2026-02,8122,406,6162,308,1.318,false
S90,2026-03,10151,461,8006,364,1.266,false
S90,2026-04,11347,516,8233,374,1.38,false
S90,2026-05,11113,529,7895,376,1.407,false
S90,2026-06,11334,515,8185,372,1.384,false
S90,2026-07,8863,385,7655,333,1.156,false
S90,2026-08,8584,409,7096,338,1.21,false
S91,2024-10,15876,690,11204,487,1.417,false
S91,2024-11,12426,592,8392,399,1.484,false
S91,2024-12,12481,567,8994,409,1.386,false
S91,2025-01,11566,503,8794,382,1.317,false
S91,2025-02,12854,643,9183,459,1.401,false
S91,2025-03,13121,625,10023,477,1.31,false
S91,2025-04,13816,628,10476,476,1.319,false
S91,2025-05,13037,593,10269,467,1.27,false
S91,2025-06,11704,557,10222,487,1.144,false
S91,2025-07,10738,467,10327,449,1.04,false
S91,2025-08,9246,440,8747,417,1.055,false
S91,2025-09,12194,554,10238,465,1.191,false
S91,2025-10,13245,576,10663,464,1.241,false
S91,2025-11,10945,547,7966,398,1.374,false
S91,2025-12,10217,444,8645,376,1.181,false
S91,2026-01,9412,428,,,,false
S91,2026-02,7729,386,7426,371,1.04,false
S91,2026-03,11644,529,10323,469,1.128,false
S91,2026-04,10474,476,9649,439,1.084,false
S91,2026-05,9564,455,9072,432,1.053,false
S91,2026-06,9515,432,9365,426,1.014,false
S91,2026-07,8690,378,8882,386,0.979,false
S91,2026-08,8072,384,8469,403,0.953,false
S92,2024-10,13535,588,9534,414,1.42,false
S92,2024-11,11293,538,8026,382,1.408,false
S92,2024-12,10744,488,7765,353,1.382,false
S92,2025-01,10739,467,7869,342,1.365,false
S92,2025-02,10506,525,7705,385,1.364,false
S92,2025-03,12328,587,9162,436,1.346,false
S92,2025-04,12069,549,9711,441,1.245,false
S92,2025-05,12366,562,9463,430,1.307,false
S92,2025-06,10454,498,8458,403,1.236,false
S92,2025-07,9218,401,8633,375,1.069,false
S92,2025-08,8771,418,7690,366,1.142,false
S92,2025-09,11312,514,8487,386,1.332,false
S92,2025-10,11870,516,8212,357,1.445,false
S92,2025-11,9345,467,6399,320,1.459,false
S92,2025-12,8856,385,6584,286,1.346,false
S92,2026-01,7976,363,,,,false
S92,2026-02,6724,336,5660,283,1.187,false
S92,2026-03,9667,439,8549,389,1.129,false
S92,2026-04,9140,415,8350,380,1.092,false
S92,2026-05,10041,478,7731,368,1.299,false
S92,2026-06,9253,421,8050,366,1.15,false
S92,2026-07,7198,313,6757,294,1.065,false
S92,2026-08,7219,344,6419,306,1.124,false
S93,2024-10,54319,2362,72750,3160,0.747,false
S93,2024-11,46499,2214,59833,2845,0.778,false
S93,2024-12,37353,1698,53512,2426,0.7,false
S93,2025-01,40220,1749,50951,2213,0.79,false
S93,2025-02,48629,2431,56221,2808,0.866,false
S93,2025-03,54954,2617,70530,3359,0.779,false
S93,2025-04,39973,1817,69846,3175,0.572,false
S93,2025-05,39284,1786,62492,2841,0.629,false
S93,2025-06,33237,1583,50466,2403,0.659,false
S93,2025-07,43747,1902,53124,2310,0.823,false
S93,2025-08,42614,2029,53232,2534,0.801,false
S93,2025-09,66466,3021,66474,3021,1,false
S93,2025-10,65860,2863,66440,2889,0.991,false
S93,2025-11,58581,2929,51916,2595,1.129,false
S93,2025-12,53643,2332,51808,2252,1.036,false
S93,2026-01,39077,1776,,,,false
S93,2026-02,41916,2096,48248,2412,0.869,false
S93,2026-03,52715,2396,63595,2890,0.829,false
S93,2026-04,48179,2190,60392,2745,0.798,false
S93,2026-05,49036,2335,57085,2718,0.859,false
S93,2026-06,40305,1832,59558,2707,0.677,false
S93,2026-07,44949,1954,54250,2358,0.829,false
S93,2026-08,41349,1969,51289,2442,0.806,false
S94,2024-10,17703,770,10322,449,1.715,false
S94,2024-11,13868,660,8676,413,1.598,false
S94,2024-12,13063,594,8426,383,1.551,false
S94,2025-01,13386,582,8654,376,1.548,false
S94,2025-02,12599,630,8197,410,1.537,false
S94,2025-03,15474,737,10007,477,1.545,false
S94,2025-04,16292,741,10680,485,1.528,false
S94,2025-05,16522,751,10406,473,1.588,false
S94,2025-06,13877,661,9189,438,1.509,false
S94,2025-07,12829,558,9347,406,1.374,false
S94,2025-08,11812,562,9023,430,1.307,false
S94,2025-09,13768,626,9457,430,1.456,false
S94,2025-10,15117,657,9406,409,1.606,false
S94,2025-11,11166,558,7098,355,1.572,false
S94,2025-12,11667,507,7643,332,1.527,false
S94,2026-01,10490,477,,,,false
S94,2026-02,9210,460,6961,348,1.322,false
S94,2026-03,11367,517,9321,424,1.219,false
S94,2026-04,11913,542,9611,437,1.24,false
S94,2026-05,12513,596,8556,407,1.464,false
S94,2026-06,11412,519,8216,373,1.391,false
S94,2026-07,11489,500,8401,365,1.37,false
S94,2026-08,9868,470,7614,363,1.295,false
S96,2024-10,14810,644,10954,476,1.353,false
S96,2024-11,9653,460,8283,394,1.168,false
S96,2024-12,10715,487,8531,388,1.255,false
S96,2025-01,10569,460,9080,395,1.165,false
S96,2025-02,11724,586,8705,435,1.347,false
S96,2025-03,12132,578,9376,446,1.296,false
S96,2025-04,14229,647,10072,458,1.413,false
S96,2025-05,13344,607,8940,406,1.495,false
S96,2025-06,11931,568,8472,403,1.409,false
S96,2025-07,12437,541,9380,408,1.326,false
S96,2025-08,10880,518,8693,413,1.254,false
S96,2025-09,14571,662,9238,420,1.576,false
S96,2025-10,17355,755,9545,415,1.819,false
S96,2025-11,12074,604,7007,350,1.726,false
S96,2025-12,13413,583,8038,349,1.67,false
S96,2026-01,11232,511,,,,false
S96,2026-02,9835,492,6391,320,1.538,false
S96,2026-03,11720,533,9350,425,1.254,false
S96,2026-04,12294,559,9191,418,1.337,false
S96,2026-05,12606,600,8068,384,1.562,false
S96,2026-06,12227,556,8277,376,1.479,false
S96,2026-07,10857,472,8469,368,1.283,false
S96,2026-08,8532,406,7506,357,1.137,false
S98,2024-10,15149,659,14055,611,1.079,false
S98,2024-11,10836,516,11215,534,0.966,false
S98,2024-12,10956,498,10866,494,1.008,false
S98,2025-01,11368,494,11834,515,0.959,false
S98,2025-02,10498,525,11547,577,0.91,false
S98,2025-03,11274,537,13059,622,0.863,false
S98,2025-04,10777,490,12375,562,0.872,false
S98,2025-05,8476,385,11559,525,0.733,false
S98,2025-06,8615,410,10138,483,0.849,false
S98,2025-07,12686,552,10499,456,1.211,false
S98,2025-08,11360,541,10233,487,1.111,false
S98,2025-09,16224,737,12321,560,1.316,false
S98,2025-10,18130,788,12791,556,1.417,false
S98,2025-11,13492,675,9773,489,1.38,false
S98,2025-12,14760,642,10439,454,1.414,false
S98,2026-01,12593,572,,,,false
S98,2026-02,9094,455,9209,460,0.989,false
S98,2026-03,12436,565,12377,563,1.004,false
S98,2026-04,13447,611,11934,542,1.127,false
S98,2026-05,13037,621,10863,517,1.201,false
S98,2026-06,12707,578,11114,505,1.145,false
S98,2026-07,12441,541,10464,455,1.189,false
S98,2026-08,9795,466,9349,445,1.047,false
SIM1,2024-10,42392,1843,49281,2134,0.864,false
SIM1,2024-11,34935,1664,39836,1883,0.884,false
SIM1,2024-12,33670,1530,40885,1842,0.831,false
SIM1,2025-01,37157,1616,41396,1795,0.9,false
SIM1,2025-02,34404,1720,37856,1884,0.913,false
SIM1,2025-03,37964,1808,41974,1987,0.91,false
SIM1,2025-04,40432,1838,45795,2071,0.887,false
SIM1,2025-05,36987,1681,44604,2013,0.835,false
SIM1,2025-06,35544,1693,42413,2004,0.845,false
SIM1,2025-07,38116,1657,44778,1931,0.858,false
SIM1,2025-08,34122,1625,38636,1826,0.89,false
SIM1,2025-09,40065,1821,49063,2211,0.824,false
SIM1,2025-10,42438,1845,50961,2204,0.837,false
SIM1,2025-11,33045,1652,39235,1943,0.85,false
SIM1,2025-12,37078,1612,43980,1903,0.847,false
SIM1,2026-01,34204,1555,,,,false
SIM1,2026-02,30060,1503,37815,1882,0.799,false
SIM1,2026-03,36766,1671,48586,2186,0.764,false
SIM1,2026-04,37815,1719,46971,2114,0.813,false
SIM1,2026-05,33960,1617,41959,1989,0.813,false
SIM1,2026-06,37613,1710,45985,2085,0.82,false
SIM1,2026-07,36480,1586,43435,1886,0.841,false
SIM1,2026-08,35289,1680,40431,1915,0.877,false
SIM10,2024-10,36420,1583,42239,1836,0.862,false
SIM10,2024-11,29592,1409,34403,1638,0.86,false
SIM10,2024-12,25149,1143,32568,1480,0.772,false
SIM10,2025-01,32841,1428,39292,1708,0.836,false
SIM10,2025-02,32785,1639,36610,1830,0.896,false
SIM10,2025-03,32667,1556,39490,1880,0.828,false
SIM10,2025-04,35220,1601,40996,1863,0.859,false
SIM10,2025-05,31908,1450,39431,1791,0.81,false
SIM10,2025-06,30686,1461,37898,1805,0.809,false
SIM10,2025-07,33564,1459,40010,1739,0.839,false
SIM10,2025-08,30940,1473,36947,1759,0.837,false
SIM10,2025-09,32049,1457,41753,1894,0.769,false
SIM10,2025-10,35856,1559,44930,1953,0.798,false
SIM10,2025-11,28864,1443,35034,1752,0.824,false
SIM10,2025-12,26840,1167,35765,1555,0.75,false
SIM10,2026-01,29450,1339,,,,false
SIM10,2026-02,27139,1357,34572,1728,0.785,false
SIM10,2026-03,34088,1549,44657,2027,0.764,false
SIM10,2026-04,34748,1579,43977,1998,0.79,false
SIM10,2026-05,31454,1498,39253,1868,0.802,false
SIM10,2026-06,33471,1521,41528,1885,0.807,false
SIM10,2026-07,33776,1469,41321,1797,0.817,false
SIM10,2026-08,32174,1532,38869,1850,0.828,false
SIM11,2024-10,17200,748,19646,854,0.876,false
SIM11,2024-11,12950,617,15887,756,0.816,false
SIM11,2024-12,12825,583,15371,699,0.834,false
SIM11,2025-01,14229,619,16402,713,0.868,false
SIM11,2025-02,13938,697,15411,771,0.904,false
SIM11,2025-03,14770,703,17167,817,0.86,false
SIM11,2025-04,15495,704,18651,848,0.83,false
SIM11,2025-05,14600,664,17923,815,0.815,false
SIM11,2025-06,12419,591,16312,777,0.761,false
SIM11,2025-07,14206,618,17284,751,0.823,false
SIM11,2025-08,12312,586,14773,703,0.834,false
SIM11,2025-09,13184,599,16747,761,0.787,false
SIM11,2025-10,14944,650,17940,780,0.833,false
SIM11,2025-11,12009,600,14128,706,0.85,false
SIM11,2025-12,12600,548,14896,648,0.846,false
SIM11,2026-01,12764,580,,,,false
SIM11,2026-02,11435,572,13056,653,0.876,false
SIM11,2026-03,13877,631,17254,784,0.805,false
SIM11,2026-04,14728,669,16831,765,0.875,false
SIM11,2026-05,12852,612,15173,723,0.846,false
SIM11,2026-06,14077,640,16420,746,0.858,false
SIM11,2026-07,13361,581,15731,684,0.849,false
SIM11,2026-08,12710,605,13949,664,0.911,false
SIM15,2024-10,17337,754,21832,949,0.795,false
SIM15,2024-11,12142,578,17290,823,0.702,false
SIM15,2024-12,11622,528,17075,772,0.684,false
SIM15,2025-01,17018,740,19009,826,0.896,false
SIM15,2025-02,15468,773,17055,853,0.906,false
SIM15,2025-03,17650,840,19953,950,0.884,false
SIM15,2025-04,17734,806,20956,952,0.847,false
SIM15,2025-05,16663,757,19928,904,0.837,false
SIM15,2025-06,16307,777,19469,927,0.838,false
SIM15,2025-07,17831,775,20653,898,0.863,false
SIM15,2025-08,14675,699,17441,831,0.841,false
SIM15,2025-09,17103,777,20170,917,0.847,false
SIM15,2025-10,17649,767,21107,918,0.836,false
SIM15,2025-11,13930,696,15994,800,0.87,false
SIM15,2025-12,14736,641,17292,752,0.852,false
SIM15,2026-01,14985,681,,,,false
SIM15,2026-02,13330,666,16830,841,0.792,false
SIM15,2026-03,16443,747,20967,953,0.784,false
SIM15,2026-04,17672,803,20858,948,0.847,false
SIM15,2026-05,15665,746,18354,874,0.854,false
SIM15,2026-06,16640,756,19498,886,0.853,false
SIM15,2026-07,16405,713,19585,852,0.837,false
SIM15,2026-08,15062,717,17874,851,0.843,false
SIM1C,2024-10,88546,2770,99432,3152,0.879,false
SIM1C,2024-11,83163,2738,94061,3104,0.882,false
SIM1C,2024-12,79529,2521,93696,2943,0.857,false
SIM1C,2025-01,83144,2588,94397,2970,0.871,false
SIM1C,2025-02,76177,2681,85447,3024,0.887,false
SIM1C,2025-03,89385,2801,101248,3201,0.875,false
SIM1C,2025-04,85875,2866,100044,3351,0.855,false
SIM1C,2025-05,87250,2643,103563,3245,0.814,false
SIM1C,2025-06,80909,2631,98262,3254,0.809,false
SIM1C,2025-07,80566,2558,98180,3123,0.819,false
SIM1C,2025-08,88017,2715,102687,3229,0.841,false
SIM1C,2025-09,77704,2493,100086,3188,0.782,false
SIM1C,2025-10,78693,2461,102047,3200,0.769,false
SIM1C,2025-11,84924,2686,98300,3162,0.849,false
SIM1C,2025-12,84767,2686,99080,3078,0.873,false
SIM1C,2026-01,78792,2495,,,,false
SIM1C,2026-02,62505,2137,80199,2733,0.782,false
SIM1C,2026-03,65611,2072,106650,3378,0.613,false
SIM1C,2026-04,66003,2084,102215,3355,0.621,false
SIM1C,2026-05,81770,2485,106153,3342,0.744,false
SIM1C,2026-06,82244,2532,102876,3252,0.779,false
SIM1C,2026-07,83958,2619,103658,3289,0.796,false
SIM1C,2026-08,90343,2749,105494,3274,0.84,false
SIM2,2024-10,19630,853,21907,952,0.896,false
SIM2,2024-11,15365,732,17422,830,0.882,false
SIM2,2024-12,14922,678,16650,757,0.896,false
SIM2,2025-01,17451,759,19513,848,0.895,false
SIM2,2025-02,16759,838,17955,898,0.933,false
SIM2,2025-03,18721,891,20969,999,0.892,false
SIM2,2025-04,20003,909,22421,1019,0.892,false
SIM2,2025-05,16537,752,20369,926,0.812,false
SIM2,2025-06,16645,793,19745,940,0.844,false
SIM2,2025-07,17971,781,20552,894,0.874,false
SIM2,2025-08,15915,758,18520,882,0.859,false
SIM2,2025-09,20233,920,22143,1005,0.915,false
SIM2,2025-10,19302,839,22707,986,0.851,false
SIM2,2025-11,16504,825,17981,899,0.918,false
SIM2,2025-12,16771,729,18688,813,0.897,false
SIM2,2026-01,15397,700,,,,false
SIM2,2026-02,14382,719,16557,828,0.868,false
SIM2,2026-03,18220,828,21601,982,0.843,false
SIM2,2026-04,18554,843,20768,944,0.893,false
SIM2,2026-05,16223,773,18617,887,0.871,false
SIM2,2026-06,17698,804,19516,887,0.906,false
SIM2,2026-07,17097,743,19891,865,0.859,false
SIM2,2026-08,16266,775,18400,876,0.885,false
SIM22,2024-10,15441,671,18281,795,0.844,false
SIM22,2024-11,11309,539,14998,710,0.759,false
SIM22,2024-12,10738,488,13713,623,0.783,false
SIM22,2025-01,14952,650,16491,717,0.907,false
SIM22,2025-02,13970,698,15321,766,0.911,false
SIM22,2025-03,15255,726,17283,823,0.882,false
SIM22,2025-04,16516,751,18523,842,0.892,false
SIM22,2025-05,14014,637,17135,778,0.819,false
SIM22,2025-06,13856,660,16535,787,0.839,false
SIM22,2025-07,14665,638,17413,757,0.843,false
SIM22,2025-08,12750,607,15229,725,0.837,false
SIM22,2025-09,16016,728,17900,814,0.894,false
SIM22,2025-10,16406,713,19339,841,0.848,false
SIM22,2025-11,12174,609,14690,734,0.83,false
SIM22,2025-12,12856,559,15584,678,0.824,false
SIM22,2026-01,14311,650,,,,false
SIM22,2026-02,12510,626,15607,780,0.803,false
SIM22,2026-03,15700,714,20013,910,0.785,false
SIM22,2026-04,15677,713,19327,878,0.812,false
SIM22,2026-05,15931,759,18098,861,0.882,false
SIM22,2026-06,15654,712,18593,845,0.843,false
SIM22,2026-07,15640,680,18241,793,0.858,false
SIM22,2026-08,14635,697,16618,791,0.881,false
SIM23,2024-10,8000,348,9121,397,0.877,false
SIM23,2024-11,5866,279,7238,345,0.809,false
SIM23,2024-12,4924,224,6390,290,0.772,false
SIM23,2025-01,6631,288,8016,349,0.825,false
SIM23,2025-02,6137,307,7421,371,0.827,false
SIM23,2025-03,7007,334,8523,406,0.823,false
SIM23,2025-04,7308,332,8758,398,0.834,false
SIM23,2025-05,6905,314,8582,390,0.805,false
SIM23,2025-06,6041,288,8223,392,0.735,false
SIM23,2025-07,7009,305,8655,376,0.811,false
SIM23,2025-08,6250,298,7124,339,0.879,false
SIM23,2025-09,7679,349,8976,408,0.855,false
SIM23,2025-10,7556,329,9197,400,0.823,false
SIM23,2025-11,5774,289,7210,360,0.803,false
SIM23,2025-12,5628,245,7052,307,0.798,false
SIM23,2026-01,6576,299,,,,false
SIM23,2026-02,5831,292,6532,327,0.893,false
SIM23,2026-03,7105,323,8789,400,0.807,false
SIM23,2026-04,7347,334,8260,375,0.891,false
SIM23,2026-05,6712,320,7768,370,0.865,false
SIM23,2026-06,6338,288,7782,354,0.814,false
SIM23,2026-07,6640,289,7820,340,0.85,false
SIM23,2026-08,5767,275,6894,328,0.838,false
SIM24,2024-10,6691,291,8105,352,0.827,false
SIM24,2024-11,4913,234,6289,299,0.783,false
SIM24,2024-12,4464,203,5778,263,0.772,false
SIM24,2025-01,5639,245,7108,309,0.793,false
SIM24,2025-02,5551,278,6993,350,0.794,false
SIM24,2025-03,6006,286,7678,365,0.784,false
SIM24,2025-04,6923,315,8114,369,0.854,false
SIM24,2025-05,6317,287,7666,348,0.825,false
SIM24,2025-06,5728,273,7000,333,0.82,false
SIM24,2025-07,6683,291,7884,343,0.848,false
SIM24,2025-08,5402,257,6770,322,0.798,false
SIM24,2025-09,6773,308,8029,365,0.844,false
SIM24,2025-10,7071,307,8484,369,0.832,false
SIM24,2025-11,5733,287,7094,355,0.808,false
SIM24,2025-12,5322,231,7130,310,0.745,false
SIM24,2026-01,6298,286,,,,false
SIM24,2026-02,5862,293,6825,341,0.859,false
SIM24,2026-03,6414,292,8729,397,0.736,false
SIM24,2026-04,7155,325,8318,378,0.86,false
SIM24,2026-05,6052,288,7278,347,0.83,false
SIM24,2026-06,6283,286,7580,345,0.829,false
SIM24,2026-07,6067,264,7267,316,0.835,false
SIM24,2026-08,5363,255,6445,307,0.831,false
SIM25,2024-10,17810,774,20352,885,0.875,false
SIM25,2024-11,13690,652,16057,765,0.852,false
SIM25,2024-12,11692,531,14965,680,0.781,false
SIM25,2025-01,15343,667,17951,780,0.855,false
SIM25,2025-02,14551,728,16593,830,0.877,false
SIM25,2025-03,15279,728,18361,874,0.833,false
SIM25,2025-04,16397,745,18929,859,0.867,false
SIM25,2025-05,13887,631,18074,822,0.768,false
SIM25,2025-06,14145,674,17966,856,0.787,false
SIM25,2025-07,15232,662,18207,792,0.836,false
SIM25,2025-08,12554,598,15842,754,0.793,false
SIM25,2025-09,15956,725,19101,867,0.836,false
SIM25,2025-10,15848,689,20199,877,0.786,false
SIM25,2025-11,13062,653,15897,793,0.823,false
SIM25,2025-12,12817,557,15707,683,0.816,false
SIM25,2026-01,13643,620,,,,false
SIM25,2026-02,12083,604,15406,770,0.784,false
SIM25,2026-03,15649,711,20742,943,0.754,false
SIM25,2026-04,16412,746,19698,895,0.834,false
SIM25,2026-05,15118,720,17789,847,0.85,false
SIM25,2026-06,16576,753,19162,871,0.865,false
SIM25,2026-07,15383,669,18126,788,0.849,false
SIM25,2026-08,14513,691,16605,791,0.874,false
SIM26,2024-10,19128,832,22236,966,0.861,false
SIM26,2024-11,15369,732,17915,853,0.858,false
SIM26,2024-12,14132,642,16596,754,0.851,false
SIM26,2025-01,18048,785,20337,884,0.888,false
SIM26,2025-02,16498,825,18460,922,0.895,false
SIM26,2025-03,18062,860,21067,1003,0.857,false
SIM26,2025-04,18482,840,21301,968,0.868,false
SIM26,2025-05,16427,747,20334,924,0.808,false
SIM26,2025-06,16506,786,19529,930,0.845,false
SIM26,2025-07,16707,726,19743,858,0.846,false
SIM26,2025-08,15609,743,18618,886,0.839,false
SIM26,2025-09,18452,839,21399,971,0.864,false
SIM26,2025-10,19289,839,22315,970,0.865,false
SIM26,2025-11,15083,754,17436,872,0.865,false
SIM26,2025-12,14780,643,17969,781,0.823,false
SIM26,2026-01,15397,700,,,,false
SIM26,2026-02,15367,768,17338,867,0.886,false
SIM26,2026-03,18838,856,23046,1048,0.817,false
SIM26,2026-04,19510,887,22405,1018,0.871,false
SIM26,2026-05,17495,833,20354,969,0.86,false
SIM26,2026-06,18561,844,21474,976,0.865,false
SIM26,2026-07,15864,690,20341,884,0.781,false
SIM26,2026-08,15689,747,18421,877,0.852,false
SIM3,2024-10,14162,616,17004,735,0.838,false
SIM3,2024-11,11320,539,14467,678,0.795,false
SIM3,2024-12,10626,483,12511,562,0.859,false
SIM3,2025-01,13581,590,15451,665,0.887,false
SIM3,2025-02,13403,670,14916,742,0.903,false
SIM3,2025-03,14462,689,16790,794,0.868,false
SIM3,2025-04,14732,670,18097,817,0.82,false
SIM3,2025-05,13395,609,16879,763,0.798,false
SIM3,2025-06,13104,624,15619,738,0.846,false
SIM3,2025-07,14368,625,16771,725,0.862,false
SIM3,2025-08,13019,620,14831,699,0.887,false
SIM3,2025-09,15630,710,16865,757,0.938,false
SIM3,2025-10,16211,705,18317,794,0.888,false
SIM3,2025-11,13060,653,14344,713,0.916,false
SIM3,2025-12,13666,594,14323,620,0.958,false
SIM3,2026-01,13245,602,,,,false
SIM3,2026-02,12577,629,14015,696,0.904,false
SIM3,2026-03,16077,731,17365,785,0.931,false
SIM3,2026-04,16211,737,17227,781,0.944,false
SIM3,2026-05,14575,694,15698,741,0.937,false
SIM3,2026-06,14669,667,16313,740,0.901,false
SIM3,2026-07,14567,633,16267,702,0.902,false
SIM3,2026-08,13619,649,15536,739,0.878,false
SIM30,2024-10,13021,566,17547,763,0.742,false
SIM30,2024-11,9541,454,13910,662,0.686,false
SIM30,2024-12,9034,411,13306,601,0.684,false
SIM30,2025-01,13433,584,15323,666,0.877,false
SIM30,2025-02,12166,608,14048,702,0.866,false
SIM30,2025-03,13155,626,15640,745,0.84,false
SIM30,2025-04,13874,631,16649,757,0.834,false
SIM30,2025-05,11718,533,14659,666,0.8,false
SIM30,2025-06,11181,532,13758,655,0.812,false
SIM30,2025-07,12163,529,14107,613,0.863,false
SIM30,2025-08,11176,532,13173,627,0.848,false
SIM30,2025-09,13174,599,14864,676,0.886,false
SIM30,2025-10,13565,590,15375,668,0.883,false
SIM30,2025-11,11726,586,12349,617,0.95,false
SIM30,2025-12,11454,498,12791,556,0.896,false
SIM30,2026-01,12331,560,,,,false
SIM30,2026-02,11703,585,12708,635,0.921,false
SIM30,2026-03,13580,617,15932,724,0.852,false
SIM30,2026-04,13883,631,15544,706,0.894,false
SIM30,2026-05,12687,604,14077,670,0.901,false
SIM30,2026-06,13088,595,15034,683,0.871,false
SIM30,2026-07,13036,567,15515,675,0.84,false
SIM30,2026-08,11988,571,14049,669,0.854,false
SIM31,2024-10,12245,532,14145,615,0.865,false
SIM31,2024-11,9900,471,11573,551,0.855,false
SIM31,2024-12,8722,396,10665,484,0.818,false
SIM31,2025-01,10717,466,12201,530,0.879,false
SIM31,2025-02,10617,531,11964,598,0.888,false
SIM31,2025-03,11593,552,13021,620,0.89,false
SIM31,2025-04,12088,549,13820,627,0.876,false
SIM31,2025-05,10590,481,12599,573,0.839,false
SIM31,2025-06,9970,475,11905,567,0.838,false
SIM31,2025-07,11574,503,13570,589,0.854,false
SIM31,2025-08,10440,497,12313,586,0.848,false
SIM31,2025-09,11259,512,13923,632,0.81,false
SIM31,2025-10,11734,510,14352,623,0.819,false
SIM31,2025-11,9732,487,12017,599,0.813,false
SIM31,2025-12,9171,399,11924,517,0.772,false
SIM31,2026-01,10419,474,,,,false
SIM31,2026-02,9918,496,11704,584,0.849,false
SIM31,2026-03,11456,521,14367,652,0.799,false
SIM31,2026-04,12123,551,13864,629,0.876,false
SIM31,2026-05,10213,486,12426,591,0.822,false
SIM31,2026-06,11239,511,13350,606,0.843,false
SIM31,2026-07,11673,508,13512,587,0.865,false
SIM31,2026-08,10444,497,12568,597,0.832,false
SIM32,2024-10,8175,355,11004,478,0.743,false
SIM32,2024-11,6568,313,8760,417,0.751,false
SIM32,2024-12,6072,276,8425,383,0.721,false
SIM32,2025-01,6938,302,8316,362,0.834,false
SIM32,2025-02,6961,348,7911,394,0.883,false
SIM32,2025-03,7531,359,8816,420,0.855,false
SIM32,2025-04,7492,341,9036,410,0.832,false
SIM32,2025-05,6911,314,8319,378,0.831,false
SIM32,2025-06,6818,325,8300,395,0.823,false
SIM32,2025-07,7384,321,8150,354,0.907,false
SIM32,2025-08,6572,313,7100,338,0.926,false
SIM32,2025-09,7975,362,8441,384,0.943,false
SIM32,2025-10,7647,332,8794,382,0.869,false
SIM32,2025-11,6878,344,7439,372,0.925,false
SIM32,2025-12,7428,323,8304,361,0.895,false
SIM32,2026-01,7393,336,,,,false
SIM32,2026-02,7398,370,7975,399,0.927,false
SIM32,2026-03,8899,404,9833,447,0.904,false
SIM32,2026-04,8435,383,9106,414,0.925,false
SIM32,2026-05,7920,377,8225,392,0.962,false
SIM32,2026-06,8143,370,9239,420,0.881,false
SIM32,2026-07,8088,352,9262,403,0.873,false
SIM32,2026-08,7482,356,8667,413,0.862,false
SIM33,2024-10,9056,394,11415,493,0.799,false
SIM33,2024-11,7641,364,8942,422,0.863,false
SIM33,2024-12,7345,334,8819,398,0.839,false
SIM33,2025-01,8953,389,9872,426,0.913,false
SIM33,2025-02,8050,402,9350,467,0.861,false
SIM33,2025-03,9211,439,10323,488,0.9,false
SIM33,2025-04,8244,375,10680,483,0.776,false
SIM33,2025-05,7582,345,10253,463,0.745,false
SIM33,2025-06,7627,363,9372,442,0.821,false
SIM33,2025-07,8799,383,9451,409,0.936,false
SIM33,2025-08,7648,364,8413,398,0.915,false
SIM33,2025-09,9513,432,10439,472,0.915,false
SIM33,2025-10,9767,425,11242,488,0.871,false
SIM33,2025-11,8277,414,8858,440,0.941,false
SIM33,2025-12,8208,357,8849,383,0.932,false
SIM33,2026-01,8216,373,,,,false
SIM33,2026-02,7495,375,7990,397,0.945,false
SIM33,2026-03,9213,419,10735,484,0.866,false
SIM33,2026-04,9313,423,10072,456,0.928,false
SIM33,2026-05,8740,416,9891,467,0.891,false
SIM33,2026-06,9661,439,10453,474,0.926,false
SIM33,2026-07,8738,380,9647,418,0.909,false
SIM33,2026-08,8133,387,8966,426,0.908,false
SIM33C,2024-10,31668,1011,37077,1203,0.84,false
SIM33C,2024-11,28506,971,35326,1183,0.821,false
SIM33C,2024-12,30547,997,35384,1153,0.865,false
SIM33C,2025-01,30704,981,34206,1112,0.882,false
SIM33C,2025-02,28086,1036,33458,1235,0.839,false
SIM33C,2025-03,33943,1088,40045,1315,0.827,false
SIM33C,2025-04,31556,1067,38734,1303,0.819,false
SIM33C,2025-05,31620,1045,38962,1276,0.819,false
SIM33C,2025-06,28768,948,35838,1181,0.803,false
SIM33C,2025-07,31443,1000,35388,1143,0.875,false
SIM33C,2025-08,32773,1050,37363,1204,0.872,false
SIM33C,2025-09,34061,1132,38653,1286,0.88,false
SIM33C,2025-10,34029,1101,39645,1278,0.862,false
SIM33C,2025-11,36843,1209,38643,1287,0.939,false
SIM33C,2025-12,34176,1105,37793,1195,0.925,false
SIM33C,2026-01,31240,1022,,,,false
SIM33C,2026-02,26646,938,31111,1081,0.868,false
SIM33C,2026-03,27252,889,40511,1316,0.676,false
SIM33C,2026-04,28065,927,38941,1294,0.716,false
SIM33C,2026-05,34872,1116,41500,1348,0.828,false
SIM33C,2026-06,35732,1144,39563,1287,0.889,false
SIM33C,2026-07,36998,1187,41167,1327,0.894,false
SIM33C,2026-08,36488,1145,40469,1282,0.893,false
SIM34,2024-10,18752,815,23636,1027,0.794,false
SIM34,2024-11,15182,723,18395,875,0.826,false
SIM34,2024-12,13973,635,17575,798,0.796,false
SIM34,2025-01,17620,766,20265,877,0.873,false
SIM34,2025-02,17312,866,19255,961,0.901,false
SIM34,2025-03,19336,921,22115,1053,0.875,false
SIM34,2025-04,19444,884,22569,1026,0.862,false
SIM34,2025-05,17019,774,20310,923,0.839,false
SIM34,2025-06,15789,752,19486,928,0.81,false
SIM34,2025-07,17480,760,19848,863,0.881,false
SIM34,2025-08,17006,810,18959,903,0.897,false
SIM34,2025-09,19748,898,21409,973,0.923,false
SIM34,2025-10,19961,868,22496,978,0.888,false
SIM34,2025-11,17465,873,17834,892,0.979,false
SIM34,2025-12,18846,819,19828,862,0.95,false
SIM34,2026-01,18780,854,,,,false
SIM34,2026-02,16277,814,17888,893,0.912,false
SIM34,2026-03,20247,920,22494,1021,0.901,false
SIM34,2026-04,20427,928,21471,976,0.951,false
SIM34,2026-05,18397,876,20182,960,0.912,false
SIM34,2026-06,19448,884,21454,975,0.907,false
SIM34,2026-07,18330,797,20552,893,0.892,false
SIM34,2026-08,16936,806,19330,920,0.876,false
SIM35,2024-10,9521,414,11188,486,0.852,false
SIM35,2024-11,7325,349,9127,435,0.802,false
SIM35,2024-12,7066,321,8496,386,0.832,false
SIM35,2025-01,9159,398,10230,445,0.894,false
SIM35,2025-02,9066,453,9861,493,0.919,false
SIM35,2025-03,9554,455,11150,531,0.857,false
SIM35,2025-04,9502,432,11159,507,0.852,false
SIM35,2025-05,8157,371,10019,455,0.815,false
SIM35,2025-06,8696,414,9690,461,0.898,false
SIM35,2025-07,8747,380,9474,412,0.922,false
SIM35,2025-08,8692,414,9226,439,0.943,false
SIM35,2025-09,10369,471,11002,500,0.942,false
SIM35,2025-10,11592,504,12380,538,0.937,false
SIM35,2025-11,9479,474,9564,478,0.992,false
SIM35,2025-12,10196,443,10361,450,0.984,false
SIM35,2026-01,8886,404,,,,false
SIM35,2026-02,8995,450,9495,474,0.949,false
SIM35,2026-03,10988,499,11533,524,0.952,false
SIM35,2026-04,11009,500,10899,495,1.01,false
SIM35,2026-05,10198,486,10608,505,0.962,false
SIM35,2026-06,11138,506,11520,524,0.966,false
SIM35,2026-07,10718,466,11463,498,0.936,false
SIM35,2026-08,9866,470,10340,492,0.955,false
SIM3C,2024-10,24401,739,29680,898,0.823,false
SIM3C,2024-11,20191,655,26951,857,0.764,false
SIM3C,2024-12,23140,679,28553,857,0.792,false
SIM3C,2025-01,23830,752,26381,820,0.917,false
SIM3C,2025-02,22620,780,26241,903,0.864,false
SIM3C,2025-03,26889,811,30571,931,0.871,false
SIM3C,2025-04,25286,827,30176,997,0.829,false
SIM3C,2025-05,25595,760,31068,935,0.813,false
SIM3C,2025-06,23918,756,29480,938,0.806,false
SIM3C,2025-07,25655,773,29014,888,0.87,false
SIM3C,2025-08,26782,821,30422,932,0.881,false
SIM3C,2025-09,25200,811,30146,957,0.847,false
SIM3C,2025-10,26255,808,30873,950,0.851,false
SIM3C,2025-11,28923,904,30854,977,0.925,false
SIM3C,2025-12,27698,852,31659,955,0.892,false
SIM3C,2026-01,25627,779,,,,false
SIM3C,2026-02,21861,744,26303,907,0.82,false
SIM3C,2026-03,21234,651,31610,983,0.662,false
SIM3C,2026-04,21722,677,31835,1029,0.658,false
SIM3C,2026-05,27157,832,33332,1047,0.795,false
SIM3C,2026-06,27717,864,32641,1044,0.828,false
SIM3C,2026-07,28564,877,32170,993,0.883,false
SIM3C,2026-08,30363,881,33676,996,0.885,false
SIM4,2024-10,21637,941,25279,1094,0.86,false
SIM4,2024-11,16620,791,20840,990,0.799,false
SIM4,2024-12,16765,762,20306,918,0.83,false
SIM4,2025-01,18081,786,21357,927,0.848,false
SIM4,2025-02,17681,884,20322,1014,0.872,false
SIM4,2025-03,21140,1007,24164,1145,0.879,false
SIM4,2025-04,20932,951,25437,1150,0.827,false
SIM4,2025-05,19225,874,25098,1137,0.769,false
SIM4,2025-06,19153,912,23730,1127,0.809,false
SIM4,2025-07,21257,924,25747,1118,0.826,false
SIM4,2025-08,18778,894,23272,1103,0.811,false
SIM4,2025-09,24463,1112,30420,1378,0.807,false
SIM4,2025-10,24977,1086,31193,1350,0.804,false
SIM4,2025-11,20087,1004,24313,1212,0.828,false
SIM4,2025-12,21926,953,25334,1099,0.867,false
SIM4,2026-01,19555,889,,,,false
SIM4,2026-02,18354,918,22799,1139,0.806,false
SIM4,2026-03,25629,1165,29667,1347,0.865,false
SIM4,2026-04,24021,1092,28344,1278,0.854,false
SIM4,2026-05,22145,1055,27008,1280,0.824,false
SIM4,2026-06,22670,1030,27438,1243,0.829,false
SIM4,2026-07,21753,946,27358,1187,0.797,false
SIM4,2026-08,20362,970,24118,1145,0.847,false
SIM4C,2024-10,36050,1213,44788,1484,0.817,false
SIM4C,2024-11,33910,1110,41730,1368,0.811,false
SIM4C,2024-12,34070,1070,41656,1331,0.804,false
SIM4C,2025-01,33158,1081,39948,1314,0.823,false
SIM4C,2025-02,31351,1138,37699,1405,0.81,false
SIM4C,2025-03,37338,1270,45120,1478,0.859,false
SIM4C,2025-04,36553,1245,43743,1511,0.824,false
SIM4C,2025-05,33882,1068,44311,1438,0.743,false
SIM4C,2025-06,33056,1143,42553,1460,0.783,false
SIM4C,2025-07,36319,1165,42797,1398,0.833,false
SIM4C,2025-08,36300,1194,43980,1450,0.823,false
SIM4C,2025-09,36576,1239,48051,1623,0.763,false
SIM4C,2025-10,39630,1315,49583,1658,0.793,false
SIM4C,2025-11,40909,1348,47865,1626,0.829,false
SIM4C,2025-12,40398,1302,47429,1548,0.841,false
SIM4C,2026-01,35182,1144,,,,false
SIM4C,2026-02,30973,1110,40437,1486,0.747,false
SIM4C,2026-03,33704,1120,50331,1698,0.66,false
SIM4C,2026-04,33398,1147,49394,1726,0.665,false
SIM4C,2026-05,38973,1294,50329,1699,0.762,false
SIM4C,2026-06,38944,1281,48022,1610,0.796,false
SIM4C,2026-07,38585,1299,47513,1594,0.815,false
SIM4C,2026-08,41232,1350,49029,1614,0.836,false
SIM4X,2024-10,3200,139,3738,162,0.858,false
SIM4X,2024-11,2612,124,3082,147,0.844,false
SIM4X,2024-12,2187,99,2675,121,0.818,false
SIM4X,2025-01,2452,107,2827,123,0.87,false
SIM4X,2025-02,2341,117,2813,140,0.836,false
SIM4X,2025-03,2616,125,2973,141,0.887,false
SIM4X,2025-04,2980,135,3292,149,0.906,false
SIM4X,2025-05,2391,109,3005,136,0.801,false
SIM4X,2025-06,2106,100,2538,121,0.826,false
SIM4X,2025-07,1909,83,2325,101,0.822,false
SIM4X,2025-08,2077,99,2356,112,0.884,false
SIM5,2024-10,15058,655,16454,715,0.916,false
SIM5,2024-11,11944,569,13029,620,0.918,false
SIM5,2024-12,12092,550,13129,595,0.924,false
SIM5,2025-01,13740,597,15074,655,0.911,false
SIM5,2025-02,12937,647,13666,683,0.947,false
SIM5,2025-03,13516,644,14940,711,0.906,false
SIM5,2025-04,13747,625,15513,705,0.887,false
SIM5,2025-05,12826,583,15064,685,0.851,false
SIM5,2025-06,12141,578,14368,684,0.845,false
SIM5,2025-07,12772,555,15060,655,0.847,false
SIM5,2025-08,12219,582,13545,645,0.902,false
SIM5,2025-09,13859,630,15393,700,0.9,false
SIM5,2025-10,14105,613,16048,698,0.878,false
SIM5,2025-11,11635,582,13145,657,0.886,false
SIM5,2025-12,12350,537,13822,601,0.894,false
SIM5,2026-01,11844,538,,,,false
SIM5,2026-02,11233,562,12727,636,0.884,false
SIM5,2026-03,14190,645,17047,775,0.832,false
SIM5,2026-04,13740,625,15866,721,0.867,false
SIM5,2026-05,12398,590,14414,686,0.86,false
SIM5,2026-06,13141,597,15848,720,0.829,false
SIM5,2026-07,13540,589,15024,653,0.902,false
SIM5,2026-08,11283,537,14065,670,0.801,false
SIM6,2024-10,27729,1206,33523,1458,0.827,false
SIM6,2024-11,21909,1043,26610,1267,0.823,false
SIM6,2024-12,21427,974,25019,1137,0.857,false
SIM6,2025-01,24917,1083,29565,1285,0.843,false
SIM6,2025-02,24316,1216,27337,1367,0.89,false
SIM6,2025-03,26285,1252,30842,1469,0.852,false
SIM6,2025-04,26472,1203,32096,1458,0.825,false
SIM6,2025-05,24991,1136,29757,1352,0.84,false
SIM6,2025-06,22089,1052,27956,1331,0.79,false
SIM6,2025-07,25031,1088,30240,1313,0.829,false
SIM6,2025-08,22272,1061,27094,1290,0.822,false
SIM6,2025-09,25519,1160,31173,1417,0.819,false
SIM6,2025-10,27269,1186,33293,1448,0.819,false
SIM6,2025-11,21972,1099,26266,1313,0.837,false
SIM6,2025-12,21704,944,26819,1166,0.81,false
SIM6,2026-01,22848,1039,,,,false
SIM6,2026-02,20842,1042,24921,1246,0.836,false
SIM6,2026-03,24490,1113,32277,1466,0.759,false
SIM6,2026-04,25076,1140,31973,1453,0.785,false
SIM6,2026-05,23745,1131,29132,1386,0.816,false
SIM6,2026-06,25929,1179,31046,1411,0.836,false
SIM6,2026-07,24789,1078,30367,1320,0.817,false
SIM6,2026-08,24637,1173,28223,1344,0.873,false
SIM7,2024-10,13941,606,16449,715,0.848,false
SIM7,2024-11,11363,541,12951,617,0.877,false
SIM7,2024-12,10435,474,12042,547,0.867,false
SIM7,2025-01,12424,540,13918,605,0.893,false
SIM7,2025-02,11793,590,12789,639,0.923,false
SIM7,2025-03,12544,597,14116,672,0.888,false
SIM7,2025-04,12902,586,15358,698,0.84,false
SIM7,2025-05,11823,537,14380,653,0.822,false
SIM7,2025-06,11864,565,13659,650,0.869,false
SIM7,2025-07,11983,521,14067,612,0.851,false
SIM7,2025-08,10734,511,11869,565,0.904,false
SIM7,2025-09,13026,592,15616,708,0.836,false
SIM7,2025-10,12657,550,15448,672,0.818,false
SIM7,2025-11,10370,518,13013,651,0.796,false
SIM7,2025-12,10809,470,12212,531,0.885,false
SIM7,2026-01,11344,516,,,,false
SIM7,2026-02,10406,520,12509,624,0.833,false
SIM7,2026-03,12433,565,15987,726,0.778,false
SIM7,2026-04,12766,580,15504,704,0.824,false
SIM7,2026-05,11677,556,14354,683,0.814,false
SIM7,2026-06,12536,570,16227,738,0.772,false
SIM7,2026-07,12677,551,15239,662,0.832,false
SIM7,2026-08,11101,529,12874,613,0.863,false
SIM8,2024-10,32241,1402,37919,1648,0.851,false
SIM8,2024-11,27477,1308,32022,1525,0.858,false
SIM8,2024-12,24430,1110,30736,1397,0.795,false
SIM8,2025-01,29090,1265,34717,1509,0.838,false
SIM8,2025-02,28124,1406,31400,1570,0.896,false
SIM8,2025-03,30205,1438,34913,1663,0.865,false
SIM8,2025-04,30059,1366,37293,1695,0.806,false
SIM8,2025-05,26239,1193,35038,1593,0.749,false
SIM8,2025-06,27708,1319,34086,1623,0.813,false
SIM8,2025-07,30283,1317,35863,1559,0.845,false
SIM8,2025-08,25529,1216,30978,1473,0.826,false
SIM8,2025-09,33650,1530,40905,1858,0.823,false
SIM8,2025-10,35892,1561,43760,1902,0.821,false
SIM8,2025-11,28659,1433,35239,1762,0.813,false
SIM8,2025-12,28825,1253,36699,1595,0.786,false
SIM8,2026-01,30403,1382,,,,false
SIM8,2026-02,28256,1413,34253,1713,0.825,false
SIM8,2026-03,34210,1555,43913,1996,0.779,false
SIM8,2026-04,35496,1613,43761,1989,0.811,false
SIM8,2026-05,32825,1563,40045,1906,0.82,false
SIM8,2026-06,35097,1595,41992,1909,0.836,false
SIM8,2026-07,33043,1437,39636,1723,0.834,false
SIM8,2026-08,30619,1458,35934,1711,0.852,false
SIM8X,2024-10,5362,233,5950,259,0.9,false
SIM8X,2024-11,3334,159,3963,189,0.841,false
SIM8X,2024-12,2778,126,3383,154,0.818,false
SIM8X,2025-01,4094,178,4379,190,0.937,false
SIM8X,2025-02,3631,182,3965,198,0.919,false
SIM8X,2025-03,3903,186,4585,218,0.853,false
SIM8X,2025-04,4543,206,5026,228,0.904,false
SIM8X,2025-05,4398,200,5239,238,0.84,false
SIM8X,2025-06,4049,193,4745,226,0.854,false
SIM8X,2025-07,3111,135,3731,162,0.833,false
SIM8X,2025-08,3608,172,3764,179,0.961,false
SIM9,2024-10,8341,363,9136,397,0.914,false
SIM9,2024-11,6927,330,7486,356,0.927,false
SIM9,2024-12,6568,299,7018,319,0.937,false
SIM9,2025-01,7489,326,8233,358,0.911,false
SIM9,2025-02,6948,347,7398,370,0.938,false
SIM9,2025-03,8072,384,8788,418,0.919,false
SIM9,2025-04,7791,354,8980,408,0.868,false
SIM9,2025-05,7529,342,8682,394,0.868,false
SIM9,2025-06,6981,332,7864,374,0.888,false
SIM9,2025-07,6813,296,7992,347,0.853,false
SIM9,2025-08,5941,283,6776,323,0.876,false
SIM9,2025-09,7823,356,9221,419,0.85,false
SIM9,2025-10,8339,363,9325,405,0.896,false
SIM9,2025-11,6515,326,7377,369,0.883,false
SIM9,2025-12,6509,283,7263,316,0.896,false
SIM9,2026-01,6980,317,,,,false
SIM9,2026-02,6060,303,7320,366,0.828,false
SIM9,2026-03,7613,346,9295,422,0.82,false
SIM9,2026-04,7584,345,9459,430,0.802,false
SIM9,2026-05,7209,343,8511,405,0.847,false
SIM9,2026-06,8036,365,9306,423,0.863,false
SIM9,2026-07,6962,303,8499,370,0.819,false
SIM9,2026-08,6670,318,7638,364,0.874,false
T102,2026-08,20413,972,0,0,,false
T113,2025-09,342,16,6,0,,false
T113,2025-10,7580,58,111,0,,false
T113,2025-11,6556,0,95,0,,false
T113,2025-12,276,12,2,0,,false
T113,2026-01,203,9,,,,false
T113,2026-04,570,26,5,0,,false
T113,2026-05,526,25,2,0,,false
T113,2026-06,992,42,9,0,,false
T113,2026-08,634,30,7,0,,false
T127,2026-04,1087,49,0,0,,false
T127,2026-05,189,9,0,0,,false
T204,2026-07,19783,39,0,0,,false
T260,2026-04,44,2,0,0,,false
T260,2026-05,599,20,9,0,,false
T260,2026-06,36,2,0,0,,false
T260,2026-07,66,3,4,0,,false
T260,2026-08,48,2,1,0,,false
T320,2026-05,44563,74,869,1,74,false
T321,2026-01,41,2,,,,false
T321,2026-02,3,0,0,0,,false
T321,2026-03,117,5,0,0,,false
T321,2026-04,167,8,0,0,,false
T321,2026-05,285,7,2,0,,false
T321,2026-06,599,27,6,0,,false
T321,2026-07,528,23,5,0,,false
T321,2026-08,306,15,2,0,,false
T323,2026-04,44,2,0,0,,false
T323,2026-05,6400,29,0,0,,false
T323,2026-06,28,1,0,0,,false
T323,2026-07,51,2,0,0,,false
T323,2026-08,29,1,0,0,,false
T354,2026-04,6219,14,0,0,,false
T403,2026-04,30149,396,0,0,,false
T403,2026-05,1750,83,0,0,,false
T403,2026-06,37152,447,8,0,,false
T403,2026-07,33157,393,5,0,,false
T403,2026-08,54279,469,26,0,,false
T410,2026-07,15013,0,0,0,,false
T426,2025-10,62843,6,552,1,6,false
T426,2025-11,45044,101,239,0,,false
T426,2026-01,3,0,,,,false
T426,2026-02,0,0,4,0,,false
T426,2026-04,7,0,0,0,,false
T426,2026-05,16841,0,94,0,,false
T426,2026-08,39628,5,296,1,5,false
T430,2026-06,64012,51,682,1,51,false
T430,2026-07,28479,0,302,0,,false
T430,2026-08,30424,27,280,1,27,false
T433,2026-07,23028,3,0,0,,false
T434,2026-06,11937,0,0,0,,false
T434,2026-07,23429,4,0,0,,false
T434,2026-08,23400,0,0,0,,false
T464,2026-04,14195,0,0,0,,false
X27,2024-10,33425,1268,44646,1672,0.758,false
X27,2024-11,27329,1082,37222,1486,0.728,false
X27,2024-12,27769,1070,35923,1374,0.779,false
X27,2025-01,33671,1271,41907,1568,0.811,false
X27,2025-02,31795,1398,38669,1684,0.83,false
X27,2025-03,34876,1421,44848,1806,0.787,false
X27,2025-04,35904,1465,46166,1875,0.781,false
X27,2025-05,34290,1370,45208,1775,0.772,false
X27,2025-06,31998,1313,42087,1733,0.758,false
X27,2025-07,33827,1306,45171,1741,0.75,false
X27,2025-08,31634,1267,41341,1671,0.758,false
X27,2025-09,35296,1465,46348,1880,0.779,false
X27,2025-10,36350,1416,48457,1870,0.757,false
X27,2025-11,32372,1364,41059,1692,0.806,false
X27,2025-12,28986,1092,39985,1495,0.73,false
X27,2026-01,28324,1138,,,,false
X27,2026-02,25128,1073,35240,1507,0.712,false
X27,2026-03,27673,1106,42743,1692,0.654,false
X27,2026-04,25956,1054,42768,1713,0.615,false
X27,2026-05,26995,1083,41306,1665,0.65,false
X27,2026-06,28728,1153,40699,1614,0.714,false
X27,2026-07,29122,1128,39914,1549,0.728,false
X27,2026-08,26340,1078,39191,1593,0.677,false
X28,2024-10,35253,1349,44156,1689,0.799,false
X28,2024-11,28541,1174,37627,1537,0.764,false
X28,2024-12,33099,1278,45386,1664,0.768,false
X28,2025-01,32832,1280,41365,1588,0.806,false
X28,2025-02,31673,1436,37880,1698,0.846,false
X28,2025-03,35660,1488,43879,1803,0.825,false
X28,2025-04,34999,1450,44098,1817,0.798,false
X28,2025-05,34315,1373,43812,1735,0.791,false
X28,2025-06,33541,1408,42255,1748,0.805,false
X28,2025-07,35336,1338,45857,1748,0.765,false
X28,2025-08,34453,1358,43743,1737,0.782,false
X28,2025-09,35577,1430,46628,1854,0.771,false
X28,2025-10,36123,1409,47127,1813,0.777,false
X28,2025-11,31182,1330,41180,1720,0.773,false
X28,2025-12,32368,1261,51461,1865,0.676,false
X28,2026-01,30231,1205,,,,false
X28,2026-02,27262,1207,35299,1556,0.776,false
X28,2026-03,30169,1225,45005,1812,0.676,false
X28,2026-04,28968,1194,44370,1804,0.662,false
X28,2026-05,28562,1174,43150,1767,0.664,false
X28,2026-06,32294,1299,43345,1756,0.74,false
X28,2026-07,33261,1271,45145,1727,0.736,false
X28,2026-08,29777,1250,42285,1727,0.724,false
X37,2024-10,16306,709,21200,922,0.769,false
X37,2024-11,11991,571,17097,814,0.701,false
X37,2024-12,11716,533,15164,687,0.776,false
X37,2025-01,15193,661,19452,846,0.781,false
X37,2025-02,15187,759,17915,896,0.847,false
X37,2025-03,15708,748,20537,978,0.765,false
X37,2025-04,16637,756,21621,983,0.769,false
X37,2025-05,15456,703,20330,924,0.761,false
X37,2025-06,15348,731,19454,926,0.789,false
X37,2025-07,15055,655,21252,924,0.709,false
X37,2025-08,13930,663,18246,869,0.763,false
X37,2025-09,15341,697,20822,946,0.737,false
X37,2025-10,16302,709,22171,964,0.735,false
X37,2025-11,13688,684,17511,876,0.781,false
X37,2025-12,11514,501,16219,705,0.711,false
X37,2026-01,12978,590,,,,false
X37,2026-02,10698,535,14801,740,0.723,false
X37,2026-03,12869,585,19273,876,0.668,false
X37,2026-04,13186,599,19767,898,0.667,false
X37,2026-05,12879,613,17870,851,0.72,false
X37,2026-06,13608,619,18864,857,0.722,false
X37,2026-07,13157,572,18682,812,0.704,false
X37,2026-08,11311,539,17260,822,0.656,false
X38,2024-10,14327,623,18190,791,0.788,false
X38,2024-11,10255,488,14493,690,0.707,false
X38,2024-12,10165,462,13879,631,0.732,false
X38,2025-01,12737,554,16594,721,0.768,false
X38,2025-02,12663,633,15337,767,0.825,false
X38,2025-03,13535,645,17486,830,0.777,false
X38,2025-04,14308,650,18925,860,0.756,false
X38,2025-05,13940,634,17535,797,0.795,false
X38,2025-06,13366,636,17322,825,0.771,false
X38,2025-07,13934,606,18770,816,0.743,false
X38,2025-08,12723,606,16443,783,0.774,false
X38,2025-09,14198,645,18385,836,0.772,false
X38,2025-10,14165,616,18645,811,0.76,false
X38,2025-11,12277,614,14990,750,0.819,false
X38,2025-12,10853,472,16434,715,0.66,false
X38,2026-01,11089,504,,,,false
X38,2026-02,9855,493,12843,642,0.768,false
X38,2026-03,12508,569,17252,784,0.726,false
X38,2026-04,12668,576,17700,804,0.716,false
X38,2026-05,11492,547,16133,768,0.712,false
X38,2026-06,11804,537,17089,777,0.691,false
X38,2026-07,12121,527,17101,744,0.708,false
X38,2026-08,11444,545,16140,769,0.709,false
X63,2024-10,7078,308,10376,451,0.683,false
X63,2024-11,5132,244,8013,382,0.639,false
X63,2024-12,4312,196,7406,337,0.582,false
X63,2025-01,5759,250,9237,402,0.622,false
X63,2025-02,5462,273,8824,441,0.619,false
X63,2025-03,6472,308,9852,469,0.657,false
X63,2025-04,7249,330,10195,463,0.713,false
X63,2025-05,6257,284,10010,455,0.624,false
X63,2025-06,6260,298,8640,411,0.725,true
X64,2024-10,3464,151,4802,209,0.722,false
X64,2024-11,2248,107,3646,174,0.615,false
X64,2024-12,2241,102,3664,167,0.611,false
X64,2025-01,3028,132,4251,185,0.714,false
X64,2025-02,2466,123,4063,203,0.606,false
X64,2025-03,3196,152,4545,216,0.704,false
X64,2025-04,3312,151,4914,223,0.677,false
X64,2025-05,2667,121,4363,198,0.611,false
X64,2025-06,2279,109,3921,187,0.583,true
X68,2024-10,5210,227,7584,330,0.688,false
X68,2024-11,4155,198,5976,285,0.695,false
X68,2024-12,3351,152,5615,255,0.596,false
X68,2025-01,3601,157,6678,290,0.541,false
X68,2025-02,3182,159,6219,311,0.511,false
X68,2025-03,4146,197,7351,350,0.563,false
X68,2025-04,5001,227,8023,365,0.622,false
X68,2025-05,4409,200,7558,344,0.581,false
X68,2025-06,4125,196,6747,321,0.611,true
