route,kind,group,period,weekdays_seen,weekend_days_seen,weekday_comparable,weekend_comparable,weekday_moving_mph,weekday_with_stops_mph,weekday_stopped_share,weekday_am_peak_moving_mph,weekday_am_peak_with_stops_mph,weekday_midday_moving_mph,weekday_pm_peak_moving_mph,weekday_pm_peak_with_stops_mph,weekday_evening_moving_mph,weekday_hours_running,weekday_buses_in_service,weekday_trips_scheduled,weekday_passengers_per_bus,weekend_moving_mph,weekend_with_stops_mph,weekend_buses_in_service
(blank),unknown,,2026-W23,0,1,false,true,,,,,,,,,,,,,,,,2.5
(blank),unknown,,2026-W27,1,1,false,true,,,,,,,,,,1,1.98,,,,,2.31
(blank),unknown,,2026-W32,3,0,false,false,,,,,,,,,,5,17.39,,,,,
(blank),unknown,,2026-W33,0,1,false,true,,,,,,,,,,,,,,,,1.88
B1,local,B,2026-W17,0,2,false,true,,,,,,,,,,,,,,8.41,7.04,9.52
B1,local,B,2026-W18,5,2,false,false,7.5,6.51,0.1122,,,,7.21,6.14,,13,12.99,,,7.75,6.59,9.13
B1,local,B,2026-W19,5,2,false,true,7.38,6.38,0.1153,,,,6.27,5.36,,12,13.08,,,7.71,6.71,10.12
B1,local,B,2026-W20,5,2,false,true,7.21,6.31,0.1046,6.87,6.09,6.83,6.79,5.85,,15,12.83,,,7.73,6.65,8.01
B1,local,B,2026-W21,5,2,false,false,7.45,6.25,0.1437,,,,6.75,5.65,,13,13.14,,,7.96,6.69,8.93
B1,local,B,2026-W22,4,2,false,true,7.57,6.35,0.1461,7.77,6.6,6.95,7.03,5.75,,15,13.66,,,7.94,6.75,9.69
B1,local,B,2026-W23,5,2,false,true,7.63,6.48,0.1261,,,,,,8.46,4,11.97,,,7.72,6.43,9.37
B1,local,B,2026-W24,5,1,false,false,7.44,6.23,0.1352,,,,,,,2,12.19,,,7.78,6.86,7.97
B1,local,B,2026-W25,3,2,false,false,7.23,6.45,0.1086,,,,,,,2,10.57,,,7.77,6.38,9.98
B1,local,B,2026-W26,5,2,false,false,7.45,6.09,0.1611,,,,,,,1,11.6,,,7.45,6.35,9.27
B1,local,B,2026-W27,3,2,true,true,7.7,6.6,0.1216,8.13,6.98,7.02,7.1,5.98,8.47,16,12.1,,,8,6.73,9.75
B1,local,B,2026-W28,5,2,true,true,7.73,6.54,0.1264,7.84,6.84,7.2,7.15,5.89,8.48,16,11.57,,,7.84,6.69,10.11
B1,local,B,2026-W29,5,2,true,true,7.55,6.48,0.1241,7.68,6.67,6.93,7.11,6.04,,16,11.79,,,8,6.91,9.56
B1,local,B,2026-W30,5,2,true,true,7.57,6.55,0.1147,7.91,6.74,6.89,7.18,6.18,,16,11.49,,,7.72,6.69,9.71
B1,local,B,2026-W31,5,2,true,true,7.55,6.59,0.1067,8.03,6.95,6.98,7.02,6.06,,16,11.59,,,7.88,6.83,9.95
B1,local,B,2026-W32,5,2,false,true,7.5,6.46,0.1178,7.5,6.66,6.97,6.86,5.97,8.31,17,10.96,,,7.61,6.53,8.32
B1,local,B,2026-W33,5,2,true,true,7.42,6.4,0.1163,7.84,6.76,6.75,6.88,5.76,8.03,17,10.7,,,7.84,6.8,9.65
B1,local,B,2026-W34,5,2,true,true,7.69,6.6,0.1234,8.07,6.94,7.14,7.01,5.87,8.29,17,11.5,,,7.85,6.7,9.46
B1,local,B,2026-W35,5,2,true,true,7.71,6.64,0.1231,7.99,6.84,7.2,7.05,5.92,8.3,17,10.85,,,7.96,6.83,9.77
B1,local,B,2026-W36,5,2,true,true,7.79,6.7,0.1151,8.04,6.85,7.06,6.88,5.95,8.92,17,11.35,,,7.88,6.74,9.91
B1,local,B,2026-W37,4,2,true,true,7.37,6.32,0.1185,7.51,6.49,6.76,6.71,5.63,8.33,17,12.88,13.8,,7.64,6.56,10.25
B1,local,B,2026-W38,5,2,true,true,7.37,6.34,0.1195,7.15,6.22,6.7,6.82,5.75,8.6,17,13.07,13.84,,7.65,6.65,10.33
B1,local,B,2026-W39,5,2,true,true,7.35,6.3,0.1177,7.37,6.32,6.73,6.81,5.73,8.28,17,12.63,13.82,,8.03,6.95,9.76
B1,local,B,2026-W40,5,2,true,false,7.25,6.26,0.1148,7.32,6.29,6.55,6.96,5.99,8.18,17,13.08,13.84,,7.92,6.81,9.5
B1,local,B,2026-W41,5,0,true,false,7.46,6.42,0.1238,7.55,6.63,6.9,6.69,5.66,8.34,17,12.96,13.84,20.5,,,
B100,local,B,2026-W17,0,2,false,true,,,,,,,,,,,,,,9.24,8.16,1.95
B100,local,B,2026-W18,5,2,false,false,8.57,7.68,0.098,,,,8.04,7.08,,13,6.2,,,8.6,7.54,2.45
B100,local,B,2026-W19,5,2,false,true,8.4,7.71,0.0679,,,,8.27,7.8,,12,6.25,,,9.93,8.76,2.24
B100,local,B,2026-W20,5,2,false,true,8.76,7.9,0.0797,7.15,6.17,8.75,8.28,7.51,,15,6.71,,,9.19,7.98,2.37
B100,local,B,2026-W21,5,2,false,false,8.87,7.9,0.0893,,,,7.88,7.16,,13,6.44,,,9.1,7.97,2.42
B100,local,B,2026-W22,4,2,false,true,8.95,8.02,0.0882,8.15,7.29,8.84,8.41,7.49,,15,6.4,,,9.36,8.45,2.17
B100,local,B,2026-W23,5,2,false,true,8.56,7.86,0.087,,,,,,9.27,4,6.23,,,9.2,8.25,2.22
B100,local,B,2026-W24,5,1,false,false,9.92,8.75,0.0964,,,,,,,2,6.04,,,8.87,7.7,1.86
B100,local,B,2026-W25,3,2,false,false,8.8,7.55,0.0836,,,,,,,2,5.49,,,8.61,7.27,2.31
B100,local,B,2026-W26,5,2,false,false,9.01,8.43,0.0459,,,,,,,1,6.76,,,9.62,8.64,2.25
B100,local,B,2026-W27,3,2,true,true,9.17,8.3,0.072,8.79,8.21,8.91,8.55,7.73,10.1,16,5.96,,,9.09,8.09,2.01
B100,local,B,2026-W28,5,2,true,true,9.01,8.04,0.0876,8.52,7.65,8.87,8.57,7.64,9.73,16,6.26,,,9.1,8.08,2.23
B100,local,B,2026-W29,5,2,true,true,9.08,8.07,0.0888,8.84,7.68,8.8,8.81,7.83,,16,6.16,,,8.9,8.09,2.39
B100,local,B,2026-W30,5,2,true,true,9.07,8.19,0.0819,8.89,7.99,8.78,8.26,7.53,,16,5.85,,,9.07,7.91,2.12
B100,local,B,2026-W31,5,2,true,true,9,8.17,0.0745,8.61,7.89,8.96,8.28,7.47,,16,6.18,,,9.52,8.52,2.45
B100,local,B,2026-W32,5,2,false,true,9,8.12,0.0818,8.43,7.73,9.01,8.32,7.25,9.67,17,5.53,,,9.48,8.51,2.31
B100,local,B,2026-W33,5,2,true,true,9.04,8.19,0.0786,8.93,8.19,9.15,8.13,7.28,9.32,17,6.16,,,8.85,7.83,2.26
B100,local,B,2026-W34,5,2,true,true,9.1,8.16,0.0838,8.87,8.13,9.13,8.75,7.95,9.16,17,6.24,,,9.2,8.18,2.17
B100,local,B,2026-W35,5,2,true,true,9.26,8.35,0.0843,9.19,8.43,9.18,8.37,7.53,9.91,17,6.19,,,9.37,8.46,2.32
B100,local,B,2026-W36,5,2,true,true,8.96,8.02,0.0856,8.75,7.82,8.91,8.51,7.7,9.36,17,5.99,,,9.18,8.13,2.37
B100,local,B,2026-W37,4,2,true,true,8.38,7.43,0.0892,7.87,6.83,8.23,7.99,7.04,9.07,17,6.49,6.47,,9.14,8.17,2.43
B100,local,B,2026-W38,5,2,true,true,8.13,7.21,0.0949,7.74,6.85,7.96,7.9,7,8.78,17,6.96,6.56,,8.95,7.94,2.33
B100,local,B,2026-W39,5,2,true,true,8.37,7.5,0.0836,8.15,7.24,8.36,8.12,7.42,8.71,17,6.96,6.53,,9.75,8.86,2.31
B100,local,B,2026-W40,5,2,true,false,8.56,7.64,0.0933,8.23,7.38,8.33,8.29,7.6,9.23,17,7.23,6.56,,9.61,8.78,2.32
B100,local,B,2026-W41,5,0,true,false,8.23,7.24,0.104,8.03,7.18,7.85,7.84,6.88,9,17,6.79,6.56,15.2,,,
B103,limited,B,2026-W17,0,2,false,true,,,,,,,,,,,,,,9.02,7.64,9.84
B103,limited,B,2026-W18,5,2,false,false,8.25,7.35,0.0955,,,,7.92,6.96,,13,18.78,,,8.89,7.86,11.32
B103,limited,B,2026-W19,5,2,false,true,7.95,7,0.1004,,,,7.58,6.71,,12,18.44,,,8.74,7.5,11.03
B103,limited,B,2026-W20,5,2,false,true,8.1,7.19,0.0983,7.17,6.44,8.05,7.52,6.6,,15,19.61,,,8.7,7.33,10.66
B103,limited,B,2026-W21,5,2,false,false,8.15,7.07,0.1161,,,,7.49,6.52,,13,19.75,,,9.1,7.91,10.09
B103,limited,B,2026-W22,4,2,false,true,8.15,7.19,0.1025,7.79,6.74,7.83,7.62,6.6,,15,19.17,,,9.03,7.98,11.21
B103,limited,B,2026-W23,5,2,false,true,8,6.99,0.1159,,,,,,8.7,4,18.84,,,8.98,7.81,11.48
B103,limited,B,2026-W24,5,1,false,false,7.75,6.85,0.0926,,,,,,,2,18.4,,,9.02,7.44,9.05
B103,limited,B,2026-W25,3,2,false,false,8.22,7.3,0.0912,,,,,,,2,18.21,,,9.44,8.06,11.28
B103,limited,B,2026-W26,5,2,false,false,8.17,6.82,0.1477,,,,,,,1,18.55,,,8.72,7.76,10.17
B103,limited,B,2026-W27,3,2,true,true,8.51,7.52,0.0908,8.5,7.37,8.26,8.02,7.21,9.03,16,17.72,,,9.22,8.01,10.36
B103,limited,B,2026-W28,5,2,true,true,8.52,7.56,0.0963,8.5,7.45,8.09,8.22,7.3,9.15,16,18.64,,,9.06,7.79,11.02
B103,limited,B,2026-W29,5,2,true,true,8.38,7.42,0.1,8.07,7.12,8.3,7.94,6.96,,16,18.89,,,9.02,7.93,10.55
B103,limited,B,2026-W30,5,2,true,true,8.52,7.54,0.0951,8.13,7.13,8.33,8.02,7.23,,16,18.12,,,8.83,7.7,10.51
B103,limited,B,2026-W31,5,2,true,true,8.45,7.44,0.0988,8.46,7.36,8.11,7.75,6.9,,16,18.62,,,8.82,7.65,11.22
B103,limited,B,2026-W32,5,2,false,true,8.46,7.55,0.0933,8.34,7.41,8.32,7.93,7.08,9.08,17,18.1,,,9.05,7.93,10.99
B103,limited,B,2026-W33,5,2,true,true,8.48,7.55,0.0946,8.59,7.53,8.13,8.08,7.21,8.92,17,18.7,,,9.08,7.99,10.94
B103,limited,B,2026-W34,5,2,true,true,8.47,7.58,0.0883,8.44,7.42,8.28,7.86,7.04,8.9,17,18.92,,,9.12,8.04,9.85
B103,limited,B,2026-W35,5,2,true,true,8.58,7.74,0.0876,8.35,7.36,8.41,8.26,7.46,9.07,17,18.71,,,9.03,7.81,11.27
B103,limited,B,2026-W36,5,2,true,true,8.4,7.44,0.0908,8.26,7.06,8.02,7.94,7.1,9.18,17,18.49,,,8.98,7.81,10.84
B103,limited,B,2026-W37,4,2,true,true,8.13,7.13,0.0988,7.76,6.69,7.79,7.49,6.57,9.16,17,18.31,19.11,,8.98,7.94,10.73
B103,limited,B,2026-W38,5,2,true,true,8.08,7.11,0.0994,7.54,6.58,7.88,7.35,6.47,9.07,17,19.03,19.11,,8.91,7.86,10.98
B103,limited,B,2026-W39,5,2,true,true,8.14,7.2,0.0977,7.51,6.52,7.96,7.6,6.77,9.12,17,19.37,19.11,,9.29,8.22,10.32
B103,limited,B,2026-W40,5,2,true,false,8.18,7.29,0.0946,7.62,6.84,7.98,7.77,6.89,8.97,17,19.57,19.11,,9.55,8.11,10.34
B103,limited,B,2026-W41,5,0,true,false,8.09,7.11,0.1038,7.64,6.74,7.95,7.37,6.51,8.88,17,19.12,19.11,18.3,,,
B11,local,B,2026-W17,0,2,false,true,,,,,,,,,,,,,,7.38,6.26,6.54
B11,local,B,2026-W18,5,2,false,false,6.22,5.42,0.1111,,,,5.41,4.72,,13,10.63,,,7.43,6.48,5.92
B11,local,B,2026-W19,5,2,false,true,6.19,5.34,0.1179,,,,5.88,5.29,,12,10.31,,,7.21,6.09,5.55
B11,local,B,2026-W20,5,2,false,true,6.23,5.54,0.1041,5.72,5.21,5.91,5.64,4.82,,15,10.28,,,7.23,5.89,5.52
B11,local,B,2026-W21,5,2,false,false,6.38,5.45,0.1361,,,,5.67,4.6,,13,11.11,,,7.61,6.66,6.19
B11,local,B,2026-W22,4,2,false,true,6.1,5.21,0.1306,5.82,4.9,5.84,5.58,4.65,,15,10.64,,,7.33,6.28,6.3
B11,local,B,2026-W23,5,2,false,true,6.14,5.16,0.1415,,,,,,6.96,4,10.26,,,7.56,6.48,6.34
B11,local,B,2026-W24,5,1,false,false,5.81,4.97,0.1314,,,,,,,2,10.3,,,7.22,6.09,6.34
B11,local,B,2026-W25,3,2,false,false,6.06,5.11,0.1472,,,,,,,2,11.33,,,7.63,6.21,6.46
B11,local,B,2026-W26,5,2,false,false,5.79,4.1,0.2578,,,,,,,1,11.09,,,7.95,6.82,5.86
B11,local,B,2026-W27,3,2,true,true,6.44,5.53,0.1201,6.49,5.56,5.92,6.03,5.17,7.14,16,10.27,,,8.06,7.02,5.5
B11,local,B,2026-W28,5,2,true,true,6.48,5.58,0.1195,6.13,5.37,6.05,5.82,4.92,7.52,16,10.11,,,7.88,6.77,6.02
B11,local,B,2026-W29,5,2,true,true,6.49,5.63,0.1154,6.1,5.26,6.08,6.03,5.17,,16,9.94,,,7.79,6.99,5.48
B11,local,B,2026-W30,5,2,true,true,6.62,5.58,0.1382,6.38,5.42,6.21,6.17,5.12,,16,10.06,,,7.58,6.74,6.12
B11,local,B,2026-W31,5,2,true,true,6.42,5.51,0.122,6.29,5.33,6.1,5.94,5.1,,16,9.67,,,7.6,6.56,6.36
B11,local,B,2026-W32,5,2,false,true,6.51,5.55,0.1331,6.31,5.45,6.17,5.91,4.93,7.34,17,9.85,,,7.57,6.65,6.31
B11,local,B,2026-W33,5,2,true,true,6.41,5.57,0.1112,6.39,5.55,6.01,5.81,4.89,7.06,17,9.87,,,7.58,6.64,5.86
B11,local,B,2026-W34,5,2,true,true,6.52,5.65,0.1174,6.32,5.55,6.06,5.99,5.04,7.35,17,9.74,,,7.7,6.77,5.9
B11,local,B,2026-W35,5,2,true,true,6.44,5.59,0.1136,6.2,5.35,6,5.99,5.15,7.27,17,10.21,,,7.63,6.62,5.72
B11,local,B,2026-W36,5,2,true,true,6.22,5.29,0.1207,6,5.07,5.47,5.72,4.95,7.48,17,10.1,,,7.33,6.38,6.05
B11,local,B,2026-W37,4,2,true,true,5.98,5.06,0.1272,5.82,4.97,5.5,5.19,4.31,6.94,17,10.76,11.43,,7.78,6.74,5.2
B11,local,B,2026-W38,5,2,true,true,5.83,4.94,0.1321,5.34,4.53,5.55,5.32,4.5,6.55,17,10.77,11.49,,7.42,6.5,5.52
B11,local,B,2026-W39,5,2,true,true,6.04,5.09,0.1311,5.81,4.98,5.63,5.47,4.6,6.86,17,10.62,11.47,,7.99,7,5.88
B11,local,B,2026-W40,5,2,true,false,6.36,5.49,0.1281,6.33,5.47,6.06,5.84,4.92,6.8,17,10.15,11.49,,7.65,6.43,6.25
B11,local,B,2026-W41,5,0,true,false,5.94,5.03,0.1308,5.52,4.68,5.51,5.39,4.48,6.85,17,10.87,11.49,17.5,,,
B111,shuttle,B,2026-W20,1,0,false,false,6.02,4.75,0.19,,,,,,,4,0.44,,,,,
B111,shuttle,B,2026-W28,1,0,false,false,6.04,4.85,0.2402,,,,,,,5,0.87,,,,,
B111,shuttle,B,2026-W33,1,0,false,false,5.79,4.3,0.2383,6.1,1.63,5.73,,,,7,0.89,,,,,
B111,shuttle,B,2026-W37,1,0,false,false,5.69,4.53,0.2004,3.36,2.54,6.38,,,,7,0.81,,,,,
B111,shuttle,B,2026-W41,1,0,false,false,6.37,5.28,0.169,7.48,6.8,,,,,6,1.43,,20.1,,,
B12,local,B,2026-W17,0,2,false,true,,,,,,,,,,,,,,6.98,6.04,4.89
B12,local,B,2026-W18,5,2,false,false,5.83,4.96,0.1333,,,,4.91,4.27,,13,10.95,,,6.75,5.8,6.6
B12,local,B,2026-W19,5,2,false,true,5.86,5.11,0.1064,,,,5.44,4.83,,12,10.11,,,6.95,6.04,7.46
B12,local,B,2026-W20,5,2,false,true,5.89,5.05,0.1289,4.84,3.96,5.92,5.26,4.4,,15,11.01,,,7.03,5.96,6.73
B12,local,B,2026-W21,5,2,false,false,6.12,5.24,0.1257,,,,5.3,4.38,,13,10.81,,,7.53,6.51,6.64
B12,local,B,2026-W22,4,2,false,true,6,4.98,0.1506,5.86,5.01,5.57,5.4,4.39,,15,10.5,,,7.18,6.24,7.17
B12,local,B,2026-W23,5,2,false,true,6.12,5.25,0.127,,,,,,6.96,4,10.43,,,6.78,5.8,6.17
B12,local,B,2026-W24,5,1,false,false,5.99,5.2,0.1166,,,,,,,2,10.81,,,7.31,6.51,5.52
B12,local,B,2026-W25,3,2,false,false,6.2,5.5,0.0997,,,,,,,2,10.74,,,6.72,5.8,6.22
B12,local,B,2026-W26,5,2,false,false,5.8,5.43,0.1176,,,,,,,1,9.58,,,6.86,6.11,5.9
B12,local,B,2026-W27,3,2,true,true,6.22,5.42,0.1101,6.36,5.62,5.73,5.7,4.87,6.89,16,10.41,,,7.44,6.43,7
B12,local,B,2026-W28,5,2,true,true,6.25,5.38,0.1192,6.13,5.34,5.89,5.55,4.66,7.05,16,10.57,,,7.18,6.01,6.32
B12,local,B,2026-W29,5,2,true,true,6.25,5.27,0.1291,6.32,5.32,5.77,5.48,4.47,,16,10.27,,,7.27,6.37,6.31
B12,local,B,2026-W30,5,2,true,true,6.2,5.32,0.1186,6.01,5.13,5.91,5.6,4.77,,16,10.53,,,7,5.98,6.4
B12,local,B,2026-W31,5,2,true,true,6.25,5.42,0.1139,6.28,5.31,5.66,5.77,4.92,,16,10.8,,,6.94,5.99,7.05
B12,local,B,2026-W32,5,2,false,true,6.29,5.39,0.1253,6.27,5.43,5.82,5.45,4.62,7.11,17,10.61,,,6.95,5.95,5.67
B12,local,B,2026-W33,5,2,true,true,6.22,5.24,0.1319,6.35,5.34,5.72,5.48,4.6,7.05,17,10.75,,,6.98,6.06,6.85
B12,local,B,2026-W34,5,2,true,true,6.16,5.27,0.1204,6.26,5.3,5.83,5.51,4.66,6.75,17,10.97,,,6.83,5.89,6.68
B12,local,B,2026-W35,5,2,true,true,6.21,5.34,0.1211,6.33,5.42,5.81,5.41,4.56,7.1,17,10.52,,,6.87,5.89,6.94
B12,local,B,2026-W36,5,2,true,true,6.21,5.26,0.1265,6.17,5.17,5.88,5.48,4.61,6.94,17,10.65,,,6.7,5.72,6.89
B12,local,B,2026-W37,4,2,true,true,5.88,5.02,0.1201,5.85,4.89,5.53,5.16,4.36,6.65,17,11.29,12.53,,7,6.16,6.86
B12,local,B,2026-W38,5,2,true,true,5.81,4.97,0.1243,5.37,4.54,5.65,5.15,4.26,6.6,17,11.53,12.58,,7.02,6.14,7.39
B12,local,B,2026-W39,5,2,true,true,6.01,5.18,0.1147,5.81,5,5.65,5.19,4.37,7.05,17,11.1,12.56,,7.67,6.77,5.75
B12,local,B,2026-W40,5,2,true,false,5.95,5.12,0.1259,5.65,4.68,5.7,5.21,4.44,6.81,17,11.07,12.58,,6.93,6.01,7.42
B12,local,B,2026-W41,5,0,true,false,5.77,4.86,0.1337,5.31,4.43,5.44,5.13,4.32,6.76,17,11.33,12.58,18.9,,,
B13,local,B,2026-W17,0,2,false,true,,,,,,,,,,,,,,8.29,7.65,4.4
B13,local,B,2026-W18,5,2,false,false,7.53,6.86,0.0775,,,,6.76,6.37,,13,8.49,,,8.1,7.42,4.98
B13,local,B,2026-W19,5,2,false,true,7.32,6.5,0.0984,,,,6.34,5.83,,12,8.77,,,8.17,7.37,4.41
B13,local,B,2026-W20,5,2,false,true,7.33,6.6,0.0836,6.94,6.32,7.07,6.75,6.08,,15,8.68,,,8.09,7.37,4.67
B13,local,B,2026-W21,5,2,false,false,7.41,6.81,0.0775,,,,6.81,6.17,,13,8.8,,,8.14,7.23,4.63
B13,local,B,2026-W22,4,2,false,true,7.59,6.77,0.0869,7.23,6.44,7.36,6.84,6.22,,15,9.04,,,7.98,7.19,4.69
B13,local,B,2026-W23,5,2,false,true,7.5,6.77,0.0855,,,,,,8.31,4,8.89,,,7.77,7.05,4.9
B13,local,B,2026-W24,5,1,false,false,8.08,7.29,0.0674,,,,,,,2,8.48,,,9.4,8.44,4.95
B13,local,B,2026-W25,3,2,false,false,7.63,6.95,0.0734,,,,,,,2,9.24,,,8.4,7.28,4.76
B13,local,B,2026-W26,5,2,false,false,9.98,9.17,0.0565,,,,,,,1,8.2,,,8.78,8.37,4.75
B13,local,B,2026-W27,3,2,true,true,7.46,6.7,0.0767,7.22,6.61,7.22,7.17,6.56,8,16,8.24,,,8.58,7.98,4.73
B13,local,B,2026-W28,5,2,true,true,7.5,6.75,0.0809,7.26,6.61,7.27,7.07,6.43,8.14,16,8.59,,,7.93,7.12,4.88
B13,local,B,2026-W29,5,2,true,true,7.54,6.77,0.0847,7.42,6.68,7.22,7.16,6.4,,16,8.57,,,8.68,7.87,4.72
B13,local,B,2026-W30,5,2,true,true,7.69,6.89,0.083,7.42,6.65,7.38,7.08,6.43,,16,8.53,,,8.08,7.3,4.79
B13,local,B,2026-W31,5,2,true,true,7.7,6.84,0.0905,7.56,6.79,7.19,7.09,6.4,,16,8.24,,,8.09,7.42,4.77
B13,local,B,2026-W32,5,2,false,true,7.61,6.86,0.0812,7.58,6.71,7.31,7.05,6.37,8.31,17,8.21,,,7.99,7.29,4.71
B13,local,B,2026-W33,5,2,true,true,7.71,6.95,0.0752,7.62,6.81,7.59,7.15,6.47,8.23,17,8.09,,,7.87,7.17,4.67
B13,local,B,2026-W34,5,2,true,true,7.67,6.86,0.086,7.58,6.83,7.4,7.2,6.54,8.28,17,8.38,,,7.97,7.39,4.29
B13,local,B,2026-W35,5,2,true,true,7.59,6.84,0.0818,7.31,6.61,7.27,7.2,6.5,8.3,17,8.47,,,8.08,7.37,4.76
B13,local,B,2026-W36,5,2,true,true,7.63,6.81,0.0826,7.76,6.73,7.22,7.06,6.47,8.44,17,8.37,,,7.67,6.84,4.56
B13,local,B,2026-W37,4,2,true,true,7.27,6.46,0.0834,7.11,6.15,7.11,6.95,6.4,7.7,17,8.5,9,,7.97,7.24,4.54
B13,local,B,2026-W38,5,2,true,true,7.42,6.66,0.081,7.12,6.38,7.28,6.95,6.17,8.07,17,8.46,9,,8.11,7.41,4.81
B13,local,B,2026-W39,5,2,true,true,7.48,6.74,0.0769,7.33,6.63,7.24,6.99,6.36,8.19,17,8.71,9,,8.37,7.58,4.63
B13,local,B,2026-W40,5,2,true,false,7.38,6.73,0.0722,6.93,6.35,7.16,6.84,6.21,8.25,17,8.93,9,,8.3,7.46,4.45
B13,local,B,2026-W41,5,0,true,false,7.37,6.66,0.0754,6.8,6.17,7.2,6.65,6.03,8.37,17,8.96,9,15,,,
B14,local,B,2026-W17,0,2,false,true,,,,,,,,,,,,,,7.6,6.55,4.11
B14,local,B,2026-W18,5,2,false,false,6.41,5.64,0.0986,,,,5.95,5.2,,13,6.96,,,6.96,6.12,4.1
B14,local,B,2026-W19,5,2,false,true,6.41,5.67,0.0925,,,,5.26,4.73,,12,5.92,,,7.08,6.34,4.59
B14,local,B,2026-W20,5,2,false,true,6.38,5.59,0.1027,5.73,5.04,6.15,5.84,4.89,,15,6.69,,,6.89,5.98,4.84
B14,local,B,2026-W21,5,2,false,false,6.4,5.37,0.1434,,,,5.68,4.71,,13,6.78,,,7.47,6.36,4.41
B14,local,B,2026-W22,4,2,false,true,6.31,5.26,0.1489,5.87,4.91,5.98,5.81,4.77,,15,7.03,,,7.11,6.27,4.45
B14,local,B,2026-W23,5,2,false,true,6.71,5.89,0.0882,,,,,,7.7,4,7.17,,,7.19,6.22,4.12
B14,local,B,2026-W24,5,1,false,false,6.78,5.65,0.134,,,,,,,2,6.93,,,7.46,6.7,3.66
B14,local,B,2026-W25,3,2,false,false,6.55,5.91,0.074,,,,,,,2,6.67,,,6.59,5.41,4.59
B14,local,B,2026-W26,5,2,false,false,6.19,5.79,0.0756,,,,,,,1,5.89,,,7.39,6.64,4.53
B14,local,B,2026-W27,3,2,true,true,6.55,5.69,0.113,6.37,5.55,6.3,6.27,5.38,7.07,16,6.78,,,7.53,6.62,4.5
B14,local,B,2026-W28,5,2,true,true,6.6,5.53,0.1376,6.33,5.37,6.32,5.95,5.11,7.53,16,6.82,,,7.11,6.08,4.28
B14,local,B,2026-W29,5,2,true,true,6.58,5.67,0.1166,6.58,5.69,6.02,5.99,5.13,,16,6.7,,,7.4,6.55,4.3
B14,local,B,2026-W30,5,2,true,true,6.45,5.51,0.1248,6.4,5.39,6.14,5.9,4.97,,16,7.13,,,6.88,5.96,4.73
B14,local,B,2026-W31,5,2,true,true,6.39,5.59,0.1106,6.29,5.42,6.02,5.99,5.05,,16,6.96,,,7.12,6.23,4.65
B14,local,B,2026-W32,5,2,false,true,6.66,5.76,0.1119,6.41,5.6,6.22,6.02,5.22,7.53,17,7,,,7.14,6.33,4.54
B14,local,B,2026-W33,5,2,true,true,6.44,5.58,0.1093,6.44,5.56,6.03,5.91,5.01,7.18,17,6.57,,,7.14,6.16,4.33
B14,local,B,2026-W34,5,2,true,true,6.66,5.81,0.1059,6.61,5.94,6.23,6.1,5.23,7.54,17,6.77,,,7.02,6.1,4.07
B14,local,B,2026-W35,5,2,true,true,6.42,5.57,0.1126,6.39,5.44,6.13,5.78,4.97,7.24,17,6.97,,,7.01,6.04,4.57
B14,local,B,2026-W36,5,2,true,true,6.41,5.31,0.1478,6.29,5.11,5.8,5.84,4.85,7.6,17,6.94,,,7.29,6.27,4.12
B14,local,B,2026-W37,4,2,true,true,6.35,5.48,0.114,6.2,5.27,5.98,5.52,4.69,7.41,17,6.61,7.04,,7.1,6.11,4.19
B14,local,B,2026-W38,5,2,true,true,6.27,5.47,0.1096,5.79,5.02,6.1,5.68,4.86,7.16,17,6.75,7.04,,7.34,6.45,4.48
B14,local,B,2026-W39,5,2,true,true,6.48,5.73,0.0939,6.23,5.42,6.11,5.85,5.06,7.52,17,6.67,7.04,,7.74,6.62,4.19
B14,local,B,2026-W40,5,2,true,false,6.38,5.48,0.1255,5.97,5.33,6.1,5.68,4.78,7.48,17,6.5,7.04,,7.23,6.62,4.69
B14,local,B,2026-W41,5,0,true,false,6.45,5.62,0.1091,5.9,5.11,6.23,5.56,4.78,7.63,17,6.9,7.04,14.1,,,
B15,local,B,2026-W17,0,2,false,true,,,,,,,,,,,,,,8.34,7.54,13.21
B15,local,B,2026-W18,5,2,false,false,7.44,6.72,0.0757,,,,6.47,5.73,,13,15.75,,,8,7.28,14.03
B15,local,B,2026-W19,5,2,false,true,7.13,6.48,0.0772,,,,6.48,5.99,,12,15.56,,,8.55,7.68,14.36
B15,local,B,2026-W20,5,2,false,true,7.43,6.69,0.0806,6.96,6.06,7.43,6.67,6.06,,15,15.92,,,8.03,7.18,14.67
B15,local,B,2026-W21,5,2,false,false,7.31,6.63,0.0778,,,,6.6,5.88,,13,16.36,,,8.64,7.83,12.89
B15,local,B,2026-W22,4,2,false,true,7.4,6.65,0.0827,6.8,6.05,7.38,6.7,6.08,,15,16.03,,,8.22,7.33,13.81
B15,local,B,2026-W23,5,2,false,true,7.16,6.42,0.0846,,,,,,7.84,4,14.85,,,8.24,7.36,13.21
B15,local,B,2026-W24,5,1,false,false,7.62,6.89,0.0797,,,,,,,2,16.48,,,8.37,7.4,12.42
B15,local,B,2026-W25,3,2,false,false,6.99,6.52,0.0669,,,,,,,2,14.82,,,7.71,6.97,13.25
B15,local,B,2026-W26,5,2,false,false,7.62,7.06,0.0687,,,,,,,1,16.09,,,7.88,7.06,12.3
B15,local,B,2026-W27,3,2,true,true,7.52,6.82,0.0733,6.95,6.32,7.64,6.8,6.08,8.05,16,14.55,,,8.65,7.85,12.9
B15,local,B,2026-W28,5,2,true,true,7.6,6.85,0.0782,7.34,6.66,7.49,6.91,6.22,8.24,16,15.61,,,8.27,7.29,12.79
B15,local,B,2026-W29,5,2,true,true,7.36,6.63,0.0848,6.54,5.81,7.5,6.65,6.07,,16,16.11,,,8.27,7.46,14.03
B15,local,B,2026-W30,5,2,true,true,7.28,6.55,0.0823,6.99,6.25,7.41,6.34,5.69,,16,15.62,,,7.72,6.74,13.91
B15,local,B,2026-W31,5,2,true,true,7.48,6.79,0.0739,6.96,6.32,7.55,6.62,6.05,,16,16.5,,,8.24,7.35,13.45
B15,local,B,2026-W32,5,2,false,true,7.54,6.84,0.0741,7.2,6.55,7.49,6.59,5.98,8.38,17,16.21,,,8.11,7.21,13.46
B15,local,B,2026-W33,5,2,true,true,7.5,6.8,0.0752,7.28,6.51,7.64,6.54,5.83,7.98,17,15.77,,,7.82,7.05,14.01
B15,local,B,2026-W34,5,2,true,true,7.55,6.84,0.0749,7.2,6.53,7.54,6.8,6.2,8,17,16.33,,,7.82,7,13.2
B15,local,B,2026-W35,5,2,true,true,7.47,6.82,0.0689,7.16,6.51,7.44,6.97,6.44,7.92,17,15.6,,,8.1,7.2,13.86
B15,local,B,2026-W36,5,2,true,true,7.43,6.64,0.0805,7.01,6.14,7.42,6.66,5.93,8.12,17,15.84,,,8.05,7.14,13.99
B15,local,B,2026-W37,4,2,true,true,7.34,6.66,0.0753,6.85,6.16,7.36,6.41,5.81,8.02,17,16.34,17.49,,8.23,7.37,13.63
B15,local,B,2026-W38,5,2,true,true,7.27,6.55,0.08,6.6,5.93,7.37,6.17,5.56,8.21,17,16.16,17.49,,8.34,7.56,14.22
B15,local,B,2026-W39,5,2,true,true,7.47,6.81,0.0677,6.84,6.23,7.42,6.4,5.78,8.43,17,15.39,17.49,,8.74,7.91,13.72
B15,local,B,2026-W40,5,2,true,false,7.45,6.75,0.0764,6.98,6.42,7.55,6.62,5.97,8.1,17,16.29,17.49,,8.3,7.39,13.42
B15,local,B,2026-W41,5,0,true,false,7.22,6.41,0.0916,6.88,6.06,7.16,6.24,5.58,7.82,17,16.47,17.49,19.4,,,
B16,local,B,2026-W17,0,2,false,true,,,,,,,,,,,,,,8.21,7.33,4.56
B16,local,B,2026-W18,5,2,false,false,7.21,6.45,0.0929,,,,6.26,5.49,,13,8.21,,,8.41,7.5,5.14
B16,local,B,2026-W19,5,2,false,true,7.01,6.26,0.09,,,,6.17,5.2,,12,8.16,,,8.2,7.31,4.46
B16,local,B,2026-W20,5,2,false,true,6.98,6.1,0.1105,6.13,5.41,6.66,6.28,5.44,,15,8.95,,,8.26,6.93,4.43
B16,local,B,2026-W21,5,2,false,false,7.1,6.21,0.1113,,,,6.06,5.13,,13,8.41,,,9.38,8.32,4.79
B16,local,B,2026-W22,4,2,false,true,7.09,6.15,0.1124,6.68,5.56,6.63,6.31,5.3,,15,7.93,,,8.58,7.57,4.92
B16,local,B,2026-W23,5,2,false,true,7.3,6.42,0.091,,,,,,8.41,4,7.83,,,8.45,7.46,4.88
B16,local,B,2026-W24,5,1,false,false,6.96,6.43,0.0936,,,,,,,2,6.49,,,8.74,7.78,4.33
B16,local,B,2026-W25,3,2,false,false,8.11,7.28,0.0669,,,,,,,2,6.75,,,8.41,7.37,4.95
B16,local,B,2026-W26,5,2,false,false,7.19,6.33,0.0913,,,,,,,1,7.68,,,9.24,7.85,4.35
B16,local,B,2026-W27,3,2,true,true,7.42,6.62,0.0845,7.3,6.39,6.93,6.7,5.91,8.29,16,6.49,,,9.08,8.1,4.48
B16,local,B,2026-W28,5,2,true,true,7.5,6.6,0.0969,7.34,6.41,6.93,7,6.1,8.38,16,6.75,,,8.47,7.34,4.34
B16,local,B,2026-W29,5,2,true,true,7.45,6.54,0.1054,7.43,6.24,6.83,6.81,5.93,,16,6.34,,,9.47,8.46,4.68
B16,local,B,2026-W30,5,2,true,true,7.4,6.46,0.0988,7.19,6.41,6.89,6.8,5.78,,16,6.17,,,8.22,7.35,4.78
B16,local,B,2026-W31,5,2,true,true,7.37,6.47,0.1023,7.44,6.56,6.84,6.48,5.48,,16,6.59,,,8.69,7.86,5.01
B16,local,B,2026-W32,5,2,false,true,7.51,6.72,0.086,7.3,6.4,6.85,6.36,5.64,8.82,17,5.94,,,8.4,7.45,4.44
B16,local,B,2026-W33,5,2,true,true,7.49,6.56,0.1052,7.59,6.69,6.72,6.78,5.86,8.6,17,6.45,,,8.37,7.49,4.69
B16,local,B,2026-W34,5,2,true,true,7.63,6.79,0.0914,7.57,6.87,7.14,6.75,6.01,8.68,17,6.73,,,8.71,7.96,4.73
B16,local,B,2026-W35,5,2,true,true,7.46,6.61,0.0912,7.36,6.57,6.78,7,6.18,8.67,17,6.37,,,8.21,7.23,5.03
B16,local,B,2026-W36,5,2,true,true,7.02,6.12,0.1034,7.05,6.23,6.26,6.33,5.55,8.17,17,6.83,,,8.24,7.2,5.07
B16,local,B,2026-W37,4,2,true,true,6.75,5.85,0.1134,6.68,5.65,6.16,5.79,4.98,7.86,17,7.93,8.01,,8.5,7.44,4.67
B16,local,B,2026-W38,5,2,true,true,6.73,5.82,0.1179,6.29,5.27,6.24,5.81,4.94,7.9,17,8.93,9.23,,7.99,7.09,4.94
B16,local,B,2026-W39,5,2,true,true,6.97,6.1,0.0976,6.98,6.01,6.26,6.2,5.37,8.14,17,8.4,8.74,,9.37,8.32,4.56
B16,local,B,2026-W40,5,2,true,false,7.32,6.3,0.1197,7.13,6.17,6.76,6.69,5.9,8.43,17,8.28,9.23,,8.58,7.68,5.09
B16,local,B,2026-W41,5,0,true,false,6.93,6.06,0.1089,6.7,5.71,6.3,5.83,5,8.25,17,9.27,9.23,13.3,,,
B17,local,B,2026-W17,0,2,false,true,,,,,,,,,,,,,,8.67,7.9,6.77
B17,local,B,2026-W18,5,2,false,false,7.83,6.93,0.1001,,,,7.18,6.6,,13,8.87,,,8.52,7.65,6.43
B17,local,B,2026-W19,5,2,false,true,7.24,6.36,0.1018,,,,6.14,5.57,,12,8.22,,,8.83,7.88,7.24
B17,local,B,2026-W20,5,2,false,true,7.4,6.54,0.0972,7.3,6.42,7.32,6.5,5.84,,15,8.97,,,8.44,7.54,7.37
B17,local,B,2026-W21,5,2,false,false,7.46,6.62,0.1001,,,,6.63,5.96,,13,8.88,,,9.17,8.2,6.51
B17,local,B,2026-W22,4,2,false,true,7.47,6.58,0.0995,6.57,5.97,7.7,6.49,5.6,,15,8.87,,,8.58,7.64,6.93
B17,local,B,2026-W23,5,2,false,true,6.94,6.18,0.1063,,,,,,7.59,4,8.82,,,7.92,7.02,6.96
B17,local,B,2026-W24,5,1,false,false,7.45,6.28,0.126,,,,,,,2,8.42,,,8.67,7.4,6.83
B17,local,B,2026-W25,3,2,false,false,7.63,6.58,0.1134,,,,,,,2,8.12,,,8.86,7.08,5.72
B17,local,B,2026-W26,5,2,false,false,6.95,6.17,0.1044,,,,,,,1,8.28,,,8.37,7.33,6.19
B17,local,B,2026-W27,3,2,true,true,7.61,6.76,0.0941,7.54,6.69,7.6,6.81,5.98,8.08,16,8.69,,,8.69,7.83,6.98
B17,local,B,2026-W28,5,2,true,true,7.71,6.93,0.0824,7.66,6.8,7.67,6.93,6.19,8.18,16,8.62,,,8.35,7.35,7.37
B17,local,B,2026-W29,5,2,true,true,7.47,6.58,0.1009,7.58,6.85,7.31,6.5,5.63,,16,8.69,,,8.74,7.88,6.53
B17,local,B,2026-W30,5,2,true,true,7.45,6.58,0.0972,7.22,6.54,7.39,6.63,5.78,,16,8.89,,,8.31,7.33,7.55
B17,local,B,2026-W31,5,2,true,true,7.5,6.68,0.0906,7.34,6.5,7.28,6.82,6.15,,16,8.78,,,8.48,7.52,7.34
B17,local,B,2026-W32,5,2,false,true,7.55,6.74,0.0895,7.38,6.6,7.55,6.9,6.18,8,17,8.6,,,8.4,7.48,6.79
B17,local,B,2026-W33,5,2,true,true,7.51,6.65,0.0981,7.61,6.79,7.32,6.77,5.93,8.13,17,8.67,,,8.54,7.67,6.79
B17,local,B,2026-W34,5,2,true,true,7.68,6.84,0.0935,7.56,6.69,7.43,7.24,6.39,8.22,17,8.84,,,8.2,7.37,7.09
B17,local,B,2026-W35,5,2,true,true,7.63,6.73,0.101,7.69,6.81,7.62,6.77,5.94,7.97,17,8.7,,,8.43,7.41,7.15
B17,local,B,2026-W36,5,2,true,true,7.4,6.42,0.1068,7.16,6.23,7.23,6.61,5.84,8.18,17,8.77,,,8.23,7.26,6.93
B17,local,B,2026-W37,4,2,true,true,7.26,6.36,0.1017,6.84,5.93,7.18,6.55,5.85,7.97,17,9.14,9.68,,8.7,7.76,7.02
B17,local,B,2026-W38,5,2,true,true,7.38,6.64,0.082,6.8,6.15,7.51,6.64,6.07,8.04,17,8.86,9.68,,8.57,7.66,7.63
B17,local,B,2026-W39,5,2,true,true,7.42,6.69,0.0777,6.91,6.12,7.37,6.72,6.07,8.26,17,9.19,9.68,,9.32,8.3,6.71
B17,local,B,2026-W40,5,2,true,false,7.47,6.73,0.0846,7.21,6.41,7.44,6.81,6.15,8.15,17,8.92,9.68,,8.13,7.3,7.65
B17,local,B,2026-W41,5,0,true,false,7.27,6.45,0.1011,6.54,5.69,7.27,6.47,5.65,8.11,17,9.36,9.68,15.5,,,
B2,local,B,2026-W17,0,2,false,true,,,,,,,,,,,,,,9.69,8.38,1.59
B2,local,B,2026-W18,5,2,false,false,7.73,6.17,0.1757,,,,6.25,5.06,,13,2.06,,,9.34,7.43,1.61
B2,local,B,2026-W19,5,2,false,true,7.73,6.47,0.1452,,,,7.53,6.18,,12,2.09,,,9.01,7.54,1.81
B2,local,B,2026-W20,5,2,false,true,7.91,6.52,0.1628,6.72,5.29,7.61,7.73,6.4,,15,2.37,,,9.38,8.01,1.48
B2,local,B,2026-W21,5,2,false,false,8.25,6.75,0.1617,,,,7.5,6.05,,13,2.19,,,9.22,7.71,1.46
B2,local,B,2026-W22,4,2,false,true,8.36,6.37,0.2051,7.94,6.64,8.64,7.53,6.05,,15,2.27,,,8.92,7.67,1.57
B2,local,B,2026-W23,5,2,false,true,8.55,7.56,0.0919,,,,,,9.69,4,1.96,,,9.47,8.27,1.59
B2,local,B,2026-W24,5,1,false,false,8.37,7.82,0.0633,,,,,,,2,2.38,,,8.7,7.6,1.26
B2,local,B,2026-W25,3,2,false,false,8.7,6.73,0.2265,,,,,,,2,2.04,,,10,7.33,1.12
B2,local,B,2026-W26,5,2,false,false,7.77,6.76,0.1073,,,,,,,1,2.4,,,7.79,5.13,1.47
B2,local,B,2026-W27,3,2,true,true,8.8,7.59,0.1087,8.01,6.76,8.97,8.27,7.14,9.34,16,2.26,,,9.17,7.98,1.54
B2,local,B,2026-W28,5,2,true,true,8.24,6.62,0.1707,7.22,5.94,7.95,7.92,6.53,9.49,16,2.03,,,9.16,7.58,1.43
B2,local,B,2026-W29,5,2,true,true,8.5,7.03,0.1344,7.55,6.88,8.16,7.38,6,,16,2.33,,,9.39,8.04,1.62
B2,local,B,2026-W30,5,2,true,true,8.32,7.06,0.1279,8.09,7.26,8.05,7.64,6.39,,16,2.25,,,8.78,7.59,1.6
B2,local,B,2026-W31,5,2,true,true,8.03,6.53,0.1696,8.07,6.92,7.51,7.68,6.14,,16,2.37,,,8.99,7.77,1.7
B2,local,B,2026-W32,5,2,false,true,7.84,6.33,0.1796,7.46,6.48,7.05,7.73,6.44,8.78,17,2.08,,,8.92,7.87,1.24
B2,local,B,2026-W33,5,2,true,true,7.98,6.52,0.1611,8.15,6.99,7.54,7.73,6.61,8.61,17,1.89,,,8.91,7.72,1.4
B2,local,B,2026-W34,5,2,true,true,7.99,6.72,0.1478,7.9,6.83,7.6,7.77,6.69,8.85,17,2.21,,,9.17,7.75,1.4
B2,local,B,2026-W35,5,2,true,true,7.92,6.45,0.1708,7.9,6.88,7.34,7.78,6.42,8.73,17,1.99,,,9.01,7.65,1.33
B2,local,B,2026-W36,5,2,true,true,8.23,7.08,0.1225,7.62,6.69,7.7,7.93,6.82,9.49,17,2.15,,,8.54,6.99,1.59
B2,local,B,2026-W37,4,2,true,true,7.81,6.75,0.1177,7.3,6.34,7.56,7.15,6.18,8.78,17,2.52,2.14,,9.02,7.58,1.74
B2,local,B,2026-W38,5,2,true,true,7.94,6.62,0.139,6.94,6.24,7.64,6.97,5.72,9.57,17,2.21,2.14,,9.16,7.78,1.55
B2,local,B,2026-W39,5,2,true,true,8.29,7.07,0.1148,7.81,6.73,7.84,7.48,6.4,9.65,17,2.19,2.14,,9.39,7.86,1.39
B2,local,B,2026-W40,5,2,true,false,8.16,6.98,0.1272,8.01,7.12,7.53,7.67,6.66,9.51,17,2.23,2.14,,8.96,7.83,1.92
B2,local,B,2026-W41,5,0,true,false,8.1,6.83,0.1378,7.25,6.15,7.97,7.48,6.21,9.31,17,2.23,2.14,11,,,
B20,local,B,2026-W17,0,2,false,true,,,,,,,,,,,,,,8.09,7.23,5.01
B20,local,B,2026-W18,5,2,false,false,7.19,6.45,0.0906,,,,6.97,6.16,,13,9.93,,,7.97,7.13,5.73
B20,local,B,2026-W19,5,2,false,true,7,6.26,0.0891,,,,6.55,5.85,,12,9.83,,,7.91,7.22,5.25
B20,local,B,2026-W20,5,2,false,true,7.2,6.45,0.0977,7.7,6.95,6.73,6.26,5.53,,15,10.1,,,7.6,6.71,5.68
B20,local,B,2026-W21,5,2,false,false,7,6.19,0.0958,,,,6.6,5.78,,13,10.04,,,8.23,7.24,5.42
B20,local,B,2026-W22,4,2,false,true,6.91,6.11,0.0975,6.71,5.97,6.51,6.45,5.71,,15,9.06,,,7.75,7,5.61
B20,local,B,2026-W23,5,2,false,true,7.23,6.58,0.071,,,,,,8.1,4,9.98,,,7.5,6.26,4.8
B20,local,B,2026-W24,5,1,false,false,7.03,6.44,0.0834,,,,,,,2,9.31,,,8.47,7.47,5.51
B20,local,B,2026-W25,3,2,false,false,7.17,6.32,0.1042,,,,,,,2,9.73,,,7.64,6.82,5.3
B20,local,B,2026-W26,5,2,false,false,6.86,6.25,0.0837,,,,,,,1,9.54,,,8.03,7.48,5.51
B20,local,B,2026-W27,3,2,true,true,7.14,6.3,0.0999,6.96,5.99,6.83,6.76,5.86,7.88,16,9.71,,,8.47,7.75,5.52
B20,local,B,2026-W28,5,2,true,true,7.34,6.44,0.0966,7.2,6.22,6.87,6.77,5.93,8.45,16,9.81,,,7.82,7.07,5.48
B20,local,B,2026-W29,5,2,true,true,7.22,6.35,0.0994,6.99,6.22,6.89,6.73,5.84,,16,9.95,,,7.96,7.2,4.99
B20,local,B,2026-W30,5,2,true,true,7.17,6.25,0.1107,7.12,6.23,6.9,6.53,5.66,,16,9.33,,,7.86,7.11,5.76
B20,local,B,2026-W31,5,2,true,true,7.08,6.23,0.098,7.11,6.29,6.85,6.6,5.8,,16,9.87,,,7.8,6.96,5.29
B20,local,B,2026-W32,5,2,false,true,7.22,6.39,0.0994,7.28,6.55,6.91,6.47,5.56,8.08,17,9.54,,,7.71,6.86,5.51
B20,local,B,2026-W33,5,2,true,true,7.26,6.44,0.097,7.04,6.25,6.92,6.71,5.91,8.16,17,9.28,,,7.79,6.99,5.17
B20,local,B,2026-W34,5,2,true,true,7.25,6.42,0.0986,7.1,6.2,7.02,6.78,6,7.85,17,9.82,,,8.15,7.46,5.61
B20,local,B,2026-W35,5,2,true,true,7.14,6.35,0.0947,7.09,6.19,6.94,6.39,5.65,7.84,17,9.39,,,7.51,6.7,5.59
B20,local,B,2026-W36,5,2,true,true,7.18,6.26,0.1023,7.07,6.12,6.8,6.56,5.73,8,17,9.22,,,7.92,7.12,5.62
B20,local,B,2026-W37,4,2,true,true,7.01,6.21,0.0913,6.86,6.08,6.89,6.37,5.63,7.63,17,9.69,9.92,,7.75,7,5.23
B20,local,B,2026-W38,5,2,true,true,7.09,6.28,0.0944,6.65,5.82,6.92,6.38,5.56,8.01,17,9.67,9.92,,7.96,7.27,5.53
B20,local,B,2026-W39,5,2,true,true,7.15,6.36,0.0903,6.7,5.92,7.01,6.54,5.84,8.06,17,9.61,9.92,,8.69,8,5.35
B20,local,B,2026-W40,5,2,true,false,7.05,6.25,0.0979,6.46,5.7,6.8,6.25,5.44,8.32,17,9.85,9.92,,7.92,7.28,5.48
B20,local,B,2026-W41,5,0,true,false,7.02,6.19,0.104,6.47,5.7,6.93,6.23,5.46,8.03,17,9.76,9.92,13.3,,,
B24,local,B,2026-W17,0,2,false,true,,,,,,,,,,,,,,9.13,7.3,3.21
B24,local,B,2026-W18,5,2,false,false,8.21,7.18,0.1186,,,,7.92,6.71,,13,4.05,,,9.34,8.05,2.77
B24,local,B,2026-W19,5,2,false,true,8.5,7.28,0.1334,,,,7.95,7.32,,12,3.83,,,9.21,7.64,2.94
B24,local,B,2026-W20,5,2,false,true,7.81,6.6,0.1518,6.62,5.46,7.37,7.11,6.01,,15,4.02,,,9.32,8.06,2.91
B24,local,B,2026-W21,5,2,false,false,7.94,6.91,0.1238,,,,6.68,5.82,,13,3.23,,,9.86,8.46,2.8
B24,local,B,2026-W22,4,2,false,true,8.23,6.87,0.1421,7.55,5.84,7.44,7.44,6.29,,15,3.68,,,9.39,7.91,2.61
B24,local,B,2026-W23,5,2,false,true,7.92,6.83,0.1192,,,,,,9.43,4,3.46,,,9.06,7.67,2.93
B24,local,B,2026-W24,5,1,false,false,9.24,7.87,0.1199,,,,,,,2,3.77,,,9.47,7.36,2.75
B24,local,B,2026-W25,3,2,false,false,8.28,6.75,0.1838,,,,,,,2,3.48,,,9.17,8.37,3.39
B24,local,B,2026-W26,5,2,false,false,7.64,6.91,0.0778,,,,,,,1,3.38,,,8.42,7.69,2.66
B24,local,B,2026-W27,3,2,true,true,8.15,7.29,0.0885,8.2,7.45,7.55,6.89,5.96,9.83,16,3.63,,,10.16,8.6,2.57
B24,local,B,2026-W28,5,2,true,true,7.88,6.95,0.1078,7.13,6.27,7.7,7.36,6.54,8.96,16,3.67,,,10.03,8.46,2.89
B24,local,B,2026-W29,5,2,true,true,7.96,6.96,0.1137,7.3,6.37,6.9,8.07,6.83,,16,3.55,,,9.27,8.31,3.23
B24,local,B,2026-W30,5,2,true,true,7.87,6.9,0.1066,7.18,6.39,7.36,7.39,6.41,,16,3.67,,,9.48,8.4,2.94
B24,local,B,2026-W31,5,2,true,true,7.7,6.66,0.1144,7.47,6.46,7.29,7.19,6.16,,16,3.68,,,9.52,8.29,3.25
B24,local,B,2026-W32,5,2,false,true,8.33,7.39,0.103,7.62,6.69,8.24,7.06,6.3,9.62,17,3.81,,,10.15,8.41,2.67
B24,local,B,2026-W33,5,2,true,true,8.48,7.17,0.1424,8.04,6.91,8.75,7.38,6.26,9.22,17,3.63,,,11.02,9.3,2.61
B24,local,B,2026-W34,5,2,true,true,8.3,7.18,0.1079,8.16,6.85,7.6,7.7,6.83,9.67,17,3.88,,,10.59,8.83,2.69
B24,local,B,2026-W35,5,2,true,true,8.33,7.16,0.1199,8.19,6.69,7.66,7.84,6.87,9.8,17,3.64,,,9.81,8.12,2.7
B24,local,B,2026-W36,5,2,true,true,8.1,6.97,0.1062,7.28,6.13,7.54,7.31,6.33,10.01,17,3.69,,,10.79,9.26,2.61
B24,local,B,2026-W37,4,2,true,true,7.51,6.52,0.1123,7.31,6.29,6.96,6.75,5.99,8.74,17,3.76,3.88,,9.54,7.95,2.81
B24,local,B,2026-W38,5,2,true,true,7.81,6.66,0.126,7.29,6.3,7.42,6.89,5.99,9.35,17,3.85,3.88,,9.59,7.96,2.83
B24,local,B,2026-W39,5,2,true,true,8.05,7,0.1117,7.31,6.26,7.4,7.43,6.67,9.98,17,4.06,3.88,,10.34,8.83,2.63
B24,local,B,2026-W40,5,2,true,false,8.23,7.21,0.108,8.11,7.21,7.86,7.44,6.66,9.29,17,3.91,3.88,,9.36,8.15,2.85
B24,local,B,2026-W41,5,0,true,false,8.09,7.13,0.0996,7.46,6.59,7.48,7.1,6.34,10.02,17,4.06,3.88,7.9,,,
B25,local,B,2026-W17,0,2,false,true,,,,,,,,,,,,,,7.38,6.25,5.37
B25,local,B,2026-W18,5,2,false,false,6.56,5.79,0.1039,,,,5.63,5.05,,13,8.38,,,7.23,6.28,6.22
B25,local,B,2026-W19,5,2,false,true,6.35,5.61,0.1014,,,,5.68,5.05,,12,9.53,,,7.4,6.52,7.26
B25,local,B,2026-W20,5,2,false,true,6.48,5.78,0.0912,6.18,5.76,6.05,5.75,5.04,,15,9.83,,,7.24,6.3,6.74
B25,local,B,2026-W21,5,2,false,false,6.54,5.62,0.1169,,,,5.76,5.04,,13,8.49,,,8,6.94,6.97
B25,local,B,2026-W22,4,2,false,true,6.58,5.62,0.125,6.57,5.68,6.19,5.91,4.92,,15,9,,,7.62,6.67,6.45
B25,local,B,2026-W23,5,2,false,true,6.89,5.86,0.125,,,,,,7.73,4,9.68,,,7.16,6.1,7.04
B25,local,B,2026-W24,5,1,false,false,6.33,5.51,0.1164,,,,,,,2,9.07,,,7.7,6.38,5.32
B25,local,B,2026-W25,3,2,false,false,6.2,5.84,0.0707,,,,,,,2,9.09,,,6.69,5.23,5.77
B25,local,B,2026-W26,5,2,false,false,6.44,5.55,0.0975,,,,,,,1,9.45,,,8.25,7.08,6.23
B25,local,B,2026-W27,3,2,true,true,6.89,6.01,0.1067,7.26,6.48,6.12,6.13,4.97,7.81,16,9.58,,,8.01,6.82,6.22
B25,local,B,2026-W28,5,2,true,true,6.68,5.82,0.1133,6.42,5.56,6.24,6.09,5.29,7.48,16,9.2,,,7.43,6.45,6.48
B25,local,B,2026-W29,5,2,true,true,6.68,5.81,0.1075,6.52,5.63,6.04,6.27,5.41,,16,9.83,,,7.48,6.69,6.21
B25,local,B,2026-W30,5,2,true,true,6.63,5.75,0.1125,6.55,5.84,6.22,5.97,5.12,,16,9.32,,,7.23,6.36,6.26
B25,local,B,2026-W31,5,2,true,true,6.76,5.88,0.1091,6.72,5.71,6.28,6.1,5.32,,16,9.76,,,7.7,6.73,7.06
B25,local,B,2026-W32,5,2,false,true,6.8,5.87,0.1162,6.52,5.61,6.34,6.03,5.2,7.48,17,9.58,,,7.62,6.69,6.31
B25,local,B,2026-W33,5,2,true,true,6.8,5.93,0.1103,6.9,6.02,6.23,6.12,5.17,7.68,17,9.52,,,7.59,6.71,6.47
B25,local,B,2026-W34,5,2,true,true,6.77,6,0.0981,6.74,5.88,6.29,6.24,5.49,7.5,17,9.71,,,7.51,6.66,6.5
B25,local,B,2026-W35,5,2,true,true,6.72,5.92,0.102,6.77,5.79,6.37,5.99,5.34,7.38,17,9.17,,,7.33,6.38,6.59
B25,local,B,2026-W36,5,2,true,true,6.74,5.85,0.1087,6.6,5.64,6.19,5.93,5.2,7.65,17,9.79,,,7.56,6.68,6.74
B25,local,B,2026-W37,4,2,true,true,6.35,5.58,0.1076,6.23,5.46,5.83,5.66,4.97,7.18,17,10.26,12.21,,7.33,6.46,6.36
B25,local,B,2026-W38,5,2,true,true,6.41,5.6,0.1087,6.15,5.42,5.95,5.67,4.81,7.41,17,9.95,12.21,,7.51,6.63,7.13
B25,local,B,2026-W39,5,2,true,true,6.46,5.72,0.0944,6.33,5.62,6.02,5.68,5,7.29,17,9.58,12.21,,7.79,7.01,7.03
B25,local,B,2026-W40,5,2,true,false,6.57,5.71,0.1103,6.45,5.64,6,5.84,5.07,7.63,17,10.3,12.21,,6.91,6.14,6.86
B25,local,B,2026-W41,5,0,true,false,6.24,5.37,0.1201,6.02,5.23,5.81,5.26,4.49,7.12,17,9.66,12.21,14.7,,,
B26,local,B,2026-W17,0,2,false,true,,,,,,,,,,,,,,7.54,6.36,7.13
B26,local,B,2026-W18,5,2,false,false,6.77,6.01,0.0928,,,,6.49,5.9,,13,10.31,,,7.53,6.79,7.85
B26,local,B,2026-W19,5,2,false,true,6.64,6,0.0758,,,,6.14,5.59,,12,10.18,,,7.59,6.73,7.6
B26,local,B,2026-W20,5,2,false,true,6.73,6.07,0.084,6.41,5.94,6.49,6.38,5.72,,15,10.47,,,7.57,6.7,7.68
B26,local,B,2026-W21,5,2,false,false,6.82,6.05,0.0935,,,,6.15,5.46,,13,11.01,,,7.71,6.8,8.14
B26,local,B,2026-W22,4,2,false,true,6.82,6.05,0.0916,6.61,5.92,6.53,6.44,5.72,,15,10.69,,,7.51,6.6,7.82
B26,local,B,2026-W23,5,2,false,true,6.69,5.88,0.0922,,,,,,7.26,4,9.79,,,7.72,6.55,7.05
B26,local,B,2026-W24,5,1,false,false,7.17,6.25,0.103,,,,,,,2,10.16,,,8.07,6.83,6.27
B26,local,B,2026-W25,3,2,false,false,6.51,5.74,0.0996,,,,,,,2,9.29,,,7.32,6.62,7.37
B26,local,B,2026-W26,5,2,false,false,6.53,5.38,0.1438,,,,,,,1,10.12,,,7.88,6.99,7.34
B26,local,B,2026-W27,3,2,true,true,6.92,6.18,0.0895,7.13,6.48,6.5,6.64,5.81,7.29,16,10.39,,,7.9,6.9,7.6
B26,local,B,2026-W28,5,2,true,true,6.91,6.16,0.0943,6.79,6.13,6.57,6.52,5.79,7.49,16,10.02,,,7.49,6.64,7.95
B26,local,B,2026-W29,5,2,true,true,6.85,6.06,0.0914,6.71,5.9,6.49,6.41,5.67,,16,10.45,,,7.54,6.74,7.56
B26,local,B,2026-W30,5,2,true,true,6.85,6.12,0.09,6.77,6.05,6.43,6.38,5.7,,16,9.81,,,7.56,6.78,7.51
B26,local,B,2026-W31,5,2,true,true,6.8,6.02,0.0937,6.79,6.06,6.48,6.47,5.8,,16,10.37,,,7.46,6.6,7.67
B26,local,B,2026-W32,5,2,false,true,6.81,6.14,0.0819,6.99,6.2,6.43,6.38,5.75,7.39,17,10.27,,,7.46,6.64,7.71
B26,local,B,2026-W33,5,2,true,true,6.95,6.19,0.089,7.09,6.29,6.55,6.4,5.7,7.47,17,10.08,,,7.57,6.71,7.69
B26,local,B,2026-W34,5,2,true,true,6.93,6.19,0.0873,6.98,6.14,6.64,6.52,5.86,7.35,17,10.09,,,7.46,6.55,7.22
B26,local,B,2026-W35,5,2,true,true,6.95,6.23,0.0839,7.05,6.28,6.63,6.61,5.96,7.34,17,10.08,,,7.18,6.34,7.69
B26,local,B,2026-W36,5,2,true,true,6.83,6.09,0.086,7.05,6.3,6.45,6.51,5.79,7.06,17,10.21,,,7.63,6.78,7.35
B26,local,B,2026-W37,4,2,true,true,6.65,5.89,0.0896,6.57,5.85,6.25,6.21,5.45,7.33,17,10.6,11.14,,7.53,6.65,7.63
B26,local,B,2026-W38,5,2,true,true,6.68,5.91,0.0955,6.38,5.55,6.31,6.14,5.45,7.59,17,10.35,11.14,,7.57,6.77,7.86
B26,local,B,2026-W39,5,2,true,true,6.72,6.02,0.0862,6.67,6.02,6.36,6.22,5.59,7.25,17,10.76,11.14,,7.9,7.06,7.41
B26,local,B,2026-W40,5,2,true,false,6.7,6.04,0.0855,6.75,6.08,6.36,6.17,5.47,7.28,17,10.93,11.14,,7.24,6.27,8.09
B26,local,B,2026-W41,5,0,true,false,6.66,5.92,0.092,6.66,5.91,6.24,6.06,5.35,7.34,17,10.96,11.14,15.2,,,
B3,local,B,2026-W17,0,2,false,true,,,,,,,,,,,,,,7.77,6.84,7.52
B3,local,B,2026-W18,5,2,false,false,7.09,6.21,0.0972,,,,6.15,5.29,,13,10.45,,,7.81,6.9,7.99
B3,local,B,2026-W19,5,2,false,true,6.9,6.13,0.0896,,,,6.16,5.55,,12,10.29,,,7.68,6.62,8.44
B3,local,B,2026-W20,5,2,false,true,6.97,6.07,0.1101,6.39,5.2,6.57,6.3,5.5,,15,10.56,,,7.71,6.55,7.21
B3,local,B,2026-W21,5,2,false,false,7.34,6.45,0.0937,,,,6.47,5.72,,13,10.17,,,8.23,7.15,8.31
B3,local,B,2026-W22,4,2,false,true,7.08,6.1,0.1166,6.51,5.77,6.52,6.6,5.58,,15,10.11,,,7.87,6.84,8.09
B3,local,B,2026-W23,5,2,false,true,7.41,6.57,0.096,,,,,,8.5,4,10.31,,,7.81,6.95,8.32
B3,local,B,2026-W24,5,1,false,false,7.02,6.15,0.1205,,,,,,,2,9.6,,,7.98,6.89,8.03
B3,local,B,2026-W25,3,2,false,false,7.75,6.58,0.1284,,,,,,,2,9.29,,,8.04,7.11,8.49
B3,local,B,2026-W26,5,2,false,false,7.27,6.57,0.0764,,,,,,,1,9.85,,,8.57,7.4,7.8
B3,local,B,2026-W27,3,2,true,true,7.24,6.37,0.1016,7.28,6.35,6.79,6.33,5.55,8.12,16,10.13,,,8.32,7.08,8.31
B3,local,B,2026-W28,5,2,true,true,7.4,6.44,0.1092,7.38,6.43,6.93,6.99,6.07,7.98,16,10.29,,,8.01,6.83,8.4
B3,local,B,2026-W29,5,2,true,true,7.33,6.37,0.1075,7.2,6.4,6.71,6.97,5.79,,16,10.15,,,8.18,7.14,8.04
B3,local,B,2026-W30,5,2,true,true,7.39,6.43,0.1055,7.46,6.5,6.86,6.77,5.89,,16,10.2,,,8.15,7.29,8.19
B3,local,B,2026-W31,5,2,true,true,7.33,6.46,0.096,7.55,6.66,6.74,6.67,5.86,,16,10.45,,,8.03,7.03,7.74
B3,local,B,2026-W32,5,2,false,true,7.53,6.59,0.1006,7.33,6.54,6.75,6.77,5.8,8.34,17,9.65,,,8.15,7.21,8.43
B3,local,B,2026-W33,5,2,true,true,7.5,6.5,0.1042,7.52,6.68,6.82,6.79,5.88,8.57,17,10.12,,,8.15,7.05,8.16
B3,local,B,2026-W34,5,2,true,true,7.36,6.45,0.0991,7.39,6.47,6.76,6.5,5.65,8.5,17,10.27,,,8.06,7.11,7.57
B3,local,B,2026-W35,5,2,true,true,7.43,6.58,0.091,7.46,6.53,6.87,6.56,5.85,8.37,17,9.79,,,7.99,6.96,8.08
B3,local,B,2026-W36,5,2,true,true,7.35,6.41,0.1013,7.48,6.54,6.7,6.68,5.78,8.33,17,9.96,,,7.93,6.95,8.21
B3,local,B,2026-W37,4,2,true,true,6.89,6,0.1046,6.47,5.61,6.15,6.21,5.27,8.43,17,10.58,11.09,,8.03,7.09,8.11
B3,local,B,2026-W38,5,2,true,true,7.05,6.12,0.1024,6.76,6,6.27,6.4,5.53,8.53,17,10.78,11.09,,7.64,6.76,8.12
B3,local,B,2026-W39,5,2,true,true,7.03,6.23,0.087,6.84,6.03,6.24,6.48,5.7,8.4,17,10.95,11.09,,8.31,7.3,8.5
B3,local,B,2026-W40,5,2,true,false,7.1,6.25,0.0995,7.07,6.23,6.35,6.38,5.68,8.37,17,10.72,11.09,,7.89,7.01,9.09
B3,local,B,2026-W41,5,0,true,false,6.92,6.08,0.1019,6.62,5.79,6.39,6.13,5.34,8.19,17,11.19,11.09,18.1,,,
B31,local,B,2026-W17,0,2,false,true,,,,,,,,,,,,,,10.36,9.39,1.61
B31,local,B,2026-W18,5,2,false,false,9.28,7.93,0.1479,,,,8.1,6.91,,13,1.99,,,10.39,9.62,1.72
B31,local,B,2026-W19,5,2,false,true,9.6,8.21,0.1266,,,,8.12,6.84,,12,2.01,,,10.69,8.92,1.39
B31,local,B,2026-W20,5,2,false,true,8.55,7.58,0.1091,6.97,6.86,8.31,8.11,7.06,,15,2.32,,,10.57,9.5,1.52
B31,local,B,2026-W21,5,2,false,false,9.22,8.05,0.1126,,,,8.27,7,,13,2.17,,,10.38,9.28,1.17
B31,local,B,2026-W22,4,2,false,true,9.23,7.57,0.1634,7.9,6.54,9.39,8.22,7.3,,15,2.12,,,9.9,8.72,1.61
B31,local,B,2026-W23,5,2,false,true,9.43,7.65,0.1835,,,,,,10.7,4,2.03,,,10.22,8.92,1.37
B31,local,B,2026-W24,5,1,false,false,9.91,8.96,0.1041,,,,,,,2,2.03,,,11.11,9.76,1.51
B31,local,B,2026-W25,3,2,false,false,9.13,7.62,0.1374,,,,,,,2,2.31,,,9.3,7.72,1.21
B31,local,B,2026-W26,5,2,false,false,9.96,7.34,0.2221,,,,,,,1,2.1,,,10.47,9.74,1.63
B31,local,B,2026-W27,3,2,true,true,9.4,7.97,0.1296,9.27,8.56,8.66,9.32,7.96,10.39,16,2.13,,,10.85,9.14,1.28
B31,local,B,2026-W28,5,2,true,true,9.23,7.78,0.1354,9.12,7.79,8.63,8.89,7.33,10.2,16,1.93,,,10.98,9.23,1.21
B31,local,B,2026-W29,5,2,true,true,9.51,8.24,0.1183,8.77,7.58,9.07,8.89,7.53,,16,2.19,,,10.89,9.45,1.55
B31,local,B,2026-W30,5,2,true,true,9.42,7.93,0.1341,8.5,7.37,9.18,8.83,7.73,,16,2.37,,,10.17,9.42,1.54
B31,local,B,2026-W31,5,2,true,true,9.3,7.89,0.1238,8.55,7.42,9.17,9.2,8.02,,16,2.3,,,10.42,8.94,1.59
B31,local,B,2026-W32,5,2,false,true,9.71,8.21,0.1352,8.87,7.74,9.66,9.41,8.15,10.69,17,2.09,,,10.48,9.28,1.35
B31,local,B,2026-W33,5,2,true,true,9.23,7.66,0.1676,9.37,8.2,8.46,8.44,7.08,10.47,17,1.74,,,10.37,9.07,1.5
B31,local,B,2026-W34,5,2,true,true,9.45,8.27,0.1126,9.23,8.23,9.06,9.09,7.66,10.36,17,2.24,,,10.61,9.46,1.64
B31,local,B,2026-W35,5,2,true,true,9.33,7.95,0.1352,9.55,8.62,8.67,8.48,7.29,10.38,17,2.01,,,10.51,8.8,1.32
B31,local,B,2026-W36,5,2,true,true,9.54,8.48,0.0908,9.04,7.94,8.97,9.17,8.14,10.75,17,2.27,,,11.2,9.92,1.28
B31,local,B,2026-W37,4,2,true,true,8.91,7.43,0.1486,8.16,7.03,8.56,8.25,6.86,10.04,17,2.18,2.22,,11.17,9.7,1.67
B31,local,B,2026-W38,5,2,true,true,9.29,7.88,0.1383,8.03,6.87,8.51,8.44,7.18,11.96,17,2.23,2.22,,11.09,9.17,1.58
B31,local,B,2026-W39,5,2,true,true,9.26,8.18,0.1022,8.25,7.2,8.55,8.96,7.95,10.93,17,2.07,2.22,,11.51,10.02,1.58
B31,local,B,2026-W40,5,2,true,false,9.25,7.96,0.1241,8.82,7.66,8.84,8.62,7.33,10.49,17,2.16,2.22,,11.01,9.32,1.68
B31,local,B,2026-W41,5,0,true,false,9.11,7.88,0.1214,8.27,7.02,8.38,8.55,7.2,11.03,17,2.27,2.22,14.5,,,
B32,local,B,2026-W17,0,2,false,true,,,,,,,,,,,,,,7.71,6.93,0.74
B32,local,B,2026-W18,5,2,false,false,7.6,6.67,0.1002,,,,6.6,5.89,,12,1.26,,,6.68,5.97,1.15
B32,local,B,2026-W19,5,2,false,true,7.86,6.25,0.1667,,,,8.18,5.24,,11,1.34,,,7.32,6.43,1.2
B32,local,B,2026-W20,5,2,false,true,7.25,6.74,0.1016,8.07,6.81,6.84,6.58,6.18,,14,1.46,,,7.84,6.89,1.57
B32,local,B,2026-W21,5,2,false,false,7.19,6.25,0.121,,,,7.08,6.41,,12,1.4,,,8.13,7.23,1.39
B32,local,B,2026-W22,4,2,false,true,7.46,6.57,0.1023,7.16,6.79,7.26,6.88,6.32,,14,1.43,,,6.65,6.04,1.26
B32,local,B,2026-W23,5,2,false,true,6.82,6.01,0.0673,,,,,,7.29,3,1.51,,,7.66,6.52,1.22
B32,local,B,2026-W24,3,1,false,false,7.45,6.83,0.0589,,,,,,,1,1.62,,,8.58,6.91,1.29
B32,local,B,2026-W25,1,2,false,false,7.54,7.44,0.0358,,,,,,,1,1.6,,,8.7,8.38,1.21
B32,local,B,2026-W26,0,2,false,false,,,,,,,,,,,,,,7.18,6.34,1.44
B32,local,B,2026-W27,3,2,true,true,7.78,7.11,0.0831,8.04,7.43,7.91,7.5,6.76,7.54,15,1.66,,,8.72,7.58,1.28
B32,local,B,2026-W28,5,2,true,true,8.05,7.18,0.0737,8.02,6.88,8.66,6.45,6.09,8.45,15,1.53,,,7.45,6.63,1.4
B32,local,B,2026-W29,5,2,true,true,7.15,6.6,0.0725,7.14,6.9,7.1,6.29,5.95,8.12,15,1.39,,,7.91,7.17,1.43
B32,local,B,2026-W30,5,2,true,true,7.27,6.58,0.0734,7.49,6.99,6.74,6.68,6.37,8.69,16,1.47,,,8.12,7.27,1.46
B32,local,B,2026-W31,5,2,true,true,7.4,6.41,0.1042,7.52,6.23,6.74,7.01,6.5,9.01,16,1.48,,,7.81,6.96,1.33
B32,local,B,2026-W32,5,2,false,true,7.69,6.76,0.0867,8.14,7.14,7.96,6.84,6.14,7.55,15,1.56,,,7.75,6.62,1.37
B32,local,B,2026-W33,5,2,true,true,7.87,6.98,0.085,7.97,7.28,8.07,7.44,6.84,7.81,15,1.43,,,7.97,6.78,1.37
B32,local,B,2026-W34,5,2,true,true,7.53,6.69,0.0817,8.09,7.37,7.37,6.58,6.28,8.21,15,1.64,,,7.75,6.74,1.41
B32,local,B,2026-W35,5,2,true,true,7.49,6.65,0.0854,7.93,7.26,7.46,7.25,6.78,7.35,16,1.52,,,8.04,7.29,1.47
B32,local,B,2026-W36,5,2,true,true,7.38,6.59,0.0823,7.54,6.77,7.39,6.59,6.25,7.98,15,1.46,,,8.04,7.37,1.44
B32,local,B,2026-W37,4,2,true,true,7.24,6.26,0.1012,7.57,6.78,7.04,6.12,5.66,8.42,15,1.38,1.49,,7.54,6.6,1.21
B32,local,B,2026-W38,5,2,true,true,7.12,6.36,0.0919,7.19,6.71,7.35,6.25,5.66,7.44,15,1.47,1.49,,7.58,6.84,1.11
B32,local,B,2026-W39,5,2,true,true,7.38,6.29,0.1086,7.36,6.63,7.35,6.81,6.19,8.04,15,1.5,1.49,,7.61,6.62,1.42
B32,local,B,2026-W40,5,2,true,false,7.69,6.75,0.0972,8.06,7.33,7.9,7.2,6.21,7.39,15,1.47,1.49,,7.86,6.88,1.5
B32,local,B,2026-W41,5,0,true,false,7.4,6.65,0.0697,7.96,7.41,7.41,6.04,5.54,8.19,15,1.53,1.49,10,,,
B35,local,B,2026-W17,0,2,false,true,,,,,,,,,,,,,,6.55,5.54,12.68
B35,local,B,2026-W18,5,2,false,false,6.06,5.11,0.1428,,,,5.62,4.51,,13,19.26,,,6.45,5.52,12.72
B35,local,B,2026-W19,5,2,false,true,5.99,5.12,0.1245,,,,5.47,4.76,,12,18.71,,,6.58,5.69,14.44
B35,local,B,2026-W20,5,2,false,true,5.97,5.08,0.136,5.62,4.76,5.79,5.38,4.49,,15,18.71,,,6.46,5.36,11.56
B35,local,B,2026-W21,5,2,false,false,5.95,5.1,0.1288,,,,5.46,4.6,,13,20.11,,,6.89,5.82,13.3
B35,local,B,2026-W22,4,2,false,true,6.01,5.1,0.1349,5.95,5.06,5.67,5.65,4.66,,15,19.67,,,6.57,5.58,14.48
B35,local,B,2026-W23,5,2,false,true,5.86,5.09,0.1136,,,,,,6.45,4,18.42,,,6.37,5.35,13.14
B35,local,B,2026-W24,5,1,false,false,6.03,4.99,0.1558,,,,,,,2,18.08,,,6.71,5.77,10.13
B35,local,B,2026-W25,3,2,false,false,5.71,4.42,0.2085,,,,,,,2,18.7,,,6.75,5.63,14.3
B35,local,B,2026-W26,5,2,false,false,6.04,5.32,0.1005,,,,,,,1,21.77,,,6.8,5.89,12.73
B35,local,B,2026-W27,3,2,true,true,6.21,5.21,0.141,6.52,5.4,5.74,5.78,4.76,6.71,16,18.64,,,6.77,5.81,12.99
B35,local,B,2026-W28,5,2,true,true,6.23,5.29,0.1305,6.6,5.6,5.83,5.72,4.89,6.65,16,19.55,,,6.57,5.55,12.32
B35,local,B,2026-W29,5,2,true,true,6.24,5.24,0.1361,6.39,5.41,5.78,5.74,4.76,,16,18.6,,,6.6,5.71,13.83
B35,local,B,2026-W30,5,2,true,true,6.18,5.18,0.1395,6.51,5.45,5.69,5.7,4.8,,16,17.7,,,6.39,5.58,12.99
B35,local,B,2026-W31,5,2,true,true,6.23,5.27,0.1351,6.5,5.4,5.91,5.65,4.74,,16,18.88,,,6.63,5.59,13.7
B35,local,B,2026-W32,5,2,false,true,6.19,5.24,0.1326,6.45,5.52,5.77,5.64,4.81,6.7,17,18.87,,,6.25,5.15,11.56
B35,local,B,2026-W33,5,2,true,true,6.26,5.35,0.1247,6.51,5.59,5.82,5.65,4.77,6.86,17,19.37,,,6.59,5.82,13.81
B35,local,B,2026-W34,5,2,true,true,6.22,5.31,0.1231,6.46,5.58,5.85,5.66,4.82,6.75,17,18.68,,,6.59,5.61,13.91
B35,local,B,2026-W35,5,2,true,true,6.24,5.36,0.1229,6.43,5.48,5.94,5.7,4.74,6.7,17,19.12,,,6.61,5.65,13.43
B35,local,B,2026-W36,5,2,true,true,6.09,5.12,0.1366,6.25,5.31,5.7,5.56,4.64,6.54,17,18.74,,,6.14,5.26,14.47
B35,local,B,2026-W37,4,2,true,true,6.04,5.09,0.1348,5.92,4.96,5.62,5.54,4.66,6.87,17,19.2,21.4,,6.54,5.73,13.98
B35,local,B,2026-W38,5,2,true,true,5.99,5.08,0.1324,5.72,4.81,5.66,5.5,4.61,6.8,17,19.39,21.4,,6.6,5.68,14.27
B35,local,B,2026-W39,5,2,true,true,6.12,5.29,0.1148,6.01,5.13,5.76,5.58,4.82,6.89,17,20.07,21.4,,6.98,5.94,13.36
B35,local,B,2026-W40,5,2,true,false,6.23,5.31,0.1266,6.01,5.1,5.99,5.81,4.88,6.8,17,20.25,21.4,,6.45,5.62,14.61
B35,local,B,2026-W41,5,0,true,false,5.98,5.08,0.1316,5.98,5.14,5.73,5.39,4.53,6.54,17,19.83,21.4,28.2,,,
B36,local,B,2026-W17,0,2,false,true,,,,,,,,,,,,,,8.64,7.82,4.44
B36,local,B,2026-W18,5,2,false,false,7.76,6.95,0.0935,,,,7.7,7.07,,13,9.15,,,8.32,7.34,4.5
B36,local,B,2026-W19,5,2,false,true,7.56,6.75,0.0924,,,,7.46,6.88,,12,9.7,,,8.38,7.3,4.63
B36,local,B,2026-W20,5,2,false,true,7.56,6.66,0.1039,6.95,5.96,7.12,7.32,6.49,,15,10.01,,,7.65,6.68,3.79
B36,local,B,2026-W21,5,2,false,false,7.67,6.74,0.1018,,,,6.81,5.77,,13,9.69,,,8.86,7.88,4.81
B36,local,B,2026-W22,4,2,false,true,7.76,6.87,0.1013,7.59,6.78,7.18,7.39,6.56,,15,9.35,,,8.16,7.16,4.64
B36,local,B,2026-W23,5,2,false,true,7.92,6.72,0.121,,,,,,8.73,4,9.25,,,7.75,6.83,4.67
B36,local,B,2026-W24,5,1,false,false,7.83,6.9,0.1076,,,,,,,2,9.89,,,8.83,7.66,5.01
B36,local,B,2026-W25,3,2,false,false,7.48,6.7,0.1202,,,,,,,2,9.69,,,8.5,7.06,4.66
B36,local,B,2026-W26,5,2,false,false,7.99,6.9,0.118,,,,,,,1,10.36,,,8.01,7.32,4.16
B36,local,B,2026-W27,3,2,true,true,7.81,6.79,0.1035,7.9,6.8,7.32,7.27,6.32,8.49,16,9.97,,,8.38,7.15,4.67
B36,local,B,2026-W28,5,2,true,true,7.72,6.82,0.0959,7.64,6.82,7.19,7.06,6.27,8.68,16,9.69,,,8.21,7.21,4.96
B36,local,B,2026-W29,5,2,true,true,7.84,6.95,0.092,7.72,6.86,7.42,7.16,6.38,,16,9.92,,,8.53,7.67,4.73
B36,local,B,2026-W30,5,2,true,true,7.83,6.9,0.0958,7.89,6.9,7.32,7.3,6.57,,16,9.71,,,8.07,7.06,5.15
B36,local,B,2026-W31,5,2,true,true,7.69,6.89,0.0894,7.67,6.8,7.16,7.37,6.54,,16,9.54,,,8.22,7.34,4.92
B36,local,B,2026-W32,5,2,false,true,7.87,7.03,0.0898,7.77,6.97,7.43,7.41,6.59,8.58,17,9.17,,,8.38,7.6,4.95
B36,local,B,2026-W33,5,2,true,true,7.65,6.76,0.0943,7.7,6.83,7.16,7.23,6.42,8.18,17,9.41,,,8.08,7.17,4.73
B36,local,B,2026-W34,5,2,true,true,7.75,6.86,0.0962,7.82,6.98,7.35,7.39,6.64,8.15,17,9.74,,,8.42,7.5,4.92
B36,local,B,2026-W35,5,2,true,true,7.88,7.02,0.0883,7.63,6.8,7.36,7.29,6.57,8.98,17,9.37,,,8.32,7.26,5.09
B36,local,B,2026-W36,5,2,true,true,7.93,6.97,0.0949,7.75,6.7,7.43,7.27,6.44,8.89,17,9.75,,,8.39,7.48,4.97
B36,local,B,2026-W37,4,2,true,true,7.54,6.69,0.0906,7.41,6.54,7.06,7,6.1,8.36,17,9.22,10.18,,8.53,7.49,5.14
B36,local,B,2026-W38,5,2,true,true,7.51,6.69,0.0894,7.25,6.55,7.08,6.92,6.09,8.42,17,9.56,10.2,,8.44,7.53,4.83
B36,local,B,2026-W39,5,2,true,true,7.61,6.81,0.0794,7.56,6.72,7.16,7.19,6.48,8.3,17,9.69,10.19,,8.69,7.89,4.87
B36,local,B,2026-W40,5,2,true,false,7.59,6.76,0.0901,7.4,6.66,7.05,7.07,6.25,8.53,17,10.36,10.2,,8.12,7.4,4.87
B36,local,B,2026-W41,5,0,true,false,7.59,6.72,0.0968,7.3,6.48,7.14,6.75,5.98,8.68,17,9.67,10.2,17.2,,,
B37,local,B,2026-W17,0,2,false,true,,,,,,,,,,,,,,8.43,7.34,2.64
B37,local,B,2026-W18,5,2,false,false,7.95,7.3,0.0674,,,,6.87,6.66,,13,4.32,,,8.98,8.04,2.65
B37,local,B,2026-W19,5,2,false,true,7.8,7.18,0.0683,,,,6.72,6.44,,12,4.24,,,9.2,8.33,2.69
B37,local,B,2026-W20,5,2,false,true,7.69,6.87,0.0907,6.05,5.26,7,7.36,6.76,,15,4.21,,,8.43,7.26,2.55
B37,local,B,2026-W21,5,2,false,false,7.99,7.05,0.1079,,,,6.98,6.08,,13,3.68,,,9.84,8.72,2.35
B37,local,B,2026-W22,4,2,false,true,8.09,7.24,0.0872,7.43,6.66,7.15,7.27,6.44,,15,4.28,,,8.71,7.76,2.83
B37,local,B,2026-W23,5,2,false,true,8.06,7.35,0.0566,,,,,,9.81,4,4.46,,,8.42,7.45,2.72
B37,local,B,2026-W24,5,1,false,false,8.56,7.23,0.1231,,,,,,,2,4.22,,,9.38,8.15,3.04
B37,local,B,2026-W25,3,2,false,false,8.45,8.09,0.0554,,,,,,,2,3.51,,,9.42,8.79,2.25
B37,local,B,2026-W26,5,2,false,false,9.39,8.39,0.0636,,,,,,,1,3.86,,,10.84,8.48,2.11
B37,local,B,2026-W27,3,2,true,true,8.22,7.36,0.0838,7.84,7.27,7.5,7.46,6.67,9.76,16,4.41,,,10.01,8.98,2.16
B37,local,B,2026-W28,5,2,true,true,8.24,7.29,0.0955,7.69,6.82,7.79,7.86,7.19,9.21,16,3.98,,,9.18,7.85,2.48
B37,local,B,2026-W29,5,2,true,true,8.3,7.29,0.0965,7.68,6.8,7.8,7.3,6.16,,16,3.96,,,9.02,7.9,2.37
B37,local,B,2026-W30,5,2,true,true,8.05,7.21,0.0913,7.48,6.74,7.26,7.09,6.39,,16,4.08,,,8.63,7.63,2.74
B37,local,B,2026-W31,5,2,true,true,8.09,7.15,0.0931,7.44,6.76,7.37,7.03,5.8,,16,4.04,,,9.25,8.13,2.52
B37,local,B,2026-W32,5,2,false,true,8.03,7.09,0.1033,7.81,6.93,7.73,6.69,5.85,9.39,17,3.75,,,9.73,8.62,2.66
B37,local,B,2026-W33,5,2,true,true,8.11,7.27,0.091,7.99,7.06,7.38,7.26,6.53,9.26,17,3.97,,,9.21,8.08,2.67
B37,local,B,2026-W34,5,2,true,true,8.26,7.26,0.1011,7.92,7.1,7.85,7.36,6.55,9.2,17,3.97,,,8.94,8.11,2.61
B37,local,B,2026-W35,5,2,true,true,8.39,7.61,0.0747,8.44,7.9,7.77,7.45,6.69,9.69,17,3.83,,,9.14,7.88,2.69
B37,local,B,2026-W36,5,2,true,true,8.2,7.27,0.0934,7.89,6.84,7.45,7.39,6.6,9.69,17,4.11,,,9.11,7.95,2.89
B37,local,B,2026-W37,4,2,true,true,8.06,7.21,0.083,7.17,6.31,7.1,7.23,6.45,10.49,17,3.75,4.08,,8.7,7.66,2.67
B37,local,B,2026-W38,5,2,true,true,7.6,6.83,0.0866,6.99,6.06,7.12,6.74,6.12,9.2,17,3.88,4.08,,9.01,7.91,2.37
B37,local,B,2026-W39,5,2,true,true,7.98,7.22,0.074,7.1,6.41,7.22,7.49,6.74,10.04,17,4.26,4.08,,9.54,8.23,2.63
B37,local,B,2026-W40,5,2,true,false,8.17,7.4,0.0766,7.15,6.54,7.51,7.34,6.59,10.6,17,4.07,4.08,,8.45,7.81,2.02
B37,local,B,2026-W41,5,0,true,false,7.92,7.12,0.0856,7.31,6.55,7.15,7.09,6.37,9.26,17,4.09,4.08,7.8,,,
B38,local,B,2026-W17,0,2,false,true,,,,,,,,,,,,,,7.3,6.24,8.96
B38,local,B,2026-W18,5,2,false,false,6.77,5.95,0.1088,,,,6.39,5.79,,13,19.24,,,6.98,6.08,9
B38,local,B,2026-W19,5,2,false,true,6.69,5.89,0.0995,,,,6.11,5.36,,12,19.27,,,7.02,6.18,8.74
B38,local,B,2026-W20,5,2,false,true,6.61,5.71,0.1139,6.17,5.23,6.42,6.37,5.61,,15,18.51,,,7.23,6.26,9.34
B38,local,B,2026-W21,5,2,false,false,6.79,5.86,0.1135,,,,6.13,5.35,,13,18.86,,,7.26,6.35,10.13
B38,local,B,2026-W22,4,2,false,true,6.78,5.89,0.1124,6.52,5.6,6.61,6.43,5.62,,15,19.56,,,7.08,5.99,10.16
B38,local,B,2026-W23,5,2,false,true,6.93,6.03,0.1083,,,,,,7.44,4,18.19,,,6.81,5.72,8.3
B38,local,B,2026-W24,5,1,false,false,7.12,6.22,0.1165,,,,,,,2,18.29,,,7.84,6.62,9.2
B38,local,B,2026-W25,3,2,false,false,7.09,6.21,0.1107,,,,,,,2,19.46,,,7.19,6.33,10.15
B38,local,B,2026-W26,5,2,false,false,6.87,5.93,0.1218,,,,,,,1,19.2,,,7.35,6.73,9.58
B38,local,B,2026-W27,3,2,true,true,6.88,5.92,0.1202,6.69,5.59,6.64,6.59,5.66,7.42,16,18.54,,,7.53,6.47,9.65
B38,local,B,2026-W28,5,2,true,true,6.96,5.92,0.13,6.8,5.58,6.96,6.46,5.54,7.27,16,19,,,7.01,6.1,9.52
B38,local,B,2026-W29,5,2,true,true,6.87,5.97,0.1137,6.74,5.89,6.7,6.54,5.63,,16,18.45,,,7.16,6.22,9.83
B38,local,B,2026-W30,5,2,true,true,6.99,6.13,0.1036,6.9,6,6.77,6.7,5.91,,16,18.53,,,7.11,6.3,10.14
B38,local,B,2026-W31,5,2,true,true,6.85,5.96,0.109,6.89,6.06,6.62,6.49,5.68,,16,19.16,,,6.94,5.97,10.21
B38,local,B,2026-W32,5,2,false,true,6.96,6,0.122,6.81,5.76,6.76,6.76,5.89,7.35,17,18.36,,,7.15,6.05,9.95
B38,local,B,2026-W33,5,2,true,true,6.92,6.04,0.1134,6.89,5.87,6.83,6.45,5.62,7.23,17,18.39,,,7.16,6.16,9.84
B38,local,B,2026-W34,5,2,true,true,6.99,6.08,0.1117,6.9,5.91,6.87,6.67,5.79,7.3,17,18.47,,,7.25,6.34,9.82
B38,local,B,2026-W35,5,2,true,true,7.02,6.07,0.1155,6.98,5.96,6.91,6.7,5.88,7.31,17,18.65,,,6.98,5.86,9.76
B38,local,B,2026-W36,5,2,true,true,6.85,5.92,0.1111,6.72,5.61,6.59,6.43,5.57,7.38,17,18.82,,,7.38,6.39,10.31
B38,local,B,2026-W37,4,2,true,true,6.56,5.66,0.1177,6.5,5.48,6.46,6.02,5.13,6.96,17,18.4,18.97,,7.05,6.23,10.37
B38,local,B,2026-W38,5,2,true,true,6.62,5.77,0.1095,6.36,5.44,6.43,5.98,5.18,7.36,17,18.91,18.97,,7.06,6.21,10.19
B38,local,B,2026-W39,5,2,true,true,6.67,5.84,0.1034,6.54,5.65,6.6,6.12,5.36,7.12,17,19.23,18.97,,7.44,6.55,10.06
B38,local,B,2026-W40,5,2,true,false,6.78,5.88,0.1151,6.65,5.81,6.67,6.29,5.51,7.17,17,19.27,18.97,,7.04,6,10.64
B38,local,B,2026-W41,5,0,true,false,6.62,5.74,0.112,6.44,5.57,6.44,6,5.19,7.26,17,20.22,18.97,11.8,,,
B39,local,B,2026-W17,0,2,false,true,,,,,,,,,,,,,,8.36,7.59,0.53
B39,local,B,2026-W18,5,2,false,false,14.02,11.63,0.1545,,,,,,,11,0.51,,,12.56,10.33,0.53
B39,local,B,2026-W19,5,2,false,true,9.97,7.67,0.1642,,,,9.86,8.29,,11,0.66,,,11.36,8.49,0.52
B39,local,B,2026-W20,5,2,false,true,12.05,8.78,0.2286,15.9,9.03,11.7,8.58,7.52,,14,0.7,,,13.3,11.26,0.48
B39,local,B,2026-W21,5,2,false,false,12.33,9.65,0.1651,,,,11.18,9.06,,12,0.66,,,17.5,14.52,0.45
B39,local,B,2026-W22,4,2,false,true,12.87,10.21,0.1678,12.6,11.24,13.04,11.1,8.92,,14,0.59,,,14.14,11.52,0.41
B39,local,B,2026-W23,2,2,false,true,15.77,14.27,0.09,,,,,,17.11,3,0.65,,,15.41,12.75,0.41
B39,local,B,2026-W24,0,1,false,false,,,,,,,,,,,,,,15.8,13.84,0.54
B39,local,B,2026-W25,0,2,false,false,,,,,,,,,,,,,,13.88,12.42,0.43
B39,local,B,2026-W26,0,1,false,false,,,,,,,,,,,,,,15.25,14.78,0.27
B39,local,B,2026-W27,3,2,true,true,12.71,10.05,0.143,13.12,12.07,10.52,15.84,12.1,13.45,15,0.53,,,16.74,13.07,0.4
B39,local,B,2026-W28,5,2,true,true,12.64,10.51,0.1434,14.15,12.21,12.73,12.2,10.64,11.4,15,0.56,,,16.37,12.15,0.52
B39,local,B,2026-W29,5,2,true,true,11.4,9.37,0.1518,10.5,9.93,10.01,12.78,11.36,,14,0.67,,,14.82,12.74,0.63
B39,local,B,2026-W30,5,2,true,true,12.44,9.98,0.1687,18.52,15.44,10.32,9.74,8.4,13.21,15,0.61,,,12.47,10.58,0.62
B39,local,B,2026-W31,5,2,true,true,13.17,10.43,0.1925,18.24,14.09,11.23,10.75,9.14,14.53,15,0.62,,,11.76,10.15,0.58
B39,local,B,2026-W32,5,2,false,true,14.24,11.28,0.1961,15.49,13.7,15.31,12.34,10.3,12.75,15,0.58,,,19.41,12.17,0.42
B39,local,B,2026-W33,5,2,true,true,14.13,11.55,0.1642,12.85,11.62,14.72,14.23,11.9,14.12,16,0.57,,,18.37,14.7,0.54
B39,local,B,2026-W34,5,2,true,true,14.94,10.7,0.2416,22.42,13.88,10.46,14.68,11.37,16.7,16,0.58,,,19.59,14.45,0.55
B39,local,B,2026-W35,5,2,true,true,14.95,11.67,0.2152,17.5,13.18,13.08,15.08,12.01,16.01,16,0.61,,,14.44,10.34,0.53
B39,local,B,2026-W36,5,2,true,true,11.7,8.96,0.1965,12.18,9.17,11.47,8.78,7.37,14.58,15,0.57,,,16.46,12.5,0.54
B39,local,B,2026-W37,4,2,true,true,9.45,6.75,0.2756,14.7,12.29,7.64,8.05,7.3,4.64,15,0.53,0.47,,16.28,13.35,0.5
B39,local,B,2026-W38,5,2,true,true,10.66,8.62,0.1944,11.19,10.28,10.86,7.74,6.52,12.14,15,0.58,0.47,,11.06,9.15,0.55
B39,local,B,2026-W39,5,2,true,true,11.74,9.09,0.212,15.01,11.73,10.95,7.98,6.72,13.81,15,0.58,0.47,,17.34,13.65,0.5
B39,local,B,2026-W40,5,2,true,false,12.35,9.08,0.2339,13.46,10.37,12.37,11.91,9.21,11.64,15,0.58,0.47,,10.49,10.91,0.63
B39,local,B,2026-W41,5,0,true,false,6.74,4.56,0.205,6.91,5.98,6.63,6.05,5.32,7.49,15,0.64,0.47,4.2,,,
B4,local,B,2026-W17,0,2,false,true,,,,,,,,,,,,,,8.99,7.79,4.93
B4,local,B,2026-W18,5,2,false,false,7.78,6.77,0.1124,,,,6.97,6.04,,13,7.58,,,8.3,7.41,5.62
B4,local,B,2026-W19,5,2,false,true,7.28,6.39,0.1041,,,,6.58,5.9,,12,7.14,,,8.55,7.35,5.97
B4,local,B,2026-W20,5,2,false,true,7.47,6.41,0.1287,7.08,5.78,7.09,6.84,5.97,,15,7.48,,,8.39,7.03,4.53
B4,local,B,2026-W21,5,2,false,false,7.43,6.42,0.1248,,,,6.37,5.21,,13,7.85,,,8.83,7.36,5.7
B4,local,B,2026-W22,4,2,false,true,7.48,6.38,0.1234,7.02,6.1,7.15,6.76,5.7,,15,7.35,,,8.64,7.44,5.73
B4,local,B,2026-W23,5,2,false,true,7.38,6.45,0.1096,,,,,,8.38,4,7.41,,,8.69,7.68,5.81
B4,local,B,2026-W24,5,1,false,false,8.01,6.56,0.1359,,,,,,,2,7.84,,,8.46,7.28,4.74
B4,local,B,2026-W25,3,2,false,false,7.27,5.87,0.145,,,,,,,2,7.77,,,8.99,7.77,5.57
B4,local,B,2026-W26,5,2,false,false,7.62,6.77,0.0997,,,,,,,1,7.68,,,8.93,8.17,5.41
B4,local,B,2026-W27,3,2,true,true,7.7,6.75,0.1038,7.39,6.39,7.41,6.98,5.88,8.61,16,7.22,,,9.12,8.07,5.54
B4,local,B,2026-W28,5,2,true,true,7.8,6.63,0.127,7.15,6.22,7.44,7.18,5.99,8.98,16,7.26,,,8.95,7.78,5.52
B4,local,B,2026-W29,5,2,true,true,7.76,6.49,0.1425,7.44,6.26,7.19,7.41,6.1,,16,7.09,,,8.46,7.25,5.28
B4,local,B,2026-W30,5,2,true,true,7.64,6.58,0.1208,7.53,6.52,7.15,7.21,6.36,,16,7.09,,,8.2,7.2,5.47
B4,local,B,2026-W31,5,2,true,true,7.92,6.77,0.1183,7.47,6.55,7.56,7.08,6.14,,16,6.83,,,8.54,7.39,5.75
B4,local,B,2026-W32,5,2,false,true,7.87,6.81,0.1149,7.68,6.6,7.43,7.35,6.28,8.76,17,7.17,,,8.51,7.13,5.77
B4,local,B,2026-W33,5,2,true,true,7.87,6.86,0.1074,7.52,6.24,7.73,7.12,6.11,8.58,17,7.13,,,8.62,7.66,5.67
B4,local,B,2026-W34,5,2,true,true,7.57,6.67,0.1012,7.52,6.65,7.21,6.78,5.78,8.36,17,6.89,,,8.58,7.52,5.51
B4,local,B,2026-W35,5,2,true,true,7.74,6.78,0.0988,7.6,6.62,7.63,7.02,6.21,8.22,17,7.52,,,8.79,7.6,5.55
B4,local,B,2026-W36,5,2,true,true,7.79,6.81,0.0959,7.49,6.47,7.19,7.11,6.2,9.18,17,6.65,,,8.74,7.56,5.27
B4,local,B,2026-W37,4,2,true,true,7.45,6.52,0.1013,6.97,6.08,6.97,6.83,5.77,8.71,17,7.2,7.69,,8.75,7.79,5.48
B4,local,B,2026-W38,5,2,true,true,7.35,6.42,0.1084,6.82,5.93,7.07,6.64,5.71,8.33,17,7.17,7.73,,8.58,7.54,5.51
B4,local,B,2026-W39,5,2,true,true,7.49,6.58,0.0966,7.18,6.18,7.12,6.77,5.97,8.54,17,7.37,7.72,,9.09,8.02,5.22
B4,local,B,2026-W40,5,2,true,false,7.34,6.45,0.1042,7.09,6.07,6.94,6.7,5.82,8.36,17,7.55,7.73,,8.8,7.86,5.26
B4,local,B,2026-W41,5,0,true,false,7.51,6.47,0.118,7.27,6.2,6.99,6.82,5.94,8.7,17,7.52,7.73,13.2,,,
B41,local,B,2026-W17,0,2,false,true,,,,,,,,,,,,,,8.06,6.74,14.13
B41,local,B,2026-W18,5,2,false,false,7.58,6.51,0.1243,,,,7.12,6.15,,13,26.1,,,8.47,7.2,18.68
B41,local,B,2026-W19,5,2,false,true,7.35,6.37,0.1176,,,,6.27,5.41,,12,26.02,,,8.34,6.99,18.42
B41,local,B,2026-W20,5,2,false,true,7.35,6.31,0.1272,7.19,6.16,7.05,6.44,5.4,,15,29.2,,,7.56,6.13,16.15
B41,local,B,2026-W21,5,2,false,false,7.28,6,0.1591,,,,6.43,5.04,,13,28.34,,,8.36,6.97,19.37
B41,local,B,2026-W22,4,2,false,true,7.12,5.79,0.1724,6.82,5.5,6.89,6.38,5.04,,15,29.51,,,8.24,6.96,19.31
B41,local,B,2026-W23,5,2,false,true,7.43,6.21,0.1482,,,,,,8.12,4,28.42,,,8.33,6.86,18.71
B41,local,B,2026-W24,5,1,false,false,7.31,6.07,0.1506,,,,,,,2,27.81,,,9.16,7.52,15.11
B41,local,B,2026-W25,3,2,false,false,7.83,6.24,0.1724,,,,,,,2,25.86,,,7.73,6.67,18.79
B41,local,B,2026-W26,5,2,false,false,7.13,5.92,0.137,,,,,,,1,26.53,,,8.19,7.01,18.97
B41,local,B,2026-W27,3,2,true,true,7.54,6.39,0.1336,7.55,6.48,6.95,7.24,6.07,8.24,16,28.59,,,8.87,7.46,18.82
B41,local,B,2026-W28,5,2,true,true,7.56,6.34,0.1435,7.38,6.16,7.18,7.07,5.86,8.2,16,28.83,,,8.31,6.81,15.22
B41,local,B,2026-W29,5,2,true,true,7.4,6.11,0.1548,7.4,6.07,7.16,6.86,5.55,,16,28.18,,,8.3,7.03,17.66
B41,local,B,2026-W30,5,2,true,true,7.44,6.25,0.1414,7.47,6.27,7.08,6.84,5.57,,16,27.24,,,8.06,6.79,19.37
B41,local,B,2026-W31,5,2,true,true,7.37,6.29,0.1301,7.44,6.33,7,6.92,5.92,,16,27.87,,,8.28,6.96,19.45
B41,local,B,2026-W32,5,2,false,true,7.67,6.54,0.1273,7.74,6.57,7.07,7.07,5.95,8.31,17,27.16,,,7.69,6.26,15.2
B41,local,B,2026-W33,5,2,true,true,7.69,6.5,0.1344,7.97,6.74,7.06,7.33,6.13,8.31,17,25.94,,,8.03,6.76,18.36
B41,local,B,2026-W34,5,2,true,true,7.65,6.56,0.1233,7.95,6.92,7.18,7.04,5.99,8.2,17,27.29,,,8.23,7.01,16.96
B41,local,B,2026-W35,5,2,true,true,7.83,6.68,0.1256,8.05,6.93,7.32,7.22,6.08,8.55,17,26.88,,,8.28,6.94,17.62
B41,local,B,2026-W36,5,2,true,true,7.5,6.34,0.1334,7.67,6.37,6.96,6.94,5.86,8.13,17,27.1,,,8.17,6.89,18.46
B41,local,B,2026-W37,4,2,true,true,7.2,6.09,0.13,7.26,6.16,6.84,6.71,5.53,7.62,17,28.71,29.59,,8.31,7.15,19.86
B41,local,B,2026-W38,5,2,true,true,7.32,6.24,0.1274,7.1,5.99,6.98,6.71,5.69,8.06,17,29.11,29.65,,8.16,7.07,20.68
B41,local,B,2026-W39,5,2,true,true,7.33,6.29,0.1216,7.24,6.26,6.96,6.76,5.65,7.91,17,28.03,29.63,,8.71,7.6,19.53
B41,local,B,2026-W40,5,2,true,false,7.32,6.32,0.1186,7.2,6.26,6.91,6.6,5.65,8.12,17,28.73,29.65,,7.87,6.84,19.6
B41,local,B,2026-W41,5,0,true,false,7.39,6.25,0.1364,7.26,6.15,6.96,6.46,5.37,8.31,17,29.79,29.65,15,,,
B42,local,B,2026-W17,0,2,false,true,,,,,,,,,,,,,,9.66,8.58,1.3
B42,local,B,2026-W18,5,2,false,false,7.73,6.5,0.1423,,,,6.75,5.68,,13,2.38,,,8.48,7.39,1.38
B42,local,B,2026-W19,5,2,false,true,7.97,6.66,0.1468,,,,7.97,5.64,,12,2.41,,,8.88,7.57,1.4
B42,local,B,2026-W20,5,2,false,true,8.02,6.7,0.1401,8.23,7.13,7.49,7.74,6.19,,15,2.79,,,8.74,7.6,1.22
B42,local,B,2026-W21,5,2,false,false,7.83,6.61,0.1301,,,,7.12,6.2,,13,2.75,,,9.17,7.91,1.39
B42,local,B,2026-W22,4,2,false,true,7.92,6.6,0.1422,7.79,6.61,7.65,7.21,6.11,,15,2.59,,,8.29,7.21,1.34
B42,local,B,2026-W23,5,2,false,true,7.42,6.42,0.1165,,,,,,8.23,4,2.36,,,8.17,6.98,1.4
B42,local,B,2026-W24,5,1,false,false,7.4,6.46,0.1148,,,,,,,2,2.49,,,9.46,7.96,1.56
B42,local,B,2026-W25,3,2,false,false,8.61,7.89,0.1011,,,,,,,2,2.28,,,7.19,6.26,1.3
B42,local,B,2026-W26,5,2,false,false,7.7,6.75,0.1119,,,,,,,1,3.08,,,9.49,8.03,1.44
B42,local,B,2026-W27,3,2,true,true,7.68,6.54,0.1343,7.77,6.73,7.64,7.14,6.07,7.95,16,2.61,,,8.42,7.28,1.42
B42,local,B,2026-W28,5,2,true,true,7.85,6.77,0.1241,7.99,6.81,7.95,7.06,6.03,8.03,16,2.58,,,8.49,7.08,1.57
B42,local,B,2026-W29,5,2,true,true,7.57,6.34,0.1479,6.93,5.83,7.49,6.77,5.61,,16,2.65,,,8.42,7.49,1.48
B42,local,B,2026-W30,5,2,true,true,7.78,6.67,0.1319,7.18,6.09,7.73,7.02,5.96,,16,2.58,,,8.4,7.63,1.5
B42,local,B,2026-W31,5,2,true,true,7.69,6.36,0.1514,7.46,6.03,7.43,7.18,5.98,,16,2.72,,,8.67,7.39,1.57
B42,local,B,2026-W32,5,2,false,true,7.62,6.39,0.1511,6.98,6.04,7.44,7.03,6.03,8.88,17,2.84,,,7.9,6.61,1.51
B42,local,B,2026-W33,5,2,true,true,7.96,6.74,0.14,8.05,6.92,7.51,7.44,6.3,8.74,17,2.56,,,8.64,7.63,1.58
B42,local,B,2026-W34,5,2,true,true,8.07,6.75,0.1426,8.1,7.02,7.71,7.38,6.25,8.82,17,2.82,,,8.36,7.52,1.36
B42,local,B,2026-W35,5,2,true,true,7.98,6.73,0.1349,7.56,6.45,7.94,7.33,6.2,8.53,17,2.58,,,8.19,7.07,1.48
B42,local,B,2026-W36,5,2,true,true,7.75,6.53,0.1297,7.56,6.31,7.58,7.36,6.29,8.34,17,2.63,,,8.09,6.74,1.51
B42,local,B,2026-W37,4,2,true,true,7.67,6.4,0.1439,7.64,6.53,7.21,6.92,5.66,8.76,17,2.83,2.96,,9.05,7.59,1.52
B42,local,B,2026-W38,5,2,true,true,7.5,6.23,0.153,7.11,6.05,7.34,7.25,6.26,7.97,17,2.67,2.96,,8.7,7.63,1.37
B42,local,B,2026-W39,5,2,true,true,7.72,6.42,0.1449,7.39,6.3,7.47,7.39,6.3,8.47,17,2.78,2.96,,9.2,7.87,1.24
B42,local,B,2026-W40,5,2,true,false,7.61,6.35,0.141,7.33,6.25,7.36,7.08,5.83,8.52,17,2.76,2.96,,8.79,7.65,1.67
B42,local,B,2026-W41,5,0,true,false,7.56,6.41,0.1369,7.32,6.15,7.24,6.81,5.96,8.68,17,2.62,2.96,17.1,,,
B43,local,B,2026-W17,0,2,false,true,,,,,,,,,,,,,,6.86,5.41,5.12
B43,local,B,2026-W18,5,2,false,false,6.49,5.69,0.1079,,,,5.86,4.98,,13,10.4,,,7.2,6.28,5.96
B43,local,B,2026-W19,5,2,false,true,6.42,5.62,0.1154,,,,5.65,4.78,,12,10.04,,,7.33,6.48,5.9
B43,local,B,2026-W20,5,2,false,true,6.38,5.68,0.0947,5.8,5.32,6.15,5.65,5.04,,15,10.18,,,7.02,5.73,4.85
B43,local,B,2026-W21,5,2,false,false,6.54,5.71,0.105,,,,5.87,5.08,,13,9.95,,,7.64,6.85,5.66
B43,local,B,2026-W22,4,2,false,true,6.33,5.53,0.1103,6.01,5.27,6,5.65,4.89,,15,9.91,,,7.32,6.52,5.96
B43,local,B,2026-W23,5,2,false,true,6.39,5.76,0.0864,,,,,,7.28,4,9.64,,,6.89,6.1,6.59
B43,local,B,2026-W24,5,1,false,false,6.96,6.04,0.1119,,,,,,,2,9.8,,,7.31,6.43,5.45
B43,local,B,2026-W25,3,2,false,false,5.86,5.37,0.0778,,,,,,,2,9.99,,,7.04,6.32,5.56
B43,local,B,2026-W26,5,2,false,false,6.34,5.84,0.0805,,,,,,,1,9.13,,,7.59,6.47,5.73
B43,local,B,2026-W27,3,2,true,true,6.52,5.81,0.0948,6.46,5.68,6.13,5.84,5.17,7.33,16,9.69,,,7.68,6.59,5.44
B43,local,B,2026-W28,5,2,true,true,6.65,5.76,0.1144,6.42,5.51,6.35,5.76,5.03,7.58,16,10.11,,,6.9,5.99,5.54
B43,local,B,2026-W29,5,2,true,true,6.57,5.73,0.1118,6.26,5.42,6.38,5.71,4.91,,16,9.85,,,7.31,6.45,5.9
B43,local,B,2026-W30,5,2,true,true,6.59,5.73,0.1196,6.55,5.78,6.29,5.84,5.09,,16,9.93,,,7.35,6.55,6.04
B43,local,B,2026-W31,5,2,true,true,6.62,5.84,0.1017,6.45,5.75,6.35,5.79,5.11,,16,9.42,,,7.12,6.32,6.33
B43,local,B,2026-W32,5,2,false,true,6.62,5.84,0.1042,6.4,5.59,6.24,5.79,5.08,7.5,17,9.73,,,6.98,5.91,5.33
B43,local,B,2026-W33,5,2,true,true,6.57,5.79,0.1027,6.53,5.59,6.2,5.84,5.07,7.37,17,9.74,,,7.03,6.15,6.07
B43,local,B,2026-W34,5,2,true,true,6.62,5.85,0.101,6.65,5.91,6.38,5.92,5.14,7.15,17,9.48,,,6.85,6.05,5.54
B43,local,B,2026-W35,5,2,true,true,6.7,5.94,0.0957,6.65,6.09,6.35,5.92,5.17,7.6,17,9.74,,,7.34,6.28,5.8
B43,local,B,2026-W36,5,2,true,true,6.46,5.68,0.1012,6.33,5.68,5.97,5.7,4.95,7.51,17,9.38,,,7.17,6.24,5.23
B43,local,B,2026-W37,4,2,true,true,6.25,5.45,0.107,5.99,5.25,5.79,5.41,4.72,7.42,17,9.89,10.67,,7.04,6.2,5.88
B43,local,B,2026-W38,5,2,true,true,6.17,5.41,0.1067,5.79,5.18,5.9,5.46,4.82,7,17,10.09,10.67,,7.24,6.43,5.34
B43,local,B,2026-W39,5,2,true,true,6.41,5.66,0.0978,6.25,5.44,6.08,5.65,4.96,7.29,17,10.04,10.67,,7.43,6.59,5.93
B43,local,B,2026-W40,5,2,true,false,6.37,5.65,0.1036,6.35,5.73,6.03,5.46,4.73,7.34,17,9.8,10.67,,6.76,6.36,5.35
B43,local,B,2026-W41,5,0,true,false,6.39,5.62,0.1031,6.07,5.46,6.05,5.3,4.67,7.44,17,10.16,10.67,15.5,,,
B44,local,B,2026-W17,0,2,false,true,,,,,,,,,,,,,,8.15,7.05,9.76
B44,local,B,2026-W18,5,2,false,false,7.61,6.67,0.1105,,,,6.88,6.26,,13,14.03,,,8.51,7.59,11.77
B44,local,B,2026-W19,5,2,false,true,7.3,6.26,0.1265,,,,6.49,5.4,,12,13.21,,,8.35,7.22,12.29
B44,local,B,2026-W20,5,2,false,true,7.46,6.63,0.0975,7.13,6.24,6.94,6.67,5.95,,15,14.81,,,8.29,7.06,10.65
B44,local,B,2026-W21,5,2,false,false,7.45,6.42,0.1185,,,,7.03,6.02,,13,13.83,,,8.91,7.8,11.03
B44,local,B,2026-W22,4,2,false,true,7.42,6.46,0.111,7.22,6.2,6.87,6.74,5.71,,15,14.63,,,8.29,7.18,11.14
B44,local,B,2026-W23,5,2,false,true,7.65,6.69,0.1101,,,,,,8.78,4,14.78,,,8.12,7.2,10.76
B44,local,B,2026-W24,5,1,false,false,7.41,6.43,0.1055,,,,,,,2,14.1,,,8.89,7.28,10.97
B44,local,B,2026-W25,3,2,false,false,7.7,6.65,0.1031,,,,,,,2,14.54,,,8.56,7.49,10.52
B44,local,B,2026-W26,5,2,false,false,7.69,6.94,0.0865,,,,,,,1,13.44,,,9.56,8.7,11.63
B44,local,B,2026-W27,3,2,true,true,7.62,6.74,0.0945,7.47,6.6,7.02,7.2,6.27,8.56,16,13.52,,,9.01,7.87,11.22
B44,local,B,2026-W28,5,2,true,true,7.62,6.69,0.1015,7.22,6.48,7.2,6.95,6.05,8.66,16,12.77,,,8.5,7.45,10.76
B44,local,B,2026-W29,5,2,true,true,7.75,6.8,0.1029,7.27,6.44,7.33,7.04,6.09,,16,13.89,,,8.69,7.5,11.98
B44,local,B,2026-W30,5,2,true,true,7.65,6.8,0.0941,7.38,6.6,7.09,6.94,6,,16,13.42,,,8.26,7.3,11.83
B44,local,B,2026-W31,5,2,true,true,7.52,6.67,0.0977,7.29,6.5,6.95,6.9,6.04,,16,13.67,,,8.43,7.39,11.74
B44,local,B,2026-W32,5,2,false,true,7.59,6.7,0.0957,7.38,6.62,7.07,6.93,6.11,8.64,17,12.92,,,8.01,7.01,10.42
B44,local,B,2026-W33,5,2,true,true,7.59,6.68,0.1004,7.61,6.71,6.99,6.83,5.85,8.69,17,12.18,,,8.36,7.45,10.42
B44,local,B,2026-W34,5,2,true,true,7.67,6.77,0.0976,7.64,6.91,7.06,7.09,6.21,8.57,17,12.77,,,8.21,7.33,10.29
B44,local,B,2026-W35,5,2,true,true,7.68,6.78,0.1006,7.78,7,7.14,6.81,5.9,8.73,17,12.51,,,8.32,7.34,10.67
B44,local,B,2026-W36,5,2,true,true,7.42,6.43,0.111,7.29,6.41,6.83,6.72,5.76,8.4,17,12.99,,,8.18,7.07,10.47
B44,local,B,2026-W37,4,2,true,true,7.3,6.38,0.1012,6.82,5.9,6.82,6.7,5.79,8.44,17,14.66,15.93,,8.54,7.57,11.77
B44,local,B,2026-W38,5,2,true,true,7.3,6.42,0.0992,6.69,5.9,6.86,6.58,5.67,8.51,17,14.82,16.08,,8.46,7.6,12.52
B44,local,B,2026-W39,5,2,true,true,7.32,6.5,0.0945,6.99,6.16,6.87,6.57,5.77,8.38,17,14.7,16.02,,8.99,8.13,11.76
B44,local,B,2026-W40,5,2,true,false,7.49,6.64,0.0987,6.96,6.25,7.08,6.87,6.06,8.62,17,15.08,16.08,,8.51,7.71,12.61
B44,local,B,2026-W41,5,0,true,false,7.36,6.55,0.0961,7.08,6.31,6.8,6.45,5.76,8.58,17,15.2,16.08,15.5,,,
B44+,sbs,B,2026-W17,0,2,false,true,,,,,,,,,,,,,,10.75,8.64,7.37
B44+,sbs,B,2026-W18,5,2,false,false,9.7,8.33,0.1293,,,,9.07,7.77,,13,12.78,,,10.59,9.27,8.36
B44+,sbs,B,2026-W19,5,2,false,true,9.51,8.05,0.1403,,,,9.61,7.79,,12,11.75,,,10.19,8.71,9.01
B44+,sbs,B,2026-W20,5,2,false,true,9.87,8.46,0.1278,10.22,8.28,9.38,8.98,7.64,,15,13.67,,,10.39,8.87,8.65
B44+,sbs,B,2026-W21,5,2,false,false,10.01,8.69,0.1172,,,,9.23,7.9,,13,13.45,,,10.67,9.31,8.74
B44+,sbs,B,2026-W22,4,2,false,true,9.59,8.14,0.1305,9.43,8.01,9.03,9.18,7.68,,15,13.32,,,10.66,9.16,8.81
B44+,sbs,B,2026-W23,5,2,false,true,9.8,8.46,0.1108,,,,,,10.44,4,13.7,,,10.51,8.65,8.17
B44+,sbs,B,2026-W24,5,1,false,false,9.5,7.92,0.1381,,,,,,,2,11.67,,,10.51,9.36,6.74
B44+,sbs,B,2026-W25,3,2,false,false,8.51,7.22,0.1203,,,,,,,2,13.14,,,11.05,9.47,8.87
B44+,sbs,B,2026-W26,5,2,false,false,10.05,8.67,0.1087,,,,,,,1,13.19,,,10.91,9.89,7.71
B44+,sbs,B,2026-W27,3,2,true,true,10.11,8.75,0.1117,10.28,8.79,9.48,9.71,8.27,10.81,16,12.64,,,11.5,9.89,8.23
B44+,sbs,B,2026-W28,5,2,true,true,10.11,8.64,0.1203,10.29,8.99,9.69,9.5,7.92,10.64,16,11.97,,,11.03,9.46,8.95
B44+,sbs,B,2026-W29,5,2,true,true,10.11,8.66,0.1238,10.33,8.63,9.55,9.48,7.86,,16,12.56,,,10.81,9.49,8.41
B44+,sbs,B,2026-W30,5,2,true,true,10.24,8.85,0.1133,10.45,9.03,9.8,9.76,8.31,,16,13.13,,,10.78,9.29,8.97
B44+,sbs,B,2026-W31,5,2,true,true,9.88,8.52,0.1157,10.25,8.74,9.37,9.45,7.97,,16,12.96,,,10.65,9.15,8.4
B44+,sbs,B,2026-W32,5,2,false,true,9.96,8.47,0.1271,10.03,8.6,9.64,9.49,8.06,10.39,17,11.95,,,10.22,8.84,9.08
B44+,sbs,B,2026-W33,5,2,true,true,9.82,8.49,0.1155,10.23,8.82,9.24,9.52,7.99,10.12,17,11.76,,,10.5,9.12,8.52
B44+,sbs,B,2026-W34,5,2,true,true,9.95,8.64,0.112,10.18,8.9,9.42,9.62,8.07,10.39,17,12.15,,,10.28,9.04,8.06
B44+,sbs,B,2026-W35,5,2,true,true,10.01,8.71,0.1086,10.49,9.24,9.38,9.79,8.36,10.34,17,12.83,,,10.64,9.28,9.18
B44+,sbs,B,2026-W36,5,2,true,true,9.47,8.05,0.121,9.81,8.43,8.64,8.91,7.44,10.26,17,12.92,,,10.14,8.52,8.54
B44+,sbs,B,2026-W37,4,2,true,true,9.27,8.01,0.1097,9.31,7.96,8.6,8.83,7.49,10.17,17,14.67,14.96,,10.59,9.23,8.45
B44+,sbs,B,2026-W38,5,2,true,true,9.26,7.94,0.1227,9.03,7.67,8.58,8.74,7.46,10.38,17,14.75,15.03,,10.44,9.2,9.56
B44+,sbs,B,2026-W39,5,2,true,true,9.44,8.11,0.1186,9.47,8.14,8.79,8.82,7.44,10.38,17,14.26,15,,11.07,9.6,9.14
B44+,sbs,B,2026-W40,5,2,true,false,10.02,8.7,0.1119,10.02,8.67,9.53,9.6,8.25,10.63,17,13.27,15.03,,10.54,9.06,8.59
B44+,sbs,B,2026-W41,5,0,true,false,9.42,8.07,0.1232,9.22,7.87,8.73,8.85,7.57,10.54,17,14.27,15.03,21.7,,,
B45,local,B,2026-W17,0,2,false,true,,,,,,,,,,,,,,5.58,4.52,3.61
B45,local,B,2026-W18,5,2,false,false,6.63,5.64,0.1279,,,,6.02,5.19,,13,5.44,,,7.51,6.22,3.7
B45,local,B,2026-W19,5,2,false,true,6.26,5.33,0.128,,,,5.31,4.53,,12,5.72,,,7.14,5.96,3.92
B45,local,B,2026-W20,5,2,false,true,6.28,5.27,0.1446,5.77,4.82,5.95,5.45,4.39,,15,5.91,,,7.25,6.28,3.91
B45,local,B,2026-W21,5,2,false,false,6.37,5.38,0.1483,,,,5.66,4.71,,13,5.81,,,7.9,6.58,3.56
B45,local,B,2026-W22,4,2,false,true,6.45,5.49,0.1308,5.96,5.16,6.19,5.67,4.71,,15,5.91,,,7.01,5.99,3.3
B45,local,B,2026-W23,5,2,false,true,6.65,5.6,0.1399,,,,,,7.55,4,6.17,,,7.34,5.95,3.71
B45,local,B,2026-W24,5,1,false,false,6.2,5.18,0.1582,,,,,,,2,5.72,,,7.76,6.44,2.93
B45,local,B,2026-W25,3,2,false,false,6.49,5.09,0.2114,,,,,,,2,6.09,,,7.31,6.21,3.8
B45,local,B,2026-W26,5,2,false,false,6.48,6.1,0.0831,,,,,,,1,5.76,,,8.96,5.03,3.06
B45,local,B,2026-W27,3,2,true,true,6.77,5.87,0.1144,6.56,5.6,6.22,6.33,5.59,7.63,16,5.49,,,8.01,6.76,3.6
B45,local,B,2026-W28,5,2,true,true,6.63,5.57,0.135,6.38,5.54,6.11,6.04,5.26,7.59,16,5.87,,,7.66,6.4,3.9
B45,local,B,2026-W29,5,2,true,true,6.61,5.65,0.1221,6.4,5.63,6.21,5.9,4.99,,16,6.02,,,7.71,6.55,3.94
B45,local,B,2026-W30,5,2,true,true,6.7,5.65,0.1327,6.77,5.82,6.25,5.97,5.04,,16,6.01,,,7.32,6.33,3.9
B45,local,B,2026-W31,5,2,true,true,6.78,5.8,0.121,6.62,5.71,6.31,5.88,5.1,,16,5.94,,,7.48,6.26,3.86
B45,local,B,2026-W32,5,2,false,true,6.6,5.58,0.1357,6.77,5.85,5.87,6,5.19,7.46,17,5.81,,,7.29,6.1,3.43
B45,local,B,2026-W33,5,2,true,true,6.69,5.76,0.1191,6.81,5.87,6.04,6.2,5.44,7.7,17,5.46,,,7.58,6.45,3.67
B45,local,B,2026-W34,5,2,true,true,6.69,5.73,0.1187,6.72,5.85,6.23,6.15,5.19,7.35,17,5.94,,,7.39,6.39,3.59
B45,local,B,2026-W35,5,2,true,true,6.68,5.67,0.1251,6.4,5.61,6.34,6.35,5.44,7.24,17,5.81,,,7.19,6.19,3.76
B45,local,B,2026-W36,5,2,true,true,6.59,5.63,0.1241,6.47,5.6,6.08,5.86,4.96,7.46,17,5.63,,,7.26,6.16,3.67
B45,local,B,2026-W37,4,2,true,true,6.37,5.48,0.1145,6.16,5.2,5.96,5.61,4.95,7.23,17,5.99,6.74,,7.41,6.19,3.87
B45,local,B,2026-W38,5,2,true,true,6.3,5.37,0.1213,5.75,4.93,5.91,5.68,4.77,7.32,17,6.05,6.74,,7.21,6.11,3.97
B45,local,B,2026-W39,5,2,true,true,6.41,5.59,0.1064,6.08,5.39,5.94,5.62,4.84,7.55,17,5.7,6.74,,7.71,6.5,3.82
B45,local,B,2026-W40,5,2,true,false,6.41,5.61,0.1119,6.14,5.4,6.05,5.77,5.03,7.16,17,6.26,6.74,,7.12,5.81,3.2
B45,local,B,2026-W41,5,0,true,false,6.31,5.34,0.1324,6.03,5.16,5.77,5.43,4.59,7.54,17,6.12,6.74,13.5,,,
B46,local,B,2026-W17,0,2,false,true,,,,,,,,,,,,,,8.17,7.32,14.5
B46,local,B,2026-W18,5,2,false,false,7.28,6.32,0.1177,,,,6.49,5.6,,13,15.45,,,7.87,7.02,13.46
B46,local,B,2026-W19,5,2,false,true,7.13,6.31,0.1015,,,,6.37,5.73,,12,15.07,,,7.94,7.12,13.66
B46,local,B,2026-W20,5,2,false,true,7.18,6.45,0.0958,7.01,6.33,7.02,6.42,5.62,,15,15.37,,,7.96,6.98,13.52
B46,local,B,2026-W21,5,2,false,false,7.28,6.32,0.1168,,,,6.63,5.74,,13,15.46,,,7.83,7.06,13.17
B46,local,B,2026-W22,4,2,false,true,7.34,6.3,0.1265,7.42,6.54,6.95,6.63,5.63,,15,15.81,,,7.94,7.05,13.72
B46,local,B,2026-W23,5,2,false,true,6.93,6.14,0.1015,,,,,,7.56,4,16.07,,,7.82,6.94,13.18
B46,local,B,2026-W24,5,1,false,false,6.94,6.15,0.1035,,,,,,,2,15.94,,,8.26,7.38,11.89
B46,local,B,2026-W25,3,2,false,false,6.99,6.06,0.1139,,,,,,,2,15.59,,,7.63,7,13.07
B46,local,B,2026-W26,5,2,false,false,6.96,5.67,0.1562,,,,,,,1,14.19,,,7.89,7.02,13.53
B46,local,B,2026-W27,3,2,true,true,7.22,6.44,0.093,7.6,6.81,6.74,6.63,5.75,7.74,16,15.32,,,8.34,7.52,13.23
B46,local,B,2026-W28,5,2,true,true,7.44,6.51,0.1057,7.99,7.07,7,6.75,5.74,7.82,16,15.88,,,7.75,6.9,13.42
B46,local,B,2026-W29,5,2,true,true,7.26,6.39,0.1043,7.25,6.41,6.96,6.54,5.55,,16,15.6,,,7.67,6.86,13.47
B46,local,B,2026-W30,5,2,true,true,7.24,6.37,0.1065,7.44,6.43,6.77,6.41,5.57,,16,15.5,,,7.73,6.94,13.44
B46,local,B,2026-W31,5,2,true,true,7.21,6.42,0.0972,7.25,6.48,6.77,6.57,5.72,,16,16.46,,,7.68,6.78,14.19
B46,local,B,2026-W32,5,2,false,true,7.3,6.52,0.0967,7.5,6.81,6.84,6.48,5.59,7.88,17,14.93,,,7.88,7.03,12.05
B46,local,B,2026-W33,5,2,true,true,7.3,6.42,0.1067,7.71,6.86,6.88,6.54,5.63,7.77,17,14.64,,,7.76,6.85,12.95
B46,local,B,2026-W34,5,2,true,true,7.36,6.43,0.111,7.88,7,6.95,6.82,5.87,7.69,17,15.02,,,7.77,6.98,12.69
B46,local,B,2026-W35,5,2,true,true,7.41,6.58,0.0993,7.81,7.08,6.93,6.75,5.85,7.94,17,14.93,,,7.71,6.83,12.94
B46,local,B,2026-W36,5,2,true,true,7.24,6.31,0.1087,7.46,6.56,6.76,6.47,5.56,7.97,17,15.33,,,7.48,6.6,13.84
B46,local,B,2026-W37,4,2,true,true,7.11,6.32,0.095,7.25,6.47,6.63,6.41,5.59,7.92,17,16.22,17.12,,7.77,7.01,14.19
B46,local,B,2026-W38,5,2,true,true,7.14,6.35,0.094,6.92,6.2,6.8,6.35,5.62,8.08,17,16.3,17.12,,7.93,7.14,14.55
B46,local,B,2026-W39,5,2,true,true,7.28,6.45,0.0952,7.24,6.54,6.87,6.58,5.72,8.09,17,15.92,17.12,,8.27,7.52,12.87
B46,local,B,2026-W40,5,2,true,false,7.29,6.47,0.0963,7.25,6.51,6.96,6.53,5.74,8.05,17,15.77,17.12,,7.64,6.82,14.52
B46,local,B,2026-W41,5,0,true,false,7.19,6.29,0.1084,7.22,6.45,6.89,6.24,5.32,7.99,17,16.23,17.12,15.6,,,
B46+,sbs,B,2026-W17,0,2,false,true,,,,,,,,,,,,,,9.4,8.38,7.06
B46+,sbs,B,2026-W18,5,2,false,false,9.39,8.26,0.1095,,,,8.33,6.99,,13,12.04,,,9.28,8.19,7.6
B46+,sbs,B,2026-W19,5,2,false,true,9.12,7.95,0.1184,,,,7.98,6.72,,12,11.99,,,9.64,8.48,7.95
B46+,sbs,B,2026-W20,5,2,false,true,9.2,8.17,0.1012,8.92,7.99,9.06,8.65,7.65,,15,13.44,,,9.51,8.24,8.58
B46+,sbs,B,2026-W21,5,2,false,false,9.25,8.2,0.1049,,,,8.4,7.23,,13,11.34,,,9.66,8.71,7.9
B46+,sbs,B,2026-W22,4,2,false,true,9.15,8.09,0.1056,9.07,8.28,9.08,8.33,7.28,,15,12.94,,,9.68,8.55,7.85
B46+,sbs,B,2026-W23,5,2,false,true,8.92,7.65,0.1142,,,,,,9.4,4,12.6,,,9.26,8.27,8.16
B46+,sbs,B,2026-W24,5,1,false,false,8.9,7.83,0.1114,,,,,,,2,13.18,,,9.89,9.12,7.2
B46+,sbs,B,2026-W25,3,2,false,false,9.5,8.62,0.0903,,,,,,,2,12.95,,,9.16,8.21,7.95
B46+,sbs,B,2026-W26,5,2,false,false,8.71,7.92,0.0847,,,,,,,1,12.02,,,9.37,8.53,7.81
B46+,sbs,B,2026-W27,3,2,true,true,9.19,8.23,0.0903,9.71,8.72,8.69,8.41,7.37,9.73,16,13.2,,,9.93,8.73,8.04
B46+,sbs,B,2026-W28,5,2,true,true,9.27,8.17,0.1022,9.47,8.65,8.94,8.63,7.38,9.67,16,13.03,,,9.64,8.47,8.62
B46+,sbs,B,2026-W29,5,2,true,true,9.25,8.04,0.109,9.24,8.19,8.97,8.49,7.44,,16,13.06,,,9.63,8.76,7.62
B46+,sbs,B,2026-W30,5,2,true,true,9.24,8.21,0.0982,9.56,8.54,8.97,8.23,7.4,,16,13.03,,,9.48,8.44,8.5
B46+,sbs,B,2026-W31,5,2,true,true,9.27,8.19,0.102,9.47,8.4,8.85,8.4,7.45,,16,13.6,,,9.49,8.38,8.53
B46+,sbs,B,2026-W32,5,2,false,true,9.22,8.16,0.0955,9.5,8.49,8.88,8.33,7.36,9.58,17,11.7,,,9.37,8.28,8.01
B46+,sbs,B,2026-W33,5,2,true,true,9.11,8.01,0.1035,9.34,8.15,8.82,8.39,7.39,9.45,17,12.19,,,9.58,8.41,7.35
B46+,sbs,B,2026-W34,5,2,true,true,9.29,8.27,0.0931,9.51,8.52,9.06,8.65,7.69,9.57,17,12.4,,,9.17,8.13,7.42
B46+,sbs,B,2026-W35,5,2,true,true,9.34,8.34,0.0895,9.48,8.47,9.22,8.59,7.72,9.66,17,12.49,,,9.33,8.26,8.33
B46+,sbs,B,2026-W36,5,2,true,true,9.12,7.94,0.1098,9.18,8.16,8.72,8.25,7.3,9.87,17,13.34,,,8.67,7.58,8.52
B46+,sbs,B,2026-W37,4,2,true,true,8.96,7.99,0.0901,9.03,8.09,8.79,8.19,7.29,9.28,17,12.96,13.67,,9.44,8.45,8.46
B46+,sbs,B,2026-W38,5,2,true,true,8.97,8.01,0.0937,8.79,7.9,8.83,8.04,7.11,9.64,17,13.68,13.72,,9.59,8.66,8.25
B46+,sbs,B,2026-W39,5,2,true,true,9.1,8.18,0.0831,8.92,8.13,8.95,8.31,7.37,9.68,17,13.1,13.7,,9.9,8.89,8.21
B46+,sbs,B,2026-W40,5,2,true,false,9.1,8.14,0.0916,8.88,8.02,8.81,8.5,7.49,9.88,17,13.33,13.72,,9.33,8.58,8.64
B46+,sbs,B,2026-W41,5,0,true,false,9.02,7.99,0.0984,9.15,8.3,8.84,7.81,6.92,9.59,17,14.24,13.72,23.3,,,
B47,local,B,2026-W17,0,2,false,true,,,,,,,,,,,,,,7.77,7.1,6.69
B47,local,B,2026-W18,5,2,false,false,7.11,6.48,0.0696,,,,6.65,6.05,,13,10.83,,,7.59,6.93,7.58
B47,local,B,2026-W19,5,2,false,true,6.77,6.13,0.0775,,,,6.28,5.58,,12,11.14,,,7.66,6.98,7.6
B47,local,B,2026-W20,5,2,false,true,6.76,6.13,0.0751,6.69,5.99,6.48,5.81,5.3,,15,10.54,,,7.66,6.75,7.67
B47,local,B,2026-W21,5,2,false,false,6.66,5.99,0.0865,,,,6.05,5.41,,13,11.04,,,7.74,6.99,7.38
B47,local,B,2026-W22,4,2,false,true,6.76,5.99,0.1013,6.4,5.77,6.4,6.04,5.43,,15,10.48,,,7.4,6.58,7.83
B47,local,B,2026-W23,5,2,false,true,6.36,5.68,0.1051,,,,,,7.11,4,11.57,,,7.2,6.45,7.61
B47,local,B,2026-W24,5,1,false,false,7.43,6.92,0.067,,,,,,,2,10.34,,,8.08,7.13,5.4
B47,local,B,2026-W25,3,2,false,false,7.16,6.59,0.0651,,,,,,,2,10.24,,,7.58,6.6,7.08
B47,local,B,2026-W26,5,2,false,false,7.56,6.81,0.0814,,,,,,,1,10.54,,,7.77,6.57,6.94
B47,local,B,2026-W27,3,2,true,true,6.96,6.35,0.0682,6.97,6.35,6.66,6.49,5.92,7.38,16,10.06,,,7.83,7.05,7.74
B47,local,B,2026-W28,5,2,true,true,7.21,6.59,0.0686,7.21,6.59,6.89,6.39,5.86,7.93,16,10.51,,,7.53,6.68,7.77
B47,local,B,2026-W29,5,2,true,true,7.02,6.41,0.0707,6.76,6.13,6.76,6.39,5.81,,16,9.71,,,7.78,7.07,7.51
B47,local,B,2026-W30,5,2,true,true,6.99,6.34,0.0719,6.98,6.38,6.62,6.26,5.71,,16,9.93,,,7.58,6.88,7.66
B47,local,B,2026-W31,5,2,true,true,7.07,6.48,0.0603,7.14,6.51,6.73,6.33,5.81,,16,10.32,,,7.44,6.68,7.26
B47,local,B,2026-W32,5,2,false,true,7.11,6.47,0.0702,7.09,6.41,6.69,6.26,5.7,7.89,17,9.87,,,7.5,6.62,7.27
B47,local,B,2026-W33,5,2,true,true,7.04,6.45,0.0691,7.15,6.51,6.61,6.27,5.74,7.71,17,9.96,,,7.4,6.64,7.38
B47,local,B,2026-W34,5,2,true,true,7.05,6.4,0.0749,7.07,6.5,6.66,6.6,5.95,7.48,17,9.99,,,7.19,6.49,7.65
B47,local,B,2026-W35,5,2,true,true,7.18,6.56,0.0649,7.36,6.68,6.75,6.57,6.01,7.8,17,10.17,,,7.44,6.64,7.45
B47,local,B,2026-W36,5,2,true,true,7.14,6.46,0.0716,7.14,6.45,6.7,6.57,5.95,7.94,17,10.43,,,7.5,6.73,7.79
B47,local,B,2026-W37,4,2,true,true,6.81,6.14,0.0768,6.6,5.94,6.36,6.23,5.55,7.64,17,10.1,10.72,,7.42,6.7,7.45
B47,local,B,2026-W38,5,2,true,true,6.82,6.22,0.0706,6.45,5.81,6.51,6.12,5.54,7.78,17,10.72,10.79,,7.6,6.92,7.35
B47,local,B,2026-W39,5,2,true,true,6.84,6.25,0.0663,6.47,5.88,6.53,6.24,5.71,7.74,17,10.31,10.76,,8.13,7.39,7.03
B47,local,B,2026-W40,5,2,true,false,6.88,6.23,0.0721,6.52,5.98,6.68,6.15,5.52,7.57,17,10.82,10.79,,7.04,6.36,6.26
B47,local,B,2026-W41,5,0,true,false,6.77,6.08,0.0826,6.39,5.79,6.36,6.09,5.39,7.73,17,10.94,10.79,16.1,,,
B48,local,B,2026-W17,0,2,false,true,,,,,,,,,,,,,,6.56,5,3.74
B48,local,B,2026-W18,5,2,false,false,6.51,5.78,0.0989,,,,6.05,5.34,,13,6.08,,,7.23,6.54,4.18
B48,local,B,2026-W19,5,2,false,true,6.4,5.57,0.1088,,,,6.11,5.21,,12,5.99,,,7.33,6.27,4.23
B48,local,B,2026-W20,5,2,false,true,6.57,5.75,0.1129,6.31,5.83,6.27,5.72,4.87,,15,5.87,,,7.41,6.09,3.54
B48,local,B,2026-W21,5,2,false,false,6.71,5.9,0.1085,,,,5.92,5.12,,13,5.31,,,7.86,6.97,3.8
B48,local,B,2026-W22,4,2,false,true,6.43,5.45,0.1321,6.15,5.1,6.11,5.79,4.97,,15,5.67,,,7.13,6.24,4.22
B48,local,B,2026-W23,5,2,false,true,6.24,5.53,0.0887,,,,,,6.95,4,5.47,,,7.19,6.15,3.35
B48,local,B,2026-W24,5,1,false,false,6.36,5.56,0.1083,,,,,,,2,5.97,,,7.75,6.75,3.28
B48,local,B,2026-W25,3,2,false,false,6.66,5.39,0.1628,,,,,,,2,5.45,,,7.44,6.66,3.6
B48,local,B,2026-W26,5,2,false,false,5.97,4.9,0.1581,,,,,,,1,5.78,,,7.3,6.41,4.07
B48,local,B,2026-W27,3,2,true,true,6.7,5.87,0.1009,6.52,5.7,6.54,6.05,5.43,7.14,16,5.65,,,8.05,7,4
B48,local,B,2026-W28,5,2,true,true,6.56,5.75,0.1103,6.31,5.52,6.26,5.99,5.21,7.2,16,5.65,,,7.1,6.11,3.96
B48,local,B,2026-W29,5,2,true,true,6.56,5.79,0.1016,6.12,5.5,6.24,6.07,5.27,,16,5.71,,,7.49,6.8,4.34
B48,local,B,2026-W30,5,2,true,true,6.74,5.99,0.0934,6.67,5.78,6.46,6.08,5.38,,16,5.64,,,7.49,6.64,4.29
B48,local,B,2026-W31,5,2,true,true,6.52,5.7,0.1068,6.28,5.46,6.27,6.08,5.33,,16,5.86,,,7.31,6.49,4.27
B48,local,B,2026-W32,5,2,false,true,6.83,5.98,0.1008,6.52,5.86,6.42,6.11,5.4,7.38,17,5.38,,,7.15,6.24,4.16
B48,local,B,2026-W33,5,2,true,true,6.79,5.95,0.106,6.62,5.64,6.34,6.07,5.24,7.81,17,5.75,,,7.45,6.54,4.25
B48,local,B,2026-W34,5,2,true,true,6.69,5.95,0.092,6.48,5.69,6.46,6.06,5.38,7.22,17,5.59,,,7.05,6.22,4.39
B48,local,B,2026-W35,5,2,true,true,6.64,5.88,0.096,6.36,5.68,6.36,6.07,5.45,7.42,17,5.72,,,7.36,6.35,4.07
B48,local,B,2026-W36,5,2,true,true,6.43,5.52,0.119,6.41,5.52,6.06,5.61,4.86,7.12,17,5.73,,,7.24,6.15,3.84
B48,local,B,2026-W37,4,2,true,true,6.33,5.55,0.0984,5.98,5.03,5.96,5.54,4.8,7.25,17,5.94,5.71,,7.32,6.44,3.9
B48,local,B,2026-W38,5,2,true,true,6.09,5.37,0.102,5.61,4.87,5.8,5.62,5.02,6.72,17,5.67,5.71,,6.97,6.16,4.07
B48,local,B,2026-W39,5,2,true,true,6.17,5.3,0.1156,5.82,4.95,5.87,5.5,4.63,6.93,17,5.95,5.71,,7.33,6.43,3.87
B48,local,B,2026-W40,5,2,true,false,6.59,5.83,0.0999,6.44,5.73,6.44,5.78,4.97,7.01,17,5.16,5.71,,7.59,6.88,3.89
B48,local,B,2026-W41,5,0,true,false,6.32,5.54,0.1125,5.76,4.93,6.08,5.59,4.85,7.27,17,6.09,5.71,7.7,,,
B49,local,B,2026-W17,0,2,false,true,,,,,,,,,,,,,,8.56,7.17,5.25
B49,local,B,2026-W18,5,2,false,false,7.91,7.05,0.0889,,,,6.75,6.02,,13,12.74,,,8.43,7.59,6.9
B49,local,B,2026-W19,5,2,false,true,7.63,6.69,0.0952,,,,6.21,5.35,,12,12.69,,,8.59,7.45,6.82
B49,local,B,2026-W20,5,2,false,true,7.81,6.85,0.105,8.48,7.07,7.35,6.65,5.86,,15,12.75,,,8.02,7,7.76
B49,local,B,2026-W21,5,2,false,false,7.79,6.73,0.1186,,,,6.86,5.8,,13,13.48,,,9.06,8.26,6.83
B49,local,B,2026-W22,4,2,false,true,7.77,6.68,0.1172,7.64,6.66,7.34,6.86,5.76,,15,13.26,,,8.41,7.5,7.31
B49,local,B,2026-W23,5,2,false,true,7.86,6.76,0.1108,,,,,,8.64,4,12.96,,,8.23,7.18,6.85
B49,local,B,2026-W24,5,1,false,false,7.77,6.96,0.0962,,,,,,,2,12.81,,,8.2,7.1,6.23
B49,local,B,2026-W25,3,2,false,false,7.99,7.15,0.0808,,,,,,,2,12.16,,,7.96,6.91,6.99
B49,local,B,2026-W26,5,2,false,false,7.64,7,0.0863,,,,,,,1,11.56,,,9.87,8.64,6.27
B49,local,B,2026-W27,3,2,true,true,7.71,6.78,0.1032,8.14,7.29,7.01,7.19,6.31,8.31,16,11.71,,,9.09,8.2,7.96
B49,local,B,2026-W28,5,2,true,true,7.81,6.92,0.0987,7.82,7.04,7.4,7.23,6.31,8.37,16,11.59,,,8.31,7,7.19
B49,local,B,2026-W29,5,2,true,true,7.74,6.87,0.0928,7.78,7.07,7.25,7.1,6.04,,16,11.54,,,8.79,7.95,7.19
B49,local,B,2026-W30,5,2,true,true,7.73,6.92,0.0901,7.93,7.16,7.25,7.03,6.15,,16,11.33,,,8.6,7.68,7.76
B49,local,B,2026-W31,5,2,true,true,7.74,6.83,0.0957,8,7.25,7.31,6.79,5.94,,16,11.71,,,8.63,7.65,7.65
B49,local,B,2026-W32,5,2,false,true,7.83,7.04,0.0829,7.84,7.13,7.24,7.07,6.23,8.94,17,11.45,,,7.97,7.04,7.09
B49,local,B,2026-W33,5,2,true,true,7.78,6.95,0.0889,8.05,7.28,7.18,7.05,6.21,8.54,17,10.57,,,8.64,7.68,7.12
B49,local,B,2026-W34,5,2,true,true,7.75,6.93,0.088,8,7.22,7.3,6.94,6.21,8.26,17,11.48,,,8.38,7.41,7.19
B49,local,B,2026-W35,5,2,true,true,7.76,6.9,0.0944,7.83,6.99,7.32,7.13,6.23,8.11,17,11.41,,,8.76,7.63,6.73
B49,local,B,2026-W36,5,2,true,true,7.83,6.89,0.0946,7.99,7.06,7.21,6.93,6.11,8.64,17,11.72,,,8.4,7.29,6.89
B49,local,B,2026-W37,4,2,true,true,7.49,6.65,0.0881,7.31,6.44,6.93,6.81,5.94,8.55,17,13.62,14.44,,8.36,7.53,8.02
B49,local,B,2026-W38,5,2,true,true,7.43,6.61,0.093,7.07,6.3,7.04,6.45,5.7,8.68,17,13.79,14.45,,8.32,7.51,7.82
B49,local,B,2026-W39,5,2,true,true,7.54,6.67,0.0963,7.36,6.4,7.12,6.58,5.82,8.52,17,13.58,14.45,,8.78,7.88,7.7
B49,local,B,2026-W40,5,2,true,false,7.59,6.77,0.0923,7.46,6.72,7.23,6.87,6.04,8.35,17,13.7,14.45,,8.52,7.74,7.97
B49,local,B,2026-W41,5,0,true,false,7.49,6.7,0.0888,7.25,6.58,7.18,6.38,5.72,8.41,17,14.5,14.45,12.6,,,
B52,local,B,2026-W17,0,2,false,true,,,,,,,,,,,,,,7.17,6.08,6.66
B52,local,B,2026-W18,5,2,false,false,6.27,5.54,0.1032,,,,5.89,5.15,,13,11.68,,,7.08,6.2,7.72
B52,local,B,2026-W19,5,2,false,true,6.25,5.52,0.1009,,,,5.86,5.15,,12,11.63,,,6.92,5.94,7.3
B52,local,B,2026-W20,5,2,false,true,6.17,5.4,0.1099,5.74,5.02,6.1,5.71,4.98,,15,11.79,,,6.83,5.91,7.46
B52,local,B,2026-W21,5,2,false,false,6.22,5.32,0.1255,,,,5.78,4.96,,13,11.19,,,7.21,6.23,7.56
B52,local,B,2026-W22,4,2,false,true,6.34,5.47,0.1207,5.99,5.13,5.94,5.89,5.13,,15,11.77,,,6.94,5.99,7.72
B52,local,B,2026-W23,5,2,false,true,6.3,5.47,0.1042,,,,,,7,4,11.26,,,6.72,5.65,6.37
B52,local,B,2026-W24,5,1,false,false,6.23,5.42,0.1224,,,,,,,2,10.62,,,7.47,6.33,5.78
B52,local,B,2026-W25,3,2,false,false,6.6,5.88,0.0868,,,,,,,2,9.78,,,7.21,6.14,7.99
B52,local,B,2026-W26,5,2,false,false,6.58,5.85,0.0926,,,,,,,1,11.34,,,7.22,5.96,7.13
B52,local,B,2026-W27,3,2,true,true,6.54,5.61,0.1253,6.58,5.83,6.06,6.01,5.1,7.39,16,11.12,,,7.63,6.61,7.27
B52,local,B,2026-W28,5,2,true,true,6.49,5.56,0.118,6.27,5.44,6.18,6.05,5.27,7.25,16,11.63,,,6.97,5.92,7.59
B52,local,B,2026-W29,5,2,true,true,6.41,5.49,0.1211,6.3,5.48,6.1,5.87,5.05,,16,11.65,,,7.1,6.2,7.3
B52,local,B,2026-W30,5,2,true,true,6.5,5.68,0.1083,6.33,5.56,6.26,5.94,5.31,,16,11.26,,,7.08,6.11,7.45
B52,local,B,2026-W31,5,2,true,true,6.27,5.51,0.1055,6.39,5.62,6.02,5.89,5.29,,16,11.46,,,6.98,6.14,7.66
B52,local,B,2026-W32,5,2,false,true,6.33,5.52,0.1121,6.36,5.62,6.01,5.85,5.13,6.97,17,11.08,,,7.15,6.14,7.11
B52,local,B,2026-W33,5,2,true,true,6.5,5.68,0.1072,6.45,5.65,6.07,5.91,5.19,7.32,17,10.89,,,6.96,6.06,7.4
B52,local,B,2026-W34,5,2,true,true,6.47,5.66,0.1071,6.47,5.63,6.28,5.88,5.22,6.96,17,11.34,,,7.09,6.18,7.47
B52,local,B,2026-W35,5,2,true,true,6.5,5.7,0.1037,6.55,5.74,6.34,5.96,5.36,6.95,17,10.84,,,6.89,5.91,7.34
B52,local,B,2026-W36,5,2,true,true,6.39,5.59,0.1069,6.22,5.37,6.07,5.89,5.2,7.07,17,11.23,,,7.16,6.23,7.03
B52,local,B,2026-W37,4,2,true,true,6.11,5.34,0.1035,5.95,5.21,5.9,5.46,4.75,6.76,17,10.92,11.65,,6.89,6.06,6.98
B52,local,B,2026-W38,5,2,true,true,6.1,5.35,0.1061,5.83,5.09,5.94,5.41,4.76,6.77,17,11.82,11.65,,7.13,6.27,7.25
B52,local,B,2026-W39,5,2,true,true,6.21,5.5,0.093,5.96,5.26,5.97,5.62,4.98,6.95,17,11.54,11.65,,7.4,6.58,7.52
B52,local,B,2026-W40,5,2,true,false,6.14,5.4,0.1032,5.96,5.18,5.99,5.55,4.84,6.62,17,11.35,11.65,,7.11,6.23,7.61
B52,local,B,2026-W41,5,0,true,false,6.15,5.34,0.1135,5.8,4.92,6.03,5.56,4.8,6.72,17,11.56,11.65,16.9,,,
B54,local,B,2026-W17,0,2,false,true,,,,,,,,,,,,,,6.77,6.01,4.41
B54,local,B,2026-W18,5,2,false,false,5.91,5.04,0.1253,,,,5.68,4.75,,13,8.59,,,6.83,5.99,4.71
B54,local,B,2026-W19,5,2,false,true,5.91,5.22,0.0995,,,,5.41,4.99,,12,8.08,,,7.06,6.27,4.43
B54,local,B,2026-W20,5,2,false,true,6.07,5.24,0.113,6.47,5.31,5.68,5.28,4.56,,15,7.99,,,6.74,5.7,4.49
B54,local,B,2026-W21,5,2,false,false,5.88,5.09,0.1095,,,,5.21,4.5,,13,8.06,,,6.89,6.01,4.64
B54,local,B,2026-W22,4,2,false,true,5.65,4.76,0.1475,5.34,4.16,5.39,5.02,4.28,,15,8.19,,,6.69,5.84,4.65
B54,local,B,2026-W23,5,2,false,true,5.9,5.04,0.1378,,,,,,6.68,4,7.61,,,6.74,6,4.26
B54,local,B,2026-W24,5,1,false,false,6.4,5.63,0.1116,,,,,,,2,7.32,,,7.14,6.18,4.31
B54,local,B,2026-W25,3,2,false,false,6.06,5.02,0.125,,,,,,,2,7.72,,,6.82,6.23,4.49
B54,local,B,2026-W26,5,2,false,false,5.99,5.21,0.1033,,,,,,,1,7.72,,,7.87,7.24,3.52
B54,local,B,2026-W27,3,2,true,true,6.22,5.48,0.0934,5.97,5.28,6,5.79,5.18,6.79,16,7.36,,,7.67,6.75,4.05
B54,local,B,2026-W28,5,2,true,true,6.33,5.55,0.1051,6.18,5.42,5.99,5.73,5.03,7.15,16,7.39,,,6.69,5.73,4.55
B54,local,B,2026-W29,5,2,true,true,6.27,5.47,0.1074,6.22,5.43,5.85,5.77,5.05,,16,7.42,,,7.1,6.29,4.26
B54,local,B,2026-W30,5,2,true,true,6.28,5.47,0.1072,6.03,5.17,6,5.64,4.98,,16,7.65,,,7.04,6.1,4.34
B54,local,B,2026-W31,5,2,true,true,6.17,5.37,0.1074,5.97,5.25,5.92,5.61,4.94,,16,7.7,,,6.98,5.97,4.04
B54,local,B,2026-W32,5,2,false,true,6.19,5.43,0.1087,6.06,5.37,5.8,5.63,4.96,7.16,17,7.6,,,7.03,6.19,4.45
B54,local,B,2026-W33,5,2,true,true,6.24,5.48,0.1036,6.24,5.44,5.86,5.58,4.9,7.09,17,7.34,,,6.69,5.68,4.2
B54,local,B,2026-W34,5,2,true,true,6.26,5.5,0.1016,6.22,5.51,5.95,5.77,5.07,6.84,17,7.37,,,6.95,5.92,4.56
B54,local,B,2026-W35,5,2,true,true,6.32,5.57,0.0957,6.31,5.61,5.98,5.59,4.91,7.16,17,7.14,,,6.44,5.51,4.52
B54,local,B,2026-W36,5,2,true,true,6.09,5.25,0.1161,5.96,5.06,5.68,5.4,4.78,7.04,17,7.32,,,7.27,6.22,3.51
B54,local,B,2026-W37,4,2,true,true,5.82,5.06,0.1103,5.76,4.97,5.42,5.25,4.57,6.69,17,7.59,7.56,,6.9,5.93,4.51
B54,local,B,2026-W38,5,2,true,true,5.87,5.08,0.1152,5.63,4.8,5.55,5.2,4.49,6.77,17,7.98,7.58,,7,6.15,4.61
B54,local,B,2026-W39,5,2,true,true,5.93,5.22,0.0988,5.76,5.05,5.61,5.18,4.52,6.81,17,8.03,7.57,,7.52,6.56,4.49
B54,local,B,2026-W40,5,2,true,false,6.03,5.34,0.1012,5.97,5.34,5.82,5.59,4.96,6.56,17,7.93,7.58,,6.79,5.88,4.66
B54,local,B,2026-W41,5,0,true,false,5.93,5.15,0.1182,5.67,4.96,5.68,5.1,4.37,6.81,17,8.07,7.58,14.8,,,
B57,local,B,2026-W17,0,2,false,true,,,,,,,,,,,,,,8.53,6.47,4.3
B57,local,B,2026-W18,5,2,false,false,6.73,5.98,0.0978,,,,6.24,5.5,,13,8.62,,,8.29,7.34,5.61
B57,local,B,2026-W19,5,2,false,true,6.68,5.92,0.0973,,,,6.09,5.35,,12,8.54,,,7.84,6.88,6.14
B57,local,B,2026-W20,5,2,false,true,7.04,6.24,0.1036,5.87,5.14,6.67,6.27,5.43,,15,8.55,,,7.95,6.73,6.04
B57,local,B,2026-W21,5,2,false,false,7.07,6.3,0.0978,,,,5.98,5.09,,13,8.13,,,8.54,7.46,5.56
B57,local,B,2026-W22,4,2,false,true,6.78,5.88,0.1176,6.25,5.38,6.09,5.89,5.02,,15,8.45,,,7.64,6.81,6.35
B57,local,B,2026-W23,5,2,false,true,7.05,6,0.1239,,,,,,8.45,4,8.87,,,8.23,7.35,5.58
B57,local,B,2026-W24,5,1,false,false,6.1,4.81,0.1632,,,,,,,2,7.77,,,8.26,7.52,4.95
B57,local,B,2026-W25,3,2,false,false,6.25,4.99,0.146,,,,,,,2,8.78,,,8.3,7.13,6.02
B57,local,B,2026-W26,5,2,false,false,5.89,5,0.1184,,,,,,,1,8.23,,,8.06,7.05,5.79
B57,local,B,2026-W27,3,2,true,true,6.98,6.16,0.1026,6.66,5.69,6.33,6.57,5.9,8.22,16,7.57,,,8.81,7.78,5.9
B57,local,B,2026-W28,5,2,true,true,7.16,6.25,0.1079,6.96,5.96,6.54,6.54,5.72,8.4,16,8.2,,,8.26,7.21,5.51
B57,local,B,2026-W29,5,2,true,true,7.13,6.2,0.1178,6.36,5.52,6.66,6.69,5.78,,16,7.68,,,8.64,7.66,5.64
B57,local,B,2026-W30,5,2,true,true,7.16,6.25,0.1107,6.68,5.78,6.63,6.33,5.52,,16,7.99,,,7.96,6.99,6.25
B57,local,B,2026-W31,5,2,true,true,7.06,6.27,0.0954,6.79,5.94,6.49,6.51,5.72,,16,8.29,,,8.16,7.16,6.19
B57,local,B,2026-W32,5,2,false,true,7.23,6.32,0.1093,6.86,6.05,6.52,6.79,5.72,8.55,17,7.91,,,8.1,7.16,5.86
B57,local,B,2026-W33,5,2,true,true,7.26,6.43,0.098,6.99,6.08,6.63,6.53,5.73,8.68,17,7.96,,,7.93,6.96,6.24
B57,local,B,2026-W34,5,2,true,true,7.16,6.33,0.0988,6.98,6.16,6.69,6.59,5.77,8.18,17,8.01,,,8.29,7.52,6.06
B57,local,B,2026-W35,5,2,true,true,7.23,6.47,0.0916,6.85,6.1,6.86,6.36,5.6,8.54,17,8.06,,,7.94,6.92,6.12
B57,local,B,2026-W36,5,2,true,true,7.03,6.04,0.1156,6.55,5.64,6.13,6.22,5.14,8.94,17,7.8,,,8.09,7.06,5.34
B57,local,B,2026-W37,4,2,true,true,6.51,5.59,0.1157,6.13,5.2,5.91,5.68,4.79,7.96,17,8.28,8.32,,8.1,7.22,5.74
B57,local,B,2026-W38,5,2,true,true,6.59,5.76,0.1114,6.04,5.24,5.99,5.69,4.92,8.31,17,8.64,8.32,,7.96,7.19,6.05
B57,local,B,2026-W39,5,2,true,true,6.73,5.83,0.1167,6.23,5.39,6.08,6.07,5.23,8.3,17,8.62,8.32,,8.71,7.74,5.91
B57,local,B,2026-W40,5,2,true,false,6.92,6.06,0.1074,6.68,5.82,6.58,6.25,5.47,7.73,17,8.64,8.32,,7.23,6.36,6.32
B57,local,B,2026-W41,5,0,true,false,6.75,5.87,0.117,6.18,5.47,6.21,5.97,5.21,8.26,17,8.61,8.32,14.1,,,
B6,local,B,2026-W17,0,2,false,true,,,,,,,,,,,,,,8.15,7.34,18.33
B6,local,B,2026-W18,5,2,false,false,7.84,7.08,0.0825,,,,7.21,6.51,,13,34.18,,,8.09,7.22,21.1
B6,local,B,2026-W19,5,2,false,true,7.91,7.12,0.081,,,,7.36,6.56,,12,35.7,,,8.2,7.26,20.93
B6,local,B,2026-W20,5,2,false,true,7.74,7.04,0.075,7.09,6.51,7.47,6.91,6.15,,15,35.68,,,8.03,7.07,16.14
B6,local,B,2026-W21,5,2,false,false,7.72,6.9,0.0951,,,,7.03,6.18,,13,34.98,,,8.6,7.69,20.05
B6,local,B,2026-W22,4,2,false,true,7.65,6.79,0.0976,7.18,6.32,7.17,7.18,6.31,,15,35.43,,,8.1,7.21,20.84
B6,local,B,2026-W23,5,2,false,true,8,7.2,0.0786,,,,,,8.98,4,33.42,,,8.18,7.27,21.42
B6,local,B,2026-W24,5,1,false,false,8.11,7.28,0.0931,,,,,,,2,33.01,,,8.12,7.21,17.51
B6,local,B,2026-W25,3,2,false,false,8.07,7.12,0.0924,,,,,,,2,33.58,,,7.91,7.17,22.61
B6,local,B,2026-W26,5,2,false,false,7.79,7.14,0.0795,,,,,,,1,33.11,,,8.28,7.22,19.26
B6,local,B,2026-W27,3,2,true,true,8.16,7.37,0.0807,8.06,7.36,7.89,7.73,6.84,8.72,16,29.99,,,8.58,7.65,20.98
B6,local,B,2026-W28,5,2,true,true,8.14,7.32,0.0873,7.98,7.23,7.64,7.68,6.87,9.09,16,30.02,,,8.41,7.48,20.44
B6,local,B,2026-W29,5,2,true,true,8.1,7.27,0.0852,7.96,7.1,7.74,7.36,6.47,,16,30.29,,,8.32,7.5,21.02
B6,local,B,2026-W30,5,2,true,true,8.19,7.41,0.0763,8.09,7.29,7.84,7.53,6.8,,16,30.4,,,8.3,7.5,21.13
B6,local,B,2026-W31,5,2,true,true,8.23,7.45,0.0755,8.13,7.4,7.88,7.46,6.74,,16,29.58,,,8.28,7.43,21.39
B6,local,B,2026-W32,5,2,false,true,8.15,7.32,0.0844,7.97,7.27,7.82,7.53,6.67,8.98,17,29.53,,,8.3,7.42,20.97
B6,local,B,2026-W33,5,2,true,true,8.04,7.23,0.0832,8.07,7.32,7.63,7.48,6.62,8.78,17,30.36,,,8.29,7.5,19.36
B6,local,B,2026-W34,5,2,true,true,8.15,7.36,0.0781,8.2,7.38,7.74,7.55,6.76,8.86,17,30.53,,,8.25,7.42,19.82
B6,local,B,2026-W35,5,2,true,true,8.17,7.4,0.0762,8.08,7.43,7.82,7.4,6.63,9.04,17,28.89,,,8.19,7.3,20.96
B6,local,B,2026-W36,5,2,true,true,7.98,7.09,0.0866,7.95,7.07,7.45,7.31,6.47,9.01,17,31.44,,,8.31,7.43,21.77
B6,local,B,2026-W37,4,2,true,true,7.66,6.84,0.0866,7.28,6.49,7.24,6.84,6.03,8.97,17,33.65,36.66,,8.37,7.53,20.52
B6,local,B,2026-W38,5,2,true,true,7.52,6.74,0.0862,7.11,6.37,7.08,6.78,6.02,8.84,17,36.74,38.74,,8.24,7.43,20.8
B6,local,B,2026-W39,5,2,true,true,7.78,7.04,0.0767,7.52,6.76,7.34,7.03,6.28,8.98,17,35.94,37.9,,8.54,7.82,20.53
B6,local,B,2026-W40,5,2,true,false,7.92,7.13,0.086,7.66,6.79,7.54,7.34,6.53,8.94,17,36.29,38.74,,8.18,7.24,20.78
B6,local,B,2026-W41,5,0,true,false,7.67,6.85,0.0917,7.32,6.63,7.32,6.91,6.12,8.83,17,35.88,38.74,18,,,
B60,local,B,2026-W17,0,2,false,true,,,,,,,,,,,,,,7.4,6.78,5.95
B60,local,B,2026-W18,5,2,false,false,6.51,5.95,0.0734,,,,6.23,5.65,,13,10.66,,,7.31,6.64,6.42
B60,local,B,2026-W19,5,2,false,true,6.46,5.8,0.0969,,,,5.59,5.14,,12,10.33,,,7.41,6.77,6.24
B60,local,B,2026-W20,5,2,false,true,6.54,5.93,0.0826,5.97,5.36,6.53,5.94,5.41,,15,11.72,,,7.06,6.43,6.61
B60,local,B,2026-W21,5,2,false,false,6.35,5.72,0.0953,,,,5.64,4.98,,13,11.57,,,7.58,6.92,6.45
B60,local,B,2026-W22,4,2,false,true,6.63,5.96,0.0877,6.64,6.02,6.21,6.18,5.51,,15,11.47,,,7.08,6.38,6.43
B60,local,B,2026-W23,5,2,false,true,6.6,5.86,0.0897,,,,,,7.41,4,10.91,,,7.07,6.31,5.71
B60,local,B,2026-W24,5,1,false,false,6.95,6.46,0.0717,,,,,,,2,11.14,,,7.49,5.39,4.74
B60,local,B,2026-W25,3,2,false,false,6.42,5.64,0.0843,,,,,,,2,12.4,,,7.51,6.78,6.25
B60,local,B,2026-W26,5,2,false,false,6.1,5.61,0.0645,,,,,,,1,11.51,,,7.53,7.04,6.14
B60,local,B,2026-W27,3,2,true,true,6.72,6.12,0.0767,6.58,5.93,6.37,6.23,5.68,7.5,16,10.8,,,7.65,7.02,6.59
B60,local,B,2026-W28,5,2,true,true,6.79,6.17,0.0757,6.5,5.78,6.44,6.26,5.65,7.7,16,10.93,,,7.29,6.57,6.07
B60,local,B,2026-W29,5,2,true,true,6.8,6.17,0.0763,6.53,5.97,6.66,6.17,5.56,,16,11.17,,,7.46,6.86,5.91
B60,local,B,2026-W30,5,2,true,true,6.69,5.97,0.0903,6.52,5.79,6.46,5.9,5.27,,16,11.24,,,7.13,6.47,6.6
B60,local,B,2026-W31,5,2,true,true,6.79,6.14,0.0765,6.7,6.14,6.57,6.09,5.53,,16,10.76,,,7.22,6.56,6.42
B60,local,B,2026-W32,5,2,false,true,6.85,6.22,0.0804,6.65,6.03,6.54,6.16,5.5,7.7,17,10.92,,,7.35,6.74,6.47
B60,local,B,2026-W33,5,2,true,true,6.7,6.03,0.0826,6.65,5.98,6.5,6.17,5.53,7.26,17,11.05,,,7.33,6.66,6.52
B60,local,B,2026-W34,5,2,true,true,6.89,6.24,0.0785,6.66,6,6.67,6.25,5.69,7.58,17,11.15,,,7.23,6.4,6.07
B60,local,B,2026-W35,5,2,true,true,6.79,6.18,0.0761,6.69,6.04,6.59,6.12,5.62,7.34,17,11.08,,,6.95,6.27,6.69
B60,local,B,2026-W36,5,2,true,true,6.78,6.08,0.0821,6.43,5.87,6.38,6.24,5.61,7.79,17,11.07,,,7.28,6.62,5.51
B60,local,B,2026-W37,4,2,true,true,6.56,5.92,0.0801,6.2,5.69,6.31,5.93,5.38,7.49,17,11.07,11.6,,7.4,6.68,6.59
B60,local,B,2026-W38,5,2,true,true,6.63,5.99,0.0807,6.08,5.49,6.41,5.94,5.34,7.65,17,11.71,11.65,,7.34,6.79,6
B60,local,B,2026-W39,5,2,true,true,6.75,6.1,0.0782,6.26,5.65,6.49,6.14,5.54,7.91,17,11.36,11.63,,7.8,7.18,6.07
B60,local,B,2026-W40,5,2,true,false,6.62,5.99,0.0871,6.22,5.48,6.35,6.03,5.45,7.6,17,10.94,11.65,,7.02,6.43,6.18
B60,local,B,2026-W41,5,0,true,false,6.48,5.81,0.0886,6.13,5.56,6.16,5.82,5.17,7.39,17,11.48,11.65,15.1,,,
B61,local,B,2026-W17,0,2,false,true,,,,,,,,,,,,,,7.19,6.15,5.14
B61,local,B,2026-W18,5,2,false,false,6.77,6.1,0.0843,,,,6.54,6.14,,13,8.25,,,7.55,6.22,5.5
B61,local,B,2026-W19,5,2,false,true,6.94,6.21,0.0834,,,,6.85,6.15,,12,8.4,,,7.66,6.43,6.42
B61,local,B,2026-W20,5,2,false,true,6.81,6.09,0.0886,6.15,5.49,6.48,6.41,5.74,,15,8.45,,,7.3,6.19,5.2
B61,local,B,2026-W21,5,2,false,false,6.86,5.96,0.1197,,,,6.1,5.16,,13,8.34,,,8.16,6.81,6.06
B61,local,B,2026-W22,4,2,false,true,6.74,5.96,0.1,6.35,5.71,6.35,6.33,5.43,,15,8.55,,,7.51,6.45,6.07
B61,local,B,2026-W23,5,2,false,true,7.04,6.14,0.0983,,,,,,7.94,4,8.46,,,7.24,6.23,6.04
B61,local,B,2026-W24,5,1,false,false,6.96,6.2,0.0995,,,,,,,2,8.39,,,7.94,6.81,5.29
B61,local,B,2026-W25,3,2,false,false,6.48,5.15,0.1787,,,,,,,2,8.02,,,7.63,6.31,5.75
B61,local,B,2026-W26,5,2,false,false,7.2,6.81,0.0384,,,,,,,1,8.5,,,7.79,6.12,5.35
B61,local,B,2026-W27,3,2,true,true,6.93,6.07,0.1056,7.01,6.22,6.22,6.75,6.04,7.78,16,7.85,,,8.14,6.77,5.1
B61,local,B,2026-W28,5,2,true,true,6.99,6.04,0.1143,6.85,6.1,6.56,6.38,5.51,7.9,16,8.19,,,7.83,6.79,5.24
B61,local,B,2026-W29,5,2,true,true,7,5.99,0.1212,6.54,5.55,6.67,6.77,5.88,,16,7.91,,,8.01,6.82,5.64
B61,local,B,2026-W30,5,2,true,true,7.15,6.23,0.1093,7.21,6.31,6.72,6.61,5.59,,16,7.81,,,7.51,6.34,6.11
B61,local,B,2026-W31,5,2,true,true,6.87,6.05,0.1026,6.46,5.56,6.44,6.38,5.61,,16,8.26,,,7.32,6.04,6.09
B61,local,B,2026-W32,5,2,false,true,6.95,6.04,0.1149,6.81,6.02,6.56,6.64,5.57,7.53,17,7.57,,,7.28,6.23,5.92
B61,local,B,2026-W33,5,2,true,true,7,6.02,0.1145,7.02,6.21,6.54,6.69,5.96,7.75,17,7.86,,,7.69,6.54,5.77
B61,local,B,2026-W34,5,2,true,true,7.03,6.25,0.0892,6.93,6.11,6.65,6.57,5.98,7.7,17,8.11,,,7.73,6.72,5.93
B61,local,B,2026-W35,5,2,true,true,7.19,6.36,0.0975,6.85,5.89,6.75,6.81,6.01,8.06,17,7.94,,,7.51,6.31,5.71
B61,local,B,2026-W36,5,2,true,true,7.11,6.21,0.1022,6.91,5.94,6.55,6.74,5.93,8.06,17,7.82,,,7.69,6.3,5.55
B61,local,B,2026-W37,4,2,true,true,6.91,6.12,0.0928,6.73,5.89,6.47,6.49,5.75,7.74,17,7.98,8.22,,7.4,6.37,5.79
B61,local,B,2026-W38,5,2,true,true,6.84,6.09,0.0975,6.21,5.5,6.35,6.35,5.54,8.12,17,8.16,8.22,,7.61,6.47,5.79
B61,local,B,2026-W39,5,2,true,true,6.87,6.11,0.0915,6.42,5.62,6.45,6.42,5.74,7.89,17,8.3,8.22,,8.02,6.71,4.93
B61,local,B,2026-W40,5,2,true,false,7.12,6.41,0.0877,6.7,6,6.61,6.5,5.85,8.5,17,7.56,8.22,,7.85,7,5.31
B61,local,B,2026-W41,5,0,true,false,6.89,6.06,0.106,6.45,5.8,6.45,6.47,5.7,8,17,8.51,8.22,15,,,
B62,local,B,2026-W17,0,2,false,true,,,,,,,,,,,,,,7.65,5.49,6.31
B62,local,B,2026-W18,5,2,false,false,7.45,6.71,0.0767,,,,7,6.43,,13,10.85,,,7.76,6.48,6.38
B62,local,B,2026-W19,5,2,false,true,7.29,6.62,0.0711,,,,5.95,5.38,,12,10.42,,,8.41,7.53,8.55
B62,local,B,2026-W20,5,2,false,true,7.44,6.72,0.0838,7.8,7.25,7.27,6.47,5.83,,15,10.96,,,8.19,7.16,7.96
B62,local,B,2026-W21,5,2,false,false,7.51,6.77,0.0813,,,,6.64,5.92,,13,10.16,,,8.31,7.41,7.24
B62,local,B,2026-W22,4,2,false,true,7.53,6.68,0.094,7.32,6.45,7.11,7.11,6.31,,15,10.1,,,8.27,7.39,8.18
B62,local,B,2026-W23,5,2,false,true,6.87,6.08,0.09,,,,,,7.5,4,9.24,,,7.78,6.79,8.32
B62,local,B,2026-W24,5,1,false,false,7.93,6.9,0.0978,,,,,,,2,10.69,,,9.15,8.08,6.58
B62,local,B,2026-W25,3,2,false,false,7.74,6.69,0.1139,,,,,,,2,10.69,,,8.07,7.39,7.71
B62,local,B,2026-W26,5,2,false,false,7.44,6.83,0.0767,,,,,,,1,10.54,,,8.63,7.79,7.42
B62,local,B,2026-W27,3,2,true,true,7.52,6.81,0.0766,7.8,7.09,7.12,7.15,6.47,7.8,16,10.65,,,8.55,7.61,7.42
B62,local,B,2026-W28,5,2,true,true,7.74,6.88,0.0847,7.88,7.12,7.4,6.98,6.17,8.35,16,10.56,,,7.54,6.54,8.12
B62,local,B,2026-W29,5,2,true,true,7.54,6.77,0.0833,7.57,6.9,7.11,7.19,6.41,,16,10.27,,,8.33,7.45,7.48
B62,local,B,2026-W30,5,2,true,true,7.5,6.73,0.0819,7.58,6.84,7.07,6.98,6.28,,16,10.42,,,8.2,7.33,8.12
B62,local,B,2026-W31,5,2,true,true,7.55,6.77,0.0829,7.68,6.96,7.23,7.01,6.31,,16,10.29,,,8.1,7.12,8.22
B62,local,B,2026-W32,5,2,false,true,7.58,6.81,0.0848,7.71,6.95,7.15,6.69,5.98,8.29,17,10.35,,,8.13,7.34,8.26
B62,local,B,2026-W33,5,2,true,true,7.65,6.92,0.0751,7.93,7.26,7.35,7.09,6.39,7.98,17,10.18,,,8.18,7.2,8.33
B62,local,B,2026-W34,5,2,true,true,7.51,6.8,0.0758,7.76,7.03,7.24,6.79,6.08,7.98,17,10.49,,,7.79,7.04,8.62
B62,local,B,2026-W35,5,2,true,true,7.6,6.9,0.0753,7.46,6.78,7.33,7.13,6.51,8.23,17,10.28,,,8.06,7.16,8.31
B62,local,B,2026-W36,5,2,true,true,7.43,6.59,0.0847,7.51,6.64,7.02,6.78,5.96,8.2,17,10.3,,,8.24,7.51,7.71
B62,local,B,2026-W37,4,2,true,true,7.19,6.39,0.0865,7.13,6.26,6.71,6.4,5.81,8.03,17,10.15,10.67,,7.68,6.85,7.91
B62,local,B,2026-W38,5,2,true,true,7.05,6.32,0.085,6.83,6.19,6.51,6.23,5.56,8.22,17,10.69,10.67,,7.74,6.83,8.14
B62,local,B,2026-W39,5,2,true,true,7.35,6.62,0.0776,7.23,6.52,6.88,6.64,6.03,8.13,17,10.46,10.67,,8.24,7.53,8.48
B62,local,B,2026-W40,5,2,true,false,7.42,6.69,0.08,7.18,6.55,7.06,6.95,6.25,7.96,17,10.87,10.67,,7.86,6.73,8.74
B62,local,B,2026-W41,5,0,true,false,7.24,6.46,0.0872,7.25,6.5,6.79,6.55,5.88,8.01,17,10.76,10.67,12.6,,,
B63,local,B,2026-W17,0,2,false,true,,,,,,,,,,,,,,6.47,5.22,9.86
B63,local,B,2026-W18,5,2,false,false,5.92,5.33,0.0841,,,,5.45,4.96,,13,12.05,,,6.66,5.66,9.7
B63,local,B,2026-W19,5,2,false,true,5.82,5.15,0.0999,,,,5.18,4.71,,12,12.5,,,6.86,5.72,9.52
B63,local,B,2026-W20,5,2,false,true,6.11,5.38,0.0987,5.87,5.01,5.51,5.53,4.92,,15,12.12,,,6.61,5.65,9.13
B63,local,B,2026-W21,5,2,false,false,6.05,5.29,0.1135,,,,5.61,4.89,,13,12.01,,,6.92,6.02,10.05
B63,local,B,2026-W22,4,2,false,true,6,5.23,0.1078,5.95,5.17,5.61,5.46,4.73,,15,11.6,,,6.52,5.71,9.37
B63,local,B,2026-W23,5,2,false,true,5.76,4.99,0.1106,,,,,,6.46,4,11.39,,,6.62,5.77,10.23
B63,local,B,2026-W24,5,1,false,false,6.21,5.63,0.0885,,,,,,,2,11.66,,,7.32,6.46,8.42
B63,local,B,2026-W25,3,2,false,false,5.88,5.27,0.0782,,,,,,,2,11.59,,,6.88,6.06,10.45
B63,local,B,2026-W26,5,2,false,false,5.78,5.44,0.0764,,,,,,,1,11.62,,,6.64,5.63,9.33
B63,local,B,2026-W27,3,2,true,true,6.1,5.34,0.1062,6.25,5.56,5.61,5.73,4.94,6.54,16,10.65,,,7.01,6.06,8.91
B63,local,B,2026-W28,5,2,true,true,6.29,5.45,0.1105,6.57,5.65,5.65,5.69,4.96,7.06,16,11.24,,,6.83,5.78,10.16
B63,local,B,2026-W29,5,2,true,true,6.2,5.37,0.1131,6.27,5.53,5.72,5.6,4.84,,16,11.49,,,6.81,5.93,10.09
B63,local,B,2026-W30,5,2,true,true,6.11,5.37,0.1029,6.1,5.32,5.67,5.62,4.95,,16,11.47,,,6.52,5.8,10.24
B63,local,B,2026-W31,5,2,true,true,6.09,5.38,0.1015,6.26,5.59,5.51,5.7,4.95,,16,11.9,,,6.85,5.91,10.17
B63,local,B,2026-W32,5,2,false,true,6.23,5.43,0.1111,6.26,5.35,5.82,5.6,4.9,6.67,17,11.52,,,6.74,5.82,9.87
B63,local,B,2026-W33,5,2,true,true,6.09,5.36,0.0997,6.41,5.64,5.59,5.59,4.87,6.39,17,11.66,,,6.9,6.09,10.35
B63,local,B,2026-W34,5,2,true,true,6.19,5.5,0.0962,6.12,5.47,5.69,5.65,5.07,6.93,17,11.02,,,6.74,5.99,9.45
B63,local,B,2026-W35,5,2,true,true,6.19,5.45,0.1035,6.22,5.42,5.77,5.84,5.26,6.67,17,11.7,,,6.93,5.9,10.52
B63,local,B,2026-W36,5,2,true,true,6.35,5.53,0.1053,6.21,5.44,5.75,5.6,4.93,7.47,17,11.57,,,6.93,5.82,10.37
B63,local,B,2026-W37,4,2,true,true,5.95,5.11,0.1179,5.93,5.27,5.55,5.34,4.53,6.71,17,11.45,12.64,,6.71,5.79,9.65
B63,local,B,2026-W38,5,2,true,true,5.86,5.13,0.1069,5.82,5.13,5.42,5.1,4.36,6.73,17,11.61,12.84,,6.85,5.9,8.36
B63,local,B,2026-W39,5,2,true,true,5.96,5.3,0.0918,5.85,5.18,5.5,5.41,4.79,6.8,17,12.59,12.76,,7.09,6.26,10.35
B63,local,B,2026-W40,5,2,true,false,6.08,5.4,0.0976,5.83,5.23,5.6,5.49,4.78,7.14,17,12.32,12.84,,6.37,5.38,9.48
B63,local,B,2026-W41,5,0,true,false,5.91,5.08,0.117,5.87,5.25,5.36,5.37,4.53,6.66,17,12.26,12.84,15.4,,,
B64,local,B,2026-W17,0,2,false,true,,,,,,,,,,,,,,8.96,8.27,5.03
B64,local,B,2026-W18,5,2,false,false,7.8,7.28,0.0571,,,,7.02,6.59,,13,5.97,,,8.63,7.82,5.43
B64,local,B,2026-W19,5,2,false,true,7.78,7.14,0.0639,,,,7.4,7.09,,12,6.03,,,8.77,8.15,4.86
B64,local,B,2026-W20,5,2,false,true,7.78,7.24,0.0587,6.84,6.61,7.7,7.26,6.73,,15,6.1,,,8.49,7.65,4.6
B64,local,B,2026-W21,5,2,false,false,7.97,7.39,0.0628,,,,7.1,6.55,,13,6.45,,,9.22,8.34,5.17
B64,local,B,2026-W22,4,2,false,true,7.94,7.31,0.0684,7.37,6.81,7.85,7.2,6.49,,15,6.02,,,8.65,8.02,5.23
B64,local,B,2026-W23,5,2,false,true,7.7,7.12,0.0593,,,,,,8.67,4,6.3,,,8.69,7.94,5.86
B64,local,B,2026-W24,5,1,false,false,7.28,5.46,0.221,,,,,,,2,5.79,,,9.27,8.6,4.4
B64,local,B,2026-W25,3,2,false,false,8.91,7.79,0.1174,,,,,,,2,5.71,,,8.79,7.96,5.64
B64,local,B,2026-W26,5,2,false,false,7.61,6.27,0.1451,,,,,,,1,5.97,,,8.85,8.2,5.47
B64,local,B,2026-W27,3,2,true,true,7.89,7.25,0.0641,7.58,7.03,7.35,7.8,7.13,8.77,16,5.88,,,8.75,8.04,5.65
B64,local,B,2026-W28,5,2,true,true,7.85,7.16,0.0643,7.62,6.88,7.33,7.44,6.76,8.9,16,6.3,,,8.84,8.1,5.66
B64,local,B,2026-W29,5,2,true,true,8.02,7.42,0.0598,7.75,7.29,7.65,7.4,6.98,,16,5.89,,,8.98,8.38,4.93
B64,local,B,2026-W30,5,2,true,true,7.88,7.3,0.0612,7.82,7.13,7.35,7.54,7.08,,16,5.81,,,8.75,8.1,5.13
B64,local,B,2026-W31,5,2,true,true,8.08,7.51,0.0523,7.91,7.41,7.49,7.57,7.06,,16,5.86,,,8.6,7.77,5.64
B64,local,B,2026-W32,5,2,false,true,8.03,7.37,0.0611,7.85,7.33,7.48,7.43,6.89,9,17,5.8,,,8.71,7.97,5.44
B64,local,B,2026-W33,5,2,true,true,8.03,7.37,0.0696,7.82,7.19,7.53,7.4,6.82,9.1,17,6.02,,,8.74,8.12,5.14
B64,local,B,2026-W34,5,2,true,true,7.99,7.34,0.0692,7.85,7.04,7.54,7.6,7.11,8.85,17,5.87,,,8.65,7.99,5.04
B64,local,B,2026-W35,5,2,true,true,8.07,7.45,0.0645,7.97,7.36,7.76,7.6,7.02,8.65,17,5.7,,,8.87,8.16,5.46
B64,local,B,2026-W36,5,2,true,true,8.08,7.39,0.0659,7.92,7.06,7.64,7.79,7.17,9.01,17,5.82,,,8.72,8.04,5.4
B64,local,B,2026-W37,4,2,true,true,7.71,7.06,0.0637,7.42,6.76,7.35,7.26,6.67,8.63,17,6.18,6.35,,8.56,7.77,5.93
B64,local,B,2026-W38,5,2,true,true,7.69,7.01,0.0703,7.12,6.52,7.42,7.23,6.63,8.73,17,6.49,6.45,,8.53,7.82,5.33
B64,local,B,2026-W39,5,2,true,true,7.79,7.19,0.0606,7.32,6.67,7.5,7.14,6.5,8.89,17,6.39,6.41,,8.95,8.2,5.75
B64,local,B,2026-W40,5,2,true,false,7.58,6.86,0.0838,7.1,6.52,7.29,7,6.28,8.62,17,6.84,6.45,,8.55,7.69,5.6
B64,local,B,2026-W41,5,0,true,false,7.6,6.86,0.0798,7.21,6.72,7.29,6.82,6.17,8.57,17,6.09,6.45,14.6,,,
B65,local,B,2026-W17,0,2,false,true,,,,,,,,,,,,,,7.9,6.16,4.55
B65,local,B,2026-W18,5,2,false,false,6.55,5.74,0.1135,,,,6.12,5.43,,13,4.5,,,7.95,6.88,4.75
B65,local,B,2026-W19,5,2,false,true,6.7,5.76,0.1262,,,,5.67,4.34,,12,4.27,,,7.72,6.75,4.99
B65,local,B,2026-W20,5,2,false,true,6.88,6.02,0.1071,7.69,6.84,6.08,6.06,5.4,,15,4.38,,,7.4,6.23,4.88
B65,local,B,2026-W21,5,2,false,false,6.56,5.7,0.1138,,,,5.53,4.72,,13,4.69,,,8.32,7.2,4.88
B65,local,B,2026-W22,4,2,false,true,6.57,5.58,0.1267,6.59,5.49,6.39,5.54,4.7,,15,4.21,,,7.82,6.67,4.99
B65,local,B,2026-W23,5,2,false,true,6.17,5.46,0.1167,,,,,,6.89,4,4.57,,,7.58,6.64,4.65
B65,local,B,2026-W24,5,1,false,false,6.62,5.76,0.1057,,,,,,,2,4.6,,,8.34,7.17,5.18
B65,local,B,2026-W25,3,2,false,false,6.36,5.42,0.1046,,,,,,,2,4.32,,,7.89,7.03,4.89
B65,local,B,2026-W26,5,2,false,false,6.32,5.74,0.0972,,,,,,,1,4.61,,,8.42,7.3,5.45
B65,local,B,2026-W27,3,2,true,true,7.06,6.34,0.083,7.46,6.89,6.59,6.43,5.77,7.65,16,4.84,,,8.67,7.59,5.33
B65,local,B,2026-W28,5,2,true,true,6.87,5.98,0.1129,6.58,5.5,6.65,6.38,5.59,7.52,16,4.9,,,7.88,6.9,4.96
B65,local,B,2026-W29,5,2,true,true,6.71,5.84,0.1139,6.5,5.89,6.25,6.41,5.55,,16,4.62,,,7.76,6.8,5.1
B65,local,B,2026-W30,5,2,true,true,6.8,5.85,0.1196,6.43,5.63,6.44,6.46,5.59,,16,4.73,,,7.98,6.89,5.07
B65,local,B,2026-W31,5,2,true,true,6.74,5.83,0.1142,6.83,5.86,6.45,6.02,5.21,,16,4.75,,,7.76,6.84,5.06
B65,local,B,2026-W32,5,2,false,true,6.94,6.14,0.1053,6.71,5.99,6.61,6.52,5.68,7.42,17,4.85,,,7.74,6.38,5
B65,local,B,2026-W33,5,2,true,true,6.97,6.21,0.0979,6.9,6.23,6.42,6.49,5.67,7.87,17,4.91,,,7.49,6.35,4.51
B65,local,B,2026-W34,5,2,true,true,6.96,6.08,0.1054,7.13,6.08,6.42,6.74,5.92,7.53,17,4.89,,,7.84,6.94,4.74
B65,local,B,2026-W35,5,2,true,true,7.03,6.22,0.1026,7.06,6.32,6.68,6.73,6.01,7.39,17,4.63,,,7.76,6.64,5.19
B65,local,B,2026-W36,5,2,true,true,7.05,6.2,0.0987,6.93,6.04,6.63,6.43,5.67,7.92,17,4.88,,,7.96,6.94,4.92
B65,local,B,2026-W37,4,2,true,true,6.51,5.68,0.1055,6.22,5.51,6.31,6.05,5.25,7.1,17,5.13,5.34,,7.73,6.63,5.1
B65,local,B,2026-W38,5,2,true,true,6.39,5.53,0.1186,6.12,5.26,6.24,5.57,4.73,7.18,17,5.03,5.34,,7.85,6.83,4.96
B65,local,B,2026-W39,5,2,true,true,6.5,5.64,0.1065,6.54,5.71,6.17,5.64,4.88,7.44,17,5.12,5.34,,8.4,7.49,4.9
B65,local,B,2026-W40,5,2,true,false,6.74,5.83,0.118,6.36,5.6,6.49,6.08,5.22,7.49,17,4.98,5.34,,7.59,6.09,4.88
B65,local,B,2026-W41,5,0,true,false,6.62,5.78,0.1112,6.54,5.89,6.31,5.82,5.06,7.57,17,5.22,5.34,10.6,,,
B67,local,B,2026-W17,0,2,false,true,,,,,,,,,,,,,,7.79,6.53,2.15
B67,local,B,2026-W18,5,2,false,false,7.12,6.42,0.0849,,,,6.76,5.97,,13,6.41,,,7.62,6.76,2.77
B67,local,B,2026-W19,5,2,false,true,7.01,6.34,0.0725,,,,5.88,5.36,,12,6.01,,,7.91,7.08,2.73
B67,local,B,2026-W20,5,2,false,true,6.97,6.21,0.0855,6.86,6.19,6.44,5.81,5.11,,15,6.53,,,7.07,5.55,2.44
B67,local,B,2026-W21,5,2,false,false,6.94,6.15,0.1114,,,,6.06,5.28,,13,6.63,,,7.32,6.2,2.56
B67,local,B,2026-W22,4,2,false,true,6.89,5.83,0.133,6.37,5.66,6.63,6.22,4.95,,15,6.52,,,8.22,7.13,2.96
B67,local,B,2026-W23,5,2,false,true,6.37,4.64,0.2473,,,,,,7.29,4,6.43,,,7.52,6.75,2.92
B67,local,B,2026-W24,5,1,false,false,6.77,5.9,0.1337,,,,,,,2,6.89,,,8.56,7.49,2.93
B67,local,B,2026-W25,3,2,false,false,6.82,5.35,0.1808,,,,,,,2,6.91,,,9.5,8.69,2.48
B67,local,B,2026-W26,5,2,false,false,6.81,4.82,0.2133,,,,,,,1,6.94,,,7.56,7.23,2.42
B67,local,B,2026-W27,3,2,true,true,6.95,6.12,0.1058,6.88,6.01,6.49,6.8,6.07,7.5,16,6.61,,,8.58,7.47,2.71
B67,local,B,2026-W28,5,2,true,true,6.95,6.03,0.1183,7.03,6.24,6.51,6.51,5.64,7.56,16,6.75,,,8.12,6.76,2.72
B67,local,B,2026-W29,5,2,true,true,6.91,5.82,0.1414,6.73,5.73,6.33,6.22,5.04,,16,6.64,,,7.63,6.4,2.47
B67,local,B,2026-W30,5,2,true,true,7.05,6.01,0.1309,6.56,5.47,6.88,6.38,5.47,,16,6.99,,,7.29,6.25,2.68
B67,local,B,2026-W31,5,2,true,true,6.89,6.14,0.1034,6.58,5.88,6.78,6.29,5.48,,16,6.84,,,7.31,6.18,2.68
B67,local,B,2026-W32,5,2,false,true,7.26,6.48,0.0978,6.96,6.14,7,6.5,5.76,8.21,17,6.34,,,7.59,6.66,2.53
B67,local,B,2026-W33,5,2,true,true,7.19,6.38,0.1045,6.98,6.18,6.67,6.49,5.75,8.43,17,6.57,,,8.18,7.2,3.07
B67,local,B,2026-W34,5,2,true,true,7.35,6.58,0.0861,7.06,6.38,7.05,6.69,6,8.27,17,6.66,,,8.12,6.93,3
B67,local,B,2026-W35,5,2,true,true,7.37,6.53,0.0951,7.15,6.21,7.03,6.72,6,8.44,17,6.43,,,8.09,7.08,2.94
B67,local,B,2026-W36,5,2,true,true,7.26,6.17,0.118,7.1,5.95,6.81,6.65,5.94,8.18,17,6.17,,,8.36,7.16,2.92
B67,local,B,2026-W37,4,2,true,true,6.73,5.77,0.1189,6.56,5.67,6.33,6.18,5.48,7.5,17,6.56,6.98,,7.97,6.85,2.68
B67,local,B,2026-W38,5,2,true,true,6.8,5.83,0.1304,6.54,5.76,6.3,6.02,5.24,7.78,17,6.67,7.01,,7.8,6.73,2.57
B67,local,B,2026-W39,5,2,true,true,7.04,6.11,0.1138,6.71,5.82,6.39,6.32,5.64,8.37,17,6.53,6.99,,8.33,7.25,2.93
B67,local,B,2026-W40,5,2,true,false,6.52,5.76,0.1081,6.49,5.72,6.14,6.32,5.47,6.82,17,6.4,7.01,,7.05,6.16,2.91
B67,local,B,2026-W41,5,0,true,false,6.74,5.9,0.1083,6.6,5.89,6.44,6.02,5.39,7.18,17,6.69,7.01,9.9,,,
B68,local,B,2026-W17,0,2,false,true,,,,,,,,,,,,,,8.33,7.5,10.24
B68,local,B,2026-W18,5,2,false,false,7.6,6.79,0.0902,,,,7.44,6.64,,13,12.48,,,8.31,7.37,10.55
B68,local,B,2026-W19,5,2,false,true,7.69,6.9,0.0853,,,,7.5,6.97,,12,12.06,,,8.34,7.38,10.24
B68,local,B,2026-W20,5,2,false,true,7.87,7.12,0.0794,7.53,6.81,7.1,7.37,6.67,,15,12.82,,,7.42,6.23,8.23
B68,local,B,2026-W21,5,2,false,false,7.82,6.85,0.1117,,,,7.62,6.7,,13,10.89,,,8.82,7.74,9.99
B68,local,B,2026-W22,4,2,false,true,7.62,6.65,0.1038,7.46,6.67,6.9,7.13,6.31,,15,12.14,,,8.45,7.42,10.34
B68,local,B,2026-W23,5,2,false,true,7.79,6.86,0.0956,,,,,,8.69,4,11.75,,,8.52,7.49,10.89
B68,local,B,2026-W24,5,1,false,false,7.18,6.63,0.0666,,,,,,,2,12.11,,,8.45,7.64,8.88
B68,local,B,2026-W25,3,2,false,false,7.59,6.8,0.0874,,,,,,,2,11.98,,,8.21,7.42,10.54
B68,local,B,2026-W26,5,2,false,false,7.06,6.46,0.0717,,,,,,,1,12.18,,,8.6,7.56,10.38
B68,local,B,2026-W27,3,2,true,true,7.53,6.72,0.0923,7.62,6.91,6.96,7.19,6.53,8.07,16,11.52,,,8.6,7.59,10.3
B68,local,B,2026-W28,5,2,true,true,7.79,6.86,0.1003,7.82,6.93,7.12,7.62,6.65,8.41,16,12.36,,,8.51,7.47,9.68
B68,local,B,2026-W29,5,2,true,true,7.76,6.74,0.1124,7.64,6.73,6.97,7.47,6.49,,16,12.21,,,8.72,7.78,10.43
B68,local,B,2026-W30,5,2,true,true,7.73,6.77,0.1063,7.67,6.72,7.12,7.27,6.43,,16,11.5,,,8.5,7.38,10.67
B68,local,B,2026-W31,5,2,true,true,7.85,6.98,0.0872,7.63,6.93,7.25,7.29,6.53,,16,11.53,,,8.49,7.58,10.28
B68,local,B,2026-W32,5,2,false,true,7.8,6.79,0.1039,7.62,6.77,7.12,7.47,6.63,8.38,17,11.69,,,8.51,7.43,9.54
B68,local,B,2026-W33,5,2,true,true,7.83,6.91,0.0975,7.89,7.01,7.07,7.43,6.56,8.67,17,11.67,,,8.54,7.51,10.01
B68,local,B,2026-W34,5,2,true,true,7.69,6.85,0.0889,7.73,6.97,7.06,7.46,6.75,8.23,17,11.71,,,8.33,7.48,10.18
B68,local,B,2026-W35,5,2,true,true,7.76,6.95,0.0845,7.71,6.92,7.27,7.47,6.78,8.41,17,12.08,,,8.43,7.5,10.42
B68,local,B,2026-W36,5,2,true,true,7.7,6.81,0.0947,7.7,6.91,7.01,7.42,6.61,8.46,17,11.5,,,8.37,7.41,10.19
B68,local,B,2026-W37,4,2,true,true,7.6,6.78,0.0846,7.53,6.82,6.78,7.06,6.32,8.84,17,11.91,12.34,,8.44,7.41,9.08
B68,local,B,2026-W38,5,2,true,true,7.5,6.68,0.0879,7.39,6.7,6.78,7.06,6.24,8.56,17,11.99,12.34,,8.5,7.46,10.49
B68,local,B,2026-W39,5,2,true,true,7.67,6.87,0.0859,7.39,6.63,6.95,7.24,6.51,8.84,17,11.72,12.34,,8.76,7.78,10.34
B68,local,B,2026-W40,5,2,true,false,7.71,6.87,0.0878,7.53,6.8,7.09,7.34,6.63,8.59,17,12.07,12.34,,8.26,7.31,8.99
B68,local,B,2026-W41,5,0,true,false,7.54,6.7,0.0922,7.35,6.6,6.87,7.1,6.4,8.42,17,11.89,12.34,15.1,,,
B69,local,B,2026-W17,0,2,false,true,,,,,,,,,,,,,,8.65,8.29,2
B69,local,B,2026-W18,5,2,false,false,7.2,6.3,0.1233,,,,6.48,5.99,,12,5.79,,,8.58,7.75,2.37
B69,local,B,2026-W19,5,2,false,true,7.02,6.22,0.1051,,,,6.54,5.77,,11,5.43,,,7.98,6.97,2.45
B69,local,B,2026-W20,5,2,false,true,6.9,6.17,0.1082,6.15,5.59,6.6,6.08,5.46,,14,5.55,,,8.48,7.42,2.56
B69,local,B,2026-W21,5,2,false,false,7.14,6.19,0.1203,,,,5.98,4.87,,12,5.77,,,8.72,7.93,2.73
B69,local,B,2026-W22,4,2,false,true,6.74,5.83,0.1382,6.69,5.7,7.03,6.09,5.27,,15,5.31,,,8.22,6.56,2.73
B69,local,B,2026-W23,5,2,false,true,7.97,5.85,0.2179,,,,,,,3,5.47,,,7.5,6.5,2.63
B69,local,B,2026-W24,4,1,false,false,7.56,6.85,0.0915,,,,,,,2,5.39,,,8.56,7.67,2.55
B69,local,B,2026-W25,1,2,false,false,7.16,6.93,0.0349,,,,,,,2,5.05,,,8.58,7.95,2.44
B69,local,B,2026-W26,0,2,false,false,,,,,,,,,,,,,,9.59,8.49,2.97
B69,local,B,2026-W27,3,2,true,true,7.04,6.25,0.0953,6.74,5.94,6.85,6.42,5.69,7.5,16,4.77,,,8.14,6.83,2.15
B69,local,B,2026-W28,5,2,true,true,7.42,6.53,0.1049,7.17,6.12,6.71,6.46,5.47,8.87,16,5.32,,,8.29,6.69,2.36
B69,local,B,2026-W29,5,2,true,true,7.21,6.23,0.1233,6.8,6.04,6.83,6.3,5.32,,16,5.05,,,8.99,8.28,2.61
B69,local,B,2026-W30,5,2,true,true,7.23,6.39,0.1021,6.62,5.68,6.78,6.21,5.54,,16,5.05,,,8.99,7.86,2.66
B69,local,B,2026-W31,5,2,true,true,7.43,6.37,0.1201,7.09,6.52,7.02,6.59,5.65,,16,5.19,,,8.79,8.01,2.77
B69,local,B,2026-W32,5,2,false,true,7.51,6.66,0.1007,6.94,6.21,7.2,6.74,5.94,,16,5.05,,,8.5,7.57,2.34
B69,local,B,2026-W33,5,2,true,true,7.46,6.61,0.0999,7.12,6.31,7.12,6.59,5.81,,16,5.06,,,8.02,7.41,2.29
B69,local,B,2026-W34,5,2,true,true,7.34,6.53,0.1054,7.26,6.31,6.82,6.45,5.65,,16,5.21,,,8.22,7.52,2.03
B69,local,B,2026-W35,5,2,true,true,7.62,6.74,0.1043,6.9,5.81,7.02,6.86,5.9,9.14,17,5.33,,,7.86,6.94,2.31
B69,local,B,2026-W36,5,2,true,true,7.33,6.47,0.1031,7.08,6.2,6.99,6.5,5.65,8.15,17,5.04,,,8.29,7.32,2.11
B69,local,B,2026-W37,4,2,true,true,7.01,6.07,0.1165,6.62,5.86,6.62,6.02,5.24,8.12,17,5.4,5.88,,8.04,7.09,2.29
B69,local,B,2026-W38,5,2,true,true,6.84,6.09,0.0986,6.36,5.79,6.35,6,5.19,8.02,17,5.45,5.94,,7.76,6.88,2.27
B69,local,B,2026-W39,5,2,true,true,7.09,6.32,0.088,6.52,5.73,6.67,6.28,5.51,8.43,17,5.16,5.91,,8.51,7.68,2.55
B69,local,B,2026-W40,5,2,true,false,6.93,6.18,0.103,6.72,5.85,6.35,6.23,5.47,8.06,17,5.22,5.94,,7.42,6.74,2.85
B69,local,B,2026-W41,5,0,true,false,7.39,6.55,0.0939,6.89,6.08,6.94,5.99,5.35,8.92,17,5.55,5.94,9,,,
B7,local,B,2026-W17,0,2,false,true,,,,,,,,,,,,,,8.64,6.88,3.52
B7,local,B,2026-W18,5,2,false,false,7.85,6.71,0.1288,,,,7.67,6.47,,13,6.64,,,8.5,7.15,4.04
B7,local,B,2026-W19,5,2,false,true,7.72,6.57,0.1195,,,,6.86,5.81,,12,7.1,,,9.06,7.43,3.9
B7,local,B,2026-W20,5,2,false,true,7.85,6.76,0.1152,7.51,6.36,7.7,6.89,5.79,,15,7.09,,,9.55,7.7,3.87
B7,local,B,2026-W21,5,2,false,false,7.78,6.29,0.1678,,,,7.47,5.99,,13,6.91,,,8.72,7.26,3.63
B7,local,B,2026-W22,4,2,false,true,7.86,6.73,0.1264,7.45,6.54,7.58,7.1,5.85,,15,6.73,,,8.83,7.21,4.1
B7,local,B,2026-W23,5,2,false,true,8.3,7.47,0.0974,,,,,,9.35,4,6.54,,,8.68,7.44,3.83
B7,local,B,2026-W24,5,1,false,false,8.72,7.17,0.1536,,,,,,,2,6.46,,,8.8,7.31,3.71
B7,local,B,2026-W25,3,2,false,false,7.69,4,0.404,,,,,,,2,6.71,,,8.44,7.32,3.42
B7,local,B,2026-W26,5,2,false,false,7.05,5.18,0.2176,,,,,,,1,6.5,,,7.13,5.5,4.11
B7,local,B,2026-W27,3,2,true,true,8.26,6.98,0.1331,8.22,7,7.72,7.4,6.17,9.53,16,6.65,,,9.22,7.45,3.94
B7,local,B,2026-W28,5,2,true,true,8.02,6.75,0.131,7.93,6.57,7.77,7.33,5.94,8.76,16,6.69,,,8.81,7.02,3.84
B7,local,B,2026-W29,5,2,true,true,7.97,6.64,0.1426,7.73,6.51,7.68,7.38,5.99,,16,6.6,,,8.78,7.61,3.93
B7,local,B,2026-W30,5,2,true,true,7.83,6.45,0.1485,7.82,6.39,7.41,7.31,6.06,,16,6.87,,,8.4,7.16,4.02
B7,local,B,2026-W31,5,2,true,true,7.84,6.67,0.1199,7.67,6.53,7.36,7.44,6.42,,16,6.51,,,8.68,7.41,3.52
B7,local,B,2026-W32,5,2,false,true,8.14,6.9,0.1327,8,6.6,7.57,7.55,6.55,9.19,17,6.67,,,8.91,7.37,3.76
B7,local,B,2026-W33,5,2,true,true,8.05,6.84,0.126,7.93,6.71,7.73,7.26,6.02,9.01,17,6.58,,,8.6,7.22,3.74
B7,local,B,2026-W34,5,2,true,true,7.99,7.02,0.1041,7.93,6.71,7.52,7.44,6.41,8.94,17,6.5,,,8.45,6.95,3.96
B7,local,B,2026-W35,5,2,true,true,7.78,6.59,0.1311,7.72,6.66,7.41,7.23,5.94,8.55,17,6.17,,,8.31,6.96,3.94
B7,local,B,2026-W36,5,2,true,true,7.95,6.73,0.1284,8.01,6.9,7.58,7.5,6.39,8.56,17,6.59,,,8.58,7.25,4.01
B7,local,B,2026-W37,4,2,true,true,7.49,6.26,0.1416,7.29,6.3,6.8,7.08,6.1,8.58,17,6.68,6.89,,8.73,7.61,3.47
B7,local,B,2026-W38,5,2,true,true,7.62,6.44,0.1287,7.26,6.13,7,6.96,5.97,9.1,17,6.79,6.89,,8.58,7.33,3.82
B7,local,B,2026-W39,5,2,true,true,7.52,6.31,0.1348,7.23,6.2,7.06,7.11,5.97,8.53,17,6.63,6.89,,9.04,7.65,3.21
B7,local,B,2026-W40,5,2,true,false,7.65,6.36,0.1412,7.01,6.07,7.17,7.29,6.24,8.94,17,6.83,6.89,,8.68,7.11,3.82
B7,local,B,2026-W41,5,0,true,false,7.72,6.47,0.1362,7.3,6.23,7.18,6.74,5.6,9.24,17,7.11,6.89,14.4,,,
B70,local,B,2026-W17,0,2,false,true,,,,,,,,,,,,,,7.05,6.29,4.35
B70,local,B,2026-W18,5,2,false,false,6.47,5.82,0.091,,,,5.69,5.24,,13,5.27,,,6.76,5.87,4.5
B70,local,B,2026-W19,5,2,false,true,6.64,5.73,0.1183,,,,6.44,5.19,,12,5.81,,,6.8,5.96,4.9
B70,local,B,2026-W20,5,2,false,true,6.69,5.83,0.1185,6.34,5.48,5.73,6.59,5.73,,15,5.96,,,7.09,6.3,4.32
B70,local,B,2026-W21,5,2,false,false,6.9,6.07,0.097,,,,6.23,5.54,,13,5.71,,,7.52,6.61,4.52
B70,local,B,2026-W22,4,2,false,true,6.69,5.79,0.1082,6.36,5.74,5.98,6.4,5.66,,15,5.83,,,7.29,6.31,4.42
B70,local,B,2026-W23,5,2,false,true,6.8,5.81,0.1249,,,,,,7.89,4,5.39,,,6.73,5.79,4.87
B70,local,B,2026-W24,5,1,false,false,6.11,5.24,0.1041,,,,,,,2,5.61,,,7.68,6.54,3.93
B70,local,B,2026-W25,3,2,false,false,6.77,5.67,0.1338,,,,,,,2,5.63,,,7.69,6.38,4.32
B70,local,B,2026-W26,5,2,false,false,5.81,4.74,0.1269,,,,,,,1,5.71,,,6.31,5.76,4.22
B70,local,B,2026-W27,3,2,true,true,6.51,5.65,0.1097,6.4,5.75,5.69,6.5,5.71,7.55,16,5.32,,,7.27,6.48,4.39
B70,local,B,2026-W28,5,2,true,true,6.33,5.47,0.1202,6.33,5.68,5.3,6.53,5.69,7.47,16,5.83,,,7.42,6.54,4.51
B70,local,B,2026-W29,5,2,true,true,6.77,5.9,0.1075,6.43,5.56,6.41,6.37,5.51,,16,5.6,,,7.29,6.22,4.32
B70,local,B,2026-W30,5,2,true,true,6.81,5.87,0.1151,6.62,5.77,6.32,6.37,5.51,,16,5.34,,,7.21,6.23,4.28
B70,local,B,2026-W31,5,2,true,true,6.62,5.77,0.1107,6.12,5.49,6.28,6.2,5.49,,16,5.62,,,7.14,6.17,4.9
B70,local,B,2026-W32,5,2,false,true,6.65,5.85,0.1025,6.45,5.73,5.98,6.16,5.41,7.66,17,5.58,,,7.13,6.12,4.34
B70,local,B,2026-W33,5,2,true,true,6.76,5.99,0.0988,6.73,5.85,5.92,6.39,5.72,7.99,17,5.31,,,7.48,6.59,4.24
B70,local,B,2026-W34,5,2,true,true,6.76,5.93,0.106,6.57,5.76,6.41,6.26,5.54,7.58,17,5.63,,,7.33,6.48,3.61
B70,local,B,2026-W35,5,2,true,true,6.78,5.93,0.1064,6.73,5.72,6.43,6.58,5.83,7.31,17,5.23,,,7.25,6.37,4.27
B70,local,B,2026-W36,5,2,true,true,6.78,5.89,0.1045,6.66,5.89,6.19,6.14,5.57,7.92,17,5.4,,,7.21,6.31,4.12
B70,local,B,2026-W37,4,2,true,true,6.56,5.7,0.1122,6.51,5.35,5.72,5.88,5.22,8.18,17,5.23,5.59,,7.02,6.09,4.62
B70,local,B,2026-W38,5,2,true,true,6.45,5.68,0.106,5.97,5.24,5.84,6.38,5.65,7.56,17,5.57,5.59,,7.21,6.38,4.25
B70,local,B,2026-W39,5,2,true,true,6.52,5.73,0.0995,6.3,5.41,5.93,5.94,5.38,7.79,17,6.07,5.59,,7.48,6.54,4.48
B70,local,B,2026-W40,5,2,true,false,6.57,5.68,0.1115,6.16,5.49,6.08,6,5.21,7.72,17,5.6,5.59,,6.48,5.49,4.02
B70,local,B,2026-W41,5,0,true,false,6.33,5.3,0.1449,6.2,5.52,5.74,5.59,4.69,7.5,17,5.67,5.59,18.3,,,
B74,local,B,2026-W17,0,2,false,true,,,,,,,,,,,,,,7.84,7.04,1.52
B74,local,B,2026-W18,5,2,false,false,7.24,6.01,0.1654,,,,6.54,5.29,,13,2.69,,,7.49,6.91,1.82
B74,local,B,2026-W19,5,2,false,true,7.61,6.83,0.0864,,,,7.52,7.09,,12,2.86,,,7.56,6.92,1.56
B74,local,B,2026-W20,5,2,false,true,7.17,6.53,0.0807,5.82,5.29,7.08,6.94,6.46,,15,3.02,,,7.16,6.31,1.73
B74,local,B,2026-W21,5,2,false,false,7.31,6.51,0.1,,,,7.11,6.39,,13,2.95,,,8.33,7.51,1.58
B74,local,B,2026-W22,4,2,false,true,7.51,6.5,0.1168,8.04,7.24,7.05,7.28,6.49,,15,2.83,,,7.98,7.1,1.55
B74,local,B,2026-W23,5,2,false,true,7.4,6.76,0.098,,,,,,7.92,4,2.91,,,7.51,6.57,1.91
B74,local,B,2026-W24,5,1,false,false,8.13,7.12,0.1122,,,,,,,2,2.29,,,7.84,6.88,1.43
B74,local,B,2026-W25,3,2,false,false,6,5.08,0.1452,,,,,,,2,2.69,,,8.46,7.47,1.67
B74,local,B,2026-W26,4,2,false,false,8.67,7.76,0.1039,,,,,,,1,2.85,,,8.28,7.71,1.51
B74,local,B,2026-W27,3,2,true,true,7.52,6.67,0.0913,7.45,6.86,6.89,7.51,6.67,8.13,16,2.97,,,7.02,6.05,1.58
B74,local,B,2026-W28,5,2,true,true,7.34,6.46,0.107,7.06,6.34,6.94,6.96,6.25,8.05,16,2.93,,,7.79,6.82,1.59
B74,local,B,2026-W29,5,2,true,true,7.31,6.53,0.0994,7.64,7.09,6.55,6.96,6.05,,16,3.02,,,7.67,6.9,1.65
B74,local,B,2026-W30,5,2,true,true,7.5,6.6,0.1115,7.71,6.85,7.02,7.27,6.64,,16,2.98,,,7.51,6.57,1.59
B74,local,B,2026-W31,5,2,true,true,7.52,6.74,0.0853,7.68,6.81,7.03,6.96,6.34,,16,3.16,,,7.66,6.89,1.7
B74,local,B,2026-W32,5,2,false,true,7.51,6.63,0.1044,7.93,7.24,7.17,6.96,6.37,7.63,17,2.92,,,7.5,6.59,1.53
B74,local,B,2026-W33,5,2,true,true,7.68,6.76,0.0986,7.9,7.02,7.26,7.21,6.64,8.12,17,3,,,7.38,6.49,1.91
B74,local,B,2026-W34,5,2,true,true,7.52,6.73,0.0971,8.05,7.22,6.88,7.03,6.35,7.98,17,3.05,,,7.37,6.76,1.8
B74,local,B,2026-W35,5,2,true,true,7.56,6.7,0.0958,7.6,6.57,7.08,7.55,6.9,7.94,17,2.77,,,7.67,6.73,1.67
B74,local,B,2026-W36,5,2,true,true,7.58,6.78,0.0822,7.78,6.89,6.61,7.37,6.77,8.49,17,2.88,,,8.1,6.96,1.75
B74,local,B,2026-W37,4,2,true,true,7.33,6.5,0.091,7.51,6.75,6.84,6.9,6.18,7.94,17,2.89,2.91,,7.68,6.77,1.58
B74,local,B,2026-W38,5,2,true,true,7.19,6.41,0.1,7.15,6.44,6.69,7.14,6.55,7.61,17,2.95,2.93,,7.57,6.77,1.61
B74,local,B,2026-W39,5,2,true,true,7.29,6.5,0.0899,7.43,6.56,6.55,7.12,6.41,8.11,17,3.02,2.92,,7.95,7.2,1.59
B74,local,B,2026-W40,5,2,true,false,7.14,6.47,0.0826,7.02,6.24,6.84,7.16,6.62,7.42,17,3.06,2.93,,8.21,6.99,1.36
B74,local,B,2026-W41,5,0,true,false,7.44,6.68,0.0862,7.43,6.66,7.16,6.98,6.25,7.9,17,2.93,2.93,17.7,,,
B8,local,B,2026-W17,0,2,false,true,,,,,,,,,,,,,,7.48,6.69,10.48
B8,local,B,2026-W18,5,2,false,false,6.66,5.84,0.1016,,,,6.13,5.44,,13,16.06,,,7.39,6.51,10.99
B8,local,B,2026-W19,5,2,false,true,6.6,5.89,0.0928,,,,6.16,5.42,,12,15.67,,,7.54,6.57,10.76
B8,local,B,2026-W20,5,2,false,true,6.64,5.83,0.0978,6.57,5.71,6.31,6.05,5.35,,15,15.36,,,7.23,6.19,9.16
B8,local,B,2026-W21,5,2,false,false,6.61,5.7,0.1211,,,,5.87,5.04,,13,15.7,,,7.75,6.88,10.76
B8,local,B,2026-W22,4,2,false,true,6.68,5.84,0.1038,6.42,5.62,6.49,5.99,5.18,,15,14.84,,,7.58,6.67,11.3
B8,local,B,2026-W23,5,2,false,true,6.85,6.1,0.0912,,,,,,7.53,4,15.89,,,7.3,6.41,11.9
B8,local,B,2026-W24,5,1,false,false,6.55,5.33,0.1427,,,,,,,2,15.92,,,7.55,6.62,10.92
B8,local,B,2026-W25,3,2,false,false,6.94,6.04,0.1007,,,,,,,2,15.37,,,7.73,6.63,10.21
B8,local,B,2026-W26,5,2,false,false,7.18,6.11,0.1419,,,,,,,1,15.73,,,7.88,7.02,10.95
B8,local,B,2026-W27,3,2,true,true,6.84,6.09,0.0927,6.87,6.08,6.45,6.47,5.59,7.45,16,15.55,,,7.74,6.73,11.58
B8,local,B,2026-W28,5,2,true,true,6.89,6,0.1123,6.87,5.8,6.51,6.53,5.66,7.53,16,15.97,,,7.65,6.67,10.52
B8,local,B,2026-W29,5,2,true,true,6.91,5.99,0.1121,6.94,6.15,6.54,6.5,5.43,,16,15.56,,,7.66,6.78,11.18
B8,local,B,2026-W30,5,2,true,true,6.9,6.06,0.0993,6.85,6.08,6.65,6.34,5.53,,16,15.02,,,7.64,6.74,11.34
B8,local,B,2026-W31,5,2,true,true,6.84,6.03,0.0944,6.95,6.08,6.57,6.3,5.61,,16,15.74,,,7.62,6.75,11.24
B8,local,B,2026-W32,5,2,false,true,6.97,6.07,0.1078,6.89,5.99,6.61,6.39,5.38,7.73,17,14.96,,,7.56,6.57,10.82
B8,local,B,2026-W33,5,2,true,true,6.9,6.03,0.104,6.89,5.97,6.6,6.46,5.55,7.49,17,15.92,,,7.63,6.67,11.11
B8,local,B,2026-W34,5,2,true,true,6.94,6.11,0.0996,6.93,6.04,6.63,6.34,5.47,7.57,17,15.86,,,7.44,6.64,10.81
B8,local,B,2026-W35,5,2,true,true,6.9,6.04,0.1036,6.98,6.09,6.61,6.47,5.59,7.35,17,15.42,,,7.51,6.58,10.89
B8,local,B,2026-W36,5,2,true,true,6.79,5.92,0.1014,6.8,5.85,6.43,6.31,5.48,7.42,17,15.47,,,7.36,6.57,11.3
B8,local,B,2026-W37,4,2,true,true,6.65,5.8,0.1014,6.5,5.66,6.3,5.92,5.04,7.52,17,15.96,16.33,,7.61,6.83,11.61
B8,local,B,2026-W38,5,2,true,true,6.57,5.76,0.1021,6.22,5.47,6.24,5.97,5.21,7.47,17,15.72,16.33,,7.46,6.66,11.24
B8,local,B,2026-W39,5,2,true,true,6.62,5.89,0.0859,6.45,5.76,6.31,6.05,5.39,7.34,17,16.11,16.33,,8.04,7.26,11.12
B8,local,B,2026-W40,5,2,true,false,6.81,6.04,0.0983,6.63,5.94,6.55,6.16,5.39,7.62,17,15.96,16.33,,7.8,6.81,10.87
B8,local,B,2026-W41,5,0,true,false,6.63,5.86,0.0991,6.39,5.75,6.35,5.92,5.12,7.51,17,15.74,16.33,17.2,,,
B82,local,B,2026-W17,0,2,false,true,,,,,,,,,,,,,,8.13,7.17,14.08
B82,local,B,2026-W18,5,2,false,false,7.51,6.68,0.0935,,,,6.82,6.14,,13,14.52,,,7.93,7,14.12
B82,local,B,2026-W19,5,2,false,true,7.51,6.72,0.0914,,,,7.33,6.28,,12,14.61,,,8.02,7.06,14.04
B82,local,B,2026-W20,5,2,false,true,7.43,6.6,0.0997,7.04,6.43,7.05,6.83,5.93,,15,14.64,,,7.66,6.17,12.22
B82,local,B,2026-W21,5,2,false,false,7.5,6.4,0.1252,,,,6.88,6.06,,13,13.99,,,8.34,7.26,13.69
B82,local,B,2026-W22,4,2,false,true,7.6,6.58,0.1148,7.58,6.64,7.17,7.05,6.16,,15,14.86,,,8.05,7,13.93
B82,local,B,2026-W23,5,2,false,true,7.74,6.8,0.104,,,,,,8.5,4,14.89,,,7.63,6.73,13.78
B82,local,B,2026-W24,5,1,false,false,7.91,7.06,0.0979,,,,,,,2,13.66,,,7.93,6.95,14.01
B82,local,B,2026-W25,3,2,false,false,7.9,7.2,0.0676,,,,,,,2,15.42,,,8,7,13.34
B82,local,B,2026-W26,5,2,false,false,7.5,6.7,0.1086,,,,,,,1,14.75,,,8.21,7.06,13.96
B82,local,B,2026-W27,3,2,true,true,7.8,6.84,0.0969,8.01,6.99,7.22,7.45,6.55,8.47,16,13.68,,,8.15,7.09,14.61
B82,local,B,2026-W28,5,2,true,true,7.62,6.71,0.1039,7.82,6.88,7.13,7.41,6.46,8.07,16,13.93,,,7.9,6.88,13.92
B82,local,B,2026-W29,5,2,true,true,7.71,6.84,0.094,7.78,6.91,7.34,7.22,6.31,,16,14.08,,,8.06,7.1,14.04
B82,local,B,2026-W30,5,2,true,true,7.66,6.71,0.1019,7.65,6.74,7.22,7.11,6.2,,16,14.39,,,7.84,6.84,14.92
B82,local,B,2026-W31,5,2,true,true,7.63,6.76,0.0916,7.72,6.97,7.25,7.15,6.29,,16,14.61,,,8.01,6.93,15.14
B82,local,B,2026-W32,5,2,false,true,7.75,6.8,0.1053,7.76,6.9,7.32,7.14,6.16,8.66,17,14.33,,,8.14,7.13,14.13
B82,local,B,2026-W33,5,2,true,true,7.7,6.76,0.1017,7.96,7.03,7.31,7.19,6.24,8.22,17,14.56,,,7.88,6.82,14.58
B82,local,B,2026-W34,5,2,true,true,7.76,6.89,0.0907,7.98,7.21,7.33,7.29,6.39,8.28,17,14.51,,,7.91,6.94,14.18
B82,local,B,2026-W35,5,2,true,true,7.79,6.88,0.1023,8.15,7.29,7.39,7.31,6.34,8.15,17,13.99,,,7.94,6.81,14.3
B82,local,B,2026-W36,5,2,true,true,7.73,6.78,0.1022,7.84,6.91,7.25,7.2,6.38,8.43,17,14.49,,,7.97,6.85,14.37
B82,local,B,2026-W37,4,2,true,true,7.41,6.58,0.0893,7.21,6.39,7.02,6.96,6.12,8.18,17,14.91,15.8,,7.98,6.99,14.59
B82,local,B,2026-W38,5,2,true,true,7.41,6.51,0.0997,7.15,6.36,7.01,6.79,5.9,8.32,17,15.27,15.8,,7.84,6.82,13.99
B82,local,B,2026-W39,5,2,true,true,7.55,6.76,0.0815,7.48,6.64,7.02,6.94,6.12,8.53,17,14.92,15.8,,8.36,7.32,14.09
B82,local,B,2026-W40,5,2,true,false,7.58,6.7,0.0974,7.47,6.64,7.21,7.08,6.26,8.33,17,14.56,15.8,,8.15,7.16,14.17
B82,local,B,2026-W41,5,0,true,false,7.44,6.6,0.0961,7.37,6.7,7.1,6.65,5.88,8.2,17,15.11,15.8,19.8,,,
B82+,sbs,B,2026-W18,5,0,false,false,9.17,8.18,0.0902,,,,9.02,7.71,,13,12.17,,,,,
B82+,sbs,B,2026-W19,5,0,false,false,8.98,7.83,0.1086,,,,8.05,6.96,,12,12.33,,,,,
B82+,sbs,B,2026-W20,5,0,false,false,9.01,8.04,0.0974,9.13,8.1,8.5,8.71,7.41,,15,12.64,,,,,
B82+,sbs,B,2026-W21,5,0,false,false,9.24,8.01,0.1156,,,,8.53,7.34,,13,12.19,,,,,
B82+,sbs,B,2026-W22,4,0,false,false,9.11,8,0.1028,9.12,8.17,8.72,8.43,7.34,,15,12.17,,,,,
B82+,sbs,B,2026-W23,5,0,false,false,9.22,8.42,0.083,,,,,,9.85,4,10.99,,,,,
B82+,sbs,B,2026-W24,5,0,false,false,9.74,8.58,0.1052,,,,,,,2,10.87,,,,,
B82+,sbs,B,2026-W25,3,0,false,false,9.49,8.35,0.0725,,,,,,,2,12.32,,,,,
B82+,sbs,B,2026-W26,5,0,false,false,9.73,8.78,0.0631,,,,,,,1,10.92,,,,,
B82+,sbs,B,2026-W27,3,0,true,false,9.67,8.56,0.0888,9.96,8.86,9.11,9.37,8.25,10.2,16,10.77,,,,,
B82+,sbs,B,2026-W28,5,0,true,false,9.33,8.28,0.0951,9.69,8.65,8.77,9.27,8.07,9.62,16,11.53,,,,,
B82+,sbs,B,2026-W29,5,0,true,false,9.59,8.5,0.0913,9.6,8.66,9.2,9.21,7.88,,16,11.37,,,,,
B82+,sbs,B,2026-W30,5,0,true,false,9.53,8.36,0.0982,9.54,8.3,9.25,8.89,7.8,,16,11.49,,,,,
B82+,sbs,B,2026-W31,5,0,true,false,9.53,8.48,0.0884,9.77,8.79,9.18,9.09,7.98,,16,11.36,,,,,
B82+,sbs,B,2026-W32,5,0,false,false,9.58,8.49,0.0957,9.47,8.66,9.3,8.94,7.8,10.26,17,11.15,,,,,
B82+,sbs,B,2026-W33,5,0,true,false,9.61,8.52,0.0923,9.91,9,9.06,9.07,7.95,10.28,17,11.08,,,,,
B82+,sbs,B,2026-W34,5,0,true,false,9.44,8.39,0.0919,9.97,9.11,9.07,9.12,7.91,9.52,17,11.1,,,,,
B82+,sbs,B,2026-W35,5,0,true,false,9.45,8.43,0.0921,9.94,9.01,9.11,9.17,8.1,9.48,17,11.19,,,,,
B82+,sbs,B,2026-W36,5,0,true,false,9.37,8.37,0.0864,9.54,8.53,8.87,8.8,7.84,9.98,17,10.77,,,,,
B82+,sbs,B,2026-W37,4,0,true,false,8.96,7.92,0.0925,8.99,7.99,8.32,8.35,7.29,9.92,17,11.59,12.16,,,,
B82+,sbs,B,2026-W38,5,0,true,false,8.86,7.86,0.092,8.84,7.97,8.36,8.07,7.1,9.94,17,11.29,12.16,,,,
B82+,sbs,B,2026-W39,5,0,true,false,9.1,8.22,0.0758,9.1,8.19,8.57,8.6,7.69,9.96,17,11.2,12.16,,,,
B82+,sbs,B,2026-W40,5,0,true,false,9.19,8.25,0.0852,9.21,8.28,8.7,8.76,7.89,9.91,17,11.04,12.16,,,,
B82+,sbs,B,2026-W41,5,0,true,false,8.97,7.97,0.0941,9.08,8,8.28,8.39,7.38,10,17,11.56,12.16,19.8,,,
B83,local,B,2026-W17,0,2,false,true,,,,,,,,,,,,,,8.97,8.16,3.75
B83,local,B,2026-W18,5,2,false,false,7.57,6.66,0.1091,,,,7.03,5.7,,13,6.29,,,8.47,7.58,4.7
B83,local,B,2026-W19,5,2,false,true,7.4,6.62,0.0909,,,,6.32,5.87,,12,6.82,,,8.77,7.87,4.31
B83,local,B,2026-W20,5,2,false,true,7.55,6.58,0.1085,6.66,6.26,7.54,6.74,5.93,,15,6.62,,,8.26,6.96,4.6
B83,local,B,2026-W21,5,2,false,false,7.91,6.96,0.0908,,,,7.13,6.28,,13,6.57,,,9.48,8.52,4.19
B83,local,B,2026-W22,4,2,false,true,7.89,6.9,0.1124,7.73,6.96,7.89,7.06,6.07,,15,6.38,,,8.38,7.4,4.01
B83,local,B,2026-W23,5,2,false,true,8.33,7.38,0.0972,,,,,,9.16,4,6.86,,,8.39,7.51,4.18
B83,local,B,2026-W24,5,1,false,false,7.04,6.16,0.1053,,,,,,,2,6.59,,,9.58,8.73,3.76
B83,local,B,2026-W25,3,2,false,false,8.06,6.71,0.1123,,,,,,,2,6.13,,,8.13,6.71,4.1
B83,local,B,2026-W26,5,2,false,false,7.91,6.68,0.1205,,,,,,,1,5.81,,,8.23,7.29,4.26
B83,local,B,2026-W27,3,2,true,true,7.82,7,0.0872,7.83,7.29,7.67,7.66,6.83,8.01,16,6.58,,,9.51,8.43,3.97
B83,local,B,2026-W28,5,2,true,true,7.91,6.93,0.0962,7.78,6.86,7.82,7.16,6.48,8.57,16,6.41,,,8.29,7.37,4
B83,local,B,2026-W29,5,2,true,true,7.88,6.87,0.1029,7.98,7.13,7.66,7.13,5.92,,16,6.34,,,8.58,7.69,4.39
B83,local,B,2026-W30,5,2,true,true,7.9,7.04,0.0913,7.95,7.16,7.84,7,6.1,,16,6.97,,,8.1,7.23,4.51
B83,local,B,2026-W31,5,2,true,true,7.86,7.02,0.0868,7.68,6.93,7.33,7.34,6.49,,16,6.99,,,8.7,7.67,4.59
B83,local,B,2026-W32,5,2,false,true,8.05,7.06,0.0992,7.86,7.07,7.73,7.16,6.09,9.04,17,6.7,,,8.23,7.25,3.99
B83,local,B,2026-W33,5,2,true,true,7.98,7.03,0.0992,7.89,7.04,7.84,7.3,6.38,8.58,17,6.62,,,8.34,7.37,3.9
B83,local,B,2026-W34,5,2,true,true,7.87,6.92,0.1065,8.46,7.5,7.69,7.21,6.15,7.91,17,6.1,,,8.28,7.24,4.47
B83,local,B,2026-W35,5,2,true,true,7.79,6.94,0.0891,7.89,7.14,7.86,7.36,6.62,7.82,17,6.54,,,8.25,7.4,4
B83,local,B,2026-W36,5,2,true,true,7.86,6.87,0.0931,7.99,6.76,7.64,6.98,6.18,8.54,17,6.55,,,8.31,7.24,4.47
B83,local,B,2026-W37,4,2,true,true,7.85,6.95,0.0931,7.55,6.76,7.6,7.24,6.35,8.84,17,7.03,7.68,,8.8,7.93,4.17
B83,local,B,2026-W38,5,2,true,true,7.96,7.04,0.0942,7.37,6.68,7.83,7.22,6.23,9.13,17,6.99,7.68,,8.72,7.82,4.17
B83,local,B,2026-W39,5,2,true,true,7.85,7,0.0834,7.24,6.43,7.63,7.33,6.49,8.92,17,6.68,7.68,,9.59,8.81,3.95
B83,local,B,2026-W40,5,2,true,false,7.72,6.87,0.091,7.13,6.49,7.5,7.38,6.5,8.76,17,6.64,7.68,,8.74,7.43,4.4
B83,local,B,2026-W41,5,0,true,false,7.81,6.85,0.1068,7.31,6.6,7.67,6.32,5.43,9.16,17,6.74,7.68,17.6,,,
B84,local,B,2026-W17,0,2,false,true,,,,,,,,,,,,,,9.24,7.49,0.26
B84,local,B,2026-W18,5,2,false,false,9.48,8.41,0.0905,,,,,,,10,0.63,,,9.28,6.93,0.37
B84,local,B,2026-W19,5,2,false,true,9.64,8.38,0.073,,,,9.93,9.16,,11,0.84,,,8.17,6.8,0.33
B84,local,B,2026-W20,5,2,false,true,9.08,8.43,0.0484,7.26,7.06,8.62,9.52,8.71,,14,0.85,,,8.96,6.76,0.59
B84,local,B,2026-W21,5,2,false,false,9.08,8.3,0.0596,,,,9.1,8.22,,12,0.82,,,9.96,8.35,0.6
B84,local,B,2026-W22,4,2,false,true,8.9,7.71,0.1075,8.95,7.24,8.49,9.51,8.34,,14,0.75,,,7.76,5.93,0.29
B84,local,B,2026-W23,2,2,false,true,9.2,9.05,0.0192,,,,,,10.1,3,0.72,,,8.72,7.92,0.33
B84,local,B,2026-W24,2,0,false,false,18.91,,,,,,,,,1,0.71,,,,,
B84,local,B,2026-W25,0,0,false,false,,,,,,,,,,,,,,,,
B84,local,B,2026-W27,3,2,true,true,9.07,7.63,0.1486,10.24,9.09,8.57,8.35,7.49,9.27,15,1,,,8.43,6.61,0.34
B84,local,B,2026-W28,5,2,true,true,9.7,8.32,0.1088,9.57,8.78,10.51,8.87,8.03,8.69,15,0.94,,,7.8,5.12,0.32
B84,local,B,2026-W29,5,2,true,true,8.75,7.37,0.1417,7.66,7.05,7.75,9.65,8.32,,15,0.78,,,9.7,7.58,0.63
B84,local,B,2026-W30,5,2,true,true,8.62,7.46,0.1165,7.33,6.14,8.28,8.81,7.58,10.31,16,0.85,,,9.07,7.12,0.57
B84,local,B,2026-W31,5,2,true,true,9.07,7.77,0.1222,7.9,6.8,8.23,9.47,8.87,9.78,16,0.81,,,9.63,7.7,0.6
B84,local,B,2026-W32,5,2,false,true,8.45,7.22,0.1401,7.58,7.05,7.98,8.23,6.79,9.96,16,0.87,,,8.85,7.43,0.31
B84,local,B,2026-W33,5,2,true,true,9.52,8.49,0.0997,9.97,8.56,10.07,8.38,7.82,9.18,16,0.96,,,6.54,4.52,0.36
B84,local,B,2026-W34,5,2,true,true,8.61,7.35,0.1303,8.15,6.23,8.87,6.44,5.38,10.47,16,0.81,,,7.55,5.78,0.33
B84,local,B,2026-W35,5,2,true,true,9.03,7.84,0.1049,8.88,7.75,9.37,7.65,7.06,9.22,16,0.87,,,7.5,5.6,0.42
B84,local,B,2026-W36,5,2,true,true,8.69,7.08,0.1505,8.52,7.34,8.48,7.09,6.11,10.6,16,0.75,,,6.84,5.43,0.41
B84,local,B,2026-W37,4,2,true,true,8.18,7.2,0.1004,7.74,6.84,8.45,6.25,5.8,9.82,16,0.69,0.73,,7.76,5.11,0.35
B84,local,B,2026-W38,5,2,true,true,8.06,7.03,0.1055,8.32,7.32,8.32,6.18,5.39,8.62,16,0.74,0.73,,7.56,5.26,0.34
B84,local,B,2026-W39,5,2,true,true,8.11,7.11,0.0971,8.2,7.01,8.14,7.19,6.27,8.15,16,0.72,0.73,,8.33,6.21,0.32
B84,local,B,2026-W40,5,2,true,false,8.58,7.62,0.0917,7.58,6.69,8.91,7.85,7.19,9.2,16,0.93,0.73,,7.79,5.93,0.47
B84,local,B,2026-W41,5,0,true,false,7.56,6.46,0.1265,7,5.45,7.79,7.45,6.53,7.96,16,0.83,0.73,8.5,,,
B9,local,B,2026-W17,0,2,false,true,,,,,,,,,,,,,,7.86,6.97,9.32
B9,local,B,2026-W18,5,2,false,false,6.96,6.28,0.0876,,,,6.2,5.42,,13,13.98,,,8.04,7.16,8.96
B9,local,B,2026-W19,5,2,false,true,7.04,6.43,0.0665,,,,6.48,5.89,,12,13.31,,,8.26,7.39,9.15
B9,local,B,2026-W20,5,2,false,true,6.87,6.12,0.0993,6.49,5.84,6.38,6.34,5.58,,15,13.47,,,7.93,6.5,8.44
B9,local,B,2026-W21,5,2,false,false,7.31,6.21,0.1258,,,,6.58,5.61,,13,14.41,,,8.62,7.63,8.98
B9,local,B,2026-W22,4,2,false,true,7,6.12,0.1037,6.45,5.76,6.63,6.45,5.66,,15,14.06,,,8.22,7.4,8.81
B9,local,B,2026-W23,5,2,false,true,7.04,5.79,0.1493,,,,,,8.17,4,12.73,,,8.13,6.97,9.27
B9,local,B,2026-W24,5,1,false,false,7.11,6.69,0.0712,,,,,,,2,12.91,,,8.33,7.16,8.17
B9,local,B,2026-W25,3,2,false,false,7.42,6.93,0.046,,,,,,,2,13.36,,,8.47,7.22,9.95
B9,local,B,2026-W26,5,2,false,false,6.55,6.62,0.0121,,,,,,,1,12.75,,,8.71,7.75,8.36
B9,local,B,2026-W27,3,2,true,true,7.3,6.44,0.0963,7.13,6.48,6.91,6.72,5.85,8.1,16,12.37,,,8.76,7.6,8.8
B9,local,B,2026-W28,5,2,true,true,7.42,6.51,0.1019,7.1,6.41,6.84,6.85,6.02,8.62,16,12.91,,,8.42,7.14,8.51
B9,local,B,2026-W29,5,2,true,true,7.28,6.19,0.1368,6.75,5.78,6.77,6.81,5.61,,16,12.25,,,8.55,7.27,8.51
B9,local,B,2026-W30,5,2,true,true,7.32,6.41,0.1034,7.04,6.19,6.75,6.82,5.99,,16,11.65,,,8.36,7.35,9.1
B9,local,B,2026-W31,5,2,true,true,7.23,6.48,0.0887,6.95,6.34,6.77,6.72,6.11,,16,12.83,,,8.38,7.45,8.97
B9,local,B,2026-W32,5,2,false,true,7.43,6.55,0.1052,7.09,6.33,6.86,6.86,5.98,8.61,17,12.3,,,8.5,7.34,8.88
B9,local,B,2026-W33,5,2,true,true,7.4,6.45,0.109,7.03,6.18,6.98,6.77,5.92,8.4,17,13.09,,,8.38,7.26,9.22
B9,local,B,2026-W34,5,2,true,true,7.33,6.42,0.1027,7.04,6.29,6.87,6.69,5.78,8.35,17,12.61,,,8.28,7.12,9.11
B9,local,B,2026-W35,5,2,true,true,7.18,6.39,0.0918,7.05,6.25,6.7,6.47,5.69,8.09,17,12.86,,,8.29,7.19,9.27
B9,local,B,2026-W36,5,2,true,true,7.13,6.27,0.0953,6.85,6.02,6.52,6.58,5.83,8.23,17,13.12,,,8.02,6.95,9.34
B9,local,B,2026-W37,4,2,true,true,6.79,6.04,0.0848,6.3,5.57,6.27,5.93,5.3,8.18,17,13.37,13.48,,8.15,7.17,9.19
B9,local,B,2026-W38,5,2,true,true,6.77,6.02,0.0897,6.25,5.61,6.26,6.08,5.43,8.08,17,14.06,13.82,,7.79,6.77,8.83
B9,local,B,2026-W39,5,2,true,true,7.04,6.26,0.088,6.57,5.86,6.6,6.29,5.68,8.29,17,13.7,13.68,,8.74,7.74,8.62
B9,local,B,2026-W40,5,2,true,false,7.33,6.5,0.0959,7,6.26,6.89,6.73,5.99,8.46,17,13.54,13.82,,8.16,7.05,8.74
B9,local,B,2026-W41,5,0,true,false,6.8,6.06,0.0936,6.34,5.61,6.22,6.26,5.62,8.07,17,14.29,13.82,19,,,
B90,shuttle,B,2026-W17,0,2,false,true,,,,,,,,,,,,,,9.49,8.3,10.09
B93,shuttle,B,2026-W22,1,2,false,true,7.37,6.65,0.0972,,,,,,7.37,1,0.05,,,7.22,6.38,8.09
B96,shuttle,B,2026-W37,1,0,false,false,7.91,5.89,0.2948,,,,,,7.91,2,0.05,,,,,
B99,shuttle,B,2026-W18,0,2,false,false,,,,,,,,,,,,,,7.66,6.73,13.74
B99,shuttle,B,2026-W20,0,2,false,true,,,,,,,,,,,,,,7.92,7.05,11.21
B99,shuttle,B,2026-W26,0,2,false,false,,,,,,,,,,,,,,7.7,6.68,9.02
B99,shuttle,B,2026-W35,0,1,false,true,,,,,,,,,,,,,,,,0.3
B99,shuttle,B,2026-W36,0,1,false,true,,,,,,,,,,,,,,,,0.3
B99,shuttle,B,2026-W38,0,1,false,true,,,,,,,,,,,,,,,,0.3
BM1,express,X,2026-W17,0,1,false,true,,,,,,,,,,,,,,12.96,12.28,0.57
BM1,express,X,2026-W18,5,1,false,false,11.14,10.18,0.0672,,,,10.04,9.43,,13,5.25,,,16.71,15.33,0.96
BM1,express,X,2026-W19,5,1,false,true,11.9,10.42,0.1173,,,,12.54,11.78,,12,5.1,,,12.16,11.4,0.85
BM1,express,X,2026-W20,5,1,false,true,10.4,9.53,0.0707,8.74,7.97,11.55,9.46,8.55,,15,5.36,,,12.48,11.42,1.13
BM1,express,X,2026-W21,5,1,false,false,11.84,10.86,0.0711,,,,10.73,9.76,,13,5.03,,,17.58,16.76,0.68
BM1,express,X,2026-W22,4,1,false,true,11.46,10.4,0.0745,11.25,10.2,10.34,10.93,9.97,,15,5.16,,,11.28,10.1,0.97
BM1,express,X,2026-W23,5,1,false,true,11.89,10.76,0.0785,,,,,,12.61,4,4.51,,,12.43,11.77,1.11
BM1,express,X,2026-W24,5,0,false,false,10.86,9.34,0.1015,,,,,,,2,4.98,,,,,
BM1,express,X,2026-W25,3,1,false,false,8.57,7.5,0.1912,,,,,,,2,4.65,,,16.86,15.47,0.67
BM1,express,X,2026-W26,5,1,false,false,14.06,13.69,0.076,,,,,,,1,4.94,,,20.21,16.65,0.72
BM1,express,X,2026-W27,3,1,true,true,12.07,11.36,0.0506,13.34,12.49,11.51,11.35,10.25,12.24,16,4.82,,,14.01,12.39,0.76
BM1,express,X,2026-W28,5,1,true,true,11.21,10.1,0.0737,11.36,10.1,11.86,10.11,8.94,10.7,16,5.08,,,14.9,13.31,1.03
BM1,express,X,2026-W29,5,1,true,true,12.15,11.17,0.0734,11.7,10.42,12.07,10.68,9.38,,16,5.15,,,13.65,12.93,0.99
BM1,express,X,2026-W30,5,1,true,true,11.89,10.86,0.0741,11.95,10.98,11.84,11.15,9.9,,16,4.73,,,13.52,12.3,1.11
BM1,express,X,2026-W31,5,1,true,true,11.62,10.5,0.0768,12.1,11.09,10.9,9.68,8.82,,16,4.99,,,11.64,10.04,1.19
BM1,express,X,2026-W32,5,1,false,true,11.67,10.65,0.0814,12.31,11.04,11.75,10.21,9.47,12.43,17,4.84,,,11.98,10.28,1.07
BM1,express,X,2026-W33,5,1,true,true,11.73,10.68,0.0687,13.36,12.2,10.94,10.96,9.9,12.27,17,4.91,,,10.55,9.77,1.11
BM1,express,X,2026-W34,5,1,true,true,12.09,11.2,0.0591,12.25,11.4,11.76,11.12,10.3,12.61,17,4.92,,,14.66,13.27,0.95
BM1,express,X,2026-W35,5,1,true,true,11.9,11.08,0.0573,13,12.14,11.03,11.45,10.6,11.86,17,4.8,,,10.54,9.27,1.08
BM1,express,X,2026-W36,5,1,true,true,12.12,11.23,0.0575,12.33,11.25,12.46,10.47,9.51,12.04,17,4.99,,,13.41,12.67,0.91
BM1,express,X,2026-W37,4,1,true,true,10.29,9.2,0.0998,10.28,9.12,10.28,9.66,8.48,10.67,17,5.15,5.69,,13.33,12.46,0.98
BM1,express,X,2026-W38,5,1,true,true,10.52,9.54,0.0714,9.83,8.94,10.62,9.32,8.41,11.75,17,5.71,5.69,,12.45,11.52,1.12
BM1,express,X,2026-W39,5,1,true,true,10.54,9.27,0.0984,10.17,8.71,10.03,9.68,8.33,12.08,17,5.36,5.69,,11.92,10.7,0.96
BM1,express,X,2026-W40,5,1,true,false,10.92,9.86,0.0779,11.63,10.33,9.5,9.59,8.58,13.34,17,5.4,5.69,,14.13,12.48,1.13
BM1,express,X,2026-W41,5,0,true,false,10.39,9.41,0.076,10.24,9.23,10.91,9.69,8.81,10.3,17,5.41,5.69,10.8,,,
BM2,express,X,2026-W17,0,1,false,true,,,,,,,,,,,,,,11.35,10.07,0.54
BM2,express,X,2026-W18,5,1,false,false,10.43,9.43,0.0885,,,,10.67,9.89,,13,4.97,,,13.43,12.79,1.06
BM2,express,X,2026-W19,5,1,false,true,11.37,10.94,0.0495,,,,8.23,7.7,,12,4.24,,,13.81,12.82,1.09
BM2,express,X,2026-W20,5,1,false,true,10.64,9.77,0.0691,9.66,9.19,11.06,9.44,8.38,,15,4.42,,,12.15,10.89,1.29
BM2,express,X,2026-W21,5,1,false,false,11.62,10.38,0.0901,,,,9.53,8.4,,13,4.53,,,15.26,14.73,0.68
BM2,express,X,2026-W22,4,1,false,true,10.85,9.6,0.1006,11.9,10.33,10.67,9.78,8.85,,15,4.54,,,10.89,10.08,1.15
BM2,express,X,2026-W23,5,1,false,true,10.45,9.18,0.1021,,,,,,11.22,4,3.92,,,13.26,12.68,1.2
BM2,express,X,2026-W24,5,0,false,false,11.34,10.14,0.1267,,,,,,,2,4.57,,,,,
BM2,express,X,2026-W25,3,1,false,false,11.68,11.02,0.0737,,,,,,,2,4.72,,,11.19,10.41,1.17
BM2,express,X,2026-W26,5,1,false,false,12.19,11.22,0.0411,,,,,,,1,4.2,,,12.83,12.16,0.78
BM2,express,X,2026-W27,3,1,true,true,11.8,10.71,0.0677,11.96,10.62,12.66,10.41,9.13,11.14,16,4.22,,,13.19,11.85,0.73
BM2,express,X,2026-W28,5,1,true,true,11.72,10.65,0.0869,11.13,9.95,12.66,9.99,8.94,11.74,16,4.16,,,13.15,12.35,1.14
BM2,express,X,2026-W29,5,1,true,true,11.03,9.91,0.0878,10.27,9.13,10.72,10.26,9.19,,16,4.22,,,15.29,13.61,0.95
BM2,express,X,2026-W30,5,1,true,true,11.09,10.06,0.0775,11.54,10.34,11.35,9.64,8.71,,16,4.04,,,12.1,11.04,1.01
BM2,express,X,2026-W31,5,1,true,true,11.66,10.63,0.0789,12.25,10.79,13.16,8.54,7.54,,16,4.14,,,12.53,11.43,1.15
BM2,express,X,2026-W32,5,1,false,true,11.45,10.46,0.0737,11.83,10.71,11.79,9.45,8.69,11.2,17,4.05,,,9.8,8.84,1.23
BM2,express,X,2026-W33,5,1,true,true,10.89,9.84,0.0812,12.5,11.62,10.78,10.53,9.26,10.19,17,4.19,,,10.38,9.66,1.19
BM2,express,X,2026-W34,5,1,true,true,11.53,10.54,0.0655,12.42,11.52,10.48,11.47,10.36,12.43,17,4.21,,,12.45,11.81,1
BM2,express,X,2026-W35,5,1,true,true,12.23,11.16,0.0697,12.31,11.31,12.84,10.58,9.86,12.73,17,4.18,,,11.79,10.03,1.24
BM2,express,X,2026-W36,5,1,true,true,11.72,10.77,0.0625,11.23,9.91,10.35,10.61,9.42,14.04,17,4.39,,,13.41,12.23,1.05
BM2,express,X,2026-W37,4,1,true,true,9.59,8.63,0.0855,10.23,9.03,8.88,9.22,8.07,9.6,17,4.47,4.65,,13.06,11.75,1.12
BM2,express,X,2026-W38,5,1,true,true,9.99,9.06,0.0768,9.55,8.68,9.34,9.54,8.52,10.96,17,4.65,4.65,,11.78,10.57,1.14
BM2,express,X,2026-W39,5,1,true,true,10,8.83,0.1058,9.45,8.07,8.8,9.7,8.39,11.6,17,4.68,4.65,,14.28,13.23,0.97
BM2,express,X,2026-W40,5,1,true,false,10.42,9.41,0.0863,9.76,8.66,9.59,9.4,8.28,12.6,17,4.57,4.65,,12.1,12.26,1.08
BM2,express,X,2026-W41,5,0,true,false,10.08,9.23,0.0776,9.94,8.96,9.48,9.33,8.48,11.56,17,4.73,4.65,12,,,
BM3,express,X,2026-W17,0,1,false,true,,,,,,,,,,,,,,12.06,10.5,0.6
BM3,express,X,2026-W18,5,1,false,false,11.85,10.83,0.0731,,,,12.26,11.18,,13,4.12,,,12.24,10.99,0.99
BM3,express,X,2026-W19,5,1,false,true,11.02,10.16,0.0582,,,,13.19,12.7,,12,3.56,,,12.34,11.49,1.03
BM3,express,X,2026-W20,5,1,false,true,10.55,9.6,0.0784,12.08,11.46,9.53,9.08,7.95,,15,4.2,,,10.24,7.98,1.18
BM3,express,X,2026-W21,5,1,false,false,12.06,10.86,0.1013,,,,10.58,8.92,,13,4.34,,,11.56,10.27,0.8
BM3,express,X,2026-W22,4,1,false,true,10.7,9.72,0.0732,10.29,9.32,10.18,10.55,9.42,,15,4.02,,,12.94,11.26,1.07
BM3,express,X,2026-W23,5,1,false,true,9.63,8.62,0.0933,,,,,,10.54,4,3.55,,,12.77,11.11,1.07
BM3,express,X,2026-W24,5,0,false,false,10.78,9.2,0.1281,,,,,,,2,4.34,,,,,
BM3,express,X,2026-W25,3,1,false,false,13.43,12.28,0.0813,,,,,,,2,4.17,,,10.27,8.7,1.05
BM3,express,X,2026-W26,5,1,false,false,12.89,12.48,0.0293,,,,,,,1,3.78,,,17.04,16.37,0.68
BM3,express,X,2026-W27,3,1,true,true,12.45,11.42,0.0669,13.65,12.86,11.66,11.39,10.22,13.07,16,3.87,,,12.15,10.34,0.62
BM3,express,X,2026-W28,5,1,true,true,11.59,10.48,0.0851,12.26,11.35,10.5,10.28,8.75,13.23,16,4.08,,,12.3,10.72,0.99
BM3,express,X,2026-W29,5,1,true,true,11.59,10.26,0.0956,11.75,10.22,10.71,10.43,9.05,,16,4.32,,,12.14,10.76,1.25
BM3,express,X,2026-W30,5,1,true,true,11.29,10.37,0.072,11.67,10.85,9.83,11.1,10.07,,16,4.05,,,12.05,10.83,1.19
BM3,express,X,2026-W31,5,1,true,true,11.09,10.1,0.0789,11.13,10.35,10.22,9.47,8.38,,16,4,,,11.45,10.3,1.17
BM3,express,X,2026-W32,5,1,false,true,11.82,10.74,0.0831,11.48,10.08,12.55,9.83,9.04,11.68,17,3.77,,,10.18,9,1.12
BM3,express,X,2026-W33,5,1,true,true,12.53,11.42,0.0698,13.82,12.75,11.83,12.48,11.11,12.85,17,4,,,10.3,8.7,1.2
BM3,express,X,2026-W34,5,1,true,true,12.39,11.25,0.073,13.66,12.44,12.62,10.45,9.32,12.26,17,4.05,,,11.67,10.44,1.05
BM3,express,X,2026-W35,5,1,true,true,12.14,11.16,0.0638,12.86,11.81,11.24,12.51,11.57,12.28,17,4.07,,,10.91,8.96,1.1
BM3,express,X,2026-W36,5,1,true,true,11.04,10,0.0682,11.86,10.65,9.97,10.74,9.57,11.22,17,3.98,,,13.85,13.02,0.95
BM3,express,X,2026-W37,4,1,true,true,10.08,8.82,0.1098,11.42,9.97,9.4,9.38,8.02,10.3,17,4,4.46,,11.7,10.7,1.02
BM3,express,X,2026-W38,5,1,true,true,10.44,9.37,0.087,10.06,8.94,9.44,10.52,9.33,12.03,17,4.33,4.46,,12.54,11.46,1.02
BM3,express,X,2026-W39,5,1,true,true,10.2,8.76,0.1237,10.15,8.44,9.5,9.99,8.4,11.05,17,4.44,4.46,,13.72,12.6,0.95
BM3,express,X,2026-W40,5,1,true,false,11.27,9.87,0.1061,11.37,10.14,10.54,10.7,9.71,12.7,17,4.34,4.46,,11.54,10.77,0.83
BM3,express,X,2026-W41,5,0,true,false,11.13,10.03,0.0865,11.79,10.55,10.23,9.81,8.84,12.44,17,4.5,4.46,8.8,,,
BM4,express,X,2026-W17,0,1,false,true,,,,,,,,,,,,,,13.95,10.69,0.36
BM4,express,X,2026-W18,5,1,false,false,10.18,9.12,0.0918,,,,10.51,9.07,,12,3.28,,,13.16,12.46,0.89
BM4,express,X,2026-W19,5,1,false,true,10.72,9.89,0.0734,,,,11.08,10.41,,11,2.93,,,15.15,13.88,0.69
BM4,express,X,2026-W20,5,1,false,true,10.66,9.98,0.0748,11.65,11.98,10.17,9.6,8.56,,14,3.26,,,11.02,8.91,0.81
BM4,express,X,2026-W21,5,1,false,false,11.33,10.4,0.0721,,,,10.44,9.24,,12,3.06,,,14.47,13.6,0.61
BM4,express,X,2026-W22,4,1,false,true,11.18,10.23,0.0674,11.43,9.84,10.79,11.11,9.9,,14,3.11,,,12.43,11.3,0.83
BM4,express,X,2026-W23,4,1,false,true,10.58,7.54,0.2111,,,,,,,3,2.66,,,14.78,13.84,1.01
BM4,express,X,2026-W24,3,0,false,false,12.68,9.2,0.1866,,,,,,,1,3.11,,,,,
BM4,express,X,2026-W25,0,1,false,false,,,,,,,,,,,,,,10.01,8.85,0.98
BM4,express,X,2026-W26,0,1,false,false,,,,,,,,,,,,,,9.02,7.91,0.95
BM4,express,X,2026-W27,3,1,true,true,11.24,10.48,0.0621,12.54,11.67,12.32,10.96,10.06,,15,2.94,,,12.54,11.08,0.4
BM4,express,X,2026-W28,5,1,true,true,11.34,10.33,0.0748,11.97,10.41,12.04,10.74,9.54,9.41,16,3.16,,,14.23,12.59,0.75
BM4,express,X,2026-W29,5,1,true,true,11.32,10.11,0.0989,12.1,10.73,10.52,10.34,9.15,,16,3.17,,,13.27,12.34,0.75
BM4,express,X,2026-W30,5,1,true,true,11.26,10.27,0.075,10.89,9.86,10.55,11.3,10.04,,16,2.9,,,10.52,9.69,0.73
BM4,express,X,2026-W31,5,1,true,true,10.71,9.5,0.094,12.23,10.68,9.97,10.37,9.59,,16,3.11,,,10.15,9.3,0.98
BM4,express,X,2026-W32,5,1,false,true,11.77,10.47,0.0897,12.29,10.99,11.61,11.02,10.1,,16,3.05,,,13.82,12.46,0.85
BM4,express,X,2026-W33,5,1,true,true,11.32,10.33,0.0702,12.35,10.98,11.03,11.37,10.39,,16,2.95,,,11.06,9.8,0.89
BM4,express,X,2026-W34,5,1,true,true,11.64,10.62,0.0666,11.6,10.51,11.74,12.43,11.17,,16,3.01,,,13.49,12.73,0.78
BM4,express,X,2026-W35,5,1,true,true,11,10.09,0.0716,11.37,10.63,10.75,11.57,10.36,,16,3.08,,,11.79,10.57,0.88
BM4,express,X,2026-W36,5,1,true,true,12.11,11.47,0.075,10.99,9.59,11.27,11.66,10.72,,16,3.04,,,14.62,13.43,0.71
BM4,express,X,2026-W37,4,1,true,true,10.21,9.08,0.0935,10.02,8.77,9.95,10.12,8.73,,16,3.22,3.46,,13.02,12.04,0.78
BM4,express,X,2026-W38,5,1,true,true,9.67,8.8,0.0846,9.24,8.09,9.95,9.93,9.02,,16,3.32,3.46,,12.37,11.19,0.78
BM4,express,X,2026-W39,5,1,true,true,11.2,10.11,0.0989,9.55,8.26,11.36,11.3,10.22,,16,3.34,3.46,,12.77,11.58,0.71
BM4,express,X,2026-W40,5,1,true,false,10.96,9.97,0.0825,11.76,10.04,9.75,10.33,9.3,,16,3.22,3.46,,8.56,7.79,0.67
BM4,express,X,2026-W41,5,0,true,false,9.99,9.01,0.0816,10.24,9.18,9.93,10.41,9.29,,16,3.47,3.46,7.9,,,
BM5,express,X,2026-W17,0,1,false,true,,,,,,,,,,,,,,13.56,12.48,0.16
BM5,express,X,2026-W18,5,1,false,false,11.22,10.23,0.0995,,,,9.68,8.62,,13,2.51,,,14.66,13.33,0.47
BM5,express,X,2026-W19,5,1,false,true,12.09,10.89,0.0709,,,,9.6,9.04,,12,2.44,,,13.22,10.83,0.52
BM5,express,X,2026-W20,5,1,false,true,12.32,11.28,0.0945,16.4,15.01,11.3,10.15,8.96,,15,2.5,,,15.59,10.85,0.65
BM5,express,X,2026-W21,5,1,false,false,11.5,10.25,0.0967,,,,9.48,8.38,,13,2.53,,,14.84,12.53,0.5
BM5,express,X,2026-W22,4,1,false,true,12.96,11.54,0.0975,14.19,12.58,13.61,10.69,9.87,,15,2.32,,,12.46,11.47,0.54
BM5,express,X,2026-W23,5,1,false,true,13.92,13.09,0.0689,,,,,,13.95,4,2.27,,,13.16,12.55,0.48
BM5,express,X,2026-W24,4,0,false,false,13.52,12.94,0.0489,,,,,,,2,2.12,,,,,
BM5,express,X,2026-W25,3,1,false,false,11.81,10.44,0.1464,,,,,,,2,2.35,,,29.33,14.32,0.8
BM5,express,X,2026-W26,4,1,false,false,12.75,11.75,0.0498,,,,,,,1,2.23,,,13.39,7.79,0.68
BM5,express,X,2026-W27,3,1,true,true,13.16,12.21,0.0648,13.27,11.92,14.71,10.9,9.84,11.92,16,2.43,,,14.84,12.95,0.55
BM5,express,X,2026-W28,5,1,true,true,12.57,11.73,0.0681,12.02,10.97,14.01,11.56,10.56,11.04,16,2.5,,,12.14,10.87,0.6
BM5,express,X,2026-W29,5,1,true,true,11.47,9.97,0.1235,14.66,13.29,9.5,10.44,8.84,,16,2.52,,,17.52,16.08,0.58
BM5,express,X,2026-W30,5,1,true,true,10.67,9.66,0.0769,13.44,12.08,9.88,9.27,8.26,,16,2.51,,,15.41,13.94,0.57
BM5,express,X,2026-W31,5,1,true,true,12.62,11.19,0.0954,14.66,12.58,13.8,10.98,9.56,,16,2.41,,,14.88,13.23,0.68
BM5,express,X,2026-W32,5,1,false,true,12.93,11.87,0.0854,13.23,12.4,13.75,10.47,9.23,12.91,17,2.25,,,11.34,9.83,0.67
BM5,express,X,2026-W33,5,1,true,true,12.62,11.3,0.0909,12.54,11.07,13.23,11.59,10.39,11.71,17,2.24,,,11.05,10,0.72
BM5,express,X,2026-W34,5,1,true,true,12.58,11.5,0.0711,14.11,12.89,12.12,11.47,10.37,12.75,17,2.41,,,11.41,10.44,0.63
BM5,express,X,2026-W35,5,1,true,true,12.86,11.62,0.0801,13.83,12.28,12.5,11.58,10.51,13.69,17,2.36,,,11.58,10.24,0.55
BM5,express,X,2026-W36,5,1,true,true,12.21,11.03,0.0775,13.68,11.83,11.75,10.41,9.4,11.42,17,2.37,,,11.93,10.62,0.59
BM5,express,X,2026-W37,4,1,true,true,11.6,10.22,0.108,13.53,12.25,11.41,8.93,7.75,12.17,17,2.5,2.49,,11.04,10.01,0.65
BM5,express,X,2026-W38,5,1,true,true,11.22,10.1,0.0891,12.77,11.63,10.33,9.69,8.82,12.22,17,2.6,2.49,,10.9,9.89,0.61
BM5,express,X,2026-W39,5,1,true,true,12.42,10.53,0.1323,12.52,10.71,11.44,10.24,8.62,14.72,17,2.59,2.49,,12.48,11.42,0.55
BM5,express,X,2026-W40,5,1,true,false,12.12,11.03,0.0662,12.74,11.75,12.25,8.81,7.93,13.67,17,2.49,2.49,,12.44,10.42,0.55
BM5,express,X,2026-W41,5,0,true,false,11.37,10.18,0.0923,11.02,9.89,10.9,9.56,8.68,11.8,17,2.53,2.49,15.9,,,
BX1,local,Bx,2026-W17,0,2,false,true,,,,,,,,,,,,,,7.4,6.19,7.84
BX1,local,Bx,2026-W18,5,2,false,false,7.48,6.31,0.1399,,,,7.04,5.59,,13,11.79,,,7.33,6.03,7.7
BX1,local,Bx,2026-W19,5,2,false,true,7.34,6.11,0.1397,,,,6.99,5.58,,12,12.02,,,7.79,6.56,7.95
BX1,local,Bx,2026-W20,5,2,false,true,7.32,6.07,0.149,7.72,6.2,7.02,6.97,5.93,,15,12.71,,,7.56,6.55,8.04
BX1,local,Bx,2026-W21,5,2,false,false,7.48,6.31,0.1327,,,,7.05,5.9,,13,12.04,,,7.82,6.7,8.15
BX1,local,Bx,2026-W22,4,2,false,true,7.41,6.24,0.1386,7.52,6.58,7.33,7.21,6.08,,15,12.61,,,7.35,6.2,8.55
BX1,local,Bx,2026-W23,5,2,false,true,7.22,6.3,0.1098,,,,,,7.23,4,13.14,,,7.46,6.22,8.24
BX1,local,Bx,2026-W24,5,1,false,false,7.61,6.51,0.1302,,,,,,,2,12.62,,,7.58,6.04,7.48
BX1,local,Bx,2026-W25,3,2,false,false,7.68,5.97,0.1972,,,,,,,2,12.28,,,7.12,5.86,7.72
BX1,local,Bx,2026-W26,5,2,false,false,7.67,6.56,0.1078,,,,,,,1,12.5,,,7.68,6.13,7.72
BX1,local,Bx,2026-W27,3,2,true,true,7.28,6.06,0.1444,7.73,6.52,7.13,6.91,5.74,7.12,16,11.61,,,7.64,6.09,8.32
BX1,local,Bx,2026-W28,5,2,true,true,7.36,6.29,0.1211,7.65,6.59,7.22,7.13,6.09,7.18,16,11.98,,,7.42,6.24,8.43
BX1,local,Bx,2026-W29,5,2,true,true,7.32,6.27,0.1245,7.61,6.56,7.1,6.91,5.78,,16,12.33,,,7.41,6.25,8.36
BX1,local,Bx,2026-W30,5,2,true,true,7.33,6.28,0.1222,7.62,6.51,7.19,7.06,6.13,,16,12.17,,,7.26,6.11,6.07
BX1,local,Bx,2026-W31,5,2,true,true,7.37,6.27,0.1215,7.47,6.48,7.31,7.04,6.01,,16,12,,,7.48,6.54,8.36
BX1,local,Bx,2026-W32,5,2,false,true,7.41,6.46,0.1064,7.54,6.72,7.3,6.83,5.91,7.52,17,11.99,,,7.48,6.32,7.91
BX1,local,Bx,2026-W33,5,2,true,true,7.36,6.43,0.104,7.77,6.82,7.21,7.14,6.3,6.98,17,11.83,,,7.42,6.35,8.58
BX1,local,Bx,2026-W34,5,2,true,true,7.45,6.43,0.1154,7.61,6.71,7.37,7.22,6.26,7.27,17,11.61,,,7.17,6.02,8.06
BX1,local,Bx,2026-W35,5,2,true,true,7.52,6.56,0.1026,7.79,6.92,7.56,7.19,6.28,7.13,17,11.61,,,7.37,6.3,7.84
BX1,local,Bx,2026-W36,5,2,true,true,7.35,6.35,0.1087,7.73,6.76,7.15,7.08,6.07,7.21,17,11.79,,,7.42,6.16,8.42
BX1,local,Bx,2026-W37,4,2,true,true,7.12,6.05,0.1257,7.31,6.29,7.01,6.65,5.61,7.1,17,12.13,12.49,,7.58,6.55,8.25
BX1,local,Bx,2026-W38,5,2,true,true,7.09,6.12,0.1193,7.08,6.16,6.99,6.81,5.84,7.14,17,12.85,12.56,,7.25,6.24,7.85
BX1,local,Bx,2026-W39,5,2,true,true,7.29,6.36,0.1031,7.35,6.54,7.07,6.78,5.88,7.61,17,12.18,12.53,,7.75,6.71,8.27
BX1,local,Bx,2026-W40,5,2,true,false,7.24,6.29,0.1099,7.15,6.33,6.99,7.1,6.09,7.41,17,12.77,12.56,,7.49,6.23,8.13
BX1,local,Bx,2026-W41,5,0,true,false,7.19,6.16,0.1206,7.16,6.22,7.08,6.7,5.75,7.45,17,12.85,12.56,26.9,,,
BX10,local,Bx,2026-W17,0,2,false,true,,,,,,,,,,,,,,9.68,8.7,5.16
BX10,local,Bx,2026-W18,5,2,false,false,8.82,8.03,0.0704,,,,7.93,7.45,,13,11.15,,,9.91,8.71,5.34
BX10,local,Bx,2026-W19,5,2,false,true,9.13,8.01,0.1018,,,,8.94,7.64,,12,11.13,,,9.68,8.56,5.17
BX10,local,Bx,2026-W20,5,2,false,true,8.46,7.59,0.0859,7.46,6.9,8.08,7.87,7.1,,15,11.31,,,9.4,8.2,5.32
BX10,local,Bx,2026-W21,5,2,false,false,8.68,7.92,0.0734,,,,8.21,7.46,,13,11.32,,,10.05,9.13,5
BX10,local,Bx,2026-W22,4,2,false,true,8.81,7.9,0.0832,8.77,7.94,8.24,8.02,7.1,,15,11.28,,,9.8,8.79,5.41
BX10,local,Bx,2026-W23,5,2,false,true,8.95,7.89,0.0886,,,,,,10.15,4,10.79,,,9.8,8.96,4.82
BX10,local,Bx,2026-W24,5,1,false,false,8.58,7.39,0.1239,,,,,,,2,10.73,,,10.18,8.76,4.92
BX10,local,Bx,2026-W25,3,2,false,false,9.04,7.23,0.1602,,,,,,,2,11.15,,,9.65,8.77,5.04
BX10,local,Bx,2026-W26,5,2,false,false,9.54,8.73,0.0689,,,,,,,1,11.39,,,10.33,9.67,4.82
BX10,local,Bx,2026-W27,3,2,true,true,8.87,7.96,0.0773,9.04,8.25,8.26,8.2,7.39,9.85,16,10.89,,,10.22,9.08,5.13
BX10,local,Bx,2026-W28,5,2,true,true,8.86,7.91,0.086,8.54,7.36,8.48,7.89,7.16,10.11,16,10.14,,,10.01,9,4.93
BX10,local,Bx,2026-W29,5,2,true,true,8.81,8,0.0765,8.78,7.99,8.19,8.07,7.2,,16,10.78,,,9.45,8.57,5.15
BX10,local,Bx,2026-W30,5,2,true,true,8.86,8.03,0.0744,9.02,8.12,8.31,7.87,7.09,,16,10.77,,,9.25,8.39,4.86
BX10,local,Bx,2026-W31,5,2,true,true,8.87,8.1,0.0702,8.56,7.87,8.4,8.15,7.38,,16,10.52,,,9.12,8.1,4.68
BX10,local,Bx,2026-W32,5,2,false,true,8.85,8.02,0.0799,8.73,7.99,8.41,7.69,6.83,9.88,17,10.78,,,9.71,8.61,5.12
BX10,local,Bx,2026-W33,5,2,true,true,8.9,8.08,0.0752,9.07,8.18,8.34,8.17,7.25,9.85,17,10.92,,,9.57,8.66,5.15
BX10,local,Bx,2026-W34,5,2,true,true,8.76,7.95,0.0731,8.78,7.99,8.07,8.21,7.41,9.94,17,10.58,,,9.75,8.83,5.57
BX10,local,Bx,2026-W35,5,2,true,true,8.87,8.03,0.0744,8.81,7.96,8.23,8.33,7.48,9.96,17,10.87,,,9.3,8.23,5.63
BX10,local,Bx,2026-W36,5,2,true,true,8.69,7.78,0.0756,8.72,7.7,7.95,7.93,7.19,10.01,17,10.49,,,9.61,8.56,5.47
BX10,local,Bx,2026-W37,4,2,true,true,8.24,7.33,0.081,7.93,6.96,7.7,7.55,6.76,9.45,17,11.17,11.2,,9.33,8.5,5.35
BX10,local,Bx,2026-W38,5,2,true,true,8.35,7.52,0.0811,7.85,7.11,7.82,7.76,7,9.68,17,11.79,11.28,,9.38,8.53,5.52
BX10,local,Bx,2026-W39,5,2,true,true,8.47,7.68,0.0707,8.13,7.24,7.92,7.73,7.02,9.83,17,11.59,11.25,,9.58,8.64,5.23
BX10,local,Bx,2026-W40,5,2,true,false,8.24,7.49,0.079,8.03,7.38,7.86,7.54,6.88,9.38,17,11.82,11.28,,9.38,8.38,5.85
BX10,local,Bx,2026-W41,5,0,true,false,8.34,7.55,0.0789,7.89,7.14,7.73,7.58,6.88,9.84,17,11.6,11.28,17,,,
BX11,local,Bx,2026-W17,0,2,false,true,,,,,,,,,,,,,,7.07,6.1,6.44
BX11,local,Bx,2026-W18,5,2,false,false,6.37,5.57,0.1087,,,,5.68,4.89,,13,13.38,,,7.16,6.13,7.22
BX11,local,Bx,2026-W19,5,2,false,true,6.08,5.16,0.1361,,,,5.11,4.35,,12,13.53,,,6.79,5.88,6.94
BX11,local,Bx,2026-W20,5,2,false,true,6.07,5.1,0.1545,5.63,4.53,5.99,5.26,4.35,,15,13.62,,,7.07,5.88,7.69
BX11,local,Bx,2026-W21,5,2,false,false,5.92,4.9,0.1537,,,,5.17,4.06,,13,13.79,,,7.18,6.17,7.41
BX11,local,Bx,2026-W22,4,2,false,true,6.17,5.26,0.1278,6.12,5.33,5.84,5.41,4.53,,15,13.2,,,7.05,5.99,7.23
BX11,local,Bx,2026-W23,5,2,false,true,6.64,5.85,0.1058,,,,,,7.35,4,12.02,,,6.84,5.82,6.27
BX11,local,Bx,2026-W24,5,1,false,false,6.37,5.31,0.1463,,,,,,,2,12.75,,,7.43,5.85,6.19
BX11,local,Bx,2026-W25,3,2,false,false,6.38,5.58,0.1051,,,,,,,2,12.89,,,7.28,6.14,6.66
BX11,local,Bx,2026-W26,5,2,false,false,6.89,5.59,0.1416,,,,,,,1,13.03,,,7.32,6.24,7.39
BX11,local,Bx,2026-W27,3,2,true,true,6.37,5.55,0.1052,6.59,5.69,6.02,5.7,4.83,6.98,16,12.82,,,7.27,6.24,7.27
BX11,local,Bx,2026-W28,5,2,true,true,6.54,5.6,0.1163,6.75,5.63,6.28,5.88,5,7.01,16,12.8,,,7.12,5.95,6.83
BX11,local,Bx,2026-W29,5,2,true,true,6.46,5.54,0.1192,6.57,5.73,6.08,5.81,4.85,,16,13.01,,,7.01,5.94,7.09
BX11,local,Bx,2026-W30,5,2,true,true,6.44,5.4,0.142,6.56,5.48,6.03,5.62,4.57,,16,13.22,,,6.4,5.08,7.15
BX11,local,Bx,2026-W31,5,2,true,true,6.34,5.44,0.1167,6.37,5.6,6.08,5.65,4.76,,16,13.65,,,6.97,5.96,6.97
BX11,local,Bx,2026-W32,5,2,false,true,6.34,5.4,0.1252,6.59,5.69,6.17,5.59,4.71,6.87,17,12.14,,,7,5.93,6.9
BX11,local,Bx,2026-W33,5,2,true,true,6.44,5.49,0.1236,6.49,5.65,6.2,5.82,4.87,6.86,17,13.44,,,6.95,5.92,7.32
BX11,local,Bx,2026-W34,5,2,true,true,6.38,5.51,0.1166,6.49,5.69,6.13,5.92,4.96,6.72,17,12.86,,,7.11,6.26,7.59
BX11,local,Bx,2026-W35,5,2,true,true,6.47,5.56,0.1141,6.42,5.55,6.31,5.89,5.02,7.01,17,13.1,,,7,5.69,7.75
BX11,local,Bx,2026-W36,5,2,true,true,6.4,5.5,0.1147,6.35,5.51,6.23,5.83,4.95,6.92,17,13.24,,,7.07,5.98,7.52
BX11,local,Bx,2026-W37,4,2,true,true,6.11,5.2,0.1251,6.24,5.32,5.86,5.21,4.18,6.8,17,13.41,14.43,,6.75,5.76,6.92
BX11,local,Bx,2026-W38,5,2,true,true,6.11,5.15,0.1295,5.8,4.98,5.87,5.22,4.23,7.1,17,12.85,14.48,,6.82,5.84,7.56
BX11,local,Bx,2026-W39,5,2,true,true,6.23,5.42,0.1038,6.11,5.33,5.96,5.51,4.7,7.02,17,12.63,14.46,,7.15,6.24,7.16
BX11,local,Bx,2026-W40,5,2,true,false,6.26,5.42,0.115,6.09,5.23,5.94,5.43,4.53,7.28,17,13.15,14.48,,6.88,5.73,6.56
BX11,local,Bx,2026-W41,5,0,true,false,6.08,5.18,0.1243,6.04,5.13,5.96,5.26,4.43,6.64,17,13.1,14.48,18.9,,,
BX12,local,Bx,2026-W17,0,2,false,true,,,,,,,,,,,,,,10.42,9.02,4.1
BX12,local,Bx,2026-W18,5,2,false,false,9.17,7.8,0.1382,,,,9.29,6.45,,13,5.26,,,9.82,8.45,4.87
BX12,local,Bx,2026-W19,5,2,false,true,8.98,7.93,0.0997,,,,9.46,8.25,,12,6.02,,,9.75,8.64,4.2
BX12,local,Bx,2026-W20,5,2,false,true,8.92,7.71,0.1317,8.35,7.5,8.45,8.09,6.66,,15,5.32,,,9.4,8.07,3.71
BX12,local,Bx,2026-W21,5,2,false,false,8.89,7.67,0.117,,,,7.68,6.13,,13,5.36,,,10.69,8.9,3.53
BX12,local,Bx,2026-W22,4,2,false,true,8.69,7.23,0.1501,7.84,6.94,8.28,8.11,6.61,,15,6.18,,,10.56,9.27,5.81
BX12,local,Bx,2026-W23,5,2,false,true,8.84,7.75,0.0967,,,,,,9.58,4,5.97,,,10.26,9.09,5.59
BX12,local,Bx,2026-W24,5,1,false,false,9.72,8.34,0.1217,,,,,,,2,6.28,,,10.79,9.72,6.25
BX12,local,Bx,2026-W25,3,2,false,false,10.86,9.87,0.0981,,,,,,,2,5.73,,,10.46,8.86,7.04
BX12,local,Bx,2026-W26,5,2,false,false,9.66,8.19,0.1322,,,,,,,1,6.4,,,10.45,9.01,8.96
BX12,local,Bx,2026-W27,3,2,true,true,10.32,8.89,0.1081,11.19,9.82,9.67,9.83,8.67,10.57,16,7.43,,,11.79,10.12,14.29
BX12,local,Bx,2026-W28,5,2,true,true,10.58,9.11,0.1173,11.31,9.94,10.41,9.29,8.15,10.82,16,7.83,,,11.58,9.88,14.2
BX12,local,Bx,2026-W29,5,2,true,true,10.66,9.26,0.1064,10.93,9.51,10.24,9.89,8.66,,16,7.49,,,11.6,10,14.91
BX12,local,Bx,2026-W30,5,2,true,true,10.4,9.08,0.1039,9.96,8.79,10.06,9.4,8.24,,16,7.56,,,10.86,9.52,15.18
BX12,local,Bx,2026-W31,5,2,true,true,10.27,9.05,0.0988,9.88,8.85,10.19,9.49,8.48,,16,7.24,,,11.29,9.85,14
BX12,local,Bx,2026-W32,5,2,false,true,10.37,8.95,0.1119,10.64,9.27,10.36,9.23,8.07,10.32,17,6.81,,,11.19,9.61,13.17
BX12,local,Bx,2026-W33,5,2,true,true,10.62,9.34,0.0979,10.8,9.58,10.68,9.7,8.52,10.64,17,7.43,,,11.43,9.9,14.08
BX12,local,Bx,2026-W34,5,2,true,true,10.33,9.02,0.1034,10.63,9.22,10.34,9.58,8.42,10.17,17,7.71,,,11.48,10.05,14.71
BX12,local,Bx,2026-W35,5,2,true,true,10.31,9.08,0.0949,11.1,9.9,10.33,9.21,8.13,10.33,17,7.56,,,11.39,9.93,13.04
BX12,local,Bx,2026-W36,5,2,true,true,10.52,9.12,0.1044,11.08,9.48,10.2,9.58,8.44,11.09,17,7.85,,,11.24,9.95,9.07
BX12,local,Bx,2026-W37,4,2,true,true,8.98,7.87,0.1034,8.38,7.32,8.23,7.78,6.81,11.13,17,6.19,6.56,,10.85,9.7,5.54
BX12,local,Bx,2026-W38,5,2,true,true,8.94,7.87,0.0973,8.26,7.19,8.45,8.08,7.2,10.6,17,6.43,6.56,,10.25,9.26,4.68
BX12,local,Bx,2026-W39,5,2,true,true,8.87,7.85,0.0937,8.55,7.39,8.42,8.2,7.32,9.99,17,5.88,6.56,,10.95,9.81,4.95
BX12,local,Bx,2026-W40,5,2,true,false,8.86,7.58,0.1302,8.39,7.39,8.56,8.03,7.3,9.85,17,6.79,6.56,,9.4,8.52,3.66
BX12,local,Bx,2026-W41,5,0,true,false,8.83,7.83,0.0941,8.26,7.43,8.76,7.75,6.98,9.66,17,6.52,6.56,23.8,,,
BX12+,sbs,Bx,2026-W17,0,2,false,true,,,,,,,,,,,,,,10.89,9.31,9.93
BX12+,sbs,Bx,2026-W18,5,2,false,false,9.91,8.76,0.0996,,,,9.48,8.31,,13,16.14,,,10.56,9.19,11.57
BX12+,sbs,Bx,2026-W19,5,2,false,true,9.46,8.36,0.1018,,,,7.98,6.91,,12,16.35,,,10.11,8.77,11.29
BX12+,sbs,Bx,2026-W20,5,2,false,true,9.72,8.63,0.0921,8.57,7.56,10.07,8.9,7.84,,15,15.8,,,10.46,8.94,11.51
BX12+,sbs,Bx,2026-W21,5,2,false,false,9.98,8.76,0.1039,,,,8.12,7.04,,13,16.82,,,11.7,9.86,10.68
BX12+,sbs,Bx,2026-W22,4,2,false,true,10.12,8.93,0.1002,10.12,8.9,9.66,8.99,7.91,,15,16.06,,,10.89,9.21,11.19
BX12+,sbs,Bx,2026-W23,5,2,false,true,9.68,8.54,0.103,,,,,,10.44,4,15.86,,,10.61,9.14,11.62
BX12+,sbs,Bx,2026-W24,5,1,false,false,10.48,9.24,0.1082,,,,,,,2,16.32,,,11.31,9.99,8.74
BX12+,sbs,Bx,2026-W25,3,2,false,false,10.27,9.15,0.1158,,,,,,,2,15.66,,,10.71,9.11,11.64
BX12+,sbs,Bx,2026-W26,5,2,false,false,9.58,8.37,0.1054,,,,,,,1,15.62,,,9.63,8.25,9.72
BX12+,sbs,Bx,2026-W27,3,2,true,true,10.08,8.93,0.0956,10.38,9.26,9.77,9.28,8.19,10.53,16,16.08,,,11.93,10.15,10.13
BX12+,sbs,Bx,2026-W28,5,2,true,true,10.3,8.99,0.1043,10.62,9.29,10.11,9.04,7.97,10.94,16,16.69,,,11.3,9.67,11.28
BX12+,sbs,Bx,2026-W29,5,2,true,true,10.29,8.94,0.1088,10.41,8.99,9.79,9.46,8.04,,16,17.01,,,11.13,9.58,10.44
BX12+,sbs,Bx,2026-W30,5,2,true,true,10.19,8.88,0.1043,10.45,9.22,9.82,9.14,7.96,,16,16.24,,,10.67,9.06,11.35
BX12+,sbs,Bx,2026-W31,5,2,true,true,10.02,8.82,0.1012,10.17,9.11,9.71,9.06,7.95,,16,16.53,,,11.05,9.54,11.4
BX12+,sbs,Bx,2026-W32,5,2,false,true,9.92,8.65,0.1139,10.41,9.3,9.86,9.25,7.93,10.12,17,16.18,,,10.96,9.18,10.94
BX12+,sbs,Bx,2026-W33,5,2,true,true,10.41,9.16,0.1003,10.93,9.55,10,9.5,8.26,10.66,17,16.42,,,11.15,9.62,11.5
BX12+,sbs,Bx,2026-W34,5,2,true,true,10.1,8.86,0.1031,10.81,9.47,9.73,9.35,8.1,10.19,17,16.19,,,11.05,9.7,11.25
BX12+,sbs,Bx,2026-W35,5,2,true,true,10.23,8.97,0.0996,10.47,9.28,9.95,9.16,8.12,11.02,17,16.22,,,11.1,9.57,10.59
BX12+,sbs,Bx,2026-W36,5,2,true,true,10.47,9.01,0.1141,10.61,9.09,9.9,9.48,8.21,11.46,17,15.98,,,11.09,9.47,11
BX12+,sbs,Bx,2026-W37,4,2,true,true,9.73,8.43,0.1106,9.71,8.43,9.25,8.53,7.32,10.94,17,15.04,16.69,,11.2,9.81,10.99
BX12+,sbs,Bx,2026-W38,5,2,true,true,9.89,8.59,0.1093,9.38,8.22,9.61,8.86,7.73,11.07,17,15.65,16.69,,11.12,9.7,11.17
BX12+,sbs,Bx,2026-W39,5,2,true,true,9.97,8.7,0.1021,9.58,8.39,9.6,9.07,7.92,11.11,17,15.84,16.69,,11.38,9.73,10.85
BX12+,sbs,Bx,2026-W40,5,2,true,false,9.56,8.17,0.1322,9.34,8.14,9.61,9.05,8.02,9.65,17,16.4,16.69,,10.36,9.09,10.82
BX12+,sbs,Bx,2026-W41,5,0,true,false,9.66,8.39,0.1139,9.22,8.05,9.43,8.55,7.36,10.86,17,17.06,16.69,34.6,,,
BX13,local,Bx,2026-W17,0,2,false,true,,,,,,,,,,,,,,7.47,5.9,4.95
BX13,local,Bx,2026-W18,5,2,false,false,6.85,5.83,0.1315,,,,6.26,5.25,,13,7.93,,,6.98,6.04,5.72
BX13,local,Bx,2026-W19,5,2,false,true,6.58,5.62,0.1238,,,,5.99,4.86,,12,8.24,,,6.86,5.86,4.28
BX13,local,Bx,2026-W20,5,2,false,true,6.57,5.54,0.152,6.05,5.14,6.28,5.95,4.77,,15,8.94,,,7.44,6.32,5.01
BX13,local,Bx,2026-W21,5,2,false,false,6.4,5.57,0.1252,,,,5.59,4.55,,13,7.75,,,7.46,6.48,4.96
BX13,local,Bx,2026-W22,4,2,false,true,6.63,5.62,0.1394,6.38,5.47,6.45,5.91,4.94,,15,8.6,,,7.22,6.28,5.26
BX13,local,Bx,2026-W23,5,2,false,true,6.75,5.9,0.114,,,,,,7.2,4,7.72,,,6.97,5.97,5.43
BX13,local,Bx,2026-W24,5,1,false,false,7.21,6.17,0.1315,,,,,,,2,8.02,,,7.73,6.92,4.1
BX13,local,Bx,2026-W25,3,2,false,false,5.95,4.97,0.1394,,,,,,,2,8.65,,,7.16,6.37,4.8
BX13,local,Bx,2026-W26,5,2,false,false,6.61,5.88,0.099,,,,,,,1,7.23,,,7.82,6.88,5.09
BX13,local,Bx,2026-W27,3,2,true,true,6.71,5.89,0.1056,7.27,6.37,6.46,6.07,5.15,6.79,16,7.82,,,7.82,6.78,5.28
BX13,local,Bx,2026-W28,5,2,true,true,6.92,5.89,0.1281,6.99,6,6.89,6.29,5.26,7.04,16,7.65,,,6.88,6.09,5.07
BX13,local,Bx,2026-W29,5,2,true,true,6.96,5.91,0.1331,7.04,5.99,6.85,6.09,4.95,,16,8.17,,,7.46,6.45,5.37
BX13,local,Bx,2026-W30,5,2,true,true,6.82,5.93,0.1133,7.08,6.36,6.66,5.93,5.07,,16,8.05,,,7.26,6.14,5.23
BX13,local,Bx,2026-W31,5,2,true,true,6.9,5.95,0.1181,7.1,6.12,6.55,6.34,5.48,,16,7.72,,,7.3,6.29,4.8
BX13,local,Bx,2026-W32,5,2,false,true,6.79,5.82,0.1268,6.9,6.05,6.6,5.9,5,7.29,17,7.59,,,7.12,6.1,5.7
BX13,local,Bx,2026-W33,5,2,true,true,6.92,5.98,0.1184,7.16,6.07,6.65,6.15,5.3,7.29,17,7.61,,,7.16,5.97,5.23
BX13,local,Bx,2026-W34,5,2,true,true,6.77,5.84,0.1226,6.82,5.93,6.52,6.18,5.23,7.19,17,7.93,,,7.3,6.34,5.5
BX13,local,Bx,2026-W35,5,2,true,true,6.87,5.88,0.1216,7.07,6.19,6.86,5.91,5.14,7.14,17,7.86,,,7.12,6.04,5.44
BX13,local,Bx,2026-W36,5,2,true,true,6.87,5.93,0.112,6.81,5.8,6.6,6.39,5.41,7.41,17,8.1,,,7.53,6.38,5.35
BX13,local,Bx,2026-W37,4,2,true,true,6.5,5.52,0.1301,6.7,5.74,6.3,5.63,4.65,6.89,17,7.83,8.07,,7.19,6.02,5.71
BX13,local,Bx,2026-W38,5,2,true,true,6.73,5.7,0.1359,6.54,5.54,6.57,5.92,4.88,7.39,17,8.06,8.07,,7.09,5.77,5.06
BX13,local,Bx,2026-W39,5,2,true,true,6.58,5.73,0.1083,6.65,5.71,6.46,5.79,4.94,6.99,17,8.35,8.07,,7.6,6.63,5.03
BX13,local,Bx,2026-W40,5,2,true,false,6.46,5.6,0.121,6.37,5.55,6.61,5.64,4.75,6.61,17,8.47,8.07,,6.93,5.8,5.28
BX13,local,Bx,2026-W41,5,0,true,false,6.56,5.59,0.1257,6.49,5.61,6.27,6.01,5.05,7.01,17,8.37,8.07,19.9,,,
BX15,local,Bx,2026-W17,0,2,false,true,,,,,,,,,,,,,,7.82,6.48,5.63
BX15,local,Bx,2026-W18,5,2,false,false,6.85,5.57,0.1783,,,,6.65,5.58,,13,9.97,,,7.48,6.4,6.14
BX15,local,Bx,2026-W19,5,2,false,true,6.91,5.96,0.1253,,,,6.4,5.37,,12,11.26,,,7.78,6.76,5.49
BX15,local,Bx,2026-W20,5,2,false,true,6.82,5.64,0.1581,6.74,5.67,6.42,6.26,5.36,,15,10.66,,,7.55,6.05,6.17
BX15,local,Bx,2026-W21,5,2,false,false,6.72,5.66,0.1423,,,,6.27,5.11,,13,10.25,,,7.83,6.41,5.85
BX15,local,Bx,2026-W22,4,2,false,true,6.89,5.83,0.1388,6.94,5.86,6.58,6.28,5.11,,15,10.9,,,7.67,6.01,6.41
BX15,local,Bx,2026-W23,5,2,false,true,7.21,6.2,0.121,,,,,,7.8,4,10.41,,,7.35,6.11,6.15
BX15,local,Bx,2026-W24,5,1,false,false,7.37,6.31,0.1286,,,,,,,2,10.45,,,7.85,6.27,5.33
BX15,local,Bx,2026-W25,3,2,false,false,7.04,6.37,0.0714,,,,,,,2,10.65,,,7.38,5.97,5.75
BX15,local,Bx,2026-W26,5,2,false,false,6.93,6,0.1168,,,,,,,1,11.42,,,7.93,6.99,6.08
BX15,local,Bx,2026-W27,3,2,true,true,6.98,5.93,0.129,7.34,6.41,6.54,6.61,5.64,7.29,16,10.18,,,7.87,6.75,6.26
BX15,local,Bx,2026-W28,5,2,true,true,7.37,6.35,0.1222,7.6,6.62,7.02,6.79,5.89,7.8,16,10.21,,,7.58,6.43,6.27
BX15,local,Bx,2026-W29,5,2,true,true,7.32,6.41,0.104,7.51,6.54,6.88,6.74,5.87,,16,10.8,,,7.66,6.7,5.48
BX15,local,Bx,2026-W30,5,2,true,true,7.38,6.39,0.1166,7.33,6.36,7.1,6.9,5.99,,16,10.83,,,7.35,6.39,5.21
BX15,local,Bx,2026-W31,5,2,true,true,7.3,6.38,0.1021,7.51,6.69,6.92,6.82,6.08,,16,10.48,,,7.31,6.3,5.79
BX15,local,Bx,2026-W32,5,2,false,true,7.37,6.45,0.1087,7.88,6.83,6.91,6.93,6.1,7.6,17,9.44,,,7.59,6.63,6.14
BX15,local,Bx,2026-W33,5,2,true,true,7.36,6.37,0.1127,7.8,6.76,6.89,6.74,5.78,7.83,17,10.39,,,7.94,6.66,6.14
BX15,local,Bx,2026-W34,5,2,true,true,7.37,6.51,0.0929,7.5,6.68,7.01,6.9,6.15,7.84,17,10.57,,,7.76,6.65,6.03
BX15,local,Bx,2026-W35,5,2,true,true,7.27,6.39,0.1051,7.64,6.83,6.89,6.7,5.93,7.69,17,10.77,,,7.68,6.7,6.25
BX15,local,Bx,2026-W36,5,2,true,true,7.25,6.21,0.1178,7.6,6.5,6.78,6.6,5.69,7.84,17,9.93,,,7.77,6.56,5.89
BX15,local,Bx,2026-W37,4,2,true,true,6.81,5.72,0.1392,6.93,5.8,6.58,5.73,4.68,7.53,17,10.34,10.93,,7.67,6.67,6.19
BX15,local,Bx,2026-W38,5,2,true,true,6.91,5.97,0.1178,6.68,5.76,6.65,6.15,5.22,7.69,17,10.86,10.93,,7.55,6.59,6.39
BX15,local,Bx,2026-W39,5,2,true,true,7.01,6.22,0.0939,6.85,5.91,6.53,6.37,5.71,8.05,17,10.81,10.93,,7.97,7.06,6
BX15,local,Bx,2026-W40,5,2,true,false,7.04,6.18,0.1051,6.89,6.01,6.73,6.4,5.64,7.82,17,11.17,10.93,,7.45,6.62,6.65
BX15,local,Bx,2026-W41,5,0,true,false,7.01,5.94,0.1325,6.81,5.84,6.72,6.24,5.18,7.79,17,10.43,10.93,26.6,,,
BX16,local,Bx,2026-W17,0,2,false,true,,,,,,,,,,,,,,10.61,9.6,3.31
BX16,local,Bx,2026-W18,5,2,false,false,8.94,8.06,0.0824,,,,8.45,8.17,,13,7.63,,,9.98,9.01,4.13
BX16,local,Bx,2026-W19,5,2,false,true,9.08,8.15,0.0834,,,,7.87,7.24,,12,7.53,,,9.99,8.89,3.79
BX16,local,Bx,2026-W20,5,2,false,true,9.06,7.86,0.1146,8.63,7.35,8.89,8.07,7.22,,15,7.39,,,9.97,8.65,3.51
BX16,local,Bx,2026-W21,5,2,false,false,8.8,8.04,0.0872,,,,8.5,7.57,,13,7.37,,,10.93,9.95,3.57
BX16,local,Bx,2026-W22,4,2,false,true,8.94,8.02,0.0875,8.43,7.47,8.75,8.29,7.45,,15,7.34,,,9.6,8.54,3.59
BX16,local,Bx,2026-W23,5,2,false,true,8.95,8.16,0.073,,,,,,9.79,4,7.35,,,9.99,9.08,3.88
BX16,local,Bx,2026-W24,5,1,false,false,8.52,7.8,0.0759,,,,,,,2,7.18,,,10.08,9.23,3.25
BX16,local,Bx,2026-W25,3,2,false,false,9.25,8.14,0.1103,,,,,,,2,7.39,,,10.3,9.77,3.86
BX16,local,Bx,2026-W26,5,2,false,false,8.66,7.37,0.1411,,,,,,,1,6.86,,,9.84,8.95,3.91
BX16,local,Bx,2026-W27,3,2,true,true,9.26,8.27,0.0842,9.22,8.33,8.68,8.94,8.13,10.14,16,6.68,,,10.46,9.34,3.75
BX16,local,Bx,2026-W28,5,2,true,true,9.16,8.08,0.1023,9.02,8.02,8.94,8.88,8.02,9.54,16,7.42,,,10.16,9.06,3.98
BX16,local,Bx,2026-W29,5,2,true,true,9.32,8.11,0.1097,9.14,8.04,8.92,8.76,7.57,,16,7.38,,,10.82,9.51,3.82
BX16,local,Bx,2026-W30,5,2,true,true,9.19,8.18,0.0926,9.47,8.27,8.87,8.54,7.63,,16,7.23,,,10.29,9.01,3.34
BX16,local,Bx,2026-W31,5,2,true,true,9.13,8.04,0.0973,8.99,8.01,8.64,8.5,7.44,,16,7.26,,,10.02,8.87,3.67
BX16,local,Bx,2026-W32,5,2,false,true,9.15,8.14,0.0943,9.14,8.24,8.55,8.37,7.68,10.01,17,6.76,,,9.85,8.5,4.04
BX16,local,Bx,2026-W33,5,2,true,true,9.16,8.12,0.0954,9.24,8.19,8.78,8.79,7.88,9.74,17,7.09,,,10.01,9.22,3.93
BX16,local,Bx,2026-W34,5,2,true,true,9.34,8.25,0.0958,9.34,8.24,9.02,9,8.13,9.8,17,7.61,,,9.97,9.07,4.05
BX16,local,Bx,2026-W35,5,2,true,true,9.32,8.19,0.1005,9.64,8.64,8.87,9.17,8.09,9.74,17,7.3,,,9.97,8.79,3.73
BX16,local,Bx,2026-W36,5,2,true,true,9.14,8.14,0.0835,8.8,7.77,8.57,8.71,7.88,10.4,17,7.17,,,10.14,9.19,3.64
BX16,local,Bx,2026-W37,4,2,true,true,8.99,7.96,0.0915,8.48,7.49,8.75,8.43,7.51,10.02,17,7.04,7.08,,10.37,9.37,3.8
BX16,local,Bx,2026-W38,5,2,true,true,8.75,7.83,0.0879,8.23,7.34,8.37,8.23,7.48,9.93,17,7.63,7.11,,10.19,9.27,3.57
BX16,local,Bx,2026-W39,5,2,true,true,9.13,8.21,0.0826,8.66,7.71,8.79,8.45,7.59,10.31,17,7.33,7.09,,10.38,9.43,3.23
BX16,local,Bx,2026-W40,5,2,true,false,9.02,8.13,0.0881,8.76,7.93,8.39,8.46,7.68,10.33,17,7.63,7.11,,10.29,9.47,3.98
BX16,local,Bx,2026-W41,5,0,true,false,8.98,8.01,0.0989,8.57,7.75,8.53,8.28,7.38,10.11,17,7.88,7.11,17.5,,,
BX17,local,Bx,2026-W17,0,2,false,true,,,,,,,,,,,,,,7.79,6.83,4.65
BX17,local,Bx,2026-W18,5,2,false,false,6.42,5.64,0.1124,,,,6.6,5.9,,13,10.32,,,7.53,6.2,6.14
BX17,local,Bx,2026-W19,5,2,false,true,6.58,5.91,0.0879,,,,6.33,5.76,,12,10.53,,,7.58,6.38,5.74
BX17,local,Bx,2026-W20,5,2,false,true,6.54,5.73,0.11,6.16,5.04,6.28,5.85,5.07,,15,10.8,,,7.49,6.6,5.64
BX17,local,Bx,2026-W21,5,2,false,false,6.71,5.95,0.0998,,,,6.44,5.71,,13,10.68,,,8.06,7.17,6.08
BX17,local,Bx,2026-W22,4,2,false,true,6.36,5.37,0.141,6.14,5.3,6.05,6.03,5.08,,15,10,,,7.67,6.71,6.1
BX17,local,Bx,2026-W23,5,2,false,true,6.66,5.86,0.1138,,,,,,7.4,4,10,,,7.57,6.56,6.36
BX17,local,Bx,2026-W24,5,1,false,false,6.85,6.02,0.1083,,,,,,,2,10.56,,,7.85,6.5,5.11
BX17,local,Bx,2026-W25,3,2,false,false,6.82,5.86,0.1119,,,,,,,2,10.07,,,7.43,5.84,6
BX17,local,Bx,2026-W26,5,2,false,false,6.08,5.34,0.1141,,,,,,,1,10.42,,,7.73,6.9,5.99
BX17,local,Bx,2026-W27,3,2,true,true,6.77,5.98,0.1022,6.88,6.06,6.43,6.46,5.7,7.19,16,10.11,,,7.79,6.87,5.75
BX17,local,Bx,2026-W28,5,2,true,true,6.91,6.02,0.106,6.95,6.05,6.47,6.73,5.91,7.47,16,9.84,,,7.53,6.52,6.11
BX17,local,Bx,2026-W29,5,2,true,true,6.89,5.94,0.116,6.93,6,6.4,6.55,5.7,,16,10.48,,,7.43,6.5,5.66
BX17,local,Bx,2026-W30,5,2,true,true,6.79,5.99,0.0978,6.79,6.04,6.42,6.28,5.63,,16,10.44,,,7.52,6.64,5.86
BX17,local,Bx,2026-W31,5,2,true,true,6.79,5.79,0.1268,6.93,6.05,6.4,6.34,5.3,,16,10.41,,,7.26,6.32,5.43
BX17,local,Bx,2026-W32,5,2,false,true,6.81,6,0.1009,6.9,6.06,6.3,6.33,5.54,7.52,17,9.91,,,7.51,6.58,5.59
BX17,local,Bx,2026-W33,5,2,true,true,6.89,6.07,0.1025,6.92,6.2,6.47,6.4,5.55,7.58,17,10.05,,,7.56,6.67,6.03
BX17,local,Bx,2026-W34,5,2,true,true,6.86,6.1,0.0932,6.88,6.23,6.44,6.63,5.82,7.48,17,10.4,,,7.55,6.57,5.62
BX17,local,Bx,2026-W35,5,2,true,true,6.75,5.98,0.0983,6.82,6.1,6.31,6.57,5.77,7.35,17,10.39,,,7.49,6.52,5.99
BX17,local,Bx,2026-W36,5,2,true,true,6.79,5.95,0.1016,6.8,5.94,6.4,6.39,5.64,7.44,17,9.99,,,7.39,6.27,5.28
BX17,local,Bx,2026-W37,4,2,true,true,6.51,5.64,0.1071,6.4,5.61,6.08,6.06,5.17,7.39,17,10.58,10.9,,7.35,6.45,5.42
BX17,local,Bx,2026-W38,5,2,true,true,6.47,5.72,0.0977,6.14,5.43,6.17,6.13,5.37,7.21,17,10.65,10.92,,7.57,6.67,6.09
BX17,local,Bx,2026-W39,5,2,true,true,6.69,5.93,0.0892,6.35,5.61,6.2,6.35,5.61,7.76,17,10.53,10.91,,7.74,6.95,5.68
BX17,local,Bx,2026-W40,5,2,true,false,6.57,5.8,0.1019,6.3,5.57,6.24,6.2,5.52,7.33,17,10.64,10.92,,7.95,6.9,5.91
BX17,local,Bx,2026-W41,5,0,true,false,6.41,5.62,0.1033,6.24,5.56,6.04,6.09,5.35,7.11,17,10.64,10.92,22.2,,,
BX18A,local,Bx,2026-W17,0,2,false,true,,,,,,,,,,,,,,7.15,6.16,1.28
BX18A,local,Bx,2026-W18,5,2,false,false,6.57,5.8,0.1181,,,,7.34,6.12,,13,1.98,,,7.07,6.17,1.51
BX18A,local,Bx,2026-W19,5,2,false,true,6.26,5.4,0.1078,,,,5.89,5.23,,12,2.12,,,6.47,5.58,1.19
BX18A,local,Bx,2026-W20,5,2,false,true,6.06,5.35,0.1207,5.08,4.73,6.28,5.64,4.8,,15,2.38,,,7,5.65,1.43
BX18A,local,Bx,2026-W21,5,2,false,false,5.92,4.79,0.1743,,,,4.95,4.22,,13,2.05,,,7.45,6.17,0.98
BX18A,local,Bx,2026-W22,4,2,false,true,6.1,5.21,0.1433,5.76,4.95,5.44,6.11,5.25,,15,2.37,,,7.44,6.04,1.27
BX18A,local,Bx,2026-W23,5,2,false,true,6.4,5.63,0.1029,,,,,,7.14,4,2.14,,,6.7,5.25,1.32
BX18A,local,Bx,2026-W24,5,1,false,false,6.31,5.64,0.0923,,,,,,,2,2.49,,,8.45,7.33,0.86
BX18A,local,Bx,2026-W25,3,2,false,false,5.19,4.62,0.0617,,,,,,,2,1.78,,,6.87,6.17,1.04
BX18A,local,Bx,2026-W26,4,2,false,false,7.17,6.72,0.0437,,,,,,,1,1.84,,,6.35,5.92,1.16
BX18A,local,Bx,2026-W27,3,2,true,true,6.38,5.64,0.0977,6.62,5.57,5.83,6.23,5.62,6.93,16,2,,,7.15,6.16,1.35
BX18A,local,Bx,2026-W28,5,2,true,true,6.27,5.44,0.1081,6.33,5.32,5.8,5.69,5.02,7.16,16,2.06,,,6.84,5.85,1.59
BX18A,local,Bx,2026-W29,5,2,true,true,6.27,5.49,0.0991,6.11,5.26,5.86,5.99,5.14,,16,2.11,,,7.02,6.24,1.4
BX18A,local,Bx,2026-W30,5,2,true,true,6.34,5.44,0.1198,6.59,5.53,6.22,5.83,4.84,,16,2.14,,,7.21,5.61,1.32
BX18A,local,Bx,2026-W31,5,2,true,true,6.35,5.63,0.1007,6.86,6.15,5.76,5.54,4.86,,16,2.16,,,7.04,6.08,1.48
BX18A,local,Bx,2026-W32,5,2,false,true,6.4,5.59,0.1017,6.51,5.59,5.78,6.38,5.64,6.99,17,2.09,,,7.22,6.19,1.39
BX18A,local,Bx,2026-W33,5,2,true,true,6.41,5.55,0.1124,6.58,5.77,6.05,5.73,4.81,7.04,17,2.13,,,7.56,6.69,1.46
BX18A,local,Bx,2026-W34,5,2,true,true,6.62,5.86,0.0974,6.87,5.93,6.2,6.01,5.28,7.36,17,2.07,,,6.83,5.63,1.41
BX18A,local,Bx,2026-W35,5,2,true,true,6.49,5.54,0.1306,6.81,5.61,6.59,5.22,4.35,7.13,17,1.94,,,6.93,6.01,1.47
BX18A,local,Bx,2026-W36,5,2,true,true,6.2,5.36,0.1089,6.45,5.58,5.47,5.74,4.95,7.01,17,2.31,,,7.16,6.25,1.47
BX18A,local,Bx,2026-W37,4,2,true,true,5.76,5.01,0.1076,6.26,5.51,5.22,5.37,4.46,6.21,17,2.13,2.57,,6.79,5.82,1.45
BX18A,local,Bx,2026-W38,5,2,true,true,5.79,4.97,0.1176,6.56,5.75,5.2,5.1,4.33,6.47,17,2.28,2.57,,7.05,6.22,1.38
BX18A,local,Bx,2026-W39,5,2,true,true,5.81,5.05,0.1014,5.88,5.26,5.32,5.26,4.54,6.77,17,2.42,2.57,,7.19,6.49,1.41
BX18A,local,Bx,2026-W40,5,2,true,false,5.87,5.21,0.1078,5.86,5.16,5.1,4.86,4.14,7.69,17,2.28,2.57,,5.57,5.22,1.41
BX18A,local,Bx,2026-W41,5,0,true,false,6.27,5.43,0.1174,5.74,5.1,5.77,5.81,5.08,6.9,17,2.24,2.57,12.3,,,
BX18B,local,Bx,2026-W17,0,2,false,true,,,,,,,,,,,,,,7.39,6.61,1.37
BX18B,local,Bx,2026-W18,5,2,false,false,6.97,6.03,0.13,,,,6.32,5.22,,13,2.08,,,6.75,6.1,1.46
BX18B,local,Bx,2026-W19,5,2,false,true,6.21,5.56,0.1009,,,,5.34,4.86,,12,1.98,,,7.49,6.84,1.47
BX18B,local,Bx,2026-W20,5,2,false,true,6.12,5.53,0.0933,4.75,3.97,6,6.12,5.69,,15,2.27,,,7.28,5.96,1.3
BX18B,local,Bx,2026-W21,5,2,false,false,6.15,5.45,0.1228,,,,5.17,4.18,,13,2.04,,,7.28,6.32,1.42
BX18B,local,Bx,2026-W22,4,2,false,true,6.46,5.68,0.1139,6.18,5.35,6.21,6.36,5.77,,15,2.47,,,7.19,6.03,1.36
BX18B,local,Bx,2026-W23,5,2,false,true,6.05,4.91,0.1821,,,,,,6.58,4,2.16,,,7.57,6.89,1.47
BX18B,local,Bx,2026-W24,5,1,false,false,5.42,4.4,0.1755,,,,,,,2,2.23,,,7.44,6.94,1.44
BX18B,local,Bx,2026-W25,3,2,false,false,5.85,4.94,0.1127,,,,,,,2,3.03,,,7.15,6.05,1.38
BX18B,local,Bx,2026-W26,5,2,false,false,5.73,5.01,0.1092,,,,,,,1,2.36,,,8.09,7.29,1.44
BX18B,local,Bx,2026-W27,3,2,true,true,6.12,5.45,0.1027,6.77,6.05,5.95,5.67,5.04,5.95,16,2.25,,,7.5,6.62,1.41
BX18B,local,Bx,2026-W28,5,2,true,true,7.01,6.08,0.1089,6.85,5.99,7.02,6.22,5.41,7.4,16,2.12,,,6.91,6.21,1.54
BX18B,local,Bx,2026-W29,5,2,true,true,6.6,5.85,0.105,6.87,6.16,6.44,5.79,4.87,,16,2.32,,,7.3,6.64,1.45
BX18B,local,Bx,2026-W30,5,2,true,true,6.49,5.69,0.1137,6.53,5.61,6.39,5.57,4.96,,16,2.22,,,6.64,5.33,1.53
BX18B,local,Bx,2026-W31,5,2,true,true,6.4,5.68,0.0921,6.09,5.27,5.86,5.91,5.22,,16,2.31,,,7.4,6.32,1.59
BX18B,local,Bx,2026-W32,5,2,false,true,6.49,5.77,0.0954,6.58,5.77,6.21,6.11,5.41,7.19,17,2.06,,,7.32,6.67,1.47
BX18B,local,Bx,2026-W33,5,2,true,true,6.67,5.78,0.111,6.93,6,6.05,5.99,5.28,7.57,17,2.27,,,7.4,6.32,1.41
BX18B,local,Bx,2026-W34,5,2,true,true,6.45,5.68,0.0966,6.79,5.87,6.24,6.08,5.39,6.38,17,2.13,,,7.22,6.58,1.42
BX18B,local,Bx,2026-W35,5,2,true,true,6.56,5.73,0.1051,6.63,5.89,6.5,6.13,5.13,6.45,17,2.01,,,7.47,6.57,1.49
BX18B,local,Bx,2026-W36,5,2,true,true,6.64,5.85,0.1097,6.43,5.63,6.25,6.18,5.38,7.31,17,2.29,,,6.86,5.96,1.61
BX18B,local,Bx,2026-W37,4,2,true,true,6.41,5.66,0.0975,6.1,5.46,6.27,6.22,5.43,6.75,17,2.11,2.42,,7.02,6.19,1.45
BX18B,local,Bx,2026-W38,5,2,true,true,6.37,5.64,0.0991,6.45,5.56,6.22,5.85,5.18,6.76,17,2.34,2.42,,7.09,5.76,1.58
BX18B,local,Bx,2026-W39,5,2,true,true,6.54,5.77,0.0954,5.87,4.83,6.03,6.08,5.48,7.85,17,2.3,2.42,,7.7,6.86,1.38
BX18B,local,Bx,2026-W40,5,2,true,false,6.26,5.45,0.1108,6.13,5.23,5.63,6.32,5.47,7.04,17,2.36,2.42,,8.11,7.11,1.19
BX18B,local,Bx,2026-W41,5,0,true,false,6.09,5.34,0.1056,6.35,5.74,5.85,5.17,4.5,6.71,17,2.32,2.42,16.2,,,
BX19,local,Bx,2026-W17,0,2,false,true,,,,,,,,,,,,,,7.48,6.25,11.07
BX19,local,Bx,2026-W18,5,2,false,false,6.51,5.47,0.1436,,,,5.72,4.79,,13,15.44,,,7.28,5.99,11.51
BX19,local,Bx,2026-W19,5,2,false,true,6.45,5.43,0.1374,,,,6.02,5,,12,16.04,,,7.41,6.19,12.34
BX19,local,Bx,2026-W20,5,2,false,true,6.29,5.32,0.142,6.1,5.57,5.88,5.75,4.67,,15,15.98,,,7.24,6.03,11.28
BX19,local,Bx,2026-W21,5,2,false,false,6.49,5.31,0.1647,,,,5.84,4.89,,13,15.47,,,7.58,6.21,10.86
BX19,local,Bx,2026-W22,4,2,false,true,6.6,5.21,0.1889,6.53,5.27,6.29,5.93,4.44,,15,17.04,,,7.37,5.82,12.66
BX19,local,Bx,2026-W23,5,2,false,true,6.41,5.39,0.1361,,,,,,7.15,4,17.14,,,7.2,6,12.9
BX19,local,Bx,2026-W24,5,1,false,false,6.54,5.02,0.203,,,,,,,2,16.31,,,7.45,6.27,11.39
BX19,local,Bx,2026-W25,3,2,false,false,6.32,5.19,0.1591,,,,,,,2,15.21,,,7.04,5.91,12.27
BX19,local,Bx,2026-W26,5,2,false,false,6.59,5.41,0.1612,,,,,,,1,16.35,,,7.22,5.97,11.44
BX19,local,Bx,2026-W27,3,2,true,true,6.45,5.35,0.1468,6.93,5.8,5.93,5.81,4.69,7.05,16,16.08,,,7.67,6.3,11.74
BX19,local,Bx,2026-W28,5,2,true,true,6.63,5.47,0.1529,6.67,5.69,6.34,6.08,4.91,7.14,16,15.94,,,7.11,5.7,12.77
BX19,local,Bx,2026-W29,5,2,true,true,6.56,5.47,0.1448,6.56,5.61,6.13,6.01,4.88,,16,16.07,,,7.39,6.3,11.01
BX19,local,Bx,2026-W30,5,2,true,true,6.59,5.37,0.1618,6.64,5.51,6.28,5.98,4.86,,16,16.56,,,7.07,5.87,12.4
BX19,local,Bx,2026-W31,5,2,true,true,6.65,5.47,0.1517,6.69,5.62,6.32,5.98,4.82,,16,16.21,,,7.31,5.99,11.15
BX19,local,Bx,2026-W32,5,2,false,true,6.59,5.4,0.1603,6.61,5.54,6,6.06,4.82,7.39,17,15.97,,,7.29,6.04,12.18
BX19,local,Bx,2026-W33,5,2,true,true,6.6,5.43,0.1553,6.76,5.59,6.16,5.99,4.82,7.19,17,15.94,,,7.31,6.1,11.95
BX19,local,Bx,2026-W34,5,2,true,true,6.62,5.5,0.1456,6.68,5.66,6.25,6.15,4.98,7.23,17,16.16,,,7.19,6.1,12.06
BX19,local,Bx,2026-W35,5,2,true,true,6.69,5.54,0.1495,6.73,5.65,6.43,6.14,5.01,7.17,17,16.93,,,7.3,6,12.48
BX19,local,Bx,2026-W36,5,2,true,true,6.76,5.57,0.1475,6.72,5.61,6.34,6.13,4.97,7.57,17,15.91,,,7.3,6.04,11.75
BX19,local,Bx,2026-W37,4,2,true,true,6.4,5.28,0.1516,6.38,5.3,5.88,5.67,4.62,7.4,17,16.58,18.19,,7.28,6.08,12.39
BX19,local,Bx,2026-W38,5,2,true,true,6.46,5.36,0.1475,6.23,5.2,6.14,5.74,4.72,7.33,17,16.33,18.2,,7.38,6.2,12
BX19,local,Bx,2026-W39,5,2,true,true,6.49,5.39,0.1454,6.31,5.26,6.05,6.05,4.92,7.27,17,17.15,18.2,,7.6,6.35,10.93
BX19,local,Bx,2026-W40,5,2,true,false,6.53,5.45,0.148,6.4,5.34,6.12,5.76,4.79,7.47,17,16.8,18.2,,6.86,5.86,11.66
BX19,local,Bx,2026-W41,5,0,true,false,6.46,5.37,0.1492,6.21,5.28,6.06,5.87,4.74,7.34,17,17.07,18.2,38,,,
BX2,local,Bx,2026-W17,0,2,false,true,,,,,,,,,,,,,,7.58,5.82,8.43
BX2,local,Bx,2026-W18,5,2,false,false,6.44,5.37,0.1468,,,,6.18,5.05,,13,14.19,,,6.99,5.65,7.29
BX2,local,Bx,2026-W19,5,2,false,true,6.28,5.29,0.143,,,,5.85,5.13,,12,14.44,,,7.04,5.74,7.54
BX2,local,Bx,2026-W20,5,2,false,true,6.31,5.26,0.1408,6.15,5.24,5.84,5.98,4.97,,15,13.99,,,7.47,6.45,7.91
BX2,local,Bx,2026-W21,5,2,false,false,6.38,5.35,0.145,,,,5.88,4.58,,13,13.88,,,7.44,6.14,7.98
BX2,local,Bx,2026-W22,4,2,false,true,6.52,5.48,0.1408,6.58,5.56,6.05,6.12,5.14,,15,14.04,,,7.09,5.92,8.26
BX2,local,Bx,2026-W23,5,2,false,true,6.31,5.43,0.1428,,,,,,6.98,4,13.92,,,7,5.93,8.17
BX2,local,Bx,2026-W24,5,1,false,false,6.83,5.91,0.1077,,,,,,,2,13.68,,,7.29,5.93,7.48
BX2,local,Bx,2026-W25,3,2,false,false,6.21,5.25,0.1316,,,,,,,2,14.27,,,7.31,5.98,8.51
BX2,local,Bx,2026-W26,5,2,false,false,6.3,5.8,0.0792,,,,,,,1,13.75,,,6.8,5.51,7.99
BX2,local,Bx,2026-W27,3,2,true,true,6.42,5.33,0.1479,6.53,5.71,5.89,5.96,4.81,7.1,16,12.77,,,7.19,5.85,8.44
BX2,local,Bx,2026-W28,5,2,true,true,6.61,5.57,0.1363,6.94,6.05,6.22,5.95,5.01,7.08,16,13.83,,,6.99,5.95,8.24
BX2,local,Bx,2026-W29,5,2,true,true,6.54,5.51,0.1326,6.58,5.73,6.18,6.02,5.09,,16,14.08,,,7.11,6.08,8.16
BX2,local,Bx,2026-W30,5,2,true,true,6.47,5.55,0.1206,6.39,5.68,6.07,5.99,5.12,,16,14.45,,,6.96,5.61,5.63
BX2,local,Bx,2026-W31,5,2,true,true,6.44,5.53,0.1127,6.45,5.66,6.07,6.07,5.21,,16,13.77,,,6.86,5.91,8.17
BX2,local,Bx,2026-W32,5,2,false,true,6.45,5.58,0.117,6.51,5.67,6.05,5.86,4.92,7.01,17,13.31,,,7.11,6.05,7.8
BX2,local,Bx,2026-W33,5,2,true,true,6.53,5.64,0.1118,6.62,5.82,6.05,6.1,5.22,7.1,17,13.79,,,7.25,6.26,7.86
BX2,local,Bx,2026-W34,5,2,true,true,6.59,5.59,0.1328,6.75,5.92,6.07,5.97,4.94,7.4,17,13.53,,,6.7,5.77,7.81
BX2,local,Bx,2026-W35,5,2,true,true,6.56,5.68,0.1123,6.75,5.97,6.07,5.86,4.97,7.36,17,13.97,,,7.06,6.08,7.98
BX2,local,Bx,2026-W36,5,2,true,true,6.57,5.54,0.1313,6.53,5.57,6.11,5.99,5.11,7.3,17,13.53,,,7.13,5.9,8.54
BX2,local,Bx,2026-W37,4,2,true,true,6.3,5.35,0.1268,6.25,5.39,5.89,5.69,4.81,6.98,17,14.05,15.31,,7.05,6.1,8.1
BX2,local,Bx,2026-W38,5,2,true,true,6.39,5.51,0.1158,6.19,5.48,6.04,5.8,4.99,7.12,17,14.16,15.31,,7.04,5.66,7.29
BX2,local,Bx,2026-W39,5,2,true,true,6.44,5.61,0.1065,6.38,5.63,6,5.77,4.93,7.25,17,13.78,15.31,,7.35,6.34,8.12
BX2,local,Bx,2026-W40,5,2,true,false,6.43,5.53,0.1188,6.31,5.64,5.96,5.86,4.97,7.31,17,14.5,15.31,,7.4,6.26,7.32
BX2,local,Bx,2026-W41,5,0,true,false,6.35,5.43,0.123,6.22,5.41,5.95,5.91,5.01,7.02,17,14.93,15.31,28.8,,,
BX20,local,Bx,2026-W18,5,0,false,false,8.21,7.54,0.0579,,,,7.42,6.59,10.17,6,1.05,,,,,
BX20,local,Bx,2026-W19,5,0,false,false,8.29,7.4,0.0921,,,,6.99,6.01,10.29,5,0.99,,,,,
BX20,local,Bx,2026-W20,5,0,false,false,7.65,6.77,0.093,,,7.13,6.77,5.81,9.07,9,1.13,,,,,
BX20,local,Bx,2026-W21,5,0,false,false,8.01,7.37,0.09,,,5.96,7.69,7,9.66,8,1.06,,,,,
BX20,local,Bx,2026-W22,4,0,false,false,7.74,6.88,0.1066,7.92,7.02,4.74,7.37,6.6,,9,1.05,,,,,
BX20,local,Bx,2026-W23,2,0,false,false,8.38,8.16,0.0015,,,,,,9.12,2,0.67,,,,,
BX20,local,Bx,2026-W27,3,0,true,false,8.9,7.52,0.0977,8.79,7.72,,8.07,7.22,9.68,9,0.82,,,,,
BX20,local,Bx,2026-W28,5,0,true,false,8.53,7.57,0.0845,8.99,7.88,,8.46,7.61,9.39,9,0.69,,,,,
BX20,local,Bx,2026-W29,5,0,true,false,8.44,7.47,0.0987,8.53,7.76,,8.06,7.29,8.54,10,0.87,,,,,
BX20,local,Bx,2026-W30,5,0,true,false,8.59,7.56,0.0851,8.6,7.5,,7.67,6.47,8.53,10,0.91,,,,,
BX20,local,Bx,2026-W31,5,0,true,false,8.18,7.29,0.0958,7.58,7.18,,7.21,6.47,8.93,10,0.9,,,,,
BX20,local,Bx,2026-W32,5,0,false,false,8.02,7.07,0.1024,8.26,7.69,,7.85,6.64,7.98,9,0.65,,,,,
BX20,local,Bx,2026-W33,5,0,true,false,8.77,7.97,0.0706,8.53,7.86,,8.2,7.57,9.99,10,0.68,,,,,
BX20,local,Bx,2026-W34,5,0,true,false,7.91,7.16,0.081,8.44,7.69,,7.28,6.41,,9,0.63,,,,,
BX20,local,Bx,2026-W35,5,0,true,false,8.78,8.05,0.0784,8.79,8.45,,7.92,6.75,,8,0.59,,,,,
BX20,local,Bx,2026-W36,5,0,true,false,8.17,7.23,0.0875,8.47,7.62,,7.02,6.22,,9,0.88,,,,,
BX20,local,Bx,2026-W37,4,0,true,false,7.25,6.21,0.1051,6.4,5.65,7.28,6.49,5.75,,10,0.91,1.04,,,,
BX20,local,Bx,2026-W38,5,0,true,false,7.52,6.77,0.0792,6.86,5.98,6.81,7.02,6.4,,10,1.06,1.04,,,,
BX20,local,Bx,2026-W39,5,0,true,false,7.67,6.86,0.0687,7.23,6.4,7.45,6.81,6.18,,9,1.03,1.04,,,,
BX20,local,Bx,2026-W40,5,0,true,false,7.5,6.78,0.0805,7.13,6.22,7,7.32,6.64,,9,1.03,1.04,,,,
BX20,local,Bx,2026-W41,5,0,true,false,6.6,5.63,0.1402,7.53,6.65,,5.74,4.76,7.16,9,1.09,1.04,9.4,,,
BX21,local,Bx,2026-W17,0,2,false,true,,,,,,,,,,,,,,8.17,7.2,6.04
BX21,local,Bx,2026-W18,5,2,false,false,6.85,6.12,0.0905,,,,6.36,5.66,,13,13.37,,,7.88,6.95,6.87
BX21,local,Bx,2026-W19,5,2,false,true,6.56,5.86,0.0942,,,,5.73,4.99,,12,11.98,,,7.84,6.31,6.96
BX21,local,Bx,2026-W20,5,2,false,true,6.68,5.87,0.1065,6.06,5.43,6.33,6.17,5.37,,15,13.18,,,7.89,6.39,7.12
BX21,local,Bx,2026-W21,5,2,false,false,7.05,6.21,0.0978,,,,6.24,5.34,,13,12.26,,,7.99,7.03,7.51
BX21,local,Bx,2026-W22,4,2,false,true,6.91,6.07,0.1062,6.8,6.08,6.43,6.39,5.5,,15,12.23,,,7.92,6.95,7.19
BX21,local,Bx,2026-W23,5,2,false,true,6.83,5.93,0.0973,,,,,,7.78,4,12.67,,,8.09,7.02,6.66
BX21,local,Bx,2026-W24,5,1,false,false,6.98,5.06,0.2211,,,,,,,2,12.74,,,7.91,7.24,5.63
BX21,local,Bx,2026-W25,3,2,false,false,7.12,6.17,0.1008,,,,,,,2,13.6,,,7.57,6.35,6.82
BX21,local,Bx,2026-W26,5,2,false,false,6.64,5.97,0.0977,,,,,,,1,12.54,,,8.42,7.65,6.94
BX21,local,Bx,2026-W27,3,2,true,true,6.92,6.16,0.0902,6.98,6.2,6.45,6.48,5.8,7.61,16,13.12,,,8.05,6.92,6.76
BX21,local,Bx,2026-W28,5,2,true,true,6.87,5.92,0.119,6.85,6.07,6.32,6.47,5.64,7.69,16,13.27,,,7.75,6.73,6.99
BX21,local,Bx,2026-W29,5,2,true,true,6.91,5.98,0.1195,6.85,5.98,6.35,6.47,5.56,,16,13.85,,,7.85,6.57,7.07
BX21,local,Bx,2026-W30,5,2,true,true,6.89,5.94,0.1207,6.83,5.94,6.4,6.37,5.46,,16,13.61,,,7.74,6.67,6.86
BX21,local,Bx,2026-W31,5,2,true,true,6.95,6.21,0.0864,7.11,6.37,6.31,6.43,5.72,,16,13.29,,,7.85,6.87,7.05
BX21,local,Bx,2026-W32,5,2,false,true,6.94,6.08,0.1072,6.97,6.24,6.6,6.32,5.41,7.63,17,12.86,,,7.71,6.78,7.07
BX21,local,Bx,2026-W33,5,2,true,true,7.01,6.12,0.1047,6.97,6.25,6.46,6.49,5.64,8.01,17,13.39,,,7.94,6.96,7.33
BX21,local,Bx,2026-W34,5,2,true,true,7.05,6.17,0.1053,7.04,6.2,6.6,6.65,5.75,7.75,17,13.14,,,7.78,6.79,6.42
BX21,local,Bx,2026-W35,5,2,true,true,7.01,6.2,0.0912,7,6.25,6.63,6.5,5.74,7.71,17,13.04,,,7.69,6.82,7.1
BX21,local,Bx,2026-W36,5,2,true,true,6.96,6.16,0.0949,6.96,6.17,6.45,6.37,5.67,7.92,17,13.65,,,7.85,6.81,7.27
BX21,local,Bx,2026-W37,4,2,true,true,6.66,5.82,0.1028,6.46,5.69,6.15,5.88,5.1,7.86,17,13.59,14.36,,7.6,6.71,7.16
BX21,local,Bx,2026-W38,5,2,true,true,6.66,5.86,0.1,6.19,5.53,6.21,6.11,5.44,7.82,17,13.34,14.41,,7.81,6.9,7.01
BX21,local,Bx,2026-W39,5,2,true,true,6.65,5.94,0.0857,6.35,5.66,6.16,6.16,5.44,7.68,17,13.79,14.39,,8.24,7.32,7.16
BX21,local,Bx,2026-W40,5,2,true,false,6.73,6,0.092,6.39,5.66,6.22,6.08,5.36,7.95,17,13.37,14.41,,7.55,6.76,7.44
BX21,local,Bx,2026-W41,5,0,true,false,6.63,5.82,0.1038,6.38,5.73,6.11,5.98,5.2,7.77,17,13.8,14.41,17,,,
BX22,local,Bx,2026-W17,0,2,false,true,,,,,,,,,,,,,,7.89,7.1,4.7
BX22,local,Bx,2026-W18,5,2,false,false,6.83,5.75,0.1464,,,,6.17,5.56,,13,10.16,,,7.56,6.58,5.21
BX22,local,Bx,2026-W19,5,2,false,true,6.54,5.49,0.1418,,,,5.86,4.96,,12,11.2,,,7.58,6.57,5.55
BX22,local,Bx,2026-W20,5,2,false,true,6.93,6.1,0.1044,6.88,5.9,6.46,6.2,5.47,,15,10.51,,,7.69,6.76,5.23
BX22,local,Bx,2026-W21,5,2,false,false,6.7,5.82,0.1192,,,,6.03,5.08,,13,10.59,,,7.81,7.07,5.21
BX22,local,Bx,2026-W22,4,2,false,true,6.86,5.94,0.119,7.08,6.16,6.39,6.39,5.47,,15,9.91,,,7.8,6.97,5.6
BX22,local,Bx,2026-W23,5,2,false,true,7.18,6.3,0.1026,,,,,,7.85,4,10.75,,,7.72,6.9,5.32
BX22,local,Bx,2026-W24,5,1,false,false,7.29,6.03,0.1689,,,,,,,2,10.4,,,7.23,6.63,5.33
BX22,local,Bx,2026-W25,3,2,false,false,6.38,5.64,0.0985,,,,,,,2,10.79,,,8,6.12,6.22
BX22,local,Bx,2026-W26,5,2,false,false,6.6,5.9,0.0881,,,,,,,1,9.96,,,8.32,7.48,5.65
BX22,local,Bx,2026-W27,3,2,true,true,7.09,6.26,0.0913,7.09,6.18,6.82,6.77,5.9,7.56,16,10.48,,,7.87,6.95,5.9
BX22,local,Bx,2026-W28,5,2,true,true,7.08,6.13,0.1139,7.3,6.27,6.72,6.45,5.66,7.76,16,10.13,,,8.23,6.51,5.62
BX22,local,Bx,2026-W29,5,2,true,true,7.02,6.08,0.1108,7.01,6.18,6.8,6.46,5.59,,16,11.08,,,7.65,6.94,5.69
BX22,local,Bx,2026-W30,5,2,true,true,7.03,6.17,0.1045,7.28,6.4,6.71,6.39,5.63,,16,10.21,,,7.69,6.77,5.21
BX22,local,Bx,2026-W31,5,2,true,true,6.93,6.11,0.0996,7.2,6.3,6.48,6.43,5.53,,16,10.54,,,7.7,6.93,5.7
BX22,local,Bx,2026-W32,5,2,false,true,6.92,6.02,0.1072,7.15,6.35,6.69,6.42,5.59,7.28,17,9.95,,,7.41,6.61,5.37
BX22,local,Bx,2026-W33,5,2,true,true,7,6.05,0.119,7.27,6.33,6.78,6.43,5.44,7.54,17,10.8,,,7.52,6.73,6.03
BX22,local,Bx,2026-W34,5,2,true,true,6.94,5.94,0.129,7.2,6.25,6.7,6.41,5.02,7.21,17,9.74,,,7.61,6.79,5.81
BX22,local,Bx,2026-W35,5,2,true,true,6.91,6.05,0.1054,7.16,6.19,6.67,6.46,5.71,7.26,17,10.41,,,7.68,6.75,5.84
BX22,local,Bx,2026-W36,5,2,true,true,7.02,6.1,0.1048,7.09,6.17,6.64,6.4,5.54,7.71,17,10.76,,,7.44,6.48,5.42
BX22,local,Bx,2026-W37,4,2,true,true,6.67,5.78,0.1104,6.71,5.96,6.38,6.04,5.11,7.32,17,11.1,11.4,,7.55,6.79,5.6
BX22,local,Bx,2026-W38,5,2,true,true,6.8,6,0.0978,6.55,5.88,6.57,6.15,5.33,7.65,17,10.82,11.4,,7.74,6.83,6.02
BX22,local,Bx,2026-W39,5,2,true,true,6.81,6.03,0.0906,6.76,6.06,6.56,6.18,5.43,7.45,17,11.03,11.4,,8.04,7.15,5.26
BX22,local,Bx,2026-W40,5,2,true,false,6.76,6,0.0969,6.57,5.92,6.59,6.19,5.49,7.44,17,11.54,11.4,,7.9,7.22,5.84
BX22,local,Bx,2026-W41,5,0,true,false,6.76,5.94,0.1018,6.59,5.84,6.58,6,5.25,7.48,17,10.92,11.4,26.8,,,
BX23,local,Bx,2026-W17,0,2,false,true,,,,,,,,,,,,,,10.28,9.38,2.95
BX23,local,Bx,2026-W18,5,2,false,false,9.89,9.17,0.0532,,,,10.17,9.34,,13,5.96,,,10.82,10.02,2.67
BX23,local,Bx,2026-W19,5,2,false,true,10.12,9.31,0.0672,,,,10.2,9.36,,12,6.06,,,10.05,8.97,3
BX23,local,Bx,2026-W20,5,2,false,true,9.97,9.17,0.0531,9.33,8.79,9.67,9.96,9.24,,15,5.55,,,10.82,9.72,3.05
BX23,local,Bx,2026-W21,5,2,false,false,9.89,9.17,0.0553,,,,9.99,9.43,,13,5.62,,,10.92,10.05,2.75
BX23,local,Bx,2026-W22,4,2,false,true,10.36,9.48,0.0652,10.71,10.02,9.98,10.06,9.22,,15,4.85,,,11.21,10.12,2.24
BX23,local,Bx,2026-W23,5,2,false,true,10.72,9.94,0.0492,,,,,,11.32,4,5.05,,,10.32,9.76,2.31
BX23,local,Bx,2026-W24,5,1,false,false,10.12,9.05,0.0721,,,,,,,2,5.47,,,9.44,8.15,1.8
BX23,local,Bx,2026-W25,3,2,false,false,10.69,9.29,0.1008,,,,,,,2,5.44,,,11.78,10.76,2.23
BX23,local,Bx,2026-W26,5,2,false,false,10.17,9.7,0.0471,,,,,,,1,5.54,,,8.99,8.55,2.48
BX23,local,Bx,2026-W27,3,2,true,true,10.32,9.39,0.0644,10.28,9.6,10.09,9.85,9.17,10.75,16,5.49,,,11,9.98,3.06
BX23,local,Bx,2026-W28,5,2,true,true,10.2,9.49,0.047,9.68,8.98,9.78,9.82,9.04,11.22,16,5.84,,,10.69,9.8,3.06
BX23,local,Bx,2026-W29,5,2,true,true,10.5,9.49,0.064,10.11,9.19,10.06,10.04,9.2,,16,5.89,,,10.57,9.74,2.94
BX23,local,Bx,2026-W30,5,2,true,true,10.4,9.46,0.0592,10.37,9.47,9.73,9.82,9,,16,5.7,,,10.43,9.45,3.05
BX23,local,Bx,2026-W31,5,2,true,true,10.62,9.74,0.0495,10.52,9.71,10.9,9.64,8.98,,16,5.64,,,10.81,9.69,3.13
BX23,local,Bx,2026-W32,5,2,false,true,10.3,9.43,0.0678,10.72,9.8,9.32,9.83,9.06,11.39,17,5.37,,,10.56,9.64,2.73
BX23,local,Bx,2026-W33,5,2,true,true,10.22,9.37,0.0595,9.63,8.99,10.13,10.02,9.24,10.49,17,5.72,,,10.57,9.7,2.99
BX23,local,Bx,2026-W34,5,2,true,true,10.24,9.51,0.0497,10.64,9.89,9.77,9.72,9.12,10.89,17,5.63,,,10.64,9.88,3.09
BX23,local,Bx,2026-W35,5,2,true,true,10.44,9.55,0.0548,10.57,9.66,10.21,10.04,9.33,10.87,17,5.85,,,10.34,9.24,3.13
BX23,local,Bx,2026-W36,5,2,true,true,10.17,9.34,0.0512,10.19,9.09,9.75,9.78,9.07,10.82,17,5.45,,,10.34,9.38,2.62
BX23,local,Bx,2026-W37,4,2,true,true,9.82,9.04,0.0507,9.61,8.75,9.47,9.68,9.1,10.24,17,5.94,6.37,,10.53,9.74,2.82
BX23,local,Bx,2026-W38,5,2,true,true,9.9,9.14,0.0513,9.82,9.13,9.57,9.77,9.25,10.16,17,5.64,6.38,,10.71,9.86,3.14
BX23,local,Bx,2026-W39,5,2,true,true,10.14,9.28,0.0514,10.24,9.26,9.77,9.87,9.34,10.64,17,5.71,6.37,,11.33,10.52,3.01
BX23,local,Bx,2026-W40,5,2,true,false,10.03,9.37,0.0492,9.45,8.84,9.73,9.89,9.25,10.69,17,6.27,6.38,,10.92,10.16,3.45
BX23,local,Bx,2026-W41,5,0,true,false,10.18,9.34,0.0599,9.68,9.11,9.67,9.96,9.27,11.14,17,5.43,6.38,10.7,,,
BX24,local,Bx,2026-W17,0,2,false,true,,,,,,,,,,,,,,10.45,9.69,1.66
BX24,local,Bx,2026-W18,5,2,false,false,8.53,7.17,0.1317,,,,7.97,7.43,,13,1.98,,,9.9,8.76,1.77
BX24,local,Bx,2026-W19,5,2,false,true,8.82,8.1,0.0603,,,,8,7.81,,12,1.63,,,10.91,10.23,1.39
BX24,local,Bx,2026-W20,5,2,false,true,8.88,7.71,0.1098,7.89,7.21,9.1,8.12,7.53,,15,1.76,,,10.85,9.14,1.67
BX24,local,Bx,2026-W21,5,2,false,false,9.29,8.15,0.0972,,,,8.68,7.89,,13,1.95,,,11.41,10.16,1.46
BX24,local,Bx,2026-W22,4,2,false,true,9.34,8.19,0.0988,9.29,8.11,9.51,8.21,7.01,,15,1.94,,,9.92,8.91,1.53
BX24,local,Bx,2026-W23,5,2,false,true,8.95,8.25,0.0618,,,,,,9.97,4,2.14,,,10.48,8.96,1.59
BX24,local,Bx,2026-W24,5,1,false,false,9.37,8.55,0.0982,,,,,,,2,2.08,,,11.12,10.44,1.76
BX24,local,Bx,2026-W25,3,2,false,false,8.71,8.05,0.0667,,,,,,,2,2.06,,,9.7,9.02,1.85
BX24,local,Bx,2026-W26,5,2,false,false,9.47,8.11,0.1214,,,,,,,1,2.18,,,10.01,9.39,1.53
BX24,local,Bx,2026-W27,3,2,true,true,8.97,7.97,0.0841,8.74,7.97,8.36,9.03,7.77,9.76,16,1.95,,,10.29,8.45,1.41
BX24,local,Bx,2026-W28,5,2,true,true,9.19,8.21,0.078,8.58,7.69,8.57,8.9,8.32,10.5,16,1.95,,,9.78,8.72,1.73
BX24,local,Bx,2026-W29,5,2,true,true,8.84,7.83,0.0886,7.9,7.2,8.38,8,7.29,,16,1.99,,,10.86,10.29,1.67
BX24,local,Bx,2026-W30,5,2,true,true,8.96,7.69,0.1125,8.11,7.27,8.34,8.28,7.44,,16,1.69,,,10.52,9.37,1.74
BX24,local,Bx,2026-W31,5,2,true,true,8.75,7.95,0.0827,8.69,8.13,7.98,8.37,7.63,,16,1.91,,,9.82,8.87,1.61
BX24,local,Bx,2026-W32,5,2,false,true,8.87,7.97,0.0907,8.29,7.66,8.36,8.33,7.47,10.21,17,1.9,,,10.33,9.41,1.6
BX24,local,Bx,2026-W33,5,2,true,true,9.42,8.35,0.0879,8.59,7.94,9.33,8.79,7.8,10.13,17,1.97,,,9.71,8.77,1.76
BX24,local,Bx,2026-W34,5,2,true,true,9.19,8.24,0.0861,9.13,8.48,8.5,9.07,8.06,10.13,17,1.85,,,9.63,8.44,1.78
BX24,local,Bx,2026-W35,5,2,true,true,9.43,8.15,0.1078,9.48,8.6,8.94,9.03,8.04,10.09,17,1.78,,,9.71,8.64,1.74
BX24,local,Bx,2026-W36,5,2,true,true,9.24,7.94,0.1056,8.86,7.53,8.28,8.98,7.79,11.05,17,1.88,,,10.18,9.01,1.75
BX24,local,Bx,2026-W37,4,2,true,true,8.61,7.36,0.1202,8.11,7.14,8.35,7.95,6.79,9.61,17,1.99,1.75,,10.33,9.1,1.67
BX24,local,Bx,2026-W38,5,2,true,true,8.58,7.53,0.1039,8.25,7.48,8.35,8.17,7,9.28,17,1.84,1.75,,10.57,9.58,1.66
BX24,local,Bx,2026-W39,5,2,true,true,8.77,7.76,0.0918,8.2,7.39,8.48,8.08,7.15,9.98,17,1.76,1.75,,10.94,9.71,1.28
BX24,local,Bx,2026-W40,5,2,true,false,8.87,8.01,0.076,8.57,7.75,8.32,8.16,7.22,10.23,17,1.95,1.75,,9.23,8.21,1.72
BX24,local,Bx,2026-W41,5,0,true,false,8.57,7.71,0.0827,8.05,7.37,8.36,8.19,7.22,9.42,17,1.83,1.75,5.3,,,
BX25,local,Bx,2026-W17,0,2,false,true,,,,,,,,,,,,,,9.1,8.17,2.85
BX25,local,Bx,2026-W18,5,2,false,false,8.21,7.53,0.0623,,,,7.13,6.52,,13,4.36,,,8.9,7.87,3.17
BX25,local,Bx,2026-W19,5,2,false,true,7.78,7.16,0.0557,,,,6.57,6.03,,12,4.38,,,8.36,7.58,2.97
BX25,local,Bx,2026-W20,5,2,false,true,7.97,7.23,0.0807,7.36,6.85,7.7,7.65,6.9,,15,4.54,,,8.52,7.55,3.24
BX25,local,Bx,2026-W21,5,2,false,false,7.69,6.95,0.0799,,,,6.98,6.26,,13,4.75,,,9.26,8.15,2.64
BX25,local,Bx,2026-W22,4,2,false,true,8,7.18,0.0851,8.04,7.28,7.84,7.04,6.19,,15,4.02,,,8.96,8.08,2.9
BX25,local,Bx,2026-W23,5,2,false,true,7.99,7.42,0.0677,,,,,,8.82,4,4.65,,,9.03,8.21,3.39
BX25,local,Bx,2026-W24,5,1,false,false,8.62,7.82,0.0769,,,,,,,2,4.55,,,8.85,7.78,2.59
BX25,local,Bx,2026-W25,3,2,false,false,7.39,6.75,0.0967,,,,,,,2,3.91,,,8.88,8.05,2.77
BX25,local,Bx,2026-W26,5,2,false,false,8.42,7.43,0.0866,,,,,,,1,4.59,,,9.17,8.3,2.9
BX25,local,Bx,2026-W27,3,2,true,true,8.26,7.48,0.0704,8,7.23,7.93,8.14,7.25,8.8,16,4.47,,,9.12,8.06,3.24
BX25,local,Bx,2026-W28,5,2,true,true,8.45,7.59,0.0807,8.18,7.53,8.2,7.78,7.18,9.32,16,4.12,,,8.86,7.89,3.23
BX25,local,Bx,2026-W29,5,2,true,true,7.97,7.18,0.0795,7.7,6.94,7.49,7.83,6.99,,16,4.63,,,8.74,7.98,2.73
BX25,local,Bx,2026-W30,5,2,true,true,8.1,7.23,0.0852,7.68,6.83,8.04,7.29,6.5,,16,4.54,,,8.42,7.65,2.61
BX25,local,Bx,2026-W31,5,2,true,true,8.08,7.33,0.0769,8.01,7.23,7.7,7.49,6.76,,16,4.63,,,8.74,7.7,2.94
BX25,local,Bx,2026-W32,5,2,false,true,8.28,7.37,0.0864,8.4,7.39,7.88,7.44,6.54,9.24,17,4.18,,,9.14,8.33,2.92
BX25,local,Bx,2026-W33,5,2,true,true,8.36,7.54,0.0751,8.32,7.46,8.03,7.71,6.91,9.35,17,4.15,,,8.87,8.16,2.95
BX25,local,Bx,2026-W34,5,2,true,true,8.3,7.51,0.0711,8.13,7.31,8.19,7.81,7.03,8.76,17,4.4,,,8.74,8,3.28
BX25,local,Bx,2026-W35,5,2,true,true,8.11,7.29,0.0839,7.75,7.05,8.07,7.45,6.81,8.52,17,4.54,,,8.76,7.79,3.2
BX25,local,Bx,2026-W36,5,2,true,true,8.09,7.28,0.0666,7.98,6.96,7.9,7.65,7,8.7,17,4.47,,,8.84,7.86,2.96
BX25,local,Bx,2026-W37,4,2,true,true,7.94,7.18,0.0715,7.49,6.66,7.43,7.45,6.68,9.12,17,4.25,4.42,,8.82,7.94,3.18
BX25,local,Bx,2026-W38,5,2,true,true,7.86,7.14,0.0739,7.2,6.35,7.65,7.19,6.55,8.9,17,4.41,4.42,,8.7,7.98,3.19
BX25,local,Bx,2026-W39,5,2,true,true,8.04,7.31,0.0653,7.54,6.66,7.75,7.51,6.84,9.06,17,4.26,4.42,,9.17,8.46,3.21
BX25,local,Bx,2026-W40,5,2,true,false,8.07,7.33,0.0742,8,7.36,7.7,7.52,6.8,9.09,17,4.2,4.42,,9.43,8.64,3.48
BX25,local,Bx,2026-W41,5,0,true,false,7.84,7.15,0.0706,7.54,6.95,7.47,7.24,6.52,8.94,17,4.52,4.42,18.2,,,
BX26,local,Bx,2026-W17,0,2,false,true,,,,,,,,,,,,,,8.37,7.57,3.06
BX26,local,Bx,2026-W18,5,2,false,false,7.71,7.16,0.0599,,,,6.84,6.65,,13,3.85,,,8.41,7.31,2.83
BX26,local,Bx,2026-W19,5,2,false,true,7.19,6.37,0.0941,,,,6.18,5.59,,12,4.22,,,8.2,7.26,2.77
BX26,local,Bx,2026-W20,5,2,false,true,7.39,6.61,0.083,6.51,5.76,7.13,6.62,5.87,,15,3.79,,,7.9,6.95,2.67
BX26,local,Bx,2026-W21,5,2,false,false,7.43,6.73,0.072,,,,6.57,5.9,,13,4.3,,,8.62,7.64,2.71
BX26,local,Bx,2026-W22,4,2,false,true,7.56,6.77,0.0891,7.44,6.9,7.3,6.75,5.94,,15,4.08,,,8.21,7.31,2.65
BX26,local,Bx,2026-W23,5,2,false,true,7.31,6.95,0.0752,,,,,,8.11,4,3.47,,,7.96,7.05,2.66
BX26,local,Bx,2026-W24,5,1,false,false,8.44,7.72,0.0601,,,,,,,2,3.59,,,8.26,7.28,2.28
BX26,local,Bx,2026-W25,3,2,false,false,7.42,6.69,0.0826,,,,,,,2,3.42,,,7.84,6.95,2.68
BX26,local,Bx,2026-W26,5,2,false,false,7.19,6.68,0.0827,,,,,,,1,3.47,,,8.76,7.94,2.23
BX26,local,Bx,2026-W27,3,2,true,true,7.74,6.91,0.0826,8.14,7.44,7.25,7.05,6.39,8.49,16,4.02,,,8.25,7.3,2.6
BX26,local,Bx,2026-W28,5,2,true,true,7.81,6.97,0.0828,7.87,7.18,7.64,7.31,6.57,8.19,16,3.57,,,8.27,7.26,2.8
BX26,local,Bx,2026-W29,5,2,true,true,7.84,6.97,0.0913,8.06,7,7.59,7.36,6.46,,16,3.75,,,8.01,7.08,3.09
BX26,local,Bx,2026-W30,5,2,true,true,7.53,6.74,0.0869,7.35,6.73,7.31,7.07,6.39,,16,3.52,,,8.24,7.38,2.98
BX26,local,Bx,2026-W31,5,2,true,true,7.68,6.81,0.0869,7.77,7.05,7.32,6.99,6.13,,16,3.81,,,8.19,7.32,3.03
BX26,local,Bx,2026-W32,5,2,false,true,7.91,7.05,0.088,8.26,7.56,7.3,6.9,6.06,8.68,17,3.98,,,8.5,7.27,2.03
BX26,local,Bx,2026-W33,5,2,true,true,7.93,7.04,0.0872,8,6.91,7.66,7.3,6.55,8.53,17,4.03,,,8.31,7.36,2.75
BX26,local,Bx,2026-W34,5,2,true,true,7.74,6.98,0.0771,7.89,7.19,7.35,7.24,6.56,8.29,17,3.96,,,8.26,7.3,2.49
BX26,local,Bx,2026-W35,5,2,true,true,7.86,7.03,0.0804,8.07,7.43,7.36,7.13,6.41,8.95,17,3.87,,,8.19,7.27,2.26
BX26,local,Bx,2026-W36,5,2,true,true,7.73,6.86,0.0829,7.89,7.07,7.48,6.97,6.32,8.35,17,3.66,,,7.89,6.85,2.8
BX26,local,Bx,2026-W37,4,2,true,true,7.43,6.53,0.0946,7.17,6.27,7.23,6.93,6.06,8.29,17,3.94,3.9,,8.12,7.26,2.82
BX26,local,Bx,2026-W38,5,2,true,true,7.58,6.63,0.0951,7.08,6.18,7.62,6.74,6.02,8.56,17,3.99,3.94,,8.15,7.24,2.78
BX26,local,Bx,2026-W39,5,2,true,true,7.6,6.76,0.0826,7.44,6.6,7.55,6.71,5.91,8.33,17,3.99,3.92,,8.71,7.82,2.52
BX26,local,Bx,2026-W40,5,2,true,false,7.61,6.85,0.0787,7.48,6.78,7.49,7.02,6.16,8.23,17,4.18,3.94,,7.5,6.91,2.96
BX26,local,Bx,2026-W41,5,0,true,false,7.78,6.91,0.091,7.33,6.48,7.52,6.79,5.87,9.12,17,3.86,3.94,17.4,,,
BX27,local,Bx,2026-W17,0,2,false,true,,,,,,,,,,,,,,8.76,7.65,3.14
BX27,local,Bx,2026-W18,5,2,false,false,7.39,6.53,0.1016,,,,6.49,6.02,,13,5.89,,,7.81,7.01,3.18
BX27,local,Bx,2026-W19,5,2,false,true,7.37,6.57,0.0851,,,,6.7,6.23,,12,5.85,,,7.92,6.73,3.08
BX27,local,Bx,2026-W20,5,2,false,true,7.2,6.43,0.0961,5.91,5.26,6.94,6.43,5.85,,15,5.7,,,7.63,6.67,2.78
BX27,local,Bx,2026-W21,5,2,false,false,7.42,6.44,0.1208,,,,6.44,5.59,,13,5.67,,,8.58,7.27,3.34
BX27,local,Bx,2026-W22,4,2,false,true,7.65,6.62,0.1137,7.49,6.82,7.35,6.48,5.71,,15,5.61,,,8.21,7.02,3.56
BX27,local,Bx,2026-W23,5,2,false,true,7.42,6.22,0.1407,,,,,,8.61,4,5.11,,,7.7,7.07,3.02
BX27,local,Bx,2026-W24,5,1,false,false,7.32,6.16,0.1213,,,,,,,2,5.82,,,8.53,7.54,2.64
BX27,local,Bx,2026-W25,3,2,false,false,7.23,6.78,0.0643,,,,,,,2,4.57,,,7.96,6.68,3.51
BX27,local,Bx,2026-W26,5,2,false,false,7.52,6.1,0.1495,,,,,,,1,5.54,,,8.8,6.9,2.62
BX27,local,Bx,2026-W27,3,2,true,true,7.71,6.85,0.0904,7.37,6.76,7,6.91,6.12,9.5,16,5.7,,,7.97,6.99,3.59
BX27,local,Bx,2026-W28,5,2,true,true,7.8,6.81,0.1059,7.95,6.92,7.4,6.86,6.08,8.87,16,5.59,,,7.6,6.34,3.45
BX27,local,Bx,2026-W29,5,2,true,true,7.59,6.54,0.1128,7.51,6.61,7.34,6.77,5.75,,16,5.31,,,8.3,7.07,3.36
BX27,local,Bx,2026-W30,5,2,true,true,7.67,6.66,0.1132,7.49,6.48,7.43,6.98,6.18,,16,5.31,,,8.01,7.08,3.38
BX27,local,Bx,2026-W31,5,2,true,true,7.44,6.63,0.0885,7.63,6.95,6.99,6.86,5.94,,16,5.4,,,7.89,6.8,3.63
BX27,local,Bx,2026-W32,5,2,false,true,7.54,6.65,0.1,7.58,6.74,7.26,6.46,5.77,8.6,17,4.99,,,7.82,6.74,3.07
BX27,local,Bx,2026-W33,5,2,true,true,7.64,6.82,0.0917,7.68,6.74,7.48,6.97,6.2,8.12,17,5.05,,,8.19,7.05,3.24
BX27,local,Bx,2026-W34,5,2,true,true,7.72,6.86,0.0911,8.05,7.14,7.39,6.84,6.06,8.5,17,5.31,,,7.98,7,3.46
BX27,local,Bx,2026-W35,5,2,true,true,7.72,6.86,0.0905,7.63,6.87,7.49,6.83,6,8.69,17,5.38,,,8.2,7.08,2.95
BX27,local,Bx,2026-W36,5,2,true,true,7.83,6.86,0.0952,7.71,6.76,7.51,7.08,6.3,8.79,17,5.67,,,8.26,7.22,3.43
BX27,local,Bx,2026-W37,4,2,true,true,7.6,6.66,0.0943,7.4,6.54,7.12,6.5,5.72,9.14,17,5.89,5.25,,8.14,6.94,3.42
BX27,local,Bx,2026-W38,5,2,true,true,7.42,6.58,0.0899,6.86,6.14,7.04,6.56,5.9,8.95,17,6.01,5.25,,7.95,6.95,3.16
BX27,local,Bx,2026-W39,5,2,true,true,7.72,6.86,0.0836,7.2,6.35,7.29,6.67,6.04,9.54,17,5.66,5.25,,8.42,7.28,3.5
BX27,local,Bx,2026-W40,5,2,true,false,7.6,6.73,0.093,7.18,6.54,7.39,6.55,5.7,8.83,17,5.8,5.25,,7.19,6.33,3.07
BX27,local,Bx,2026-W41,5,0,true,false,7.49,6.6,0.0963,7.19,6.44,7.24,6.46,5.86,8.72,17,5.89,5.25,17,,,
BX28,local,Bx,2026-W17,0,2,false,true,,,,,,,,,,,,,,8.14,7.31,4.7
BX28,local,Bx,2026-W18,5,2,false,false,7.16,6.24,0.1071,,,,6.65,5.88,,13,10.04,,,8.07,6.99,5.63
BX28,local,Bx,2026-W19,5,2,false,true,6.98,6.16,0.1001,,,,6.11,5.31,,12,10.78,,,7.72,6.77,5.22
BX28,local,Bx,2026-W20,5,2,false,true,6.99,6.14,0.1029,6.64,5.68,6.55,6.44,5.64,,15,10.91,,,7.83,6.76,5.83
BX28,local,Bx,2026-W21,5,2,false,false,7.11,6.27,0.0934,,,,6.49,5.79,,13,9.67,,,8.28,7.36,5.65
BX28,local,Bx,2026-W22,4,2,false,true,7.15,6.22,0.1104,6.87,6.03,6.84,6.55,5.59,,15,9.81,,,7.9,6.85,5.7
BX28,local,Bx,2026-W23,5,2,false,true,7.44,6.48,0.1008,,,,,,8.27,4,10.26,,,7.97,6.95,5.99
BX28,local,Bx,2026-W24,5,1,false,false,7.13,6.45,0.0851,,,,,,,2,10.2,,,8.12,7,3.1
BX28,local,Bx,2026-W25,3,2,false,false,8.01,6.87,0.1251,,,,,,,2,9.61,,,7.95,6.87,5.66
BX28,local,Bx,2026-W26,5,2,false,false,7.15,6.41,0.0949,,,,,,,1,10.65,,,7.98,7.2,4.96
BX28,local,Bx,2026-W27,3,2,true,true,7.31,6.45,0.0952,6.92,6.12,6.96,6.86,6.13,8.17,16,9.9,,,8.25,7.18,5.63
BX28,local,Bx,2026-W28,5,2,true,true,7.24,6.24,0.1103,7.03,6.06,6.98,6.67,5.82,7.93,16,10.35,,,7.95,6.81,5.99
BX28,local,Bx,2026-W29,5,2,true,true,7.36,6.41,0.1051,7.06,6.16,7.1,6.77,5.97,,16,9.9,,,7.9,6.83,5.28
BX28,local,Bx,2026-W30,5,2,true,true,7.23,6.34,0.0999,7.1,6.08,6.96,6.63,5.89,,16,9.96,,,7.85,6.82,5.91
BX28,local,Bx,2026-W31,5,2,true,true,7.36,6.45,0.1012,7.09,6.15,7.09,6.69,5.93,,16,10.18,,,7.97,6.94,5.74
BX28,local,Bx,2026-W32,5,2,false,true,7.2,6.25,0.1159,7.07,6.2,6.79,6.39,5.49,8.05,17,10.14,,,7.9,6.9,5.65
BX28,local,Bx,2026-W33,5,2,true,true,7.32,6.41,0.1003,7.3,6.36,6.83,6.8,5.95,8.25,17,9.78,,,7.77,6.72,5.6
BX28,local,Bx,2026-W34,5,2,true,true,7.31,6.41,0.099,7.22,6.2,6.97,6.91,6.08,7.9,17,10.59,,,8.02,6.94,5.79
BX28,local,Bx,2026-W35,5,2,true,true,7.24,6.37,0.1013,7.08,6.21,6.85,6.63,5.87,8.11,17,10.26,,,7.93,6.84,5.78
BX28,local,Bx,2026-W36,5,2,true,true,7.22,6.21,0.1085,7.14,6.05,6.86,6.62,5.76,7.89,17,10.14,,,7.98,6.98,6.02
BX28,local,Bx,2026-W37,4,2,true,true,7.01,6.02,0.1125,6.65,5.63,6.72,6.49,5.65,7.83,17,10.43,10.41,,7.82,6.72,5.47
BX28,local,Bx,2026-W38,5,2,true,true,6.97,6.05,0.114,6.46,5.56,6.71,6.46,5.57,7.89,17,10.67,10.46,,7.7,6.75,5.37
BX28,local,Bx,2026-W39,5,2,true,true,6.94,6.14,0.0946,6.64,5.65,6.7,6.43,5.67,7.59,17,10.2,10.44,,8.37,7.3,4.95
BX28,local,Bx,2026-W40,5,2,true,false,7.02,6.23,0.0977,6.59,5.74,6.82,6.44,5.78,7.91,17,10.51,10.46,,7.88,7.09,6.24
BX28,local,Bx,2026-W41,5,0,true,false,7.09,6.23,0.1009,6.74,5.9,6.71,6.29,5.55,8.19,17,10.47,10.46,18.5,,,
BX29,local,Bx,2026-W17,0,2,false,true,,,,,,,,,,,,,,16.21,14.45,1.38
BX29,local,Bx,2026-W18,5,2,false,false,14.73,13.66,0.0922,,,,12.83,11.69,,13,1.33,,,16.03,15.01,1.39
BX29,local,Bx,2026-W19,5,2,false,true,14.03,12.98,0.0732,,,,11.93,10.17,,12,1.63,,,12.13,9.17,1.67
BX29,local,Bx,2026-W20,5,2,false,true,15.59,14.9,0.057,15.16,17.16,14.16,13.64,12.9,,15,1.44,,,12.66,11.91,1.58
BX29,local,Bx,2026-W21,5,2,false,false,13.81,12.29,0.1087,,,,16.48,15.4,,11,0.94,,,15.75,14.38,1.04
BX29,local,Bx,2026-W22,4,2,false,true,15.33,13.98,0.0804,15.11,14.46,15.75,14.71,13.08,,15,1.57,,,13.74,12.36,1.4
BX29,local,Bx,2026-W23,4,2,false,true,14.71,13.82,0.0562,,,,,,,3,1.14,,,13.72,12.43,1.15
BX29,local,Bx,2026-W24,5,1,false,false,14.58,14.02,0.0155,,,,,,,2,1.4,,,14,12.42,1.06
BX29,local,Bx,2026-W25,3,2,false,false,17.3,17.55,0.0171,,,,,,,2,1.44,,,15.42,14.95,1.4
BX29,local,Bx,2026-W26,4,2,false,false,18.38,18.18,0.0404,,,,,,,1,1.44,,,13.46,14.31,1.44
BX29,local,Bx,2026-W27,3,2,true,true,14.57,13.31,0.0792,17.79,16.28,13.62,15.8,14.88,11.87,16,1.56,,,14.57,13.42,1.15
BX29,local,Bx,2026-W28,5,2,true,true,14.74,12.97,0.1145,15.75,14.97,15.28,14.43,13.85,12.62,16,1.39,,,12.59,11.73,1.47
BX29,local,Bx,2026-W29,5,2,true,true,15.49,14.3,0.0864,18,15.24,12.12,16.08,15.75,,16,1.38,,,14.32,13.52,0.93
BX29,local,Bx,2026-W30,5,2,true,true,14.06,12.98,0.1001,15.65,14.6,11.2,14.36,13.83,,16,1.4,,,13.48,11.86,1.5
BX29,local,Bx,2026-W31,5,2,true,true,13.31,12.17,0.105,12.97,10.53,11.86,13.75,13.09,,16,1.37,,,14.3,12.96,1.42
BX29,local,Bx,2026-W32,5,2,false,true,15.24,13.93,0.0966,14.75,13.8,13.88,14.77,13.46,16.44,17,1.36,,,13.86,13,1.12
BX29,local,Bx,2026-W33,5,2,true,true,15.58,14.8,0.05,16.57,15.79,16.78,12.73,11.67,15.54,17,1.54,,,14.92,14.14,1.4
BX29,local,Bx,2026-W34,5,2,true,true,13.82,12.59,0.0709,13.91,13.01,11.73,16.72,14.38,13.79,17,1.18,,,15.56,14.66,1.25
BX29,local,Bx,2026-W35,5,2,true,true,15.21,14.03,0.0812,16.52,15.26,14.59,15.11,13.97,14.35,17,1.49,,,14.13,12.68,1.43
BX29,local,Bx,2026-W36,5,2,true,true,13.66,12.38,0.0988,14.04,12.44,11.26,13.95,12.87,14.99,17,1.12,,,13.42,12.24,1.35
BX29,local,Bx,2026-W37,4,2,true,true,13.42,11.92,0.1305,12.98,11.47,10.84,13.92,13.27,15.67,17,1.24,1.53,,14.52,13.74,1.38
BX29,local,Bx,2026-W38,5,2,true,true,13.19,11.9,0.0917,13.88,12.65,10.77,14.23,13.31,13.9,17,1.24,1.53,,14.28,13.35,1.37
BX29,local,Bx,2026-W39,5,2,true,true,14.2,12.9,0.0985,14.35,12.81,11.44,14.25,13.29,17.01,17,1.34,1.53,,15.91,14.74,1.39
BX29,local,Bx,2026-W40,5,2,true,false,14.65,13.16,0.0956,17.55,16.46,13.66,14.23,12.98,13.69,17,1.46,1.53,,16.92,15.87,1.35
BX29,local,Bx,2026-W41,5,0,true,false,14.12,12.69,0.106,18.11,16.76,12.83,12.29,11.49,13.27,17,1.46,1.53,10.8,,,
BX3,local,Bx,2026-W17,0,2,false,true,,,,,,,,,,,,,,8.43,7.68,7.17
BX3,local,Bx,2026-W18,5,2,false,false,7.74,6.95,0.0868,,,,7.12,6.39,,13,9.61,,,8.15,6.97,7.04
BX3,local,Bx,2026-W19,5,2,false,true,7.57,6.56,0.1166,,,,6.59,5.97,,12,9.84,,,8.25,7.37,7.51
BX3,local,Bx,2026-W20,5,2,false,true,7.36,6.28,0.1426,6.53,5.79,7.42,6.72,5.5,,15,10.09,,,8.42,7.31,7.78
BX3,local,Bx,2026-W21,5,2,false,false,7.26,6.39,0.1169,,,,6.33,5.29,,13,10.11,,,8.63,7.84,6.98
BX3,local,Bx,2026-W22,4,2,false,true,7.72,6.71,0.117,7.69,6.64,7.73,6.62,5.6,,15,9.55,,,8.23,7.4,7.25
BX3,local,Bx,2026-W23,5,2,false,true,7.16,6.37,0.1085,,,,,,7.78,4,9.43,,,8.13,7.21,7.37
BX3,local,Bx,2026-W24,5,1,false,false,7.43,6.33,0.1168,,,,,,,2,9.27,,,8.5,7.79,6.06
BX3,local,Bx,2026-W25,3,2,false,false,7.43,6.5,0.1057,,,,,,,2,9.69,,,8.1,7.17,7.53
BX3,local,Bx,2026-W26,5,2,false,false,7.38,6.15,0.1334,,,,,,,1,9.45,,,8.74,7.53,7.09
BX3,local,Bx,2026-W27,3,2,true,true,7.86,6.87,0.0988,8.24,7.18,7.64,6.96,6.06,8.33,16,9.25,,,8.83,7.72,7.45
BX3,local,Bx,2026-W28,5,2,true,true,7.71,6.76,0.1047,7.76,6.9,7.51,7.05,5.93,8.22,16,9.29,,,8.27,7.28,7.03
BX3,local,Bx,2026-W29,5,2,true,true,7.69,6.72,0.1066,7.57,6.53,7.65,6.97,6.06,,16,9.63,,,8.46,7.5,7.4
BX3,local,Bx,2026-W30,5,2,true,true,7.73,6.86,0.0941,7.86,7.01,7.6,6.72,5.96,,16,9.69,,,8.17,7.21,7.5
BX3,local,Bx,2026-W31,5,2,true,true,7.86,6.99,0.0935,7.92,6.83,7.48,7.19,6.23,,16,9.27,,,8.15,7.16,6.88
BX3,local,Bx,2026-W32,5,2,false,true,7.76,6.79,0.1091,7.84,6.96,7.73,6.8,5.92,8.22,17,8.88,,,8.16,7.22,7.67
BX3,local,Bx,2026-W33,5,2,true,true,7.87,6.94,0.0993,7.85,6.85,7.89,6.87,6.04,8.43,17,9.16,,,8.31,7.17,7.21
BX3,local,Bx,2026-W34,5,2,true,true,7.86,6.95,0.0939,7.98,6.96,7.72,7.03,6.08,8.4,17,9.41,,,8.3,7.43,7.2
BX3,local,Bx,2026-W35,5,2,true,true,7.92,6.96,0.0969,7.94,6.9,7.75,7.09,6.31,8.56,17,9.29,,,8.45,7.46,7.45
BX3,local,Bx,2026-W36,5,2,true,true,7.86,6.94,0.0915,7.67,6.68,7.71,6.97,6.11,8.72,17,9.14,,,8.39,7.39,7.87
BX3,local,Bx,2026-W37,4,2,true,true,7.5,6.55,0.109,7.35,6.4,7.28,6.35,5.32,8.55,17,9.61,10.11,,8.26,7.48,7.52
BX3,local,Bx,2026-W38,5,2,true,true,7.3,6.44,0.0976,7.12,6.24,7.15,6.29,5.37,8.13,17,9.91,10.15,,8.48,7.61,7.47
BX3,local,Bx,2026-W39,5,2,true,true,7.52,6.68,0.0919,7.14,6.22,7.39,6.65,5.9,8.41,17,9.99,10.13,,8.86,7.9,7.47
BX3,local,Bx,2026-W40,5,2,true,false,7.32,6.49,0.0961,7.15,6.28,7.28,6.38,5.54,7.97,17,10.14,10.15,,8.37,7.49,7.14
BX3,local,Bx,2026-W41,5,0,true,false,7.42,6.4,0.1126,7.08,6.12,7.19,6.4,5.49,8.44,17,10.16,10.15,22.6,,,
BX30,local,Bx,2026-W17,0,2,false,true,,,,,,,,,,,,,,8.95,8.08,5.01
BX30,local,Bx,2026-W18,5,2,false,false,8.23,7.38,0.0808,,,,7.82,6.99,,13,8.74,,,8.77,7.75,5.06
BX30,local,Bx,2026-W19,5,2,false,true,8.14,7.12,0.1079,,,,7.68,6.63,,12,9.15,,,8.98,7.88,5.49
BX30,local,Bx,2026-W20,5,2,false,true,8.12,7.29,0.0906,8.09,7.26,7.4,7.77,7.07,,15,8.65,,,8.65,7.69,5.15
BX30,local,Bx,2026-W21,5,2,false,false,8.34,7.31,0.0969,,,,7.72,6.81,,13,8.58,,,9.1,7.9,4.94
BX30,local,Bx,2026-W22,4,2,false,true,8.43,7.5,0.0879,8.49,7.6,8.01,8.02,7.03,,15,9.01,,,9.02,7.91,5.27
BX30,local,Bx,2026-W23,5,2,false,true,8.46,7.29,0.0995,,,,,,9.39,4,8.59,,,8.81,7.26,4.78
BX30,local,Bx,2026-W24,5,1,false,false,8.02,6.91,0.1249,,,,,,,2,7.88,,,9.47,8.44,4.63
BX30,local,Bx,2026-W25,3,2,false,false,8.66,7.77,0.087,,,,,,,2,8.49,,,8.34,7.26,4.96
BX30,local,Bx,2026-W26,5,2,false,false,8.53,7.61,0.1024,,,,,,,1,8.9,,,8.6,7.6,4.83
BX30,local,Bx,2026-W27,3,2,true,true,8.54,7.63,0.0767,8.7,7.8,8.01,8.2,7.25,9.23,16,8.73,,,8.91,7.8,4.82
BX30,local,Bx,2026-W28,5,2,true,true,8.41,7.43,0.0933,8.45,7.38,7.91,7.91,7.03,9.24,16,8.54,,,8.66,7.54,5.3
BX30,local,Bx,2026-W29,5,2,true,true,8.47,7.53,0.0878,8.29,7.58,8.03,7.69,6.81,,16,8.93,,,8.69,7.75,5.37
BX30,local,Bx,2026-W30,5,2,true,true,8.29,7.4,0.0879,8.29,7.46,7.72,7.74,6.94,,16,8.49,,,8.27,7.3,5.47
BX30,local,Bx,2026-W31,5,2,true,true,8.44,7.51,0.0828,8.33,7.56,7.94,7.98,7.14,,16,8.32,,,8.6,7.48,5.26
BX30,local,Bx,2026-W32,5,2,false,true,8.49,7.55,0.087,8.71,7.84,7.9,7.7,6.87,9.49,17,8.03,,,8.59,7.39,5.42
BX30,local,Bx,2026-W33,5,2,true,true,8.4,7.51,0.0892,8.61,7.72,8.07,7.79,7.04,8.82,17,8.57,,,8.76,7.62,5.26
BX30,local,Bx,2026-W34,5,2,true,true,8.58,7.64,0.0885,8.83,7.95,8.08,7.98,7.11,9.32,17,8.57,,,8.3,7.45,5.19
BX30,local,Bx,2026-W35,5,2,true,true,8.45,7.59,0.0787,8.53,7.82,7.98,7.83,6.99,9.25,17,8.73,,,8.84,7.72,5.2
BX30,local,Bx,2026-W36,5,2,true,true,8.49,7.49,0.086,8.62,7.6,7.82,8.04,7.19,9.43,17,8.24,,,8.66,7.53,5.18
BX30,local,Bx,2026-W37,4,2,true,true,8.14,7.19,0.0922,8.25,7.36,7.47,7.77,6.91,9.05,17,8.98,8.92,,8.66,7.76,5.39
BX30,local,Bx,2026-W38,5,2,true,true,8.19,7.2,0.0997,7.77,6.93,7.88,7.7,6.85,9.07,17,9.18,8.96,,8.64,7.76,4.67
BX30,local,Bx,2026-W39,5,2,true,true,8.3,7.4,0.0815,8.03,7.23,7.84,7.65,6.86,9.48,17,8.59,8.94,,9.26,8.19,5.07
BX30,local,Bx,2026-W40,5,2,true,false,8.24,7.31,0.0966,8.02,7.3,7.79,7.84,7.03,9.21,17,8.96,8.96,,8.42,7.5,5.2
BX30,local,Bx,2026-W41,5,0,true,false,8.3,7.34,0.0958,7.99,7.21,7.75,7.71,6.88,9.57,17,8.46,8.96,13,,,
BX31,local,Bx,2026-W17,0,2,false,true,,,,,,,,,,,,,,9.04,8.06,4.17
BX31,local,Bx,2026-W18,5,2,false,false,7.63,6.84,0.0978,,,,7.34,6.3,,13,8.04,,,8.63,7.79,4.69
BX31,local,Bx,2026-W19,5,2,false,true,7.86,7.11,0.0785,,,,7.71,7.18,,12,8.48,,,8.48,7.68,4.37
BX31,local,Bx,2026-W20,5,2,false,true,7.77,7.12,0.0756,7.74,7.35,7.12,7.35,6.8,,15,7.96,,,8.35,6.88,4.02
BX31,local,Bx,2026-W21,5,2,false,false,7.92,7.06,0.0947,,,,7.62,6.68,,13,8.64,,,9.26,8.31,4.19
BX31,local,Bx,2026-W22,4,2,false,true,7.99,6.99,0.1061,7.75,6.8,7.48,7.56,6.62,,15,7.61,,,8.77,7.81,4.15
BX31,local,Bx,2026-W23,5,2,false,true,8.11,7.06,0.1063,,,,,,9.11,4,8.33,,,8.34,7.52,4.32
BX31,local,Bx,2026-W24,5,1,false,false,8.13,7.15,0.104,,,,,,,2,7.47,,,8.5,7.64,3.83
BX31,local,Bx,2026-W25,3,2,false,false,7.73,6.96,0.0742,,,,,,,2,8.16,,,9.23,8.3,4.43
BX31,local,Bx,2026-W26,5,2,false,false,7.91,7.12,0.0724,,,,,,,1,8,,,9.53,8.76,3.68
BX31,local,Bx,2026-W27,3,2,true,true,7.88,7.13,0.0768,7.73,6.85,7.39,7.59,6.88,8.74,16,8.11,,,9.19,8.34,3.89
BX31,local,Bx,2026-W28,5,2,true,true,8.04,7.23,0.0837,7.73,6.99,7.57,7.64,6.93,9.07,16,8.16,,,8.73,7.79,4.66
BX31,local,Bx,2026-W29,5,2,true,true,7.88,7.05,0.0884,7.65,6.85,7.46,7.28,6.43,,16,8.5,,,8.8,7.46,4.44
BX31,local,Bx,2026-W30,5,2,true,true,7.87,7.03,0.0819,7.8,6.81,7.33,7.37,6.64,,16,8.58,,,8.8,7.3,4.39
BX31,local,Bx,2026-W31,5,2,true,true,7.86,6.98,0.098,7.72,6.68,7.35,7.47,6.7,,16,8.5,,,8.56,7.65,4.65
BX31,local,Bx,2026-W32,5,2,false,true,7.88,6.94,0.1032,7.67,6.82,7.41,7.47,6.53,8.83,17,7.89,,,8.7,7.78,4.44
BX31,local,Bx,2026-W33,5,2,true,true,7.74,6.84,0.1,7.8,6.93,7.29,7.51,6.7,8.49,17,8.24,,,8.66,7.73,4.61
BX31,local,Bx,2026-W34,5,2,true,true,7.91,7.08,0.0906,7.81,7.03,7.32,7.61,6.73,8.86,17,8.27,,,8.71,7.68,4.4
BX31,local,Bx,2026-W35,5,2,true,true,7.96,7.08,0.0957,8,7.18,7.44,7.67,6.78,8.73,17,8.01,,,8.89,7.99,4.18
BX31,local,Bx,2026-W36,5,2,true,true,8.03,6.99,0.1048,7.97,6.87,7.53,7.74,6.73,8.89,17,7.65,,,8.72,7.79,4.34
BX31,local,Bx,2026-W37,4,2,true,true,7.76,6.94,0.0814,7.52,6.75,7.25,7.45,6.69,8.72,17,8.38,7.86,,8.8,7.99,4.15
BX31,local,Bx,2026-W38,5,2,true,true,7.67,6.86,0.0849,6.97,6.21,7.25,7.35,6.6,8.86,17,8.7,7.93,,8.5,7.77,3.94
BX31,local,Bx,2026-W39,5,2,true,true,7.74,6.94,0.0795,7.07,6.32,7.27,7.32,6.59,9.06,17,8.96,7.9,,9.2,8.29,4.22
BX31,local,Bx,2026-W40,5,2,true,false,7.68,6.9,0.0821,6.91,6.21,7.32,7.39,6.7,8.77,17,8.63,7.93,,8.35,7.38,4.18
BX31,local,Bx,2026-W41,5,0,true,false,7.64,6.78,0.0931,7.45,6.73,7.2,6.95,6.17,8.56,17,8.55,7.93,19.1,,,
BX32,local,Bx,2026-W17,0,2,false,true,,,,,,,,,,,,,,7.52,6.75,2.94
BX32,local,Bx,2026-W18,5,2,false,false,6.39,5.54,0.1163,,,,5.74,4.94,,13,7.15,,,7.48,6.53,2.76
BX32,local,Bx,2026-W19,5,2,false,true,6.07,5.32,0.1174,,,,5.46,4.67,,12,7.11,,,7.56,6.51,3.19
BX32,local,Bx,2026-W20,5,2,false,true,6.26,5.41,0.1346,6.18,5.46,5.78,5.19,4.21,,15,7.27,,,7.51,6.39,3.19
BX32,local,Bx,2026-W21,5,2,false,false,6.45,5.28,0.1638,,,,5.61,4.53,,13,7.09,,,8.31,7.06,2.85
BX32,local,Bx,2026-W22,4,2,false,true,6.36,5.48,0.1282,6.15,5.26,5.84,5.5,4.59,,15,7.69,,,7.78,6.71,3.16
BX32,local,Bx,2026-W23,5,2,false,true,6.45,5.38,0.1435,,,,,,7.54,4,7.18,,,7.48,6.42,2.43
BX32,local,Bx,2026-W24,5,1,false,false,6.77,5.19,0.2109,,,,,,,2,7.7,,,7.21,6.33,2.75
BX32,local,Bx,2026-W25,3,2,false,false,7.05,6.46,0.0913,,,,,,,2,7.61,,,7.64,6.68,2.84
BX32,local,Bx,2026-W26,5,2,false,false,6.27,5.68,0.0853,,,,,,,1,7.28,,,7.57,6.56,2.38
BX32,local,Bx,2026-W27,3,2,true,true,6.57,5.72,0.11,6.4,5.74,5.97,5.81,5.02,7.76,16,7.21,,,7.51,6.61,2.85
BX32,local,Bx,2026-W28,5,2,true,true,6.59,5.65,0.1293,6.46,5.59,6.34,5.8,4.89,7.27,16,7.4,,,7.42,6.29,3.44
BX32,local,Bx,2026-W29,5,2,true,true,6.51,5.49,0.1418,6.24,5.4,6.09,5.75,4.63,,16,7.26,,,7.71,6.73,2.81
BX32,local,Bx,2026-W30,5,2,true,true,6.63,5.65,0.1259,6.56,5.6,6.21,5.77,4.83,,16,7.25,,,6.71,5.74,3.16
BX32,local,Bx,2026-W31,5,2,true,true,6.65,5.63,0.1292,6.74,5.75,6.1,5.99,4.96,,16,7.29,,,7.51,6.52,3.2
BX32,local,Bx,2026-W32,5,2,false,true,6.46,5.54,0.1284,6.48,5.6,5.99,5.51,4.61,7.26,17,7.06,,,7.63,6.56,3.2
BX32,local,Bx,2026-W33,5,2,true,true,6.48,5.57,0.124,6.56,5.62,6.03,5.72,4.69,7.17,17,7.25,,,7.69,6.65,2.83
BX32,local,Bx,2026-W34,5,2,true,true,6.56,5.6,0.1235,6.58,5.58,6.12,5.83,4.93,7.39,17,7.49,,,7.59,6.48,2.85
BX32,local,Bx,2026-W35,5,2,true,true,6.41,5.49,0.127,6.16,5.39,6.08,5.73,4.79,7.21,17,7.72,,,7.64,6.65,3.08
BX32,local,Bx,2026-W36,5,2,true,true,6.48,5.63,0.1108,6.38,5.52,6.01,5.75,4.91,7.36,17,7.38,,,7.33,6.47,3.08
BX32,local,Bx,2026-W37,4,2,true,true,6.2,5.18,0.1467,5.81,4.53,5.58,5.17,4.24,7.71,17,8.2,7.64,,7.48,6.71,3.09
BX32,local,Bx,2026-W38,5,2,true,true,6.28,5.42,0.1199,5.64,4.77,5.73,5.62,4.72,7.7,17,7.63,7.64,,7.44,6.72,3.14
BX32,local,Bx,2026-W39,5,2,true,true,6.32,5.48,0.1138,5.97,5.09,5.74,5.42,4.55,7.78,17,7.66,7.64,,8.03,7.25,3.03
BX32,local,Bx,2026-W40,5,2,true,false,6.38,5.48,0.1244,6.04,5.11,5.89,5.58,4.68,7.5,17,7.55,7.64,,7.37,6.66,2.71
BX32,local,Bx,2026-W41,5,0,true,false,6.23,5.38,0.1223,5.9,5.03,5.92,5.35,4.56,7.17,17,7.84,7.64,14.6,,,
BX33,local,Bx,2026-W17,0,2,false,true,,,,,,,,,,,,,,8.35,7.45,1.44
BX33,local,Bx,2026-W18,5,2,false,false,6.7,5.6,0.1452,,,,6,4.9,,13,2.68,,,7.73,6.54,1.26
BX33,local,Bx,2026-W19,5,2,false,true,6.37,5.21,0.1671,,,,5.62,4.6,,12,2.46,,,8.43,6.47,1.44
BX33,local,Bx,2026-W20,5,2,false,true,6.46,5.33,0.1596,5.89,4.81,6.05,5.6,4.81,,15,2.62,,,7.42,6.66,1.21
BX33,local,Bx,2026-W21,5,2,false,false,6.63,5.31,0.1808,,,,5.83,4.59,,12,2.55,,,8.32,6.73,1.11
BX33,local,Bx,2026-W22,4,2,false,true,6.67,5.5,0.1527,6.48,5.08,6.3,6.01,4.88,,15,2.63,,,8.4,7.06,1.34
BX33,local,Bx,2026-W23,5,2,false,true,6.38,5.74,0.0905,,,,,,7.35,4,2.25,,,7.8,6.94,1.28
BX33,local,Bx,2026-W24,5,1,false,false,6.13,4.75,0.1978,,,,,,,2,2.24,,,7.42,7.48,1.12
BX33,local,Bx,2026-W25,3,2,false,false,6.31,5.41,0.1001,,,,,,,2,2.18,,,8.74,7.73,1.69
BX33,local,Bx,2026-W26,4,2,false,false,6.39,4.52,0.2625,,,,,,,1,2.04,,,9.34,8.1,1.4
BX33,local,Bx,2026-W27,3,2,true,true,6.95,5.99,0.117,6.99,6.01,6.2,6.7,5.56,7.94,16,2.58,,,8.54,7.17,1.29
BX33,local,Bx,2026-W28,5,2,true,true,6.75,5.78,0.121,6.6,5.81,6.62,6.14,4.94,7.2,16,2.17,,,7.77,6.25,1.45
BX33,local,Bx,2026-W29,5,2,true,true,6.69,5.69,0.1386,6.57,5.78,6.04,6.37,5.25,,16,2.46,,,7.81,6.94,1.36
BX33,local,Bx,2026-W30,5,2,true,true,6.7,5.75,0.1151,6.23,5.35,6.53,5.71,4.94,,16,2.47,,,7.61,6.35,1.36
BX33,local,Bx,2026-W31,5,2,true,true,6.73,5.63,0.1494,6.49,5.4,6.27,5.89,5.07,,16,2.21,,,8.02,7.12,1.26
BX33,local,Bx,2026-W32,5,2,false,true,7.22,6.11,0.1335,6.93,5.85,7.17,6.29,5.09,7.77,17,2.15,,,7.79,6.31,1.29
BX33,local,Bx,2026-W33,5,2,true,true,6.73,5.71,0.1353,6.51,5.49,6.55,6.23,5.09,7.27,17,2.34,,,8.01,6.53,0.83
BX33,local,Bx,2026-W34,5,2,true,true,6.97,5.88,0.1389,6.54,5.41,6.65,6.42,5.23,7.88,17,2.5,,,7.98,6.56,1.37
BX33,local,Bx,2026-W35,5,2,true,true,6.98,5.97,0.1248,6.64,5.87,6.77,5.92,4.89,8.03,17,2.56,,,7.82,6.73,1.41
BX33,local,Bx,2026-W36,5,2,true,true,6.94,5.63,0.1703,6.37,5.26,6.3,6.04,4.89,8.79,17,2.36,,,7.72,6.73,1.49
BX33,local,Bx,2026-W37,4,2,true,true,6.4,5.33,0.1408,5.96,5.04,6.23,5.5,4.49,7.44,17,2.42,2.55,,7.51,6.57,1.49
BX33,local,Bx,2026-W38,5,2,true,true,6.93,5.78,0.1438,5.73,4.56,6.58,5.61,4.63,9.2,17,2.37,2.55,,7.4,6.3,1.17
BX33,local,Bx,2026-W39,5,2,true,true,6.65,5.82,0.1059,6.38,5.26,6.61,6,5.21,7.09,17,2.18,2.55,,8.2,7.14,1.16
BX33,local,Bx,2026-W40,5,2,true,false,6.76,5.85,0.1225,6.71,5.69,6.46,5.5,4.75,8.07,17,2.29,2.55,,7.63,5.88,1.06
BX33,local,Bx,2026-W41,5,0,true,false,6.57,5.71,0.1116,6.05,5.15,6.54,5.6,4.83,7.45,17,2.62,2.55,12.1,,,
BX34,local,Bx,2026-W17,0,2,false,true,,,,,,,,,,,,,,9.77,8.89,2.34
BX34,local,Bx,2026-W18,5,2,false,false,7.83,6.91,0.1,,,,7.33,6.56,,13,3.45,,,8.54,7.69,2.18
BX34,local,Bx,2026-W19,5,2,false,true,7.68,6.38,0.171,,,,6.39,4.46,,12,3.26,,,8.81,7.05,1.69
BX34,local,Bx,2026-W20,5,2,false,true,7.2,6.47,0.1007,5.82,5.42,7,6.82,5.82,,15,3.36,,,8.54,7.56,1.87
BX34,local,Bx,2026-W21,5,2,false,false,7.49,6.59,0.1274,,,,6.53,5.49,,13,3.3,,,9.56,8.48,1.92
BX34,local,Bx,2026-W22,4,2,false,true,7.98,7.13,0.0984,7.71,7.03,7.69,7.51,6.77,,15,3.48,,,8.79,7.95,2.25
BX34,local,Bx,2026-W23,5,2,false,true,6.75,6.04,0.0993,,,,,,7.72,4,3.45,,,9.06,7.94,2.25
BX34,local,Bx,2026-W24,5,1,false,false,6.53,6.02,0.0914,,,,,,,2,3.47,,,8.98,6.01,1.85
BX34,local,Bx,2026-W25,3,2,false,false,7.67,6.45,0.1748,,,,,,,2,3.39,,,9.42,8.99,2.15
BX34,local,Bx,2026-W26,5,2,false,false,7.76,7.05,0.0823,,,,,,,1,3.42,,,9.3,8.46,2.07
BX34,local,Bx,2026-W27,3,2,true,true,8.06,7.21,0.0889,7.6,6.82,7.89,7.14,6.46,9.15,16,3.38,,,8.99,8.12,1.96
BX34,local,Bx,2026-W28,5,2,true,true,8.2,7.12,0.1204,8.13,7.1,7.64,7.61,6.72,9.34,16,3.55,,,9.05,8.3,2.29
BX34,local,Bx,2026-W29,5,2,true,true,8.26,7.4,0.0905,8.28,7.32,8.02,7.53,6.73,,16,3.4,,,8.72,7.96,2.29
BX34,local,Bx,2026-W30,5,2,true,true,8.31,7.48,0.0903,8.16,7.47,7.81,7.58,6.59,,16,3.27,,,8.92,8.01,2.35
BX34,local,Bx,2026-W31,5,2,true,true,8.25,7.45,0.0841,8.04,7.01,7.82,7.47,6.84,,16,3.18,,,9.09,8.09,2.44
BX34,local,Bx,2026-W32,5,2,false,true,7.82,6.92,0.107,8.16,7.27,6.82,7.14,6.24,9.78,17,3.41,,,8.48,7.08,1.96
BX34,local,Bx,2026-W33,5,2,true,true,8.5,7.58,0.0935,8.21,7.36,8.43,7.65,6.76,9.16,17,3.48,,,8.76,7.82,2.3
BX34,local,Bx,2026-W34,5,2,true,true,8.12,7.11,0.1093,7.6,6.93,7.38,7.7,6.79,9.48,17,3.62,,,8.59,7.69,2.31
BX34,local,Bx,2026-W35,5,2,true,true,7.76,6.94,0.0963,7.5,6.85,7.12,6.94,6.25,9.08,17,3.4,,,9.18,8.53,2.16
BX34,local,Bx,2026-W36,5,2,true,true,8.08,7.22,0.0943,8.16,7.29,7.88,7.46,6.7,8.58,17,3.4,,,9.68,8.8,2.19
BX34,local,Bx,2026-W37,4,2,true,true,7.92,7.04,0.0923,7.58,6.87,7.83,7.07,6.22,8.77,17,3.67,3.42,,9.5,8.76,2.61
BX34,local,Bx,2026-W38,5,2,true,true,7.67,6.86,0.0929,7.32,6.64,7.57,6.68,6.08,8.81,17,3.92,3.42,,8.97,7.99,2.33
BX34,local,Bx,2026-W39,5,2,true,true,8.11,7.27,0.09,7.96,7.14,7.92,7.47,6.53,9.02,17,3.51,3.42,,9.61,8.73,2.24
BX34,local,Bx,2026-W40,5,2,true,false,8.04,7.19,0.093,7.43,6.66,7.74,7.26,6.4,9.6,17,3.81,3.42,,8.42,7.39,2.29
BX34,local,Bx,2026-W41,5,0,true,false,7.49,6.62,0.1034,6.84,6.1,7.21,6.7,5.96,8.44,17,3.68,3.42,13.5,,,
BX35,local,Bx,2026-W17,0,2,false,true,,,,,,,,,,,,,,6.99,6.19,5.15
BX35,local,Bx,2026-W18,5,2,false,false,5.73,4.95,0.1236,,,,5.05,4.26,,13,10.22,,,6.67,5.83,5.98
BX35,local,Bx,2026-W19,5,2,false,true,5.78,4.96,0.1171,,,,5.31,4.54,,12,9.3,,,6.51,5.65,6.13
BX35,local,Bx,2026-W20,5,2,false,true,5.52,4.61,0.1506,5.15,4.18,5.35,4.93,3.93,,15,9.97,,,6.61,5.62,6.33
BX35,local,Bx,2026-W21,5,2,false,false,5.86,4.9,0.1386,,,,5.17,4.1,,13,9.69,,,7.11,6.22,5.52
BX35,local,Bx,2026-W22,4,2,false,true,5.85,4.91,0.138,5.76,4.91,5.59,5.33,4.4,,15,9.79,,,6.63,5.49,5.67
BX35,local,Bx,2026-W23,5,2,false,true,6,5.15,0.1205,,,,,,6.69,4,9.37,,,6.09,4.71,6.21
BX35,local,Bx,2026-W24,5,1,false,false,5.5,4.78,0.1157,,,,,,,2,10.29,,,6.92,5.94,4.48
BX35,local,Bx,2026-W25,3,2,false,false,5.76,4.98,0.1236,,,,,,,2,9.96,,,6.82,5.77,7.03
BX35,local,Bx,2026-W26,5,2,false,false,5.39,4.4,0.142,,,,,,,1,9.68,,,6.61,5.55,5.9
BX35,local,Bx,2026-W27,3,2,true,true,5.94,5.14,0.1082,5.92,5,5.6,5.43,4.7,6.6,16,10.3,,,6.6,5.73,5.76
BX35,local,Bx,2026-W28,5,2,true,true,6.01,5.12,0.1262,5.87,5.12,5.66,5.65,4.8,6.67,16,9.32,,,6.42,5.47,6.74
BX35,local,Bx,2026-W29,5,2,true,true,6.01,5.09,0.1276,5.81,4.99,5.7,5.64,4.58,,16,9.85,,,6.62,5.59,5.94
BX35,local,Bx,2026-W30,5,2,true,true,5.92,5.06,0.123,5.97,5.07,5.72,5.32,4.51,,16,9.83,,,6.2,4.93,5.58
BX35,local,Bx,2026-W31,5,2,true,true,5.87,4.95,0.1225,5.75,4.92,5.51,5.37,4.65,,16,9.56,,,6.27,5.34,6.14
BX35,local,Bx,2026-W32,5,2,false,true,5.87,4.94,0.1423,5.94,4.93,5.54,5.33,4.38,6.59,17,9.4,,,6.53,5.54,6.11
BX35,local,Bx,2026-W33,5,2,true,true,5.98,5.13,0.1167,5.99,5.1,5.77,5.45,4.54,6.53,17,9.01,,,6.41,5.37,5.39
BX35,local,Bx,2026-W34,5,2,true,true,5.94,5.08,0.1248,5.89,5.03,5.69,5.59,4.73,6.42,17,9.61,,,6.49,5.54,5.92
BX35,local,Bx,2026-W35,5,2,true,true,5.92,5.01,0.1259,5.78,4.87,5.69,5.49,4.68,6.53,17,9.34,,,6.49,5.43,5.96
BX35,local,Bx,2026-W36,5,2,true,true,6.02,5.16,0.1147,5.78,4.92,5.72,5.59,4.78,6.75,17,10.24,,,6.58,5.53,6.31
BX35,local,Bx,2026-W37,4,2,true,true,5.6,4.74,0.1309,5.42,4.59,5.3,4.81,3.91,6.48,17,10.19,11.15,,6.43,5.42,5.64
BX35,local,Bx,2026-W38,5,2,true,true,5.67,4.85,0.129,5.13,4.37,5.39,5.22,4.28,6.57,17,10.25,11.15,,6.42,5.45,6.11
BX35,local,Bx,2026-W39,5,2,true,true,5.68,4.93,0.1098,5.46,4.66,5.36,5.08,4.31,6.48,17,9.77,11.15,,7.03,6.11,5.83
BX35,local,Bx,2026-W40,5,2,true,false,5.88,5.06,0.121,5.63,4.85,5.63,5.24,4.36,6.66,17,9.94,11.15,,6.23,5.58,5.52
BX35,local,Bx,2026-W41,5,0,true,false,5.86,5.03,0.1197,5.64,4.98,5.5,5.4,4.54,6.64,17,9.79,11.15,28.4,,,
BX36,local,Bx,2026-W17,0,2,false,true,,,,,,,,,,,,,,7.31,6.31,9.68
BX36,local,Bx,2026-W18,5,2,false,false,6.6,5.7,0.1194,,,,6.12,5.32,,13,18.9,,,7.29,6.18,11.48
BX36,local,Bx,2026-W19,5,2,false,true,6.43,5.48,0.1255,,,,5.75,4.8,,12,19.1,,,7.19,6.1,9.82
BX36,local,Bx,2026-W20,5,2,false,true,6.39,5.46,0.1358,6.23,5.33,5.89,5.74,4.82,,15,19.63,,,7.43,6.29,10.5
BX36,local,Bx,2026-W21,5,2,false,false,6.34,5.3,0.1509,,,,5.52,4.46,,13,19.88,,,7.67,6.58,10.13
BX36,local,Bx,2026-W22,4,2,false,true,6.5,5.4,0.1496,6.56,5.61,6.06,5.94,4.94,,15,21.2,,,7.26,6.08,11.6
BX36,local,Bx,2026-W23,5,2,false,true,6.62,5.59,0.1334,,,,,,7.34,4,19.25,,,6.91,5.75,10.85
BX36,local,Bx,2026-W24,5,1,false,false,6.77,5.61,0.1545,,,,,,,2,19.07,,,7.42,6.21,9.34
BX36,local,Bx,2026-W25,3,2,false,false,6.64,5.69,0.1157,,,,,,,2,19.55,,,7.47,6.42,11.36
BX36,local,Bx,2026-W26,5,2,false,false,6.27,5.34,0.1225,,,,,,,1,19.32,,,7.88,6.45,10.77
BX36,local,Bx,2026-W27,3,2,true,true,6.81,5.89,0.1177,7.34,6.31,6.2,6.56,5.61,7.2,16,18.95,,,7.53,6.48,11.16
BX36,local,Bx,2026-W28,5,2,true,true,6.86,5.79,0.1328,7.33,6.22,6.44,6.42,5.45,7.18,16,18.42,,,7.23,6.05,11.23
BX36,local,Bx,2026-W29,5,2,true,true,6.66,5.63,0.1318,7,6.05,6.01,6.17,5.12,,16,19.82,,,7.16,5.95,11.19
BX36,local,Bx,2026-W30,5,2,true,true,6.71,5.76,0.1155,7.07,6.12,6.12,6.27,5.42,,16,19.61,,,7.04,5.99,10.34
BX36,local,Bx,2026-W31,5,2,true,true,6.74,5.69,0.1343,7.05,5.93,6.04,6.4,5.44,,16,18.95,,,7.11,5.9,11.09
BX36,local,Bx,2026-W32,5,2,false,true,6.77,5.8,0.1244,7.2,6.25,6.2,6.16,5.19,7.26,17,18.21,,,7.1,6.04,11.59
BX36,local,Bx,2026-W33,5,2,true,true,6.79,5.78,0.1286,7.11,6.13,6.33,6.37,5.33,7.32,17,18.76,,,7.28,6.15,10.69
BX36,local,Bx,2026-W34,5,2,true,true,6.82,5.9,0.1155,7.19,6.17,6.26,6.39,5.5,7.41,17,18.94,,,7.2,6.16,10.91
BX36,local,Bx,2026-W35,5,2,true,true,6.82,5.85,0.121,6.96,6.04,6.34,6.51,5.54,7.4,17,18.43,,,7.46,6.08,11.4
BX36,local,Bx,2026-W36,5,2,true,true,6.86,5.76,0.1377,7.11,5.95,6.34,6.45,5.41,7.48,17,19.64,,,7.27,6.05,11.77
BX36,local,Bx,2026-W37,4,2,true,true,6.38,5.45,0.1254,6.48,5.59,5.8,5.91,4.88,7.18,17,19.8,21.21,,7.19,6.12,11.62
BX36,local,Bx,2026-W38,5,2,true,true,6.51,5.54,0.1273,6.4,5.53,6.08,5.94,5.04,7.34,17,19.74,21.28,,7.36,6.36,10.77
BX36,local,Bx,2026-W39,5,2,true,true,6.67,5.76,0.1148,6.59,5.55,6.22,6.3,5.4,7.51,17,19.04,21.25,,7.72,6.67,11.29
BX36,local,Bx,2026-W40,5,2,true,false,6.5,5.5,0.1353,6.48,5.56,6.2,6.08,5.21,7.08,17,19.74,21.28,,7.34,6.43,10.33
BX36,local,Bx,2026-W41,5,0,true,false,6.57,5.6,0.1299,6.45,5.55,6.24,5.94,5.04,7.38,17,20.51,21.28,29.8,,,
BX38,local,Bx,2026-W17,0,2,false,true,,,,,,,,,,,,,,8.91,7.75,3.7
BX38,local,Bx,2026-W18,5,2,false,false,7.92,7.17,0.077,,,,7.13,6.49,,13,6.81,,,8.44,7.62,4.12
BX38,local,Bx,2026-W19,5,2,false,true,7.8,7.04,0.0749,,,,6.81,6.43,,12,6.32,,,8.69,7.91,4.25
BX38,local,Bx,2026-W20,5,2,false,true,7.64,6.88,0.0874,7.15,5.94,7.39,6.96,6.38,,15,6.72,,,8.52,7.46,3.91
BX38,local,Bx,2026-W21,5,2,false,false,7.79,7.08,0.0756,,,,7.22,6.5,,13,6.77,,,8.91,8.06,3.64
BX38,local,Bx,2026-W22,4,2,false,true,7.75,7.09,0.074,7.49,6.97,7.41,7.33,6.57,,15,6.94,,,8.76,7.84,3.47
BX38,local,Bx,2026-W23,5,2,false,true,7.64,7.09,0.0586,,,,,,8.64,4,6.5,,,8.4,7.59,4.11
BX38,local,Bx,2026-W24,5,1,false,false,8.18,7.39,0.0799,,,,,,,2,6.66,,,8.33,7.41,4.04
BX38,local,Bx,2026-W25,3,2,false,false,8.51,7.61,0.0904,,,,,,,2,5.55,,,8.12,6.9,4.08
BX38,local,Bx,2026-W26,5,2,false,false,8.36,7.59,0.07,,,,,,,1,6.33,,,9.28,8.16,4.26
BX38,local,Bx,2026-W27,3,2,true,true,7.87,7.15,0.0753,7.48,6.86,7.46,7.54,6.77,8.87,16,6.41,,,8.91,7.94,3.59
BX38,local,Bx,2026-W28,5,2,true,true,7.9,7.02,0.0868,7.91,6.96,7.46,7.3,6.5,8.86,16,6.64,,,8.55,7.58,4.43
BX38,local,Bx,2026-W29,5,2,true,true,7.88,7.12,0.0753,7.55,6.97,7.59,7.44,6.73,,16,6.81,,,8.45,7.43,4.01
BX38,local,Bx,2026-W30,5,2,true,true,7.8,6.98,0.0818,7.8,6.96,7.38,7.3,6.67,,16,6.36,,,8.31,7.44,4.21
BX38,local,Bx,2026-W31,5,2,true,true,7.85,7.08,0.0767,7.69,6.91,7.51,7.39,6.71,,16,6.59,,,8.45,7.51,4.16
BX38,local,Bx,2026-W32,5,2,false,true,7.85,6.99,0.0841,7.63,6.91,7.29,7.38,6.48,8.96,17,6.24,,,8.53,7.69,3.81
BX38,local,Bx,2026-W33,5,2,true,true,7.91,7.09,0.0777,7.92,7.09,7.51,7.45,6.71,8.76,17,6.72,,,8.61,7.8,4.1
BX38,local,Bx,2026-W34,5,2,true,true,7.91,7.08,0.0816,7.81,7.01,7.67,7.47,6.73,8.48,17,6.56,,,8.59,7.73,3.85
BX38,local,Bx,2026-W35,5,2,true,true,7.94,7.19,0.071,7.86,7.19,7.49,7.63,6.86,8.78,17,6.49,,,8.61,7.48,3.71
BX38,local,Bx,2026-W36,5,2,true,true,7.91,7.08,0.0748,7.9,6.97,7.47,7.46,6.72,8.78,17,6.41,,,8.37,7.38,4.03
BX38,local,Bx,2026-W37,4,2,true,true,7.7,6.92,0.0755,7.54,6.49,7.19,7.41,6.72,8.6,17,6.6,7.59,,8.61,7.67,4.23
BX38,local,Bx,2026-W38,5,2,true,true,7.53,6.71,0.089,7.12,6.27,7.08,7.2,6.33,8.67,17,6.97,7.59,,8.44,7.61,4.15
BX38,local,Bx,2026-W39,5,2,true,true,7.73,6.95,0.0752,7.24,6.38,7.33,7.28,6.62,8.95,17,6.79,7.59,,8.58,7.71,3.37
BX38,local,Bx,2026-W40,5,2,true,false,7.73,6.97,0.0818,7.27,6.66,7.41,7.3,6.69,8.72,17,6.45,7.59,,8.75,7.84,3.84
BX38,local,Bx,2026-W41,5,0,true,false,7.73,6.94,0.0809,7.42,6.74,7.35,7.29,6.51,8.64,17,6.76,7.59,18.7,,,
BX39,local,Bx,2026-W17,0,2,false,true,,,,,,,,,,,,,,8.04,6.96,7.84
BX39,local,Bx,2026-W18,5,2,false,false,7.35,6.34,0.1309,,,,6.92,6.11,,13,11.33,,,7.74,6.4,7.8
BX39,local,Bx,2026-W19,5,2,false,true,6.99,6.28,0.0852,,,,6.29,5.8,,12,11.07,,,8.01,6.91,7.43
BX39,local,Bx,2026-W20,5,2,false,true,7.05,6.19,0.1185,6.56,5.67,7.04,6.71,5.88,,15,10.33,,,7.83,6.91,8.56
BX39,local,Bx,2026-W21,5,2,false,false,7.09,6.22,0.1114,,,,6.64,5.81,,13,11.37,,,8.17,7.15,8.53
BX39,local,Bx,2026-W22,4,2,false,true,7.3,6.42,0.1024,7.2,6.39,7.12,6.61,5.86,,15,11.55,,,7.92,6.84,8.63
BX39,local,Bx,2026-W23,5,2,false,true,7.45,6.56,0.1016,,,,,,8.06,4,11.63,,,7.97,6.88,8.62
BX39,local,Bx,2026-W24,5,1,false,false,7.18,6.37,0.1089,,,,,,,2,11.79,,,8.62,6.56,6.91
BX39,local,Bx,2026-W25,3,2,false,false,7.21,5.88,0.1563,,,,,,,2,12.14,,,7.79,6.96,8.32
BX39,local,Bx,2026-W26,5,2,false,false,7.35,6.59,0.102,,,,,,,1,11.63,,,7.66,6.87,7.47
BX39,local,Bx,2026-W27,3,2,true,true,7.24,6.45,0.0936,7.4,6.47,6.99,6.78,5.94,7.66,16,11.69,,,7.83,6.74,8.13
BX39,local,Bx,2026-W28,5,2,true,true,7.25,6.42,0.096,7.22,6.45,7.13,6.59,5.89,7.75,16,11.48,,,7.94,6.77,8.1
BX39,local,Bx,2026-W29,5,2,true,true,7.41,6.4,0.1228,7.35,6.54,7.26,6.72,5.7,,16,11.01,,,7.9,6.92,8.63
BX39,local,Bx,2026-W30,5,2,true,true,7.28,6.41,0.1039,7.37,6.55,7.04,6.73,5.97,,16,11.22,,,7.76,6.83,7.66
BX39,local,Bx,2026-W31,5,2,true,true,7.29,6.41,0.1024,7.51,6.45,6.93,6.74,5.92,,16,11.24,,,7.83,6.78,8.24
BX39,local,Bx,2026-W32,5,2,false,true,7.24,6.24,0.1253,7.34,6.24,6.88,6.85,5.8,7.89,17,11.14,,,7.88,6.92,8.46
BX39,local,Bx,2026-W33,5,2,true,true,7.37,6.42,0.107,7.45,6.51,7.09,6.72,5.89,8,17,11,,,7.72,6.71,8.63
BX39,local,Bx,2026-W34,5,2,true,true,7.24,6.28,0.1192,7.44,6.58,7.11,6.53,5.52,7.59,17,11.2,,,7.84,6.78,8.48
BX39,local,Bx,2026-W35,5,2,true,true,7.41,6.48,0.1098,7.45,6.45,7.25,6.79,5.93,7.92,17,11.09,,,7.91,6.88,8.89
BX39,local,Bx,2026-W36,5,2,true,true,7.33,6.47,0.0968,7.36,6.52,7.03,6.8,6.04,7.88,17,11.5,,,7.74,6.76,8.81
BX39,local,Bx,2026-W37,4,2,true,true,7.13,6.34,0.0902,6.99,6.19,6.85,6.46,5.68,7.89,17,11.75,12.59,,7.9,6.97,9.07
BX39,local,Bx,2026-W38,5,2,true,true,7.12,6.32,0.098,6.82,6.03,6.94,6.49,5.79,7.84,17,11.97,12.61,,7.81,6.91,8.76
BX39,local,Bx,2026-W39,5,2,true,true,7.11,6.28,0.1004,7.01,6.16,6.89,6.44,5.72,7.81,17,11.95,12.6,,8.16,7.24,8.92
BX39,local,Bx,2026-W40,5,2,true,false,7.17,6.32,0.0977,7.04,6.25,6.95,6.59,5.88,7.9,17,11.9,12.61,,7.99,7,9.44
BX39,local,Bx,2026-W41,5,0,true,false,7.11,6.3,0.099,6.99,6.22,6.95,6.39,5.64,7.78,17,12.17,12.61,26.8,,,
BX4,local,Bx,2026-W17,0,2,false,true,,,,,,,,,,,,,,7.65,6.57,3.77
BX4,local,Bx,2026-W18,5,2,false,false,6.52,5.43,0.1585,,,,5.57,4.62,,13,5.16,,,7.56,6.32,2.81
BX4,local,Bx,2026-W19,5,2,false,true,6.54,5.37,0.1709,,,,6.28,5.4,,12,5.13,,,7.35,6.21,3.54
BX4,local,Bx,2026-W20,5,2,false,true,6.43,5.5,0.1467,6.43,5.31,6.1,5.91,4.89,,15,5.34,,,7.29,6,3.98
BX4,local,Bx,2026-W21,5,2,false,false,6.58,5.55,0.1403,,,,6.03,5.03,,13,5.02,,,7.79,6.55,3.29
BX4,local,Bx,2026-W22,4,2,false,true,6.71,5.74,0.1242,6.46,5.5,6.33,5.89,5.13,,15,5.59,,,7.52,6.06,3.69
BX4,local,Bx,2026-W23,5,2,false,true,6.99,5.82,0.1589,,,,,,7.74,4,4.66,,,7.33,6.21,3.79
BX4,local,Bx,2026-W24,5,1,false,false,6.36,5.7,0.1166,,,,,,,2,5.33,,,7.9,6.07,2.59
BX4,local,Bx,2026-W25,3,2,false,false,7.62,5.98,0.1733,,,,,,,2,4.98,,,7.4,6.41,3.8
BX4,local,Bx,2026-W26,5,2,false,false,6.61,5.84,0.1197,,,,,,,1,5.57,,,7.34,5.97,3.64
BX4,local,Bx,2026-W27,3,2,true,true,6.76,5.95,0.1036,6.82,5.88,6.46,6.28,5.59,7.19,16,4.51,,,7.54,6.25,3.28
BX4,local,Bx,2026-W28,5,2,true,true,6.82,5.72,0.1334,7.11,5.84,6.08,6.61,5.72,7.57,16,5.3,,,7.25,5.65,2.66
BX4,local,Bx,2026-W29,5,2,true,true,6.82,5.7,0.1417,6.95,6,6.27,6.22,5.22,,16,5.2,,,7.43,6.19,3.27
BX4,local,Bx,2026-W30,5,2,true,true,6.78,5.86,0.1176,6.81,5.9,6.44,6.2,5.46,,16,5.35,,,7.3,6.13,3.59
BX4,local,Bx,2026-W31,5,2,true,true,6.79,5.82,0.1226,7.13,6.21,6.29,6.19,5.51,,16,5.17,,,7.3,6.04,3.83
BX4,local,Bx,2026-W32,5,2,false,true,6.76,5.63,0.1481,6.88,6,6.11,6.29,5.16,7.54,17,5.36,,,7.26,6.11,3.65
BX4,local,Bx,2026-W33,5,2,true,true,6.59,5.7,0.1288,6.91,5.99,6.19,6.35,5.49,6.87,17,5,,,7.36,6.05,3.76
BX4,local,Bx,2026-W34,5,2,true,true,6.77,5.68,0.1381,6.68,5.87,6.37,6.35,5.56,7.45,17,5.39,,,7.37,6.26,3.86
BX4,local,Bx,2026-W35,5,2,true,true,6.76,5.82,0.1224,6.74,5.93,6.28,6.57,5.73,7.52,17,5.36,,,7.07,5.92,3.73
BX4,local,Bx,2026-W36,5,2,true,true,6.7,5.76,0.1198,6.63,5.69,6.42,6.07,5.32,7.32,17,5.25,,,7.4,6.1,3.77
BX4,local,Bx,2026-W37,4,2,true,true,6.47,5.54,0.1235,6.51,5.61,5.99,5.68,4.78,7.36,17,5.49,5.48,,7.31,6.22,3.6
BX4,local,Bx,2026-W38,5,2,true,true,6.34,5.41,0.1323,6.12,5.35,6.12,5.55,4.67,7.12,17,5.74,5.48,,7.13,6.06,4.09
BX4,local,Bx,2026-W39,5,2,true,true,6.4,5.55,0.1184,6.1,5.34,6.19,5.62,4.78,7.23,17,5.48,5.48,,7.39,6.4,3.52
BX4,local,Bx,2026-W40,5,2,true,false,6.47,5.64,0.1148,6.21,5.41,6.36,5.79,5.06,7.13,17,5.58,5.48,,7.02,5.89,3.74
BX4,local,Bx,2026-W41,5,0,true,false,6.32,5.42,0.1319,6.18,5.34,5.97,5.39,4.55,7.31,17,5.01,5.48,26.7,,,
BX40,local,Bx,2026-W17,0,2,false,true,,,,,,,,,,,,,,8.42,7.36,4.2
BX40,local,Bx,2026-W18,5,2,false,false,7.22,6.34,0.101,,,,7.04,5.9,,13,8.02,,,7.72,6.59,4.67
BX40,local,Bx,2026-W19,5,2,false,true,6.82,5.98,0.1057,,,,6.08,5.16,,12,7.46,,,8.19,6.83,4.72
BX40,local,Bx,2026-W20,5,2,false,true,6.86,6.1,0.096,6.21,5.62,6.61,6.47,5.67,,15,7.5,,,7.92,6.55,4.73
BX40,local,Bx,2026-W21,5,2,false,false,7.3,6.27,0.1223,,,,6.62,5.74,,13,7.2,,,8.4,7.17,4.86
BX40,local,Bx,2026-W22,4,2,false,true,7.36,6.31,0.1217,7.17,6.32,7.11,6.76,5.72,,15,8.17,,,8.12,6.86,5.27
BX40,local,Bx,2026-W23,5,2,false,true,7.3,6.24,0.1311,,,,,,8.03,4,7.58,,,8.11,6.93,4.91
BX40,local,Bx,2026-W24,5,1,false,false,7.56,6.21,0.1491,,,,,,,2,7.12,,,7.69,6.56,5.3
BX40,local,Bx,2026-W25,3,2,false,false,7.88,6.76,0.1398,,,,,,,2,7.49,,,7.74,6.8,5.04
BX40,local,Bx,2026-W26,5,2,false,false,7.85,6.48,0.1521,,,,,,,1,7.24,,,8.07,7.15,5.38
BX40,local,Bx,2026-W27,3,2,true,true,7.22,6.42,0.0972,7.43,6.56,6.97,6.9,5.91,7.43,16,7.89,,,7.92,6.64,4.9
BX40,local,Bx,2026-W28,5,2,true,true,7.23,6.32,0.111,7.19,6.21,6.87,6.93,6.01,7.77,16,7.62,,,8.07,7.02,5.57
BX40,local,Bx,2026-W29,5,2,true,true,7.4,6.51,0.0978,7.44,6.62,7.08,6.86,5.9,,16,7.76,,,8.11,6.77,4.44
BX40,local,Bx,2026-W30,5,2,true,true,7.36,6.39,0.1133,7.42,6.34,7.08,7.05,6.07,,16,7.68,,,7.45,5.76,4.84
BX40,local,Bx,2026-W31,5,2,true,true,7.33,6.34,0.1085,7.49,6.52,7.02,6.96,6.07,,16,7.63,,,7.9,6.41,5.29
BX40,local,Bx,2026-W32,5,2,false,true,7.23,6.36,0.1052,6.99,6.26,6.97,6.88,5.9,7.66,17,7.36,,,8.1,6.82,4.71
BX40,local,Bx,2026-W33,5,2,true,true,7.23,6.17,0.1241,7.35,6.37,6.77,6.96,5.89,7.79,17,7.02,,,8.12,6.95,5.07
BX40,local,Bx,2026-W34,5,2,true,true,7.4,6.31,0.1295,7.34,6.32,7.18,6.71,5.68,7.96,17,7.48,,,7.76,6.79,5.56
BX40,local,Bx,2026-W35,5,2,true,true,7.42,6.52,0.1005,7.32,6.32,7.08,7.04,6.35,8.01,17,7.21,,,8.04,6.91,5.29
BX40,local,Bx,2026-W36,5,2,true,true,7.51,6.53,0.104,7.41,6.44,7.2,7.09,6.18,8.14,17,7.72,,,8.14,6.93,4.96
BX40,local,Bx,2026-W37,4,2,true,true,7.27,6.42,0.0953,7,6.14,6.91,6.77,5.92,8.03,17,8.04,8.31,,8.02,6.89,5.41
BX40,local,Bx,2026-W38,5,2,true,true,7.22,6.32,0.1022,6.77,5.91,6.82,6.62,5.8,8.33,17,8.25,8.34,,8.13,7.05,4.75
BX40,local,Bx,2026-W39,5,2,true,true,7.18,6.41,0.0884,6.81,6.04,6.82,6.7,5.98,8.13,17,8.16,8.33,,8.15,7.05,5.06
BX40,local,Bx,2026-W40,5,2,true,false,7.2,6.3,0.0995,6.81,6.07,6.93,6.62,5.72,8.02,17,8.26,8.34,,8.05,6.64,4.27
BX40,local,Bx,2026-W41,5,0,true,false,7.13,6.21,0.1078,6.92,6.19,6.84,6.3,5.41,7.95,17,7.87,8.34,28.5,,,
BX41,local,Bx,2026-W17,0,2,false,true,,,,,,,,,,,,,,8.61,7.69,5.65
BX41,local,Bx,2026-W18,5,2,false,false,7.41,6.64,0.0887,,,,7.05,6.17,,13,5.99,,,8.3,7.04,5.32
BX41,local,Bx,2026-W19,5,2,false,true,7.31,6.49,0.0881,,,,6.6,5.92,,12,6.44,,,8.67,7.11,6.38
BX41,local,Bx,2026-W20,5,2,false,true,7.09,6.09,0.1282,6.54,5.43,6.99,6.5,5.58,,15,6.8,,,8.45,6.83,6.09
BX41,local,Bx,2026-W21,5,2,false,false,7.67,6.5,0.1347,,,,6.89,5.9,,13,7.09,,,8.56,7.1,5.78
BX41,local,Bx,2026-W22,4,2,false,true,7.67,6.7,0.1149,7.44,6.48,7.56,6.87,5.83,,15,6.85,,,8.44,7.25,5.54
BX41,local,Bx,2026-W23,5,2,false,true,7.53,6.49,0.1111,,,,,,8.2,4,7.11,,,8.54,7.52,5.87
BX41,local,Bx,2026-W24,5,1,false,false,7.73,6.98,0.0897,,,,,,,2,7.69,,,8.11,7.17,4.38
BX41,local,Bx,2026-W25,3,2,false,false,7.59,6.67,0.0992,,,,,,,2,6.3,,,8.33,7.29,6.77
BX41,local,Bx,2026-W26,5,2,false,false,7.11,5.87,0.1265,,,,,,,1,6.48,,,8.3,6.92,6.28
BX41,local,Bx,2026-W27,3,2,true,true,7.65,6.83,0.0863,8.05,7.36,7.24,7.02,6.29,8.08,16,7.06,,,8.66,7.37,5.99
BX41,local,Bx,2026-W28,5,2,true,true,7.75,6.65,0.1253,7.79,6.93,7.39,7.17,5.99,8.34,16,6.45,,,8.56,7.43,5.26
BX41,local,Bx,2026-W29,5,2,true,true,7.58,6.72,0.1021,7.79,7.1,7.1,7.06,6.19,,16,6.42,,,8.47,7.54,5.75
BX41,local,Bx,2026-W30,5,2,true,true,7.77,6.92,0.0916,8.11,7.17,7.2,7.12,6.46,,16,6.12,,,8.14,7.06,5.48
BX41,local,Bx,2026-W31,5,2,true,true,7.69,6.9,0.0839,7.78,7.05,7.23,7.2,6.41,,16,6.32,,,8.44,7.46,6.31
BX41,local,Bx,2026-W32,5,2,false,true,7.57,6.67,0.1022,7.95,6.92,7.21,6.92,6.18,8.11,17,6.43,,,8.19,6.62,5.61
BX41,local,Bx,2026-W33,5,2,true,true,7.74,6.61,0.1274,8.03,6.79,7.33,6.83,5.78,8.41,17,6.96,,,8.2,6.74,6
BX41,local,Bx,2026-W34,5,2,true,true,7.76,7.02,0.0784,7.96,7.18,7.44,7.17,6.49,8.11,17,7.19,,,8.22,7.07,6.13
BX41,local,Bx,2026-W35,5,2,true,true,7.8,6.92,0.0972,7.77,7,7.57,7.13,6.51,8.09,17,6.63,,,8.34,7.16,6.05
BX41,local,Bx,2026-W36,5,2,true,true,7.76,6.94,0.0839,8.08,7.32,7.21,7.18,6.48,8.37,17,7.02,,,8.43,7.4,5.71
BX41,local,Bx,2026-W37,4,2,true,true,7.27,6.39,0.1072,7.37,6.4,6.74,6.56,5.55,8.14,17,7.18,7.16,,8.37,7.39,6.41
BX41,local,Bx,2026-W38,5,2,true,true,7.35,6.55,0.0928,6.8,5.95,7.22,6.9,6.11,7.99,17,6.98,7.18,,8.16,7.23,5.52
BX41,local,Bx,2026-W39,5,2,true,true,7.53,6.77,0.0772,7.19,6.4,7.36,6.96,6.24,8.23,17,7.01,7.18,,8.77,7.67,5.73
BX41,local,Bx,2026-W40,5,2,true,false,7.38,6.53,0.0923,6.9,6.09,6.87,7.01,6.29,8.47,17,7.1,7.18,,8.65,7.61,7.47
BX41,local,Bx,2026-W41,5,0,true,false,7.31,6.43,0.1002,7.06,6.28,6.99,6.66,5.79,8.12,17,7.15,7.18,29.6,,,
BX41+,sbs,Bx,2026-W17,0,2,false,true,,,,,,,,,,,,,,10.48,9.26,5.18
BX41+,sbs,Bx,2026-W18,5,2,false,false,8.65,7.52,0.1184,,,,8.63,7.63,,12,7.43,,,9.92,8.73,5.5
BX41+,sbs,Bx,2026-W19,5,2,false,true,8.67,7.64,0.0971,,,,8.14,7.32,,11,7.71,,,10.06,8.72,4.75
BX41+,sbs,Bx,2026-W20,5,2,false,true,8.64,7.55,0.1226,8.81,7.25,8.13,8.1,7.03,,14,7.33,,,9.99,8.6,4.99
BX41+,sbs,Bx,2026-W21,5,2,false,false,8.79,7.62,0.1153,,,,8.14,6.76,,12,7.82,,,10.1,8.77,4.85
BX41+,sbs,Bx,2026-W22,4,2,false,true,8.9,7.78,0.1094,8.62,7.61,8.66,8.13,7,,15,7.65,,,10,8.53,5.3
BX41+,sbs,Bx,2026-W23,5,2,false,true,8.86,7.4,0.129,,,,,,,3,6.23,,,9.79,8.41,4.89
BX41+,sbs,Bx,2026-W24,3,1,false,false,9.09,8.22,0.1081,,,,,,,1,7.17,,,10.74,9.34,4.57
BX41+,sbs,Bx,2026-W25,1,2,false,false,7.43,7.02,0.1027,,,,,,,1,6.25,,,10,8.86,5
BX41+,sbs,Bx,2026-W26,1,2,false,false,7.02,7.48,0.0048,,,,,,,1,7.32,,,11.06,8.81,5.41
BX41+,sbs,Bx,2026-W27,3,2,true,true,8.97,8.19,0.0801,10.01,8.93,8.43,8.78,7.94,8.78,16,7.47,,,10.87,9.51,4.93
BX41+,sbs,Bx,2026-W28,5,2,true,true,9.25,8.25,0.0876,9.65,8.69,8.56,8.91,7.94,9.89,16,8.37,,,10.09,8.79,5.22
BX41+,sbs,Bx,2026-W29,5,2,true,true,9.16,8.14,0.0945,9.44,8.43,8.45,8.67,7.6,,16,7.79,,,10.52,9.27,5.54
BX41+,sbs,Bx,2026-W30,5,2,true,true,9.31,8.36,0.0855,9.8,8.8,8.65,8.72,7.78,,16,7.6,,,9.76,8.54,5.14
BX41+,sbs,Bx,2026-W31,5,2,true,true,9.16,8.14,0.0916,9.5,8.5,8.7,8.95,8.04,,16,7.96,,,10.35,9.04,5.1
BX41+,sbs,Bx,2026-W32,5,2,false,true,9.07,7.96,0.1159,9.51,8.55,8.74,8.06,6.86,,16,7.45,,,10.03,8.51,5.31
BX41+,sbs,Bx,2026-W33,5,2,true,true,9.33,8.11,0.1103,9.8,8.62,8.62,8.94,7.83,9.97,17,7.92,,,10.2,8.88,5.03
BX41+,sbs,Bx,2026-W34,5,2,true,true,9.37,8.42,0.0872,9.89,8.84,8.86,9.01,8.11,,16,7.71,,,10.16,8.93,4.78
BX41+,sbs,Bx,2026-W35,5,2,true,true,9.19,8.23,0.0877,9.65,8.68,8.65,8.68,7.71,9.77,17,7.79,,,10.1,8.57,4.89
BX41+,sbs,Bx,2026-W36,5,2,true,true,9.52,8.42,0.0901,9.82,8.79,8.59,8.84,8,10.85,17,7.25,,,9.91,8.54,4.52
BX41+,sbs,Bx,2026-W37,4,2,true,true,8.46,7.38,0.1117,8.8,7.55,7.86,7.51,6.32,,16,6.97,7.92,,9.99,8.28,4.49
BX41+,sbs,Bx,2026-W38,5,2,true,true,8.59,7.52,0.1099,8.32,7.05,8.21,8.26,7.18,9.2,17,7.65,7.92,,9.91,8.79,5.6
BX41+,sbs,Bx,2026-W39,5,2,true,true,8.63,7.78,0.0908,8.76,7.65,8.18,8.09,7.18,9.21,17,7.35,7.92,,10.06,8.73,4.37
BX41+,sbs,Bx,2026-W40,5,2,true,false,8.75,7.66,0.1105,8.26,7.22,8.06,8.48,7.49,9.94,17,7.39,7.92,,9.65,8.42,5.88
BX41+,sbs,Bx,2026-W41,5,0,true,false,8.58,7.44,0.1045,8.74,7.6,8.17,7.58,6.67,9.49,17,7.14,7.92,27.9,,,
BX42,local,Bx,2026-W17,0,2,false,true,,,,,,,,,,,,,,8.53,7.03,5.08
BX42,local,Bx,2026-W18,5,2,false,false,7.11,6.27,0.0969,,,,6.78,5.76,,13,7.72,,,7.5,6.6,5.12
BX42,local,Bx,2026-W19,5,2,false,true,6.87,6.04,0.107,,,,6.14,5.57,,12,8.44,,,7.64,6.49,4.94
BX42,local,Bx,2026-W20,5,2,false,true,6.59,5.67,0.1275,5.83,5.21,6.18,6.6,5.53,,15,7.26,,,7.88,6.56,5.14
BX42,local,Bx,2026-W21,5,2,false,false,7.57,6.66,0.098,,,,6.56,5.9,,13,7.09,,,8.29,7.19,5.56
BX42,local,Bx,2026-W22,4,2,false,true,7.23,6.23,0.1177,6.91,5.96,6.95,6.65,5.59,,15,8.34,,,7.89,6.73,5.7
BX42,local,Bx,2026-W23,5,2,false,true,6.84,5.71,0.1341,,,,,,7.75,4,8.05,,,7.57,6.47,6.05
BX42,local,Bx,2026-W24,5,1,false,false,6.82,5.72,0.1419,,,,,,,2,8.14,,,8.82,7.78,5.2
BX42,local,Bx,2026-W25,3,2,false,false,6.66,5.2,0.2088,,,,,,,2,7.57,,,7.63,6.65,5.08
BX42,local,Bx,2026-W26,5,2,false,false,6.53,5.71,0.1326,,,,,,,1,7.3,,,7.5,6.6,4.8
BX42,local,Bx,2026-W27,3,2,true,true,7.25,6.4,0.0953,7.08,6.23,6.7,6.88,5.9,8.29,16,8.02,,,7.79,6.74,4.6
BX42,local,Bx,2026-W28,5,2,true,true,7.44,6.48,0.1061,7.32,6.33,7,6.79,5.97,8.48,16,8.12,,,7.59,6.64,5.98
BX42,local,Bx,2026-W29,5,2,true,true,7.4,6.4,0.1071,7.28,6.21,7.14,6.66,5.81,,16,8.18,,,8.32,6.99,5.23
BX42,local,Bx,2026-W30,5,2,true,true,7.42,6.51,0.1008,7.57,6.61,7.08,6.71,5.8,,16,8.13,,,7.55,6.64,5.43
BX42,local,Bx,2026-W31,5,2,true,true,7.31,6.33,0.106,7.58,6.46,6.74,7,6.25,,16,7.85,,,7.8,6.75,5.74
BX42,local,Bx,2026-W32,5,2,false,true,7.36,6.23,0.1354,7.38,6.26,7.07,6.6,5.62,8.17,17,7.47,,,7.81,6.62,5.07
BX42,local,Bx,2026-W33,5,2,true,true,7.31,6.32,0.1152,7.31,6.47,6.93,6.72,5.82,8.12,17,8.2,,,8.01,7.05,5.69
BX42,local,Bx,2026-W34,5,2,true,true,7.42,6.47,0.1066,7.42,6.41,6.93,6.94,6.12,8.25,17,8.02,,,7.87,6.81,5.17
BX42,local,Bx,2026-W35,5,2,true,true,7.27,6.25,0.1225,7.1,6.12,6.88,6.82,5.79,8.11,17,8.3,,,8.05,6.92,5.34
BX42,local,Bx,2026-W36,5,2,true,true,7.36,6.48,0.0909,7.46,6.38,7.01,6.78,6.09,8.05,17,7.51,,,8.28,7.12,5.06
BX42,local,Bx,2026-W37,4,2,true,true,7.07,6.24,0.0948,6.78,5.88,6.75,6.43,5.59,8.03,17,8.11,8.46,,8.03,7.04,5.4
BX42,local,Bx,2026-W38,5,2,true,true,7.06,6.18,0.1041,6.8,6.02,6.77,6.45,5.66,8.03,17,8.48,8.48,,7.93,6.82,5.32
BX42,local,Bx,2026-W39,5,2,true,true,7.14,6.33,0.0902,6.96,6.09,6.78,6.49,5.83,8.14,17,8.55,8.47,,8.13,6.92,5.23
BX42,local,Bx,2026-W40,5,2,true,false,7.04,6.24,0.0962,6.73,6.03,6.7,6.37,5.67,8.01,17,8.39,8.48,,7.88,7.02,5.17
BX42,local,Bx,2026-W41,5,0,true,false,7.06,6.21,0.0987,6.7,6.01,6.83,6.24,5.41,7.97,17,8.49,8.48,27.3,,,
BX46,local,Bx,2026-W17,0,2,false,true,,,,,,,,,,,,,,11.56,10.45,1.12
BX46,local,Bx,2026-W18,5,2,false,false,9.56,7.2,0.2219,,,,,,,11,0.78,,,11.35,8.94,0.79
BX46,local,Bx,2026-W19,5,2,false,true,11.23,8.25,0.2379,,,,,,,11,0.71,,,8.35,6.9,0.37
BX46,local,Bx,2026-W20,5,2,false,true,10.05,7.64,0.2348,9.17,5.95,10.09,10.1,8.12,,15,0.97,,,10.16,7.85,0.61
BX46,local,Bx,2026-W21,5,2,false,false,8.56,7.34,0.1424,,,,8.36,7.54,,12,0.98,,,10.8,9.13,0.62
BX46,local,Bx,2026-W22,4,2,false,true,10.75,9.03,0.1625,10.5,8.54,10.68,10.74,8.58,,15,1.15,,,11.4,9.39,0.69
BX46,local,Bx,2026-W23,5,2,false,true,10.94,7.68,0.2304,,,,,,,3,0.48,,,11.07,9.61,0.48
BX46,local,Bx,2026-W24,5,1,false,false,11.23,7.85,0.2737,,,,,,,2,1.2,,,13.3,11.97,0.99
BX46,local,Bx,2026-W25,3,2,false,false,9.37,5.82,0.3481,,,,,,,2,0.96,,,9.39,7.3,0.85
BX46,local,Bx,2026-W26,5,1,false,false,13.69,8.77,0.3444,,,,,,,1,0.54,,,9.8,9.52,0.7
BX46,local,Bx,2026-W27,3,2,true,true,9.37,7.21,0.2118,9.04,7.53,8.32,9.46,6.35,11.4,16,1.07,,,9.28,7.18,0.78
BX46,local,Bx,2026-W28,5,2,true,true,9.77,7.25,0.2277,8.98,7.89,9.9,9.36,6.81,10.43,16,1.06,,,9.45,6.75,0.72
BX46,local,Bx,2026-W29,5,2,true,true,9.89,6.37,0.3289,10.41,5.44,9.85,8.59,7.93,,16,1.22,,,8.92,8.08,1.1
BX46,local,Bx,2026-W30,5,2,true,true,11.32,6.69,0.3662,10.28,4.17,12.42,10.16,9.05,,16,1.14,,,10.13,9.57,1.1
BX46,local,Bx,2026-W31,5,2,true,true,10.15,6.8,0.3087,10.31,6.89,9.88,10.53,9.21,,16,1.13,,,10.96,9.62,1.13
BX46,local,Bx,2026-W32,5,2,false,true,9.98,8.38,0.1395,8.06,6.73,9.56,9.73,8.51,11.97,17,1.01,,,8.17,5.85,0.37
BX46,local,Bx,2026-W33,5,2,true,true,9.39,8.33,0.0932,8.8,8.05,8.76,9.44,8.31,10.84,17,1.12,,,8.56,5.25,0.57
BX46,local,Bx,2026-W34,5,2,true,true,10.4,6.31,0.3738,9.15,5.85,9.66,12.6,6.68,10.26,17,0.59,,,10.09,5.13,0.47
BX46,local,Bx,2026-W35,5,2,true,true,8.85,5.7,0.35,8.07,5.28,8,9.01,4.05,10.85,17,0.64,,,10.01,7.83,0.77
BX46,local,Bx,2026-W36,5,2,true,true,10.65,7.99,0.1983,10.43,7.35,11.66,10.51,9.11,9.74,17,0.76,,,9.42,7.07,0.87
BX46,local,Bx,2026-W37,4,2,true,true,9.64,6.45,0.2912,9.16,7.34,10.25,8.66,5.05,10.11,17,0.68,1.15,,9.68,7.56,0.72
BX46,local,Bx,2026-W38,5,2,true,true,10.29,6.79,0.3107,9.77,6.92,11.5,7.4,5.19,10.75,17,0.56,1.15,,10.33,7.68,0.63
BX46,local,Bx,2026-W39,5,2,true,true,10.36,8.21,0.1935,8.55,6.73,10.26,10.25,7.39,12.06,17,0.49,1.15,,9.69,6.62,0.58
BX46,local,Bx,2026-W40,5,2,true,false,10.2,8.01,0.1956,10.22,6.99,10.15,9.07,7.73,11.1,17,0.8,1.15,,11.32,8.34,0.99
BX46,local,Bx,2026-W41,5,0,true,false,11.51,10.38,0.078,10.38,9.83,11.42,11.35,10.59,12.91,17,1.42,1.15,4.4,,,
BX4A,local,Bx,2026-W17,0,2,false,true,,,,,,,,,,,,,,6.99,5.98,2.61
BX4A,local,Bx,2026-W18,5,2,false,false,6.21,5.38,0.1112,,,,5.94,5.1,,13,3.62,,,6.88,5.94,2.39
BX4A,local,Bx,2026-W19,5,2,false,true,5.95,5.05,0.1277,,,,5.33,4.7,,12,4.12,,,7.17,6.24,2.29
BX4A,local,Bx,2026-W20,5,2,false,true,6.21,5.52,0.0971,6.18,5.77,5.96,5.51,4.92,,15,4.03,,,6.67,5.38,2.64
BX4A,local,Bx,2026-W21,5,2,false,false,6.26,5.51,0.1073,,,,5.65,4.9,,13,3.86,,,7.67,6.34,2.35
BX4A,local,Bx,2026-W22,4,2,false,true,6.14,5.29,0.1246,6.34,5.57,5.84,5.51,4.85,,15,4.3,,,7.25,5.76,2.64
BX4A,local,Bx,2026-W23,5,2,false,true,5.86,4.86,0.162,,,,,,6.55,4,3.16,,,6.96,5.73,2.72
BX4A,local,Bx,2026-W24,5,1,false,false,6.28,5.23,0.1225,,,,,,,2,3.72,,,7.31,6.5,1.89
BX4A,local,Bx,2026-W25,3,2,false,false,5.97,5.31,0.1012,,,,,,,2,3.81,,,6.73,5.81,2.51
BX4A,local,Bx,2026-W26,5,2,false,false,5.74,5.24,0.0856,,,,,,,1,4.08,,,6.88,4.97,1.89
BX4A,local,Bx,2026-W27,3,2,true,true,6.18,5.39,0.109,6.59,5.78,5.74,5.72,5.14,6.66,16,4.08,,,7.25,5.92,2.25
BX4A,local,Bx,2026-W28,5,2,true,true,6.4,5.43,0.1268,6.11,5.16,6.26,6.07,5.14,6.86,16,4,,,6.82,5.73,2.07
BX4A,local,Bx,2026-W29,5,2,true,true,6.3,5.4,0.1226,6.43,5.66,6.21,5.81,5.08,,16,3.59,,,7,6.19,2.18
BX4A,local,Bx,2026-W30,5,2,true,true,6.34,5.51,0.1096,6.14,5.38,6.08,5.83,5.14,,16,3.92,,,6.93,6,2.59
BX4A,local,Bx,2026-W31,5,2,true,true,6.44,5.7,0.0989,6.53,5.78,5.97,6.02,5.39,,16,3.69,,,6.94,6.01,2.59
BX4A,local,Bx,2026-W32,5,2,false,true,6.21,5.44,0.1066,6.52,5.76,5.87,5.81,4.99,6.93,17,3.85,,,6.97,5.86,2.37
BX4A,local,Bx,2026-W33,5,2,true,true,6.61,5.52,0.1339,6.63,5.64,6,5.84,5.05,7.97,17,4.14,,,7.1,6.15,2.81
BX4A,local,Bx,2026-W34,5,2,true,true,6.47,5.68,0.1044,6.47,5.49,6.23,5.79,5.12,7.03,17,3.93,,,6.86,6.07,2.59
BX4A,local,Bx,2026-W35,5,2,true,true,6.46,5.75,0.0932,6.38,5.66,6.02,6.1,5.48,7.19,17,3.85,,,6.86,5.78,2.8
BX4A,local,Bx,2026-W36,5,2,true,true,6.49,5.62,0.107,6.43,5.59,5.96,5.8,5.09,7.62,17,3.92,,,6.89,5.91,2.68
BX4A,local,Bx,2026-W37,4,2,true,true,6.12,5.38,0.1021,6.21,5.51,5.9,5.42,4.73,6.73,17,3.7,4.19,,6.62,5.73,2.48
BX4A,local,Bx,2026-W38,5,2,true,true,6.17,5.38,0.1033,5.94,5.19,5.69,5.47,4.83,7.37,17,4.11,4.19,,6.99,6.17,2.86
BX4A,local,Bx,2026-W39,5,2,true,true,6.16,5.42,0.0959,6.21,5.54,5.83,5.62,5,6.79,17,4.11,4.19,,7.08,6.16,2.54
BX4A,local,Bx,2026-W40,5,2,true,false,6.13,5.31,0.1116,5.94,5.21,5.88,5.59,4.93,6.95,17,4.33,4.19,,6.58,5.7,2.87
BX4A,local,Bx,2026-W41,5,0,true,false,6.16,5.35,0.1138,6.12,5.31,5.95,5.62,4.94,6.71,17,4.02,4.19,16.4,,,
BX5,local,Bx,2026-W17,0,2,false,true,,,,,,,,,,,,,,10.66,9.12,6.08
BX5,local,Bx,2026-W18,5,2,false,false,8.55,7.54,0.1094,,,,7.9,6.87,,13,6.66,,,10.39,9.31,6.17
BX5,local,Bx,2026-W19,5,2,false,true,8.3,7.21,0.1404,,,,7.62,6.76,,12,6.58,,,10.82,9.77,6.63
BX5,local,Bx,2026-W20,5,2,false,true,8.12,7.09,0.1112,7.94,6.74,7.81,6.97,6.2,,15,6.95,,,10.36,8.65,6.26
BX5,local,Bx,2026-W21,5,2,false,false,8.59,7.37,0.117,,,,7.12,6.08,,13,7.41,,,11.22,9.95,5.82
BX5,local,Bx,2026-W22,4,2,false,true,8.54,7.11,0.1472,8.6,7.38,8.13,7.25,6.23,,15,6.8,,,10.66,8.74,6.87
BX5,local,Bx,2026-W23,5,2,false,true,7.97,6.81,0.1255,,,,,,9.47,4,6.32,,,10.19,8.77,6.56
BX5,local,Bx,2026-W24,5,1,false,false,8.39,7.65,0.0878,,,,,,,2,7.73,,,10.23,8.99,4.01
BX5,local,Bx,2026-W25,3,2,false,false,6.85,6.77,0.072,,,,,,,2,6.04,,,10.82,9.42,7.12
BX5,local,Bx,2026-W26,5,2,false,false,8.3,7.29,0.1188,,,,,,,1,7.05,,,11.28,9.71,6.12
BX5,local,Bx,2026-W27,3,2,true,true,8.52,7.51,0.1058,8.89,7.55,7.65,7.82,6.84,9.89,16,7.52,,,11.08,9.9,5.78
BX5,local,Bx,2026-W28,5,2,true,true,8.97,8.07,0.0867,8.69,7.81,8.73,7.88,6.95,10.15,16,7.7,,,11.02,9.72,6.82
BX5,local,Bx,2026-W29,5,2,true,true,8.74,7.74,0.0959,8.6,7.81,7.93,7.87,7.06,,16,6.79,,,10.85,9.86,5.43
BX5,local,Bx,2026-W30,5,2,true,true,8.96,8,0.0911,9.03,8.11,8.52,7.27,6.59,,16,7.07,,,10.51,8.71,6.08
BX5,local,Bx,2026-W31,5,2,true,true,8.57,7.44,0.125,8.64,7.86,8.24,7.69,6.63,,16,6.85,,,10.72,9.54,6.39
BX5,local,Bx,2026-W32,5,2,false,true,9.04,8.08,0.0849,9.21,8.5,8.37,7.26,6.57,10.98,17,7.06,,,10.7,9.52,5.92
BX5,local,Bx,2026-W33,5,2,true,true,8.93,7.49,0.1455,8.64,7.56,8.24,7.62,6.41,10.9,17,7.81,,,10.44,9.48,6.6
BX5,local,Bx,2026-W34,5,2,true,true,8.82,7.94,0.0883,9.18,8.43,8.07,7.6,6.72,10.26,17,7.58,,,10.57,9.33,6.22
BX5,local,Bx,2026-W35,5,2,true,true,8.93,7.93,0.0926,9.09,8.1,8.22,8.13,7.26,10.24,17,7.31,,,10.45,9.25,6.94
BX5,local,Bx,2026-W36,5,2,true,true,9.07,8.07,0.0915,8.91,7.9,8.25,7.84,6.99,11.03,17,7.48,,,10.3,9.13,5.81
BX5,local,Bx,2026-W37,4,2,true,true,8.44,7.43,0.0966,8.35,7.44,7.88,7.5,6.42,10,17,7.38,7.77,,10.45,9.37,6.87
BX5,local,Bx,2026-W38,5,2,true,true,8.7,7.7,0.0992,8.25,7.46,8.41,7.45,6.54,10.31,17,7.44,7.77,,10.42,9.49,6.43
BX5,local,Bx,2026-W39,5,2,true,true,8.57,7.77,0.0759,8.21,7.53,8.12,7.66,6.81,10.03,17,7.53,7.77,,11.01,10.07,6.54
BX5,local,Bx,2026-W40,5,2,true,false,8.62,7.74,0.0859,8.18,7.46,8.17,7.44,6.4,10.32,17,7.86,7.77,,10.94,10.06,6.55
BX5,local,Bx,2026-W41,5,0,true,false,8.39,7.52,0.0869,7.92,7.08,8.02,6.84,5.99,10.16,17,8.16,7.77,23,,,
BX6,local,Bx,2026-W17,0,2,false,true,,,,,,,,,,,,,,8.28,6.57,6.33
BX6,local,Bx,2026-W18,5,2,false,false,6.83,5.85,0.1294,,,,6.87,5.87,,13,9.07,,,8.08,6.91,5.68
BX6,local,Bx,2026-W19,5,2,false,true,6.75,5.7,0.1411,,,,6.15,5.5,,12,8.48,,,8.15,6.91,6.21
BX6,local,Bx,2026-W20,5,2,false,true,6.53,5.48,0.1491,6.67,5.85,5.83,5.89,4.96,,15,8.78,,,8.16,6.81,6.18
BX6,local,Bx,2026-W21,5,2,false,false,6.75,5.65,0.1504,,,,6.08,4.82,,13,8.82,,,8.13,6.6,6.79
BX6,local,Bx,2026-W22,4,2,false,true,6.75,5.57,0.1534,6.32,5.23,6.6,5.9,4.94,,15,9.35,,,8.28,6.66,6.89
BX6,local,Bx,2026-W23,5,2,false,true,6.81,5.49,0.1659,,,,,,7.55,4,8.92,,,7.87,6.29,7.02
BX6,local,Bx,2026-W24,5,1,false,false,7.39,6.27,0.1276,,,,,,,2,8.99,,,8.66,7.16,5.43
BX6,local,Bx,2026-W25,3,2,false,false,6.33,4.66,0.2197,,,,,,,2,8.79,,,7.79,6.65,6.57
BX6,local,Bx,2026-W26,5,2,false,false,6.26,5.54,0.1145,,,,,,,1,8.98,,,8.27,6.9,6.86
BX6,local,Bx,2026-W27,3,2,true,true,6.88,5.82,0.1316,6.96,5.9,6.31,6.68,5.66,7.59,16,9.11,,,8.32,6.95,6.66
BX6,local,Bx,2026-W28,5,2,true,true,6.8,5.66,0.1495,6.85,5.84,6.44,6.21,5.03,7.52,16,8.79,,,7.71,5.86,6.74
BX6,local,Bx,2026-W29,5,2,true,true,7,5.94,0.1278,7.32,6.3,6.54,6.37,5.29,,16,9.12,,,7.93,6.76,6.56
BX6,local,Bx,2026-W30,5,2,true,true,6.96,5.87,0.1337,6.94,5.9,6.48,6.44,5.39,,16,9.13,,,7.56,6.41,6.66
BX6,local,Bx,2026-W31,5,2,true,true,6.79,5.78,0.1288,6.81,5.81,6.46,6.27,5.31,,16,9.55,,,7.8,6.37,6.69
BX6,local,Bx,2026-W32,5,2,false,true,7.06,5.93,0.1349,6.74,5.81,6.85,6.33,5.36,7.99,17,8.88,,,7.84,6.42,6.19
BX6,local,Bx,2026-W33,5,2,true,true,6.99,5.84,0.138,7.09,5.94,6.53,6.16,4.98,7.89,17,9.13,,,8.02,6.8,6.53
BX6,local,Bx,2026-W34,5,2,true,true,7.05,6.01,0.1239,7.25,6.24,6.7,6.49,5.4,7.57,17,9.02,,,7.75,6.55,6.31
BX6,local,Bx,2026-W35,5,2,true,true,7,5.9,0.1301,7.18,6.23,7.02,6.27,5.34,7.25,17,9.05,,,7.72,6.47,6.21
BX6,local,Bx,2026-W36,5,2,true,true,6.93,5.75,0.138,7.17,6.15,6.59,6.15,5.09,7.61,17,9.24,,,7.8,6.42,7.09
BX6,local,Bx,2026-W37,4,2,true,true,6.55,5.49,0.1362,6.8,5.76,6.38,5.63,4.54,7.04,17,9.52,9.71,,7.66,6.41,6.72
BX6,local,Bx,2026-W38,5,2,true,true,6.86,5.79,0.13,6.79,5.74,6.65,5.87,4.78,7.81,17,9.54,9.71,,7.7,6.48,7.06
BX6,local,Bx,2026-W39,5,2,true,true,6.86,5.83,0.1221,6.69,5.78,6.64,6.22,5.29,7.58,17,9.48,9.71,,8.08,6.94,6.55
BX6,local,Bx,2026-W40,5,2,true,false,6.85,5.84,0.1217,6.66,5.76,6.82,6.28,5.31,7.28,17,9.18,9.71,,7.73,6.29,6.23
BX6,local,Bx,2026-W41,5,0,true,false,6.75,5.68,0.134,6.68,5.59,6.52,5.99,5.01,7.41,17,9.81,9.71,24.9,,,
BX6+,sbs,Bx,2026-W17,0,2,false,true,,,,,,,,,,,,,,8.72,7.2,5.89
BX6+,sbs,Bx,2026-W18,5,2,false,false,7.96,6.67,0.1481,,,,7.33,5.97,,13,7.35,,,8.72,6.96,6.26
BX6+,sbs,Bx,2026-W19,5,2,false,true,7.02,5.89,0.1416,,,,6.56,5.45,,12,7.48,,,8.76,7.45,5.75
BX6+,sbs,Bx,2026-W20,5,2,false,true,7.06,5.76,0.1671,7.03,5.62,6.64,6.64,5.36,,14,8.45,,,8.51,7.04,5.82
BX6+,sbs,Bx,2026-W21,5,2,false,false,7.21,5.96,0.1571,,,,6.1,5.07,,12,8.29,,,8.69,7.45,5.54
BX6+,sbs,Bx,2026-W22,4,2,false,true,7.33,6.05,0.1526,7.02,5.8,7.17,6.8,5.56,,14,7.74,,,8.9,7.54,6.22
BX6+,sbs,Bx,2026-W23,5,2,false,true,7.59,6.11,0.1687,,,,,,8.2,4,7.7,,,8.19,6.86,6
BX6+,sbs,Bx,2026-W24,3,1,false,false,8.4,7.49,0.0869,,,,,,,1,7.49,,,8.88,7.21,5.83
BX6+,sbs,Bx,2026-W25,1,2,false,false,6.35,5.16,0.1207,,,,,,,2,7.63,,,8.33,7.27,5.47
BX6+,sbs,Bx,2026-W26,0,2,false,false,,,,,,,,,,,,,,8.45,7.37,5.66
BX6+,sbs,Bx,2026-W27,3,2,true,true,7.48,6.28,0.1447,7.9,6.74,7.11,6.84,5.86,7.92,16,8.66,,,8.68,7.54,6.16
BX6+,sbs,Bx,2026-W28,5,2,true,true,7.67,6.38,0.1443,7.39,6.36,7.39,7.33,6.26,8.27,16,8.43,,,8.48,6.92,5.04
BX6+,sbs,Bx,2026-W29,5,2,true,true,7.63,6.43,0.1307,7.78,6.77,7.39,7.08,5.94,,16,7.93,,,8.68,7.45,5.71
BX6+,sbs,Bx,2026-W30,5,2,true,true,7.69,6.27,0.1648,8.11,6.78,7.31,7,5.86,,16,7.94,,,8.33,7.05,5.78
BX6+,sbs,Bx,2026-W31,5,2,true,true,7.55,6.24,0.1472,7.75,6.45,6.89,7.12,5.99,,16,8.18,,,8.49,7.3,5.38
BX6+,sbs,Bx,2026-W32,5,2,false,true,7.56,6.34,0.1381,7.92,6.72,7.29,6.87,5.91,,16,7.37,,,8.75,6.99,5.58
BX6+,sbs,Bx,2026-W33,5,2,true,true,7.53,6.27,0.1427,7.67,6.36,7.19,6.97,5.74,,16,8.27,,,8.59,7.23,5.66
BX6+,sbs,Bx,2026-W34,5,2,true,true,7.77,6.56,0.131,7.71,6.56,7.53,7.12,5.97,,16,7.86,,,8.46,7.15,5.86
BX6+,sbs,Bx,2026-W35,5,2,true,true,7.86,6.64,0.1332,7.84,6.62,7.85,7.1,6.05,8.26,17,7.76,,,8.47,7,6.29
BX6+,sbs,Bx,2026-W36,5,2,true,true,7.78,6.47,0.1426,7.98,6.7,7.44,6.92,5.87,8.54,17,8.25,,,8.8,7.44,6.35
BX6+,sbs,Bx,2026-W37,4,2,true,true,7.12,5.92,0.1408,7.54,6.29,6.9,6.17,4.94,7.54,17,8.26,8.48,,8.55,7.18,6.27
BX6+,sbs,Bx,2026-W38,5,2,true,true,7.52,6.31,0.1342,7.23,6.03,7.35,6.54,5.32,8.47,17,7.67,8.48,,8.61,7.11,5.17
BX6+,sbs,Bx,2026-W39,5,2,true,true,7.41,6.27,0.1272,7.58,6.45,7.15,6.83,5.72,7.84,17,7.85,8.48,,9.04,7.76,5.86
BX6+,sbs,Bx,2026-W40,5,2,true,false,7.39,6.2,0.1373,7,5.96,7.43,6.63,5.64,8,17,8.13,8.48,,8.89,7.79,6.49
BX6+,sbs,Bx,2026-W41,5,0,true,false,7.47,6.3,0.1303,7.38,6.37,7.2,6.74,5.6,8.29,17,8.39,8.48,24.2,,,
BX7,local,Bx,2026-W17,0,2,false,true,,,,,,,,,,,,,,8.04,7.11,8.58
BX7,local,Bx,2026-W18,5,2,false,false,7.5,6.77,0.0873,,,,6.72,6.09,,13,11.09,,,7.94,7.15,8.28
BX7,local,Bx,2026-W19,5,2,false,true,7.31,6.52,0.0913,,,,6.87,6.12,,12,11.41,,,8.09,7.25,8.2
BX7,local,Bx,2026-W20,5,2,false,true,7.14,6.4,0.0899,6.57,5.93,6.89,6.35,5.63,,15,10.95,,,7.95,7.02,8.45
BX7,local,Bx,2026-W21,5,2,false,false,7.45,6.52,0.1094,,,,6.72,6.03,,13,11.38,,,8.31,7.55,8.16
BX7,local,Bx,2026-W22,4,2,false,true,7.49,6.68,0.0924,7.66,6.88,6.93,6.76,5.94,,15,11.64,,,7.98,6.82,8.44
BX7,local,Bx,2026-W23,5,2,false,true,7.06,6.19,0.095,,,,,,8.01,4,11.18,,,8.03,7.2,9.14
BX7,local,Bx,2026-W24,5,1,false,false,7.26,6.73,0.0791,,,,,,,2,11.01,,,8.92,8.26,6.62
BX7,local,Bx,2026-W25,3,2,false,false,6.8,6.17,0.0789,,,,,,,2,11.17,,,8.32,7.38,8.74
BX7,local,Bx,2026-W26,5,2,false,false,7.14,6.75,0.0619,,,,,,,1,10.62,,,8.21,7.11,8.45
BX7,local,Bx,2026-W27,3,2,true,true,7.68,6.9,0.0798,7.84,7.25,7.05,7.01,6.33,8.6,16,10.63,,,8.26,7.32,8.56
BX7,local,Bx,2026-W28,5,2,true,true,7.69,6.82,0.0934,7.77,6.91,7.14,6.89,6.12,8.61,16,11.09,,,8.07,7.19,8.41
BX7,local,Bx,2026-W29,5,2,true,true,7.57,6.59,0.1186,7.54,6.71,7.2,6.88,5.95,,16,10.94,,,7.91,7.08,8.71
BX7,local,Bx,2026-W30,5,2,true,true,7.45,6.7,0.0863,7.31,6.76,7.07,6.64,5.93,,16,10.85,,,7.72,6.94,8.62
BX7,local,Bx,2026-W31,5,2,true,true,7.47,6.75,0.0786,7.45,6.91,6.81,6.9,6.21,,16,11.02,,,8.16,7.08,6.04
BX7,local,Bx,2026-W32,5,2,false,true,7.37,6.62,0.0838,7.58,7.03,6.93,6.63,5.83,7.87,17,10.83,,,7.91,6.61,6.82
BX7,local,Bx,2026-W33,5,2,true,true,7.57,6.85,0.0808,7.7,7,7.06,6.86,6.1,8.46,17,10.94,,,8.29,7.31,6.96
BX7,local,Bx,2026-W34,5,2,true,true,7.55,6.87,0.0756,7.63,7.06,6.93,6.98,6.34,8.42,17,10.83,,,8.17,7.4,8.83
BX7,local,Bx,2026-W35,5,2,true,true,7.54,6.81,0.081,7.71,6.92,6.86,6.67,6.04,8.61,17,10.98,,,8.14,7.26,8.96
BX7,local,Bx,2026-W36,5,2,true,true,7.34,6.59,0.0829,7.25,6.56,6.74,6.46,5.82,8.49,17,11.34,,,8.03,7.11,9
BX7,local,Bx,2026-W37,4,2,true,true,7.19,6.45,0.0856,7.27,6.73,6.5,6.49,5.73,8.25,17,10.93,11.11,,8.06,7.35,8.74
BX7,local,Bx,2026-W38,5,2,true,true,7.25,6.57,0.0833,7.08,6.52,6.7,6.42,5.82,8.42,17,11.43,11.11,,8.19,7.33,8.73
BX7,local,Bx,2026-W39,5,2,true,true,7.36,6.72,0.0678,7.12,6.56,6.84,6.5,5.89,8.5,17,11.26,11.11,,8.48,7.72,8.16
BX7,local,Bx,2026-W40,5,2,true,false,7.33,6.59,0.0885,7.07,6.48,6.88,6.64,6.06,8.32,17,11.29,11.11,,7.91,7.21,8.88
BX7,local,Bx,2026-W41,5,0,true,false,7.24,6.39,0.1014,7.02,6.25,6.76,6.24,5.46,8.45,17,11.5,11.11,19.3,,,
BX8,local,Bx,2026-W17,0,2,false,true,,,,,,,,,,,,,,10.1,8.84,3.79
BX8,local,Bx,2026-W18,5,2,false,false,8.7,7.74,0.0905,,,,8.09,7.16,,13,9.04,,,9.11,8.1,3.57
BX8,local,Bx,2026-W19,5,2,false,true,8.49,7.54,0.0931,,,,7.73,6.97,,12,8.42,,,9.12,8.02,3.57
BX8,local,Bx,2026-W20,5,2,false,true,8.5,7.36,0.1123,7.72,6.32,8.18,7.9,7.16,,15,9.45,,,9.07,7.91,3.09
BX8,local,Bx,2026-W21,5,2,false,false,8.52,7.39,0.1143,,,,8.12,7.03,,13,9.13,,,9.98,8.74,3.66
BX8,local,Bx,2026-W22,4,2,false,true,8.53,7.37,0.1154,8.35,6.97,8.17,7.79,6.91,,15,9.28,,,9.04,7.95,3.61
BX8,local,Bx,2026-W23,5,2,false,true,8.9,8.08,0.098,,,,,,9.97,4,8.55,,,9.2,8.06,3.78
BX8,local,Bx,2026-W24,5,1,false,false,7.91,6.97,0.0889,,,,,,,2,9.04,,,9.74,8.31,3.09
BX8,local,Bx,2026-W25,3,2,false,false,9.5,8.69,0.0652,,,,,,,2,9.22,,,9.48,8.78,3.64
BX8,local,Bx,2026-W26,5,2,false,false,8.94,8.53,0.0737,,,,,,,1,9.27,,,9.38,8.33,4.09
BX8,local,Bx,2026-W27,3,2,true,true,8.54,7.51,0.1036,8.3,7.4,8.16,8.12,7.3,9.48,16,9.14,,,9.24,7.96,3.43
BX8,local,Bx,2026-W28,5,2,true,true,8.65,7.41,0.1205,8.25,7.05,8.47,8.16,7.33,9.45,16,9.79,,,9,7.22,3.15
BX8,local,Bx,2026-W29,5,2,true,true,8.49,7.49,0.0985,7.97,6.85,8.14,8.06,7.23,,16,9.73,,,9.33,8.18,3.47
BX8,local,Bx,2026-W30,5,2,true,true,8.46,7.33,0.1158,8.11,6.94,8.09,7.93,6.9,,16,9.61,,,9.06,8.18,3.13
BX8,local,Bx,2026-W31,5,2,true,true,8.51,7.52,0.0983,8.35,7.25,8.05,7.93,7.09,,16,9.49,,,9.47,8.49,3.21
BX8,local,Bx,2026-W32,5,2,false,true,8.43,7.31,0.1187,8.48,7.53,8.2,8.08,6.97,8.86,17,9.18,,,9.02,7.68,3.27
BX8,local,Bx,2026-W33,5,2,true,true,8.62,7.63,0.0906,8.41,7.47,8.24,8.23,7.25,9.37,17,9.43,,,9.05,7.91,3.7
BX8,local,Bx,2026-W34,5,2,true,true,8.54,7.59,0.0946,8.33,7.39,8.23,8.31,7.23,9.15,17,9.57,,,8.81,7.69,3.63
BX8,local,Bx,2026-W35,5,2,true,true,8.61,7.66,0.0915,8.19,7.27,8.39,8.2,7.25,9.44,17,9.26,,,8.94,7.94,3.78
BX8,local,Bx,2026-W36,5,2,true,true,8.68,7.6,0.0983,8.27,7.08,8.19,8.16,7.16,9.95,17,9.7,,,8.96,7.81,3.38
BX8,local,Bx,2026-W37,4,2,true,true,8.4,7.34,0.0991,8.07,6.98,8.11,7.85,6.77,9.43,17,9.62,9.28,,9.06,7.95,3.48
BX8,local,Bx,2026-W38,5,2,true,true,8.31,7.27,0.1055,7.98,6.98,7.98,7.84,6.97,9.36,17,9.82,9.29,,9.23,8.14,3.53
BX8,local,Bx,2026-W39,5,2,true,true,8.39,7.45,0.0838,7.86,6.79,7.94,7.89,6.97,9.68,17,9.44,9.28,,9.64,8.52,3.36
BX8,local,Bx,2026-W40,5,2,true,false,8.29,7.17,0.1193,7.6,6.27,7.82,7.96,6.87,9.52,17,9.8,9.29,,9.65,8.66,3.6
BX8,local,Bx,2026-W41,5,0,true,false,8.39,7.37,0.1006,7.94,6.95,7.93,8.05,7.12,9.32,17,10.05,9.29,13.4,,,
BX9,local,Bx,2026-W17,0,2,false,true,,,,,,,,,,,,,,7.59,6.44,11.4
BX9,local,Bx,2026-W18,5,2,false,false,6.75,5.41,0.1825,,,,6.28,4.8,,13,17.75,,,7.38,6.03,11.59
BX9,local,Bx,2026-W19,5,2,false,true,6.7,5.66,0.1362,,,,6.15,5.23,,12,17.41,,,7.75,6.46,11.36
BX9,local,Bx,2026-W20,5,2,false,true,6.6,5.32,0.1785,5.88,4.45,6.27,6.04,4.89,,15,17.17,,,7.4,5.96,11.87
BX9,local,Bx,2026-W21,5,2,false,false,6.71,5.43,0.1777,,,,6.07,4.85,,13,17.32,,,7.97,6.54,11.86
BX9,local,Bx,2026-W22,4,2,false,true,6.81,5.58,0.1603,6.89,5.57,6.41,6.05,4.95,,15,18.05,,,7.04,5.68,11.89
BX9,local,Bx,2026-W23,5,2,false,true,6.7,5.33,0.1753,,,,,,7.45,4,17.18,,,7.3,6.19,12.09
BX9,local,Bx,2026-W24,5,1,false,false,6.53,5.29,0.1544,,,,,,,2,16.72,,,7.64,5.88,11.31
BX9,local,Bx,2026-W25,3,2,false,false,6.83,4.94,0.2486,,,,,,,2,17.15,,,7.11,5.68,11.9
BX9,local,Bx,2026-W26,5,2,false,false,6.23,4.92,0.191,,,,,,,1,16.34,,,7.43,5.99,12.06
BX9,local,Bx,2026-W27,3,2,true,true,6.78,5.66,0.142,7.04,5.96,6.41,6.33,5.21,7.19,16,16.69,,,7.79,6.21,11.92
BX9,local,Bx,2026-W28,5,2,true,true,6.87,5.69,0.1507,7.21,5.96,6.5,6.18,5.07,7.42,16,16.49,,,7.38,5.51,12.04
BX9,local,Bx,2026-W29,5,2,true,true,6.79,5.69,0.1444,6.88,5.81,6.46,6.19,5.08,,16,16.86,,,7.52,6.03,11.26
BX9,local,Bx,2026-W30,5,2,true,true,6.84,5.72,0.1423,7.06,6,6.55,5.96,4.9,,16,18,,,7.31,6.15,11.83
BX9,local,Bx,2026-W31,5,2,true,true,6.77,5.73,0.136,7.11,6.07,6.35,6.17,5.11,,16,16.53,,,7.48,6.4,11.99
BX9,local,Bx,2026-W32,5,2,false,true,6.88,5.78,0.1422,7.15,6.14,6.67,6.1,5.05,7.2,17,16.35,,,7.42,6.16,12.17
BX9,local,Bx,2026-W33,5,2,true,true,6.94,5.87,0.1347,7.09,6.1,6.51,6.3,5.11,7.72,17,16.78,,,7.53,6.19,12.14
BX9,local,Bx,2026-W34,5,2,true,true,6.82,5.87,0.1228,7.04,6.01,6.37,6.24,5.36,7.47,17,16.91,,,7.31,6.17,11.79
BX9,local,Bx,2026-W35,5,2,true,true,6.9,5.85,0.1317,6.89,5.94,6.48,6.19,5.2,7.87,17,17.16,,,7.32,5.94,12.16
BX9,local,Bx,2026-W36,5,2,true,true,6.87,5.81,0.1312,7.06,5.96,6.28,6.18,5.2,7.78,17,16.92,,,7.43,6.2,12.01
BX9,local,Bx,2026-W37,4,2,true,true,6.65,5.61,0.1343,6.73,5.69,6.19,5.82,4.78,7.57,17,17.51,17.84,,7.44,6.35,11.91
BX9,local,Bx,2026-W38,5,2,true,true,6.71,5.71,0.1271,6.52,5.55,6.3,5.94,5.09,7.79,17,17.83,17.89,,7.48,6.39,12.22
BX9,local,Bx,2026-W39,5,2,true,true,6.75,5.73,0.1288,6.75,5.66,6.34,6.16,5.15,7.53,17,17.84,17.87,,7.78,6.66,11.44
BX9,local,Bx,2026-W40,5,2,true,false,6.62,5.59,0.1355,6.54,5.69,6.26,6.02,5.05,7.48,17,17.98,17.89,,6.65,5.38,11.17
BX9,local,Bx,2026-W41,5,0,true,false,6.44,5.28,0.1652,6.49,5.27,6.07,5.44,4.33,7.22,17,17.87,17.89,22.8,,,
BX95,shuttle,Bx,2026-W30,1,0,false,false,7.15,5.75,0.2233,5.4,2.55,,,,,5,0.15,,,,,
BX95,shuttle,Bx,2026-W35,1,0,false,false,7.06,5.74,0.1892,,,7.47,,,,6,0.33,,,,,
BX95,shuttle,Bx,2026-W39,1,0,false,false,8.21,6.61,0.1557,,,,,,,4,0.19,,,,,
BXM1,express,X,2026-W17,0,2,false,true,,,,,,,,,,,,,,10.82,9.49,2.13
BXM1,express,X,2026-W18,5,2,false,false,11.65,10.36,0.099,,,,10.75,9.69,,13,6.3,,,12,10.85,2.68
BXM1,express,X,2026-W19,5,2,false,true,11.84,10.74,0.0695,,,,9.71,8.84,,12,6.3,,,13.77,11.98,2.43
BXM1,express,X,2026-W20,5,2,false,true,10.66,9.9,0.0641,9.13,8.41,11.04,10.3,9.45,,15,6.24,,,13.47,10.76,2.83
BXM1,express,X,2026-W21,5,2,false,false,11.62,10.61,0.0698,,,,10.34,9.54,,13,6,,,15.82,14.24,2.01
BXM1,express,X,2026-W22,4,2,false,true,12.57,11.39,0.0732,11.99,10.84,11.8,11.18,10.32,,15,5.84,,,11.78,10.6,2.54
BXM1,express,X,2026-W23,5,2,false,true,12.28,11.43,0.0593,,,,,,14.01,4,6.17,,,13.14,11.35,2.4
BXM1,express,X,2026-W24,5,1,false,false,16.31,15.83,0.043,,,,,,,2,5.56,,,15.47,14.19,1.58
BXM1,express,X,2026-W25,3,2,false,false,9.3,7.83,0.1437,,,,,,,2,6.89,,,12.15,11.05,2.32
BXM1,express,X,2026-W26,5,2,false,false,15.82,14.48,0.0854,,,,,,,1,6.02,,,16.22,14.36,2.2
BXM1,express,X,2026-W27,3,2,true,true,12.14,10.84,0.0791,11.26,10.11,11.77,11.19,10.18,13.95,16,5.86,,,15.08,13.71,2.04
BXM1,express,X,2026-W28,5,2,true,true,11.76,10.48,0.0968,10.85,9.9,10.77,12.11,10.95,13.54,16,5.45,,,15.32,13.87,2.33
BXM1,express,X,2026-W29,5,2,true,true,11.9,10.58,0.1004,12.03,10.61,11.89,10.93,9.49,,16,5.93,,,13.81,12.18,2.4
BXM1,express,X,2026-W30,5,2,true,true,12.56,11.48,0.0784,13.86,12.5,11.92,10.69,9.79,,16,5.46,,,12.04,10.84,2.44
BXM1,express,X,2026-W31,5,2,true,true,12.02,10.91,0.0816,12.25,10.99,11.26,10.93,9.87,,16,5.77,,,12.89,11.7,2.57
BXM1,express,X,2026-W32,5,2,false,true,11.93,10.87,0.073,11.92,10.9,11.86,11.57,10.49,11.89,17,5.66,,,14.46,12.73,2.76
BXM1,express,X,2026-W33,5,2,true,true,11.96,10.87,0.0728,12.18,11.09,10.98,11.42,10.4,13.57,17,5.74,,,13.5,11.99,2.5
BXM1,express,X,2026-W34,5,2,true,true,12.63,11.53,0.0701,13.54,12.19,12.03,12.73,11.68,12.76,17,6.12,,,14.06,13.11,2.12
BXM1,express,X,2026-W35,5,2,true,true,12.67,11.38,0.0759,13.3,12.07,11.35,12.3,11.18,14.41,17,5.78,,,13.04,11.74,2.51
BXM1,express,X,2026-W36,5,2,true,true,12.86,11.72,0.0774,12.6,11.39,11.83,12.49,11.53,14.7,17,5.97,,,13.12,12.15,2.47
BXM1,express,X,2026-W37,4,2,true,true,11.56,10.33,0.0853,11.9,10.42,10.71,10.27,9.19,13.48,17,6.41,7.05,,13.72,12.33,2.61
BXM1,express,X,2026-W38,5,2,true,true,11.48,10.25,0.0876,11.17,9.98,10.53,10.2,9.39,13.88,17,6.55,7.05,,12.53,11.43,2.43
BXM1,express,X,2026-W39,5,2,true,true,11,9.5,0.1272,10.52,9.18,10.71,9.54,7.79,12.6,17,6.33,7.05,,13.92,12.63,2.33
BXM1,express,X,2026-W40,5,2,true,false,12.02,10.77,0.093,11.04,9.92,11.91,10.92,10,13.61,17,6.58,7.05,,12.11,10.96,2.07
BXM1,express,X,2026-W41,5,0,true,false,11.53,10.26,0.0938,10.79,9.84,10.83,9.38,8.54,14.29,17,6.25,7.05,10.7,,,
BXM10,express,X,2026-W17,0,2,false,true,,,,,,,,,,,,,,12.83,11.85,2.08
BXM10,express,X,2026-W18,5,2,false,false,12.33,11.32,0.0725,,,,10.4,9.4,,13,6.48,,,12.98,11.74,2.44
BXM10,express,X,2026-W19,5,2,false,true,11.46,10.28,0.081,,,,9.32,8.54,,12,6.49,,,15.64,14.74,2.31
BXM10,express,X,2026-W20,5,2,false,true,11.56,10.39,0.0776,10.73,8.98,10.27,8.94,7.91,,15,6.68,,,15.93,13.12,2.73
BXM10,express,X,2026-W21,5,2,false,false,11.64,10.63,0.0744,,,,9.4,8.5,,13,6.29,,,16.34,14.98,2.47
BXM10,express,X,2026-W22,4,2,false,true,11.61,10.55,0.0749,9.93,9.02,11.15,10.2,9.29,,15,6.6,,,16.12,15.51,2.29
BXM10,express,X,2026-W23,5,2,false,true,9.86,8.77,0.0936,,,,,,12.11,4,6.48,,,16.25,14.59,2.56
BXM10,express,X,2026-W24,5,1,false,false,10.15,8.59,0.1247,,,,,,,2,6.51,,,14.96,14.17,1.65
BXM10,express,X,2026-W25,3,2,false,false,11.11,11.17,0.0736,,,,,,,2,5.58,,,13.79,12,2.38
BXM10,express,X,2026-W26,4,2,false,false,11.9,10.58,0.0679,,,,,,,1,5.72,,,16.66,15.54,2.44
BXM10,express,X,2026-W27,3,2,true,true,11.76,10.6,0.0761,10.62,9.71,11.58,10.57,9.63,13.36,16,6.03,,,15.4,14.19,2.09
BXM10,express,X,2026-W28,5,2,true,true,12.02,10.88,0.0823,11.04,9.89,12.88,10.59,9.5,12.1,16,6.07,,,12.95,11.53,2.5
BXM10,express,X,2026-W29,5,2,true,true,12.55,11.33,0.0793,10.84,9.87,11.15,10.71,9.38,,16,6.5,,,15.41,14.51,2.49
BXM10,express,X,2026-W30,5,2,true,true,12.06,10.83,0.0821,11.48,10.12,10.28,11.21,10.16,,16,6.1,,,13.49,12.62,2.55
BXM10,express,X,2026-W31,5,2,true,true,11.79,10.82,0.0698,10.55,9.79,11.17,10.95,9.87,,16,6.33,,,13.6,12.34,2.6
BXM10,express,X,2026-W32,5,2,false,true,12.12,11.07,0.0748,10.57,9.66,12.14,10.92,9.76,13.49,17,6.02,,,14.92,13.85,2.34
BXM10,express,X,2026-W33,5,2,true,true,11.64,10.58,0.0716,11.13,9.99,11.47,11.21,10.18,12.2,17,5.95,,,12.75,11.44,2.58
BXM10,express,X,2026-W34,5,2,true,true,11.75,10.53,0.0852,10.8,9.71,11.88,10.72,9.64,13,17,6.04,,,14.61,13.31,2.32
BXM10,express,X,2026-W35,5,2,true,true,12,10.71,0.0916,11.04,9.82,11.6,10.83,9.65,14.04,17,5.98,,,12.99,11.86,2.47
BXM10,express,X,2026-W36,5,2,true,true,11.78,10.6,0.0803,11.26,10.28,10.8,10.6,9.62,13.93,17,5.93,,,12.26,11.15,2.57
BXM10,express,X,2026-W37,4,2,true,true,11.05,9.89,0.0864,10.77,9.48,9.83,9.53,8.53,13.91,17,6.83,6.86,,12.9,12.02,2.42
BXM10,express,X,2026-W38,5,2,true,true,10.94,9.81,0.0819,9.93,9.13,10.1,9.54,8.66,13.53,17,6.69,6.86,,13.04,11.83,2.36
BXM10,express,X,2026-W39,5,2,true,true,10.97,9.55,0.1169,9.5,8.36,10.8,8.63,6.86,13.58,17,6.28,6.86,,13.69,12.79,2.41
BXM10,express,X,2026-W40,5,2,true,false,11.09,10.12,0.074,9.5,8.79,11.09,9.94,9.12,12.71,17,6.57,6.86,,14.9,13.3,2.73
BXM10,express,X,2026-W41,5,0,true,false,10.66,9.83,0.0653,10.13,9.46,9.77,10.03,9.28,11.84,17,6.6,6.86,13.5,,,
BXM11,express,X,2026-W17,0,2,false,true,,,,,,,,,,,,,,15.16,13.81,2.09
BXM11,express,X,2026-W18,5,2,false,false,11.61,10.69,0.0726,,,,10.36,9.74,,13,5.96,,,12.45,11.17,2.69
BXM11,express,X,2026-W19,5,2,false,true,11.42,10.3,0.0791,,,,10.09,9.07,,12,5.72,,,14.65,11.78,2.55
BXM11,express,X,2026-W20,5,2,false,true,11.38,9.97,0.1075,10.15,8.83,10.76,9.56,8.65,,15,6.38,,,13.47,12.14,2.53
BXM11,express,X,2026-W21,5,2,false,false,10.99,9.98,0.08,,,,10.02,9.28,,13,5.51,,,14.82,12.65,2.62
BXM11,express,X,2026-W22,4,2,false,true,11.88,10.76,0.0737,10.96,9.98,11.22,10.05,9.12,,15,6.12,,,15.35,14,2.55
BXM11,express,X,2026-W23,5,2,false,true,10.57,9.44,0.0883,,,,,,12.77,4,5.51,,,14.72,11.99,2.68
BXM11,express,X,2026-W24,5,1,false,false,11.86,10.22,0.1335,,,,,,,2,5.69,,,13.52,11.36,1.74
BXM11,express,X,2026-W25,3,2,false,false,11.05,9.75,0.1034,,,,,,,2,6.08,,,19.11,16.63,2.39
BXM11,express,X,2026-W26,5,2,false,false,10.76,10,0.0845,,,,,,,1,5.81,,,15.52,12.53,2.2
BXM11,express,X,2026-W27,3,2,true,true,12.23,11.03,0.0735,12.6,11.59,11.75,10.85,10.12,13.25,16,5.09,,,15.93,14.32,2.12
BXM11,express,X,2026-W28,5,2,true,true,12.27,10.77,0.097,12.25,10.9,12.17,11.08,9.99,12.88,16,5.5,,,14.26,12.89,2.16
BXM11,express,X,2026-W29,5,2,true,true,12.28,10.96,0.0904,11.18,10.29,11.57,10.87,9.63,,16,5.42,,,14.8,13.46,2.6
BXM11,express,X,2026-W30,5,2,true,true,12.15,11.01,0.0846,12.77,12,10.89,10.05,9.03,,16,5.68,,,13.69,12.57,2.93
BXM11,express,X,2026-W31,5,2,true,true,12.06,10.91,0.0778,12.41,11.6,10.89,10.65,9.57,,16,5.49,,,14.32,13.36,2.73
BXM11,express,X,2026-W32,5,2,false,true,12.35,11.08,0.0876,10.99,9.96,11.46,11.25,10.08,15.55,17,5.69,,,14.21,12.29,2.55
BXM11,express,X,2026-W33,5,2,true,true,12.96,11.52,0.0813,12.41,11.15,12.43,11,9.8,15.27,17,5.7,,,14.92,13.36,2.66
BXM11,express,X,2026-W34,5,2,true,true,12.17,11.03,0.0753,13.06,12.02,10.81,11.39,10.33,13.91,17,5.52,,,13.6,12.12,2.41
BXM11,express,X,2026-W35,5,2,true,true,12.97,11.48,0.0998,13.93,12.93,11.26,11.51,10.35,15.68,17,5.55,,,14.28,12.66,2.48
BXM11,express,X,2026-W36,5,2,true,true,12.43,11.16,0.0762,12.96,11.61,11.7,11.06,10.04,13.1,17,5.5,,,12.69,11.17,2.62
BXM11,express,X,2026-W37,4,2,true,true,11.46,10.3,0.0776,11.17,10.15,10.35,9.51,8.61,14.5,17,6.32,6.74,,12.8,11.65,2.6
BXM11,express,X,2026-W38,5,2,true,true,11.36,10.25,0.0795,9.91,8.85,9.9,10.2,9.33,15.07,17,6.17,6.74,,11.95,10.98,2.68
BXM11,express,X,2026-W39,5,2,true,true,11.26,9.79,0.1207,10.15,8.73,10.13,9.3,7.29,15.01,17,6.14,6.74,,12.98,11.87,2.34
BXM11,express,X,2026-W40,5,2,true,false,11.17,10.17,0.0773,10.91,9.77,9.8,9.92,8.99,13.78,17,5.96,6.74,,15.44,13.96,2.82
BXM11,express,X,2026-W41,5,0,true,false,10.81,9.88,0.0729,9.86,8.9,10.13,9.7,8.78,12.56,17,6.14,6.74,9,,,
BXM18,express,X,2026-W18,5,0,false,false,10.96,9.12,0.2072,,,,9.91,9.18,,7,1.27,,,,,
BXM18,express,X,2026-W19,5,0,false,false,9.75,8.06,0.2188,,,,8.25,7.65,,5,1.27,,,,,
BXM18,express,X,2026-W20,5,0,false,false,9.88,7.85,0.2478,,,,8.23,5.94,,9,1.26,,,,,
BXM18,express,X,2026-W21,5,0,false,false,10.19,8.28,0.2277,,,,7.52,6.33,,6,1.34,,,,,
BXM18,express,X,2026-W22,4,0,false,false,10.98,9.34,0.1944,10.09,9.25,,9.61,8.51,,7,1.34,,,,,
BXM18,express,X,2026-W23,2,0,false,false,14.59,14.29,0.1446,,,,,,,2,1.14,,,,,
BXM18,express,X,2026-W27,3,0,true,false,11.11,9.25,0.2039,11.54,9.76,,10,8.86,,8,1.2,,,,,
BXM18,express,X,2026-W28,5,0,true,false,11.44,9.16,0.242,11.11,8.72,,9.73,8.7,,8,1.25,,,,,
BXM18,express,X,2026-W29,5,0,true,false,10.43,7.91,0.2892,10.89,7.35,,8.35,7.4,,9,1.22,,,,,
BXM18,express,X,2026-W30,5,0,true,false,11.59,9.67,0.2177,10.05,8.26,,9.7,9,,9,1.15,,,,,
BXM18,express,X,2026-W31,5,0,true,false,11.29,9.11,0.2219,11.21,9.66,,9.78,8.36,,9,1.18,,,,,
BXM18,express,X,2026-W32,5,0,false,false,10.23,7.86,0.2616,10.83,8.14,,9.86,8.51,12.43,10,1.15,,,,,
BXM18,express,X,2026-W33,5,0,true,false,11.67,9.86,0.2211,11.61,9.45,,10.41,9.51,,9,1.27,,,,,
BXM18,express,X,2026-W34,5,0,true,false,11.79,10.06,0.2045,11,8.8,,10.19,9.27,,9,1.27,,,,,
BXM18,express,X,2026-W35,5,0,true,false,11.69,9.61,0.2442,9.44,7.44,,11.79,10.73,,10,1.19,,,,,
BXM18,express,X,2026-W36,5,0,true,false,10.32,8.36,0.2141,8.93,7.29,,9.18,8.18,,8,1.17,,,,,
BXM18,express,X,2026-W37,4,0,true,false,10.12,8.97,0.1905,8.86,7.57,,7.37,6.6,17.22,10,1.22,1.38,,,,
BXM18,express,X,2026-W38,5,0,true,false,9.88,8.13,0.2014,9.03,7.7,,8.35,7.61,,9,1.26,1.38,,,,
BXM18,express,X,2026-W39,5,0,true,false,9.39,7,0.216,9.13,7.19,,7.61,6.32,13.39,11,1.46,1.38,,,,
BXM18,express,X,2026-W40,5,0,true,false,9.92,6.99,0.2767,9.29,8.32,,8.49,7.58,,9,1.41,1.38,,,,
BXM18,express,X,2026-W41,4,0,true,false,10.74,8.93,0.2101,10.55,9.24,,8.17,6.94,14.6,10,1.34,1.38,8.9,,,
BXM2,express,X,2026-W17,0,2,false,true,,,,,,,,,,,,,,12.1,10.74,2.42
BXM2,express,X,2026-W18,5,2,false,false,12.68,11.82,0.0559,,,,11.9,11.58,,13,4.89,,,15.12,13.44,2.55
BXM2,express,X,2026-W19,5,2,false,true,12.07,11.12,0.0689,,,,10.61,10.12,,12,4.5,,,12.78,11.48,2.47
BXM2,express,X,2026-W20,5,2,false,true,11.26,10.33,0.0635,9.56,9.06,10.2,10.13,9.3,,15,5.36,,,13.13,11.49,2.44
BXM2,express,X,2026-W21,5,2,false,false,12,10.79,0.094,,,,9.27,8.11,,13,5.2,,,18.42,15.82,2.13
BXM2,express,X,2026-W22,4,2,false,true,12.05,10.99,0.0759,11.29,10.49,10.26,10.25,9.21,,15,4.68,,,12.96,11.39,2.7
BXM2,express,X,2026-W23,5,2,false,true,14.2,12.81,0.0771,,,,,,17.14,4,4.86,,,14.34,11.95,2.54
BXM2,express,X,2026-W24,5,1,false,false,13.56,12.15,0.0905,,,,,,,2,4.75,,,11.08,8.82,1.73
BXM2,express,X,2026-W25,3,2,false,false,7.31,6.27,0.1133,,,,,,,2,5.63,,,12.34,11.23,2.19
BXM2,express,X,2026-W26,5,2,false,false,10.77,9.82,0.0778,,,,,,,1,4.73,,,11.54,9.81,2.76
BXM2,express,X,2026-W27,3,2,true,true,12.98,11.73,0.0801,13.33,12.08,10.5,11.32,10.31,16.81,16,4.88,,,15.05,13.69,2.42
BXM2,express,X,2026-W28,5,2,true,true,12.84,11.71,0.0707,12.17,11.21,11.33,11.59,10.4,15.7,16,4.83,,,14.3,12.88,2.52
BXM2,express,X,2026-W29,5,2,true,true,11.6,10.37,0.0931,9.29,8.16,10.87,10.56,9.02,,16,5.08,,,14.38,12.8,2.43
BXM2,express,X,2026-W30,5,2,true,true,12.42,11.24,0.0879,9.74,8.45,11,10.55,9.64,,16,4.56,,,13.38,12.39,2.81
BXM2,express,X,2026-W31,5,2,true,true,13.43,12.22,0.0725,12.42,11.35,11.94,11.46,10.49,,16,4.84,,,12.86,11.79,2.36
BXM2,express,X,2026-W32,5,2,false,true,12.96,11.6,0.094,13.43,11.82,10.59,10.86,9.63,16.15,17,4.63,,,15.85,14.53,2.56
BXM2,express,X,2026-W33,5,2,true,true,13.6,12.34,0.0767,14.49,13.11,13.38,11.56,10.5,15.25,17,4.61,,,14.29,12.99,2.58
BXM2,express,X,2026-W34,5,2,true,true,12.96,11.84,0.0745,13.75,12.76,11.46,11.07,10.38,15.61,17,4.73,,,14.81,13.74,2.26
BXM2,express,X,2026-W35,5,2,true,true,14.23,13.12,0.0605,12.67,11.64,12.28,13.29,12.06,17.29,17,4.26,,,14.21,12.76,2.46
BXM2,express,X,2026-W36,5,2,true,true,12.56,11.44,0.0673,11.62,9.98,10.86,12,10.97,15.53,17,4.79,,,15.34,13.89,2.49
BXM2,express,X,2026-W37,4,2,true,true,11.07,9.95,0.0895,10.13,8.98,9.22,9.11,8.12,14.62,17,5.23,5.59,,15.05,13.46,2.7
BXM2,express,X,2026-W38,5,2,true,true,11.27,10.33,0.0706,10.39,9.5,9.96,9.44,8.73,14.41,17,5.06,5.59,,14.35,13.38,2.67
BXM2,express,X,2026-W39,5,2,true,true,11.65,10.32,0.0995,10.66,9.38,10.06,9.5,7.87,15.59,17,5.15,5.59,,15.52,14.33,2.32
BXM2,express,X,2026-W40,5,2,true,false,11.53,10.43,0.0733,10.86,9.96,10.75,10.58,9.59,13.19,17,5.16,5.59,,14.35,13.31,2.44
BXM2,express,X,2026-W41,5,0,true,false,10.57,9.69,0.0668,10.88,10.11,9.67,9.52,8.72,12.48,17,5.52,5.59,9,,,
BXM3,express,X,2026-W17,0,2,false,true,,,,,,,,,,,,,,14.58,12.97,1.72
BXM3,express,X,2026-W18,5,2,false,false,11.17,10.03,0.1011,,,,9.09,8.18,,13,4.02,,,12.19,11.34,1.9
BXM3,express,X,2026-W19,5,2,false,true,11.66,10.44,0.0866,,,,9.96,8.66,,12,3.93,,,12.69,11.64,2.05
BXM3,express,X,2026-W20,5,2,false,true,10.97,10.18,0.0649,9.96,9.7,9.54,9.58,8.76,,15,4.02,,,14.22,13.28,1.77
BXM3,express,X,2026-W21,5,2,false,false,11.22,9.96,0.0997,,,,9.99,9.16,,13,3.7,,,14.2,12.7,1.73
BXM3,express,X,2026-W22,4,2,false,true,11.19,9.87,0.0964,10.47,8.94,9.56,10.02,9.16,,15,3.95,,,13.5,11.97,1.77
BXM3,express,X,2026-W23,5,2,false,true,10.88,9.47,0.1147,,,,,,13.07,4,4.27,,,12.15,11.18,1.99
BXM3,express,X,2026-W24,5,1,false,false,15.01,14.06,0.0672,,,,,,,2,3.76,,,17.48,16.03,1.32
BXM3,express,X,2026-W25,3,2,false,false,8.76,8,0.0667,,,,,,,2,4.1,,,11.36,9.7,1.68
BXM3,express,X,2026-W26,5,2,false,false,10.55,9.28,0.0961,,,,,,,1,4.18,,,12.16,11.02,1.63
BXM3,express,X,2026-W27,3,2,true,true,12.22,11.18,0.082,13.97,12.29,10.78,10.78,10.17,13.68,16,3.66,,,14.91,13.85,1.73
BXM3,express,X,2026-W28,5,2,true,true,12.05,11.07,0.0743,12.85,11.85,10.1,11.56,10.63,14.3,16,3.75,,,13.51,12.66,1.8
BXM3,express,X,2026-W29,5,2,true,true,11.99,10.7,0.0891,12.47,11.14,10.23,10.8,9.59,,16,3.86,,,12.82,11.64,1.87
BXM3,express,X,2026-W30,5,2,true,true,12.15,11.03,0.0788,14.23,13.14,11.17,10.21,9.61,,16,3.8,,,11.67,10.6,2.01
BXM3,express,X,2026-W31,5,2,true,true,11.7,10.65,0.0772,13.23,11.97,10.34,10.98,10.17,,16,3.64,,,12.03,11,1.61
BXM3,express,X,2026-W32,5,2,false,true,11.97,11,0.0685,12.38,11.37,10.77,11.1,10.24,14.2,17,3.56,,,12.47,11.71,1.86
BXM3,express,X,2026-W33,5,2,true,true,11.69,10.41,0.0927,12.44,10.72,10.27,11.23,10.17,13.24,17,3.8,,,13.38,11.87,1.98
BXM3,express,X,2026-W34,5,2,true,true,12.65,11.41,0.0802,12.46,11.2,11.45,11.75,10.88,14.86,17,3.77,,,13.48,12.07,1.71
BXM3,express,X,2026-W35,5,2,true,true,12.19,11.11,0.0689,12.38,11.21,11.8,10.82,9.96,13.08,17,3.73,,,13.63,12.83,2.05
BXM3,express,X,2026-W36,5,2,true,true,11.99,11.04,0.0792,12.26,11.38,10.9,10.82,9.82,13.72,17,3.67,,,13.65,12.64,1.9
BXM3,express,X,2026-W37,4,2,true,true,11.6,10.44,0.0833,11.08,10.28,9.94,9.75,8.82,15.13,17,4.04,4.04,,13.3,12.38,1.89
BXM3,express,X,2026-W38,5,2,true,true,10.9,9.95,0.074,10.55,9.4,9.73,9.94,9.12,13.14,17,3.75,4.04,,13.18,12.03,1.91
BXM3,express,X,2026-W39,5,2,true,true,11.1,9.86,0.0995,10.42,9.41,9.66,8.65,7.26,14.44,17,3.99,4.04,,13.46,11.6,1.7
BXM3,express,X,2026-W40,5,2,true,false,11.79,10.45,0.0912,11.07,9.77,10.24,9.92,9.29,15.52,17,3.79,4.04,,12.42,12,2.36
BXM3,express,X,2026-W41,5,0,true,false,11.06,10.11,0.0741,10.73,9.93,10.35,9.25,8.52,13.45,17,4.1,4.04,12.5,,,
BXM4,express,X,2026-W17,0,2,false,true,,,,,,,,,,,,,,10.47,9.43,1.89
BXM4,express,X,2026-W18,5,2,false,false,9.6,8.69,0.0775,,,,10.2,9,,13,3.38,,,10.96,9.42,1.8
BXM4,express,X,2026-W19,5,2,false,true,9.69,8.64,0.0892,,,,9.64,9.23,,12,3.15,,,12.1,11.1,1.82
BXM4,express,X,2026-W20,5,2,false,true,8.75,7.8,0.0854,8.03,7.41,8.02,7.68,6.84,,15,3.24,,,12,10.76,1.92
BXM4,express,X,2026-W21,5,2,false,false,9.45,8.48,0.0885,,,,7.8,6.66,,13,2.99,,,11.6,10.38,1.65
BXM4,express,X,2026-W22,4,2,false,true,10.44,9.26,0.0966,10.34,9.01,9.35,9.31,8.27,,15,3.1,,,11.65,10.28,1.8
BXM4,express,X,2026-W23,5,2,false,true,10.91,9.65,0.0833,,,,,,12.48,4,3.12,,,12.05,11.02,1.97
BXM4,express,X,2026-W24,5,1,false,false,10.03,9.26,0.0686,,,,,,,2,3.22,,,13.1,11.59,1.35
BXM4,express,X,2026-W25,3,2,false,false,9.07,7.89,0.0777,,,,,,,2,3.16,,,11.2,10.9,2.02
BXM4,express,X,2026-W26,5,2,false,false,9.88,8.98,0.06,,,,,,,1,3.31,,,13.57,12.31,1.73
BXM4,express,X,2026-W27,3,2,true,true,9.84,8.75,0.0962,9.95,9.17,9.24,8.99,7.77,11,16,3.05,,,12.86,11.81,2
BXM4,express,X,2026-W28,5,2,true,true,10.13,9.14,0.0749,9.67,8.7,9.73,9.22,8.2,11.46,16,3.01,,,10.86,9.54,2.1
BXM4,express,X,2026-W29,5,2,true,true,10.25,9.11,0.0907,9.66,8.62,9.48,9.87,8.59,,16,3.32,,,11.19,9.88,2.06
BXM4,express,X,2026-W30,5,2,true,true,10.06,8.96,0.0863,9.95,9.05,9.64,9.63,8.65,,16,3.24,,,11.38,9.73,1.99
BXM4,express,X,2026-W31,5,2,true,true,9.64,8.74,0.0707,9.62,8.82,9.41,8.35,7.45,,16,3.27,,,11.27,10.08,1.79
BXM4,express,X,2026-W32,5,2,false,true,10.04,9.02,0.0847,9.47,8.52,9.79,9,8.22,11.29,17,3.23,,,11.09,9.32,2.13
BXM4,express,X,2026-W33,5,2,true,true,10.28,9.1,0.0909,10.06,8.84,9.89,9.54,8.23,11.14,17,3,,,11.01,9.76,2.16
BXM4,express,X,2026-W34,5,2,true,true,10.34,9.22,0.0872,10.51,9.37,9.32,9.49,8.33,12.32,17,3.06,,,11.25,9.2,1.92
BXM4,express,X,2026-W35,5,2,true,true,10.59,9.49,0.0808,10.34,9.26,9.79,9.29,8.13,12.66,17,3.13,,,10.36,9.06,1.89
BXM4,express,X,2026-W36,5,2,true,true,10.54,9.52,0.0824,9.96,8.98,9.62,10.18,9.26,12.26,17,3.06,,,11.06,9.43,2.05
BXM4,express,X,2026-W37,4,2,true,true,9.74,8.65,0.0932,9.35,8.23,9.21,8.31,7.21,11.34,17,3.37,3.38,,10.78,9.37,2.02
BXM4,express,X,2026-W38,5,2,true,true,9.5,8.35,0.0976,8.73,7.71,8.87,8.26,7.28,11.57,17,3.51,3.38,,11.29,10.14,1.94
BXM4,express,X,2026-W39,5,2,true,true,9.41,8.28,0.1028,8.81,7.8,9.17,7.91,6.55,10.97,17,3.23,3.38,,11.44,9.98,1.72
BXM4,express,X,2026-W40,5,2,true,false,9.61,8.66,0.0843,9.02,8.44,9.21,8.67,7.76,11,17,3.35,3.38,,11.05,9.59,1.69
BXM4,express,X,2026-W41,5,0,true,false,9.74,8.72,0.0838,9.84,8.58,9.34,8.45,7.53,10.89,17,3.28,3.38,8.7,,,
BXM6,express,X,2026-W17,0,2,false,true,,,,,,,,,,,,,,14.85,13.48,1
BXM6,express,X,2026-W18,5,2,false,false,13.07,12.1,0.0714,,,,7.98,7.07,,13,2.71,,,15.6,13.8,1.31
BXM6,express,X,2026-W19,5,2,false,true,12.59,11.43,0.0745,,,,9.4,8.85,,12,2.58,,,14.9,13.23,1.41
BXM6,express,X,2026-W20,5,2,false,true,12.12,11.42,0.0687,9.02,8.1,12.75,9.71,8.96,,15,2.92,,,12.57,11.66,1.56
BXM6,express,X,2026-W21,5,2,false,false,12.13,11.24,0.0709,,,,9.53,8.78,,13,2.69,,,14.61,13.13,1.36
BXM6,express,X,2026-W22,4,2,false,true,10.68,9.42,0.1139,12.13,11.21,8.58,9.25,8.01,,15,2.61,,,14.56,13.14,1.33
BXM6,express,X,2026-W23,5,2,false,true,8.5,7.32,0.1082,,,,,,11.26,4,2.59,,,14.13,13.01,1.35
BXM6,express,X,2026-W24,5,1,false,false,11.02,9.88,0.0929,,,,,,,2,2.95,,,19.84,18.85,1.12
BXM6,express,X,2026-W25,3,2,false,false,10.38,9.48,0.063,,,,,,,2,2.74,,,13.26,11.78,1.28
BXM6,express,X,2026-W26,4,2,false,false,11.8,10.97,0.071,,,,,,,1,2.54,,,16.82,15.33,1.1
BXM6,express,X,2026-W27,3,2,true,true,12.84,11.49,0.0741,12.99,11.94,11.43,10.18,9.3,16.08,16,2.3,,,19.47,18.19,1.11
BXM6,express,X,2026-W28,5,2,true,true,12.84,11.2,0.092,11.23,9.85,13.59,9.67,8.5,14.57,16,2.47,,,16.33,13.81,1.36
BXM6,express,X,2026-W29,5,2,true,true,12.34,10.97,0.1023,13.43,11.89,9.13,11.07,9.67,,16,2.51,,,11.79,10.57,1.23
BXM6,express,X,2026-W30,5,2,true,true,12.64,11.73,0.07,13.37,12.61,10.31,9.96,8.91,,16,2.24,,,13.12,12.3,1.37
BXM6,express,X,2026-W31,5,2,true,true,12.74,11.59,0.0725,13.36,12.78,11.25,9.94,9.04,,16,2.36,,,12.96,11.8,1.39
BXM6,express,X,2026-W32,5,2,false,true,12.97,11.86,0.0714,12.2,11.07,12.58,10.22,9.26,17.37,17,2.27,,,13.73,12.33,1.22
BXM6,express,X,2026-W33,5,2,true,true,11.89,10.52,0.0929,13.68,12.51,10.07,10.18,8.94,14.23,17,2.43,,,14.74,13.25,1.31
BXM6,express,X,2026-W34,5,2,true,true,11.89,10.66,0.0898,12.58,11.68,13.52,10.56,9.31,10.31,17,2.46,,,18.16,16.54,1.22
BXM6,express,X,2026-W35,5,2,true,true,12.37,11.28,0.0749,12.02,10.83,13.5,11.03,9.76,12.48,17,2.32,,,15.02,13.74,1.41
BXM6,express,X,2026-W36,5,2,true,true,12.71,11.68,0.0807,12.44,11.36,10.57,9.55,8.54,16.44,17,2.47,,,15.69,14.18,1.29
BXM6,express,X,2026-W37,4,2,true,true,11.56,10.59,0.0761,10.41,9.2,10.74,9.24,8.23,13.45,17,2.72,3.02,,15.18,13.93,1.42
BXM6,express,X,2026-W38,5,2,true,true,11.7,10.67,0.0937,9.41,8.33,10.42,9.73,8.61,15.02,17,2.7,3.02,,12.91,11.55,1.38
BXM6,express,X,2026-W39,5,2,true,true,11.41,10.11,0.1305,10.43,9.2,9.51,9.01,7.16,15,17,2.63,3.02,,13.61,12.66,1.27
BXM6,express,X,2026-W40,5,2,true,false,11.83,10.7,0.0914,12.52,11.56,10.19,9.91,9,14.52,17,2.7,3.02,,13.02,11.83,1.64
BXM6,express,X,2026-W41,5,0,true,false,12.11,10.96,0.0872,11.47,10.14,11.11,9.52,8.73,12.73,17,2.78,3.02,13.4,,,
BXM7,express,X,2026-W17,0,2,false,true,,,,,,,,,,,,,,15.98,14.36,2.95
BXM7,express,X,2026-W18,5,2,false,false,14.02,12.71,0.0766,,,,12.3,11.15,,13,8.89,,,18.08,16.47,4.07
BXM7,express,X,2026-W19,5,2,false,true,14.11,13.1,0.0511,,,,11.96,11.28,,12,8.89,,,17.42,15.72,4.02
BXM7,express,X,2026-W20,5,2,false,true,14.63,13.35,0.065,12.28,10.81,15.73,11.93,11.12,,15,9.29,,,14.36,12.67,3.72
BXM7,express,X,2026-W21,5,2,false,false,14.63,13.29,0.0762,,,,11.96,11.03,,13,8.67,,,18.11,16.97,3.94
BXM7,express,X,2026-W22,4,2,false,true,14.13,12.69,0.0869,12.28,11.43,12.67,12.48,11.38,,15,9.18,,,18.31,16.67,3.92
BXM7,express,X,2026-W23,5,2,false,true,15.48,13.79,0.095,,,,,,17.93,4,8.24,,,17.57,15.72,4.14
BXM7,express,X,2026-W24,5,1,false,false,12.22,11.01,0.0915,,,,,,,2,8.57,,,17.89,14.55,2.01
BXM7,express,X,2026-W25,3,2,false,false,13.11,12.2,0.0683,,,,,,,2,8.84,,,17.93,16.84,4.1
BXM7,express,X,2026-W26,5,2,false,false,14.95,11.87,0.1599,,,,,,,1,8.11,,,20.86,18.61,3.3
BXM7,express,X,2026-W27,3,2,true,true,14.64,13.36,0.078,14.49,13.25,13.1,14.04,12.88,16.83,16,8.39,,,20.22,18.54,3.38
BXM7,express,X,2026-W28,5,2,true,true,16.05,14.7,0.0732,14.18,13.2,15.63,13.65,12.6,19.18,16,8.39,,,19.77,17.98,3.69
BXM7,express,X,2026-W29,5,2,true,true,14.7,13.22,0.0859,14.82,13.12,12.91,13.23,11.74,,16,8.11,,,15.97,14.41,3.75
BXM7,express,X,2026-W30,5,2,true,true,15.98,14.62,0.0704,14.75,13.59,15.98,12.47,11.37,,16,7.93,,,16.24,14.3,3.99
BXM7,express,X,2026-W31,5,2,true,true,14.79,13.48,0.0702,14.7,13.98,14.08,12.66,11.64,,16,8.21,,,16.68,15.29,3.99
BXM7,express,X,2026-W32,5,2,false,true,15.17,13.99,0.0645,15.32,13.91,14.25,13.59,12.63,16.59,17,7.8,,,20.09,17.96,3.78
BXM7,express,X,2026-W33,5,2,true,true,14.75,13.36,0.0749,14.72,13.34,11.78,15.27,14.13,17.66,17,7.87,,,20.31,18.54,3.5
BXM7,express,X,2026-W34,5,2,true,true,16.71,15.32,0.0681,14.14,12.94,17.76,14.55,13.38,18.27,17,7.75,,,21.42,19.33,3.73
BXM7,express,X,2026-W35,5,2,true,true,16.54,15.07,0.0717,14.86,13.47,16.57,15.37,14.4,18.34,17,7.62,,,20.26,18.8,3.68
BXM7,express,X,2026-W36,5,2,true,true,15.98,14.55,0.0733,14.86,13.69,14.12,14.41,13.29,20.23,17,7.77,,,19.69,17.69,3.73
BXM7,express,X,2026-W37,4,2,true,true,14.53,13.26,0.0735,12.78,11.5,13.24,12.64,11.5,18.57,17,9.12,8.94,,21.71,20.45,3.73
BXM7,express,X,2026-W38,5,2,true,true,14.58,13.29,0.077,11.7,10.79,14.48,12.44,11.48,18.23,17,9.03,8.94,,18.86,17.01,3.76
BXM7,express,X,2026-W39,5,2,true,true,14.2,12.59,0.1091,11.95,10.82,14.59,10.56,8.35,17.46,17,8.73,8.94,,21.06,19.52,3.59
BXM7,express,X,2026-W40,5,2,true,false,15.35,14.14,0.0685,12.36,11.43,16.11,13.45,12.33,17.89,17,8.68,8.94,,19.83,18.11,4.13
BXM7,express,X,2026-W41,5,0,true,false,13.93,12.44,0.0889,12.67,11.66,12.5,11.55,10.48,17.39,17,9.11,8.94,15,,,
BXM8,express,X,2026-W17,0,2,false,true,,,,,,,,,,,,,,12.08,10.94,1.27
BXM8,express,X,2026-W18,5,2,false,false,13,12.1,0.0658,,,,11,10,,13,6,,,15.41,14.49,1.71
BXM8,express,X,2026-W19,5,2,false,true,12.63,11.7,0.0549,,,,10.09,9.77,,12,5.7,,,18.43,17.58,1.89
BXM8,express,X,2026-W20,5,2,false,true,13.5,12.4,0.0661,13.11,12.12,12.38,10.47,9.69,,15,6.14,,,16.03,13.34,2.14
BXM8,express,X,2026-W21,5,2,false,false,13.64,12.06,0.0909,,,,10.5,9.1,,13,5.78,,,18.5,16.77,1.63
BXM8,express,X,2026-W22,4,2,false,true,13.57,12.37,0.0745,13.46,12.67,11.97,11.81,10.63,,15,6.04,,,17.06,16.15,1.9
BXM8,express,X,2026-W23,5,2,false,true,12.41,11.67,0.0622,,,,,,14.95,4,5.91,,,15.54,14.56,2.14
BXM8,express,X,2026-W24,5,1,false,false,18.48,18.03,0.0607,,,,,,,2,5.25,,,11.84,9.1,1.3
BXM8,express,X,2026-W25,3,2,false,false,17.19,16.26,0.063,,,,,,,2,5.68,,,12.51,11.74,1.88
BXM8,express,X,2026-W26,5,2,false,false,22.27,21.52,0.0263,,,,,,,1,5.85,,,11.14,9.93,1.33
BXM8,express,X,2026-W27,3,2,true,true,14.42,13.22,0.0642,14.54,13.27,14.01,12.34,11.22,16.06,16,5.2,,,19.35,18.14,1.51
BXM8,express,X,2026-W28,5,2,true,true,12.79,11.59,0.0793,13.39,12.47,11.32,11.75,10.64,14.87,16,5.67,,,17.86,16.47,1.98
BXM8,express,X,2026-W29,5,2,true,true,13.64,12.33,0.0833,13.88,12.59,12.73,11.28,9.88,,16,5.72,,,14.37,13.09,1.8
BXM8,express,X,2026-W30,5,2,true,true,14.49,13.15,0.0766,14.49,13.16,13.83,11.64,10.56,,16,5.44,,,14.58,13.14,1.88
BXM8,express,X,2026-W31,5,2,true,true,13.55,12.31,0.0758,14.46,13.86,12.85,10.98,10.16,,16,5.37,,,14.85,12.99,1.96
BXM8,express,X,2026-W32,5,2,false,true,13.46,12.16,0.076,13.85,12.95,11.76,12.19,10.96,15.11,17,5.43,,,17.31,15.72,1.85
BXM8,express,X,2026-W33,5,2,true,true,12.42,11.23,0.0737,12.3,11.28,10.51,11.97,10.8,14.96,17,5.43,,,17.7,16.43,1.97
BXM8,express,X,2026-W34,5,2,true,true,13.83,12.55,0.074,12.4,11.38,14.34,12.93,11.68,14.4,17,5.23,,,17.4,16.2,1.93
BXM8,express,X,2026-W35,5,2,true,true,13.93,12.49,0.081,13.06,12.14,12.77,13.98,12.59,15.69,17,5.17,,,18.28,16.77,1.88
BXM8,express,X,2026-W36,5,2,true,true,14.75,13.53,0.0643,13.57,12.78,14.57,12.73,11.4,17.18,17,5.29,,,18.78,17.62,1.86
BXM8,express,X,2026-W37,4,2,true,true,12.84,11.74,0.0698,11.95,11.15,11.98,10.42,9.29,16.43,17,5.77,5.94,,15.31,13.77,1.91
BXM8,express,X,2026-W38,5,2,true,true,12.54,11.49,0.0738,11.48,10.58,12.85,11.14,10.09,13.4,17,6,5.94,,16.93,14.9,1.77
BXM8,express,X,2026-W39,5,2,true,true,13.34,11.91,0.1032,11.94,10.63,13.11,9.97,7.87,17.02,17,5.67,5.94,,16.53,15.47,1.76
BXM8,express,X,2026-W40,5,2,true,false,13.18,12.02,0.0773,11.21,10.31,13.91,11.95,11.02,14.13,17,6.32,5.94,,18.07,16.48,2.13
BXM8,express,X,2026-W41,5,0,true,false,12.16,10.89,0.0861,12.05,11.04,11.84,10.29,9.45,13.25,17,6.18,5.94,16.2,,,
BXM9,express,X,2026-W17,0,2,false,true,,,,,,,,,,,,,,18.07,17.16,1.97
BXM9,express,X,2026-W18,5,2,false,false,13.07,12.15,0.0565,,,,11.93,11.66,,13,6.27,,,15.89,15.16,2.09
BXM9,express,X,2026-W19,5,2,false,true,14.33,13.35,0.054,,,,11.62,11.22,,12,6.33,,,13.3,12.24,2.24
BXM9,express,X,2026-W20,5,2,false,true,12.97,11.37,0.1062,12.62,11.16,12.43,10.88,10.1,,15,7.08,,,14.13,13.13,2
BXM9,express,X,2026-W21,5,2,false,false,15.18,13.64,0.0818,,,,10.65,9.68,,13,6.63,,,13.99,12.96,1.96
BXM9,express,X,2026-W22,4,2,false,true,12.6,11.51,0.0742,11.68,10.93,11.25,12.08,11.17,,15,6.77,,,14.66,13.16,1.98
BXM9,express,X,2026-W23,5,2,false,true,13.91,10.66,0.1409,,,,,,16.94,4,5.64,,,13.89,12.75,2.48
BXM9,express,X,2026-W24,5,1,false,false,9.22,9.68,0.0415,,,,,,,2,6.41,,,16.35,14.36,0.89
BXM9,express,X,2026-W25,3,2,false,false,22.99,22.96,0.0115,,,,,,,2,5.96,,,17.62,15.99,2.39
BXM9,express,X,2026-W26,5,2,false,false,17.97,13.99,0.204,,,,,,,1,6.48,,,13.1,12.43,1.87
BXM9,express,X,2026-W27,3,2,true,true,14.19,12.77,0.0788,13.76,12.73,13.13,13.2,12.18,16.74,16,6.09,,,14.58,13.16,1.93
BXM9,express,X,2026-W28,5,2,true,true,13.44,12.02,0.0879,12.24,10.93,12.7,13.3,12.03,15.44,16,6.22,,,14.24,13.22,2.21
BXM9,express,X,2026-W29,5,2,true,true,15.47,13.36,0.1093,14.11,12.26,14.08,12.61,11.24,,16,6.08,,,19.83,17.35,1.96
BXM9,express,X,2026-W30,5,2,true,true,15.37,13.5,0.1018,14.46,12.86,14.7,12.31,11.56,,16,5.78,,,19.12,17.24,2.08
BXM9,express,X,2026-W31,5,2,true,true,14.46,12.87,0.0908,13.76,12.7,13.48,11.83,11.04,,16,6,,,20.17,18.57,2.17
BXM9,express,X,2026-W32,5,2,false,true,14.61,12.97,0.0869,15.13,14.17,12.74,12.57,11.65,18.19,17,5.8,,,14.35,12.78,1.89
BXM9,express,X,2026-W33,5,2,true,true,13.62,12.1,0.075,12.4,10.93,11.89,13.64,12.64,16.88,17,6.26,,,14.06,12.59,2.04
BXM9,express,X,2026-W34,5,2,true,true,15.22,13.87,0.0851,12.54,10.93,16.06,14.15,13.17,16.45,17,6.01,,,13.78,12.9,2.07
BXM9,express,X,2026-W35,5,2,true,true,14.76,13.42,0.0753,13.61,12.24,13.84,15.15,14.11,16.46,17,5.74,,,15.37,14.43,2.26
BXM9,express,X,2026-W36,5,2,true,true,14.81,13.44,0.0781,13.91,12.79,15.28,13.92,12.74,15.27,17,5.7,,,15.14,13.98,2.06
BXM9,express,X,2026-W37,4,2,true,true,12.81,11.64,0.0831,11.75,11.11,12.24,10.95,9.99,15.8,17,6.58,6.78,,15.25,14.02,2.28
BXM9,express,X,2026-W38,5,2,true,true,12.77,11.63,0.0736,11.04,10.32,13.46,11.63,10.88,13.72,17,6.63,6.78,,15.1,13.89,2.14
BXM9,express,X,2026-W39,5,2,true,true,13.11,11.7,0.1102,11.05,10.11,13.19,9.95,8.17,16.58,17,6.29,6.78,,14.33,12.81,1.95
BXM9,express,X,2026-W40,5,2,true,false,14.09,13.15,0.0613,10.55,9.72,14.87,12.31,11.47,17.21,17,6.52,6.78,,16.93,16.06,2.08
BXM9,express,X,2026-W41,5,0,true,false,12,10.94,0.0671,11.56,10.74,11.11,10.37,9.71,14.37,17,6.55,6.78,14.3,,,
L90,shuttle,,2026-W17,0,1,false,true,,,,,,,,,,,,,,,,0
L90,shuttle,,2026-W39,0,1,false,true,,,,,,,,,,,,,,10.16,8.66,0.02
L92,shuttle,,2026-W40,0,2,false,false,,,,,,,,,,,,,,7.28,5.75,2.47
M1,local,M,2026-W17,0,2,false,true,,,,,,,,,,,,,,7.65,6.65,7.04
M1,local,M,2026-W18,5,2,false,false,6.49,5.69,0.1077,,,,6.17,5.46,,13,15.81,,,7.98,7.04,7.97
M1,local,M,2026-W19,5,2,false,true,6.39,5.68,0.0987,,,,6,5.26,,12,15.96,,,8.43,7.54,8.77
M1,local,M,2026-W20,5,2,false,true,6.23,5.4,0.1141,5.81,5.21,5.42,5.59,4.84,,15,16.37,,,7.84,6.58,8.23
M1,local,M,2026-W21,5,2,false,false,6.5,5.51,0.1241,,,,5.67,4.78,,13,16.46,,,8.91,7.71,9.4
M1,local,M,2026-W22,4,2,false,true,6.43,5.52,0.1215,6.64,5.86,5.41,6,5.16,,15,16.1,,,7.87,6.6,7.96
M1,local,M,2026-W23,5,2,false,true,6.45,5.76,0.1005,,,,,,7.86,4,15.04,,,7.89,6.77,9.16
M1,local,M,2026-W24,5,1,false,false,6.37,5.46,0.13,,,,,,,2,15.62,,,8.14,6.93,7.62
M1,local,M,2026-W25,3,2,false,false,5.99,5.1,0.1146,,,,,,,2,15.9,,,7.75,6.85,8.71
M1,local,M,2026-W26,5,2,false,false,6.92,6.32,0.0829,,,,,,,1,15.73,,,9.35,8.53,8.43
M1,local,M,2026-W27,3,2,true,true,6.52,5.7,0.1048,6.74,5.99,5.5,6.14,5.29,7.7,16,15.46,,,8.76,7.83,9.15
M1,local,M,2026-W28,5,2,true,true,6.5,5.59,0.1173,6.79,6.07,5.73,6.02,5.13,7.32,16,15.64,,,8.74,7.51,8.75
M1,local,M,2026-W29,5,2,true,true,6.52,5.66,0.1093,6.43,5.64,5.57,5.92,5.07,,16,15.21,,,8.13,7.21,9.24
M1,local,M,2026-W30,5,2,true,true,6.46,5.62,0.1109,6.51,5.65,5.51,5.77,5.01,,16,15.34,,,8.08,7.16,9.44
M1,local,M,2026-W31,5,2,true,true,6.53,5.68,0.108,6.7,5.86,5.53,5.78,4.97,,16,15.85,,,7.68,6.61,8.22
M1,local,M,2026-W32,5,2,false,true,6.62,5.74,0.1182,6.48,5.66,5.62,5.98,5.21,8.14,17,15.62,,,7.92,6.86,8.18
M1,local,M,2026-W33,5,2,true,true,6.67,5.67,0.1259,6.78,5.81,5.71,6.05,5.19,8.03,17,15.38,,,8.09,7.06,8.73
M1,local,M,2026-W34,5,2,true,true,6.67,5.74,0.1167,6.61,5.64,5.77,6.23,5.38,7.92,17,15.66,,,8.25,7.35,8.78
M1,local,M,2026-W35,5,2,true,true,6.65,5.65,0.1255,6.65,5.62,5.74,6.37,5.46,7.77,17,15.75,,,8.13,7.09,8.74
M1,local,M,2026-W36,5,2,true,true,6.7,5.72,0.1161,6.62,5.77,5.63,6.28,5.44,8.31,17,15.8,,,8.28,7.32,9.46
M1,local,M,2026-W37,4,2,true,true,6.27,5.47,0.1023,6.39,5.61,5.25,5.54,4.78,7.82,17,16.28,16.51,,7.95,7.02,9.14
M1,local,M,2026-W38,5,2,true,true,6.24,5.44,0.1117,6.11,5.42,5.23,5.84,5.12,7.84,17,16.04,16.51,,7.53,6.5,9.19
M1,local,M,2026-W39,5,2,true,true,6.08,5.21,0.1298,5.99,5.17,5.12,5.04,3.99,7.91,17,15.9,16.51,,8.61,7.58,8.86
M1,local,M,2026-W40,5,2,true,false,6.36,5.62,0.0976,6.31,5.54,5.26,5.87,5.18,7.89,17,15.88,16.51,,7.69,6.69,8.22
M1,local,M,2026-W41,5,0,true,false,6.38,5.54,0.1144,6.21,5.5,5.49,5.62,4.88,7.86,17,16.23,16.51,12.1,,,
M10,local,M,2026-W17,0,2,false,true,,,,,,,,,,,,,,7.25,6.49,6.5
M10,local,M,2026-W18,5,2,false,false,6.41,5.91,0.0708,,,,6.11,5.45,,13,7.22,,,7.22,6.44,6.29
M10,local,M,2026-W19,5,2,false,true,6.65,5.93,0.0783,,,,6.18,5.33,,12,6.97,,,7.41,6.36,5.39
M10,local,M,2026-W20,5,2,false,true,6.38,5.57,0.1065,6.17,5.44,5.9,5.75,5.19,,15,7.37,,,7.45,6.38,6.62
M10,local,M,2026-W21,5,2,false,false,6.61,5.86,0.0948,,,,5.84,5.41,,13,7.4,,,7.96,6.93,6.06
M10,local,M,2026-W22,4,2,false,true,6.5,5.78,0.0942,6.48,5.88,6.12,5.8,5.18,,15,7.27,,,6.92,5.98,6.13
M10,local,M,2026-W23,5,2,false,true,6.2,5.67,0.0634,,,,,,6.97,4,7.41,,,6.95,5.99,6.71
M10,local,M,2026-W24,5,1,false,false,6.56,5.1,0.1807,,,,,,,2,6.97,,,7.5,6.04,6.27
M10,local,M,2026-W25,3,2,false,false,7.02,6.03,0.1183,,,,,,,2,6.35,,,7.52,6.56,6.36
M10,local,M,2026-W26,5,2,false,false,5.93,5.6,0.0712,,,,,,,1,6.43,,,7.38,6.53,6.02
M10,local,M,2026-W27,3,2,true,true,6.71,5.67,0.1335,6.94,6.36,6.03,6.08,5.12,7.56,16,6.93,,,7.45,6.63,6.03
M10,local,M,2026-W28,5,2,true,true,6.58,5.77,0.1086,6.84,6.11,6.28,5.91,5.36,6.86,16,6.82,,,6.96,6.16,7.08
M10,local,M,2026-W29,5,2,true,true,6.56,5.89,0.0841,6.38,5.87,6.12,5.92,5.31,,16,7.17,,,7.21,6.3,6.43
M10,local,M,2026-W30,5,2,true,true,6.6,5.93,0.0852,6.64,6.01,6.14,5.99,5.29,,16,7.01,,,7.39,6.64,6.6
M10,local,M,2026-W31,5,2,true,true,6.63,5.92,0.0852,6.55,6.02,6.03,5.94,5.32,,16,7.15,,,7.6,6.69,6.44
M10,local,M,2026-W32,5,2,false,true,6.67,5.99,0.0858,6.79,6.22,6.09,6.1,5.48,7.42,17,6.86,,,7.49,6.6,5.76
M10,local,M,2026-W33,5,2,true,true,6.82,6.05,0.0889,6.73,6.15,6.25,6.17,5.52,7.52,17,6.72,,,7.68,6.64,6.04
M10,local,M,2026-W34,5,2,true,true,6.71,5.93,0.0951,6.89,6.15,6.15,6.18,5.63,7.29,17,7.09,,,7.73,6.81,6.53
M10,local,M,2026-W35,5,2,true,true,6.73,5.98,0.0982,6.77,6.01,6.18,6.32,5.71,7.23,17,6.85,,,7.45,6.48,6.57
M10,local,M,2026-W36,5,2,true,true,6.71,5.94,0.0902,6.79,6.08,6.19,6.28,5.69,7.38,17,7.11,,,7.28,6.39,6.32
M10,local,M,2026-W37,4,2,true,true,6.47,5.7,0.0969,6.51,5.93,5.96,5.77,4.94,7.46,17,7.36,7.42,,7.43,6.64,6.89
M10,local,M,2026-W38,5,2,true,true,6.43,5.74,0.0891,6.25,5.7,5.99,5.7,5.08,7.37,17,7.33,7.42,,6.88,6,6.08
M10,local,M,2026-W39,5,2,true,true,6.35,5.73,0.0788,6.23,5.74,5.9,5.6,5,7.27,17,7.36,7.42,,7.86,6.93,6.43
M10,local,M,2026-W40,5,2,true,false,6.32,5.66,0.0907,6.39,5.73,5.78,5.53,5,7.32,17,7.35,7.42,,7.22,6.34,6.78
M10,local,M,2026-W41,5,0,true,false,6.37,5.68,0.088,6.25,5.79,5.9,5.53,5.01,6.94,17,7.25,7.42,12.8,,,
M100,local,M,2026-W17,0,2,false,true,,,,,,,,,,,,,,7.17,6.38,7.59
M100,local,M,2026-W18,5,2,false,false,6.5,5.8,0.084,,,,5.88,5.43,,13,11.61,,,7.05,6.35,7.11
M100,local,M,2026-W19,5,2,false,true,6.37,5.86,0.0622,,,,5.72,5.38,,12,11.58,,,7.28,6.62,7.36
M100,local,M,2026-W20,5,2,false,true,6.39,5.55,0.114,6.6,5.84,6.05,5.56,4.82,,15,11.94,,,7.01,6.33,7.66
M100,local,M,2026-W21,5,2,false,false,6.39,5.6,0.1076,,,,5.79,5.13,,13,12.16,,,7.39,6.62,7.55
M100,local,M,2026-W22,4,2,false,true,6.55,5.83,0.0958,6.43,5.87,6.21,6.08,5.3,,15,11.89,,,6.93,6.13,8.14
M100,local,M,2026-W23,5,2,false,true,6.57,5.82,0.0911,,,,,,7.14,4,12.07,,,7.04,6.2,8.04
M100,local,M,2026-W24,5,1,false,false,6.15,5.56,0.0964,,,,,,,2,11.92,,,7.13,6.26,7.17
M100,local,M,2026-W25,3,2,false,false,6.85,5.82,0.1117,,,,,,,2,11.05,,,6.82,6.15,7.82
M100,local,M,2026-W26,5,2,false,false,6.46,5.8,0.085,,,,,,,1,11.79,,,6.45,5.43,6.71
M100,local,M,2026-W27,3,2,true,true,6.5,5.84,0.0818,6.82,6.18,6.15,6.05,5.44,6.8,16,11.51,,,7.24,6.38,7.62
M100,local,M,2026-W28,5,2,true,true,6.54,5.87,0.0912,6.63,6.01,6.21,5.86,5.22,7.14,16,11.34,,,7.26,6.29,7.88
M100,local,M,2026-W29,5,2,true,true,6.44,5.7,0.0944,6.61,5.85,6.16,5.96,5.23,,16,11.79,,,7.04,6.3,8.21
M100,local,M,2026-W30,5,2,true,true,6.54,5.83,0.0881,6.57,5.94,6.38,5.83,5.31,,16,11.68,,,6.94,6.1,7.72
M100,local,M,2026-W31,5,2,true,true,6.54,5.92,0.0773,6.74,6.13,6.16,5.94,5.4,,16,11.68,,,6.54,5.71,5.83
M100,local,M,2026-W32,5,2,false,true,6.48,5.85,0.0792,6.57,6.02,6.15,5.9,5.3,7.11,17,11.68,,,6.19,5.3,5.69
M100,local,M,2026-W33,5,2,true,true,6.55,5.89,0.0831,6.56,6.01,6.19,6.1,5.45,6.98,17,11.54,,,6.88,6.03,5.79
M100,local,M,2026-W34,5,2,true,true,6.61,5.94,0.0859,6.82,6.23,6.14,6.13,5.53,7.21,17,11.36,,,7.15,6.47,7.73
M100,local,M,2026-W35,5,2,true,true,6.54,5.91,0.0769,6.82,6.2,6.22,6.07,5.45,6.83,17,11.08,,,7.05,6.26,7.66
M100,local,M,2026-W36,5,2,true,true,6.58,5.87,0.0778,6.66,5.97,6.09,5.98,5.44,7.36,17,11.73,,,6.93,6.14,7.9
M100,local,M,2026-W37,4,2,true,true,6.39,5.69,0.0844,6.39,5.76,5.93,5.77,5.13,7.17,17,12.09,12.39,,7.14,6.36,7.65
M100,local,M,2026-W38,5,2,true,true,6.31,5.64,0.0882,6.3,5.71,5.94,5.78,5.21,6.95,17,12.22,12.39,,7.02,6.27,7.96
M100,local,M,2026-W39,5,2,true,true,6.44,5.88,0.0694,6.37,5.77,6.04,5.91,5.42,7.17,17,11.93,12.39,,7.45,6.69,7.69
M100,local,M,2026-W40,5,2,true,false,6.32,5.71,0.0754,6.32,5.87,5.96,5.83,5.35,6.97,17,11.93,12.39,,6.85,6.26,7.7
M100,local,M,2026-W41,5,0,true,false,6.36,5.71,0.0858,6.38,5.84,5.91,5.65,5.01,7.11,17,12.06,12.39,15.6,,,
M101,local,M,2026-W17,0,2,false,true,,,,,,,,,,,,,,7.38,6.5,12.36
M101,local,M,2026-W18,5,2,false,false,6.64,5.92,0.0903,,,,6.42,5.8,,13,22.54,,,7.66,6.66,12.84
M101,local,M,2026-W19,5,2,false,true,6.53,5.79,0.0973,,,,5.99,5.26,,12,22.34,,,7.65,6.81,14.46
M101,local,M,2026-W20,5,2,false,true,6.61,5.83,0.1034,6.75,6.03,5.92,6.13,5.4,,15,22.78,,,7.41,6.34,13.23
M101,local,M,2026-W21,5,2,false,false,6.63,5.74,0.1139,,,,6.16,5.18,,13,20.78,,,7.92,6.92,14.73
M101,local,M,2026-W22,4,2,false,true,6.72,5.89,0.1072,6.64,5.88,6.2,6.25,5.44,,15,22.6,,,7.33,6.45,14.02
M101,local,M,2026-W23,5,2,false,true,6.61,5.87,0.0897,,,,,,7.52,4,21.3,,,7.65,6.67,10.96
M101,local,M,2026-W24,5,1,false,false,6.56,5.89,0.0769,,,,,,,2,19.54,,,7.66,6.7,11.53
M101,local,M,2026-W25,3,2,false,false,6.61,5.68,0.129,,,,,,,2,18.93,,,7.62,6.7,14.67
M101,local,M,2026-W26,5,2,false,false,6.72,5.89,0.1029,,,,,,,1,21.45,,,7.7,6.56,11.67
M101,local,M,2026-W27,3,2,true,true,6.75,5.84,0.1187,6.68,5.87,6.1,6.43,5.31,7.7,16,20.44,,,7.86,6.86,14.23
M101,local,M,2026-W28,5,2,true,true,6.66,5.76,0.1183,6.62,5.74,6.14,6.2,5.39,7.46,16,19.37,,,7.73,6.78,14.09
M101,local,M,2026-W29,5,2,true,true,6.56,5.63,0.1252,6.68,5.82,5.92,6.04,4.94,,16,19.15,,,7.69,6.91,14.31
M101,local,M,2026-W30,5,2,true,true,6.72,5.83,0.1122,6.56,5.75,6.26,6.31,5.47,,16,20.86,,,7.6,6.76,14.07
M101,local,M,2026-W31,5,2,true,true,6.71,5.89,0.1042,6.64,5.83,6.29,6.13,5.31,,16,20.96,,,6.95,6,12.94
M101,local,M,2026-W32,5,2,false,true,6.71,5.87,0.1091,6.7,5.98,6.26,6.28,5.47,7.39,17,21.57,,,6.85,5.88,12.5
M101,local,M,2026-W33,5,2,true,true,6.84,5.98,0.109,6.9,6.04,6.26,6.39,5.48,7.69,17,21.02,,,7.37,6.41,14.6
M101,local,M,2026-W34,5,2,true,true,6.81,5.92,0.1153,6.74,5.88,6.25,6.43,5.51,7.6,17,20.51,,,7.64,6.79,14.93
M101,local,M,2026-W35,5,2,true,true,6.86,5.93,0.1206,6.7,5.72,6.38,6.4,5.41,7.72,17,20.48,,,7.62,6.67,15.19
M101,local,M,2026-W36,5,2,true,true,6.83,5.93,0.109,6.7,5.82,6.26,6.44,5.57,7.74,17,19.6,,,7.6,6.6,15.25
M101,local,M,2026-W37,4,2,true,true,6.56,5.68,0.113,6.58,5.71,5.94,5.94,5.2,7.55,17,21.18,26.95,,7.59,6.66,14.96
M101,local,M,2026-W38,5,2,true,true,6.57,5.74,0.1066,6.5,5.8,5.89,5.97,5.23,7.77,17,21.62,26.95,,7.33,6.47,12.76
M101,local,M,2026-W39,5,2,true,true,6.31,5.37,0.1338,6.24,5.46,5.79,5.63,4.6,7.24,17,20.54,26.95,,7.74,6.94,15.03
M101,local,M,2026-W40,5,2,true,false,6.55,5.76,0.1068,6.48,5.66,5.88,5.97,5.25,7.74,17,20.47,26.95,,7.73,6.84,13.76
M101,local,M,2026-W41,5,0,true,false,6.62,5.83,0.1005,6.56,5.82,6.02,6.1,5.4,7.58,17,23.37,26.95,20.5,,,
M102,local,M,2026-W17,0,2,false,true,,,,,,,,,,,,,,6.91,5.86,9.31
M102,local,M,2026-W18,5,2,false,false,6,5.24,0.1079,,,,5.54,4.76,,13,13.13,,,7.43,6.3,8.68
M102,local,M,2026-W19,5,2,false,true,5.92,5.27,0.0998,,,,5.42,4.68,,12,12.61,,,7.15,6.29,9.24
M102,local,M,2026-W20,5,2,false,true,5.6,4.84,0.1304,5.18,4.52,5.05,5.06,4.32,,15,12.59,,,6.89,5.79,9.13
M102,local,M,2026-W21,5,2,false,false,5.78,4.96,0.1277,,,,5.06,4.21,,13,11.18,,,7.77,6.49,9.6
M102,local,M,2026-W22,4,2,false,true,5.97,5.09,0.1331,5.7,5.01,5.31,5.3,4.43,,15,12.11,,,7.13,6.25,9.41
M102,local,M,2026-W23,5,2,false,true,5.68,4.91,0.1289,,,,,,6.83,4,11.49,,,7.01,5.84,8.15
M102,local,M,2026-W24,5,1,false,false,5.9,5.18,0.1091,,,,,,,2,11.51,,,7.51,6.57,8.42
M102,local,M,2026-W25,3,2,false,false,5.35,4.91,0.1057,,,,,,,2,12.54,,,7.4,6.45,9.68
M102,local,M,2026-W26,5,2,false,false,6.27,5.55,0.0941,,,,,,,1,10.63,,,7.97,7.07,8.67
M102,local,M,2026-W27,3,2,true,true,6.04,5.18,0.1218,5.95,5.17,5.3,5.41,4.53,7.19,16,11.79,,,7.65,6.38,9.17
M102,local,M,2026-W28,5,2,true,true,5.89,5.05,0.1251,5.73,5.1,5.17,5.52,4.66,6.87,16,10.86,,,7.29,6.23,9.82
M102,local,M,2026-W29,5,2,true,true,5.87,5.03,0.1297,5.66,4.96,5.17,5.14,4.18,,16,11.1,,,7.43,6.41,8.65
M102,local,M,2026-W30,5,2,true,true,5.93,5.1,0.1239,5.64,4.96,5.27,5.22,4.48,,16,10.21,,,7.23,6.26,9.33
M102,local,M,2026-W31,5,2,true,true,5.95,5.1,0.1262,5.95,5.04,5.23,5.27,4.56,,16,11.6,,,6.64,5.62,8.76
M102,local,M,2026-W32,5,2,false,true,6.09,5.24,0.1279,5.87,5.11,5.37,5.33,4.49,7.27,17,11.97,,,6.78,5.71,9.32
M102,local,M,2026-W33,5,2,true,true,6.14,5.17,0.1321,5.95,5.15,5.46,5.5,4.61,7.31,17,12.08,,,6.92,5.94,9.45
M102,local,M,2026-W34,5,2,true,true,6.13,5.24,0.1275,6,5,5.44,5.46,4.78,7.28,17,11.59,,,7.16,6.2,10.03
M102,local,M,2026-W35,5,2,true,true,6.09,5.24,0.1208,5.82,4.99,5.47,5.54,4.75,7.19,17,11.24,,,7.34,6.11,8.98
M102,local,M,2026-W36,5,2,true,true,6.12,5.26,0.1137,5.9,5.02,5.42,5.41,4.71,7.34,17,11.03,,,7.28,6.39,9.72
M102,local,M,2026-W37,4,2,true,true,5.82,5.05,0.1164,5.64,4.93,5.06,5.24,4.48,7.01,17,12.54,14.81,,7.14,6.17,9.31
M102,local,M,2026-W38,5,2,true,true,5.83,5.03,0.1205,5.44,4.83,5.09,5.25,4.56,7.15,17,11.44,14.81,,6.8,5.77,8.15
M102,local,M,2026-W39,5,2,true,true,5.59,4.57,0.172,5.5,4.82,5.04,4.66,3.54,6.68,17,11.67,14.81,,7.44,6.57,10.28
M102,local,M,2026-W40,5,2,true,false,5.95,5.15,0.1207,5.63,4.98,5.13,5.35,4.64,7.46,17,12.39,14.81,,7.18,5.9,9.86
M102,local,M,2026-W41,5,0,true,false,5.92,5.11,0.1199,5.62,5.07,5.26,5.24,4.45,7.08,17,13.08,14.81,14.9,,,
M103,local,M,2026-W17,0,2,false,true,,,,,,,,,,,,,,7.3,6.51,7.84
M103,local,M,2026-W18,5,2,false,false,6.07,5.28,0.1213,,,,5.39,4.75,,13,12.11,,,7.47,6.6,8.87
M103,local,M,2026-W19,5,2,false,true,6.05,5.34,0.1035,,,,5.3,4.74,,12,11.39,,,7.36,6.33,8
M103,local,M,2026-W20,5,2,false,true,5.97,5.19,0.1078,5.87,5.37,5.18,5.31,4.61,,15,11.57,,,6.87,5.69,6.75
M103,local,M,2026-W21,5,2,false,false,6.18,5.34,0.124,,,,5.35,4.46,,13,11.03,,,7.68,6.58,8.76
M103,local,M,2026-W22,4,2,false,true,6.15,5.29,0.1232,6.04,5.2,5.35,5.48,4.69,,15,11.77,,,7.29,5.95,8.02
M103,local,M,2026-W23,5,2,false,true,6.26,5.36,0.1281,,,,,,7.41,4,10.55,,,6.82,5.88,7.37
M103,local,M,2026-W24,5,1,false,false,6.29,5.54,0.1098,,,,,,,2,10.94,,,7.9,7.05,8.24
M103,local,M,2026-W25,3,2,false,false,6.1,5.48,0.1039,,,,,,,2,9.73,,,7.79,6.15,8.55
M103,local,M,2026-W26,5,2,false,false,5.66,5,0.1008,,,,,,,1,11.05,,,7.45,6.26,7.68
M103,local,M,2026-W27,3,2,true,true,6.2,5.42,0.1093,6.11,5.51,5.27,5.5,4.78,7.54,16,9.95,,,7.85,6.76,7.63
M103,local,M,2026-W28,5,2,true,true,6.08,5.18,0.1334,6.25,5.49,5.33,5.47,4.59,6.89,16,10.12,,,7.36,6.45,8.14
M103,local,M,2026-W29,5,2,true,true,6.03,5.17,0.128,5.88,5.24,5.28,5.15,4.27,,16,11.31,,,7.45,6.36,7.23
M103,local,M,2026-W30,5,2,true,true,6.17,5.34,0.1201,6.01,5.29,5.43,5.25,4.52,,16,10.28,,,7.42,6.31,8.12
M103,local,M,2026-W31,5,2,true,true,6.15,5.25,0.1244,6.03,5.38,5.44,5.25,4.48,,16,10.99,,,6.87,5.79,8.26
M103,local,M,2026-W32,5,2,false,true,5.94,5.05,0.1262,6,5.21,5.34,5.18,4.51,6.74,17,11.68,,,7.09,5.97,7.46
M103,local,M,2026-W33,5,2,true,true,6.22,5.45,0.1137,6.39,5.59,5.45,5.53,4.77,7.23,17,10.75,,,7.18,6.1,8.54
M103,local,M,2026-W34,5,2,true,true,6.32,5.52,0.1124,6.17,5.57,5.6,5.5,4.75,7.55,17,11.58,,,7.43,6.19,9.26
M103,local,M,2026-W35,5,2,true,true,6.26,5.53,0.1042,6.22,5.62,5.55,5.53,4.86,7.34,17,10.22,,,7.57,6.67,8.82
M103,local,M,2026-W36,5,2,true,true,6.39,5.54,0.108,6.24,5.54,5.55,5.57,4.87,7.67,17,10.12,,,7.54,6.56,8.85
M103,local,M,2026-W37,4,2,true,true,5.87,5.07,0.1192,5.85,5.09,5.01,5.09,4.28,7,17,10.33,12.94,,7.23,6.28,9.23
M103,local,M,2026-W38,5,2,true,true,5.93,5.09,0.1204,5.85,5.18,4.93,5.24,4.44,7.24,17,10.99,12.94,,6.83,5.87,8.12
M103,local,M,2026-W39,5,2,true,true,5.64,4.63,0.1633,5.69,4.97,4.96,4.59,3.6,6.65,17,10.83,12.94,,7.56,6.6,9.25
M103,local,M,2026-W40,5,2,true,false,5.98,5.25,0.1055,5.83,5.27,5.29,5.23,4.61,7.07,17,11.23,12.94,,6.85,5.88,8.77
M103,local,M,2026-W41,5,0,true,false,6.02,5.28,0.1066,5.97,5.38,5.36,5.2,4.54,7.03,17,11.08,12.94,12.8,,,
M104,local,M,2026-W17,0,2,false,true,,,,,,,,,,,,,,7.01,6.07,12.86
M104,local,M,2026-W18,5,2,false,false,5.83,5.07,0.1099,,,,5.22,4.67,,13,8.84,,,6.68,5.78,13.48
M104,local,M,2026-W19,5,2,false,true,5.89,5.22,0.0878,,,,5.08,4.68,,12,8.99,,,6.56,5.62,13.08
M104,local,M,2026-W20,5,2,false,true,5.77,5.16,0.0911,5.6,5.11,5.39,5,4.44,,15,8.49,,,6.66,5.63,13.67
M104,local,M,2026-W21,5,2,false,false,5.81,5.05,0.1092,,,,5.33,4.55,,13,8.74,,,6.87,5.74,13.48
M104,local,M,2026-W22,4,2,false,true,6.11,5.31,0.1092,6.28,5.58,5.81,5.36,4.53,,15,8.94,,,6.81,5.81,10.68
M104,local,M,2026-W23,5,2,false,true,6.04,5.2,0.119,,,,,,6.52,4,7.91,,,6.47,5.51,12.5
M104,local,M,2026-W24,5,1,false,false,5.76,4.97,0.1287,,,,,,,2,8.94,,,7.05,6.02,11.18
M104,local,M,2026-W25,3,2,false,false,5.87,5.09,0.0959,,,,,,,2,8.99,,,6.78,5.78,13.08
M104,local,M,2026-W26,5,2,false,false,5.73,4.94,0.1078,,,,,,,1,8.96,,,7.21,6.1,11.86
M104,local,M,2026-W27,3,2,true,true,5.99,5.27,0.0994,6.31,5.64,5.44,5.37,4.7,6.52,16,8.64,,,7.12,6.07,13.05
M104,local,M,2026-W28,5,2,true,true,5.91,5.13,0.1092,6.16,5.63,5.53,5.41,4.75,6.17,16,9.06,,,6.79,5.75,13.29
M104,local,M,2026-W29,5,2,true,true,5.79,5.08,0.1004,5.78,5.14,5.46,5.26,4.63,,16,9.47,,,6.95,5.88,12.41
M104,local,M,2026-W30,5,2,true,true,5.93,5.11,0.1119,6.01,5.24,5.55,5.29,4.69,,16,8.89,,,6.77,5.91,12.7
M104,local,M,2026-W31,5,2,true,true,5.98,5.22,0.1033,6.17,5.48,5.6,5.31,4.7,,16,9.31,,,6.63,5.73,12.67
M104,local,M,2026-W32,5,2,false,true,5.99,5.34,0.0935,6.26,5.52,5.58,5.37,4.73,6.17,17,8.74,,,6.5,5.45,12.61
M104,local,M,2026-W33,5,2,true,true,6.04,5.27,0.1022,6.35,5.69,5.63,5.48,4.77,6.31,17,8.93,,,7,5.98,11.71
M104,local,M,2026-W34,5,2,true,true,6.05,5.23,0.1088,6.07,5.39,5.58,5.55,4.88,6.53,17,9.1,,,6.82,5.92,13.21
M104,local,M,2026-W35,5,2,true,true,6.04,5.26,0.101,6.26,5.45,5.68,5.38,4.7,6.44,17,9.17,,,6.94,5.91,12.94
M104,local,M,2026-W36,5,2,true,true,6.02,5.17,0.1129,6.19,5.39,5.6,5.32,4.69,6.6,17,8.83,,,6.93,5.9,12.57
M104,local,M,2026-W37,4,2,true,true,5.72,5.02,0.1018,5.79,5.06,5.21,5.23,4.6,6.28,17,8.81,9.43,,6.59,5.75,13.01
M104,local,M,2026-W38,5,2,true,true,5.85,5.14,0.1029,5.79,5.2,5.5,5.2,4.62,6.4,17,9.26,9.43,,6.71,5.91,11.77
M104,local,M,2026-W39,5,2,true,true,5.86,5.2,0.0869,5.84,5.27,5.43,5.2,4.63,6.5,17,9.01,9.43,,6.89,6.08,12.56
M104,local,M,2026-W40,5,2,true,false,5.79,5.09,0.0988,5.8,5.3,5.33,5.17,4.47,6.38,17,9.28,9.43,,6.88,6.01,12.31
M104,local,M,2026-W41,5,0,true,false,5.85,5.14,0.0996,6,5.37,5.47,5.23,4.65,6.32,17,9.23,9.43,11.2,,,
M106,local,M,2026-W17,0,2,false,true,,,,,,,,,,,,,,7.38,5.9,1.21
M106,local,M,2026-W18,5,2,false,false,5.62,4.18,0.218,,,,6.06,4.98,,12,2.38,,,7.12,6.06,1.08
M106,local,M,2026-W19,5,2,false,true,5.86,4.66,0.195,,,,6.28,5.35,,11,2.61,,,5.71,4.35,0.84
M106,local,M,2026-W20,5,2,false,true,6.46,4.83,0.2131,6.96,5.95,6.15,5.81,4.89,,14,2.62,,,6.85,4.94,1.08
M106,local,M,2026-W21,5,2,false,false,6.18,4.41,0.267,,,,5.93,4.85,,12,2.53,,,7.82,6.43,1.03
M106,local,M,2026-W22,4,2,false,true,6.1,4.33,0.2548,5.51,4.73,5.99,6.05,4.92,,13,2.79,,,6.1,5.06,0.99
M106,local,M,2026-W23,2,2,false,true,5.8,2.35,0.564,,,,,,,2,2.68,,,6.32,4.76,0.91
M106,local,M,2026-W24,0,1,false,false,,,,,,,,,,,,,,10.9,7.94,0.64
M106,local,M,2026-W25,0,1,false,false,,,,,,,,,,,,,,9.43,8.73,0.9
M106,local,M,2026-W27,3,2,true,true,6.59,5.03,0.2037,6.37,5.49,6.52,6.24,5.46,,14,2.39,,,6.9,4.61,0.7
M106,local,M,2026-W28,5,2,true,true,5.88,4.29,0.2499,6.15,5.06,5.55,5.91,5.06,6.05,16,2.41,,,6.17,3.33,0.66
M106,local,M,2026-W29,5,2,true,true,6.38,5.01,0.2125,5.82,4.93,6.34,6.2,5.07,,15,2.45,,,8,6.77,0.98
M106,local,M,2026-W30,5,2,true,true,5.78,4.34,0.2274,5.53,4.53,5.26,5.68,4.79,,15,2.53,,,7.82,6.82,1.16
M106,local,M,2026-W31,5,2,true,true,5.94,4.55,0.201,5.66,4.85,5.33,5.89,4.85,,15,2.54,,,7.41,6.06,1.15
M106,local,M,2026-W32,5,2,false,true,6.35,4.81,0.2273,6.16,5.13,6.34,5.88,4.72,,15,2.43,,,6.28,4.54,0.75
M106,local,M,2026-W33,5,2,true,true,6.12,4.6,0.2305,6.53,5.5,5.85,6.02,5,,15,2.41,,,5.04,3.14,0.67
M106,local,M,2026-W34,5,2,true,true,5.88,4.64,0.1913,6.38,5.08,5.39,6.02,5.17,,15,2.3,,,5.2,3.77,0.51
M106,local,M,2026-W35,5,2,true,true,6.02,4.61,0.2132,6.03,4.85,5.47,6.19,5.29,6.77,16,2.33,,,6.61,4.66,0.67
M106,local,M,2026-W36,5,2,true,true,6.24,4.64,0.2238,6.61,5.17,5.32,6.51,5.67,,15,2.26,,,6.12,4.12,0.78
M106,local,M,2026-W37,4,2,true,true,5.85,4.4,0.2217,6.06,4.88,5.22,5.62,4.69,,14,2.39,2.16,,5.89,4.26,0.8
M106,local,M,2026-W38,5,2,true,true,5.71,4.34,0.2176,5.88,5.04,5.02,5.89,5.03,,16,2.42,2.16,,5.31,4.3,0.66
M106,local,M,2026-W39,5,2,true,true,5.83,4.34,0.2165,5.8,4.69,5.22,5.93,5.06,,15,2.39,2.16,,5.64,4.35,0.76
M106,local,M,2026-W40,5,2,true,false,5.61,4.34,0.1984,5.51,4.72,5.33,5.47,4.92,,15,2.48,2.16,,7.03,5.77,0.9
M106,local,M,2026-W41,5,0,true,false,5.64,3.99,0.2639,5.92,4.84,5.51,5.5,4.67,,15,2.51,2.16,11,,,
M11,local,M,2026-W17,0,2,false,true,,,,,,,,,,,,,,7.61,6.49,8.48
M11,local,M,2026-W18,5,2,false,false,6.05,5.31,0.1068,,,,5.3,4.64,,13,12.38,,,7.08,6.25,7.79
M11,local,M,2026-W19,5,2,false,true,6.02,5.3,0.0982,,,,5.21,4.52,,12,13.29,,,7.46,6.56,7.18
M11,local,M,2026-W20,5,2,false,true,5.96,5.15,0.1144,5.63,5.08,5.41,5.26,4.66,,15,12.75,,,7.33,6.28,6.62
M11,local,M,2026-W21,5,2,false,false,6.15,5.34,0.1146,,,,5.33,4.61,,13,13.01,,,7.56,6.49,8.32
M11,local,M,2026-W22,4,2,false,true,6.12,5.34,0.1102,6.06,5.28,5.58,5.54,4.78,,15,13.03,,,7.08,6.1,8.32
M11,local,M,2026-W23,5,2,false,true,5.87,5.19,0.1051,,,,,,6.75,4,12.9,,,7.36,6.36,7.77
M11,local,M,2026-W24,5,1,false,false,5.86,5.1,0.1052,,,,,,,2,13.31,,,8.07,7.1,8.09
M11,local,M,2026-W25,3,2,false,false,5.3,4.54,0.1275,,,,,,,2,13,,,6.87,6.25,7.81
M11,local,M,2026-W26,5,2,false,false,5.61,4.76,0.1047,,,,,,,1,12.4,,,7.49,6.71,7.7
M11,local,M,2026-W27,3,2,true,true,6.19,5.44,0.1028,6.25,5.65,5.59,5.58,4.84,7.03,16,12.53,,,7.61,6.67,7.64
M11,local,M,2026-W28,5,2,true,true,6.2,5.47,0.1015,6.29,5.67,5.67,5.55,4.83,6.94,16,13,,,7.05,6.18,8.05
M11,local,M,2026-W29,5,2,true,true,6,5.27,0.1061,5.92,5.32,5.49,5.46,4.7,,16,12.7,,,7.11,6.28,7.82
M11,local,M,2026-W30,5,2,true,true,6.17,5.47,0.0976,6.2,5.6,5.69,5.33,4.62,,16,12.73,,,7.17,6.29,7.85
M11,local,M,2026-W31,5,2,true,true,6.2,5.48,0.096,6.25,5.62,5.66,5.47,4.87,,16,12.66,,,7.25,6.35,7.69
M11,local,M,2026-W32,5,2,false,true,6.2,5.44,0.1016,6.23,5.57,5.82,5.31,4.67,6.83,17,12.81,,,7.21,6.24,7.76
M11,local,M,2026-W33,5,2,true,true,6.37,5.57,0.1076,6.35,5.67,5.75,5.68,4.94,7.33,17,12.85,,,7.6,6.55,7.92
M11,local,M,2026-W34,5,2,true,true,6.28,5.54,0.0967,6.47,5.79,5.68,5.67,5.02,7.07,17,13.01,,,7.38,6.47,8.25
M11,local,M,2026-W35,5,2,true,true,6.32,5.52,0.1029,6.32,5.61,5.76,5.8,5.14,7.18,17,13.02,,,7.29,6.35,7.96
M11,local,M,2026-W36,5,2,true,true,6.34,5.57,0.0965,6.22,5.53,5.66,5.69,5.04,7.59,17,13.06,,,7.39,6.47,8.29
M11,local,M,2026-W37,4,2,true,true,5.93,5.23,0.1018,6.05,5.47,5.25,5.23,4.56,6.88,17,12.87,12.67,,7.02,6.19,8.27
M11,local,M,2026-W38,5,2,true,true,6.01,5.33,0.0914,6.06,5.48,5.4,5.29,4.71,6.89,17,13.25,12.81,,6.89,6.06,7.74
M11,local,M,2026-W39,5,2,true,true,5.97,5.28,0.0908,5.97,5.31,5.35,5.42,4.88,6.8,17,13.25,12.75,,7.49,6.64,8.01
M11,local,M,2026-W40,5,2,true,false,5.91,5.25,0.0954,5.8,5.25,5.4,5.29,4.71,6.73,17,13.38,12.81,,7.45,6.53,8.4
M11,local,M,2026-W41,5,0,true,false,5.84,5.14,0.1016,5.97,5.42,5.27,5,4.46,6.76,17,12.81,12.81,16.9,,,
M116,local,M,2026-W17,0,2,false,true,,,,,,,,,,,,,,6.7,5.64,4.06
M116,local,M,2026-W18,5,2,false,false,6.05,5.07,0.1351,,,,5.68,4.82,,13,6.62,,,6.55,5.18,3.96
M116,local,M,2026-W19,5,2,false,true,6.07,4.99,0.1458,,,,5.32,4.56,,12,6.19,,,6.91,5.46,3.6
M116,local,M,2026-W20,5,2,false,true,6.19,5.11,0.1405,6.27,4.99,5.7,5.56,4.76,,15,6.63,,,6.65,5.33,4.39
M116,local,M,2026-W21,5,2,false,false,6.45,5.19,0.174,,,,5.73,4.77,,13,6.69,,,7.13,5.85,4.14
M116,local,M,2026-W22,4,2,false,true,6.17,5.17,0.135,6,5.23,5.95,5.73,4.86,,15,6.47,,,6.74,5.39,4.3
M116,local,M,2026-W23,5,2,false,true,6.15,5.15,0.1277,,,,,,6.95,4,6.44,,,6.7,5.61,4.37
M116,local,M,2026-W24,5,1,false,false,5.69,4.46,0.1781,,,,,,,2,6.57,,,7.01,5.8,3.75
M116,local,M,2026-W25,3,2,false,false,6.53,5.23,0.1639,,,,,,,2,6.05,,,7.07,5.42,3.73
M116,local,M,2026-W26,5,2,false,false,5.9,5.44,0.0948,,,,,,,1,6.51,,,7.09,6.07,3.85
M116,local,M,2026-W27,3,2,true,true,6.26,5.18,0.1414,6.2,5.23,5.37,6.43,5.23,7.31,16,6.14,,,6.8,5.6,3.93
M116,local,M,2026-W28,5,2,true,true,6.28,5.22,0.1393,6.14,5.17,5.91,5.94,5,6.98,16,6.26,,,6.65,5.51,4.26
M116,local,M,2026-W29,5,2,true,true,6.04,5,0.1443,5.92,5,5.67,5.81,4.84,,16,6.25,,,6.9,5.74,4
M116,local,M,2026-W30,5,2,true,true,6.14,5.09,0.1454,6.19,5.07,5.75,5.42,4.66,,16,6.81,,,6.7,5.42,3.98
M116,local,M,2026-W31,5,2,true,true,5.98,4.83,0.1637,5.95,5.11,5.48,5.65,4.66,,16,6.48,,,6.55,5.4,4.57
M116,local,M,2026-W32,5,2,false,true,6.18,5.03,0.1595,6.12,5.08,5.85,5.86,4.91,6.87,17,6.53,,,6.66,5.25,4.17
M116,local,M,2026-W33,5,2,true,true,6.24,5.21,0.1389,6.34,5.45,5.74,5.86,4.92,6.98,17,6.26,,,6.59,5.57,4.21
M116,local,M,2026-W34,5,2,true,true,6.37,5.4,0.1311,6.24,5.3,5.94,5.95,5.04,7.19,17,6.43,,,6.78,5.64,4.11
M116,local,M,2026-W35,5,2,true,true,6.33,5.27,0.1393,6.42,5.42,6.05,5.87,4.96,6.73,17,6.46,,,6.84,5.56,3.84
M116,local,M,2026-W36,5,2,true,true,6.38,5.28,0.1376,6.13,5.11,5.86,5.79,5.01,7.54,17,6.47,,,6.52,5.29,4.25
M116,local,M,2026-W37,4,2,true,true,5.97,4.91,0.1441,5.84,4.89,5.56,5.6,4.68,6.77,17,6.6,6.19,,6.37,5.26,4.28
M116,local,M,2026-W38,5,2,true,true,6.16,5.08,0.1465,5.88,4.88,5.82,5.63,4.73,7.1,17,6.6,6.19,,6.6,5.43,4.05
M116,local,M,2026-W39,5,2,true,true,6.1,5.11,0.1309,5.86,4.98,5.76,5.49,4.68,6.99,17,6.49,6.19,,6.88,5.79,4.09
M116,local,M,2026-W40,5,2,true,false,6.33,5.26,0.1422,5.91,4.95,6.06,6.01,5.14,7.13,17,6.66,6.19,,6.64,5.73,4.51
M116,local,M,2026-W41,5,0,true,false,5.94,4.95,0.1415,5.78,4.91,5.56,5.68,4.8,6.63,17,6.92,6.19,15.6,,,
M12,local,M,2026-W17,0,2,false,true,,,,,,,,,,,,,,8.34,7.54,1.93
M12,local,M,2026-W18,5,2,false,false,7.13,6.24,0.0998,,,,6.23,5.27,,13,2.18,,,7.26,6.49,1.51
M12,local,M,2026-W19,5,2,false,true,6.9,6.14,0.1071,,,,5.81,4.8,,12,2.05,,,7.45,6.65,1.99
M12,local,M,2026-W20,5,2,false,true,6.43,5.67,0.0893,6.67,5.94,6.4,5.55,5.06,,15,2.23,,,7.79,6.58,2.13
M12,local,M,2026-W21,5,2,false,false,7.29,6.24,0.1316,,,,6.04,4.58,,12,2.24,,,7.82,6.68,1.67
M12,local,M,2026-W22,4,2,false,true,7.07,6.22,0.1062,6.96,6.03,6.27,6.96,6,,15,2.05,,,6.75,5.72,2.12
M12,local,M,2026-W23,5,2,false,true,6.89,5.69,0.1252,,,,,,8.12,4,2.17,,,6.99,6.2,2.13
M12,local,M,2026-W24,3,1,false,false,8.47,7.53,0.0984,,,,,,,2,2.05,,,9.07,7.62,2.03
M12,local,M,2026-W25,2,2,false,false,8.29,7.62,0.0738,,,,,,,2,2.02,,,7.14,6.65,1.94
M12,local,M,2026-W26,4,2,false,false,7.13,5.04,0.1378,,,,,,,1,1.82,,,8.97,7.74,1.85
M12,local,M,2026-W27,3,2,true,true,7.08,6.06,0.1202,7.03,5.97,6.7,6.2,4.88,7.78,16,2.22,,,7.59,6.82,1.87
M12,local,M,2026-W28,5,2,true,true,7.01,6.14,0.1133,7.13,6.42,6.13,6.67,5.98,7.95,16,2.13,,,7.66,6.48,1.95
M12,local,M,2026-W29,5,2,true,true,6.41,5.6,0.1186,5.46,4.87,5.86,6.53,5.68,,16,2.12,,,8.01,6.9,2.06
M12,local,M,2026-W30,5,2,true,true,7.25,6.27,0.1102,6.67,5.79,6.94,6.44,5.41,,16,2.19,,,8.06,7.17,1.52
M12,local,M,2026-W31,5,2,true,true,7.34,6.39,0.1217,6.59,5.67,6.69,6.59,5.61,,16,2.22,,,8.28,7.07,1.61
M12,local,M,2026-W32,5,2,false,true,7.08,6.1,0.1254,6.62,5.58,6.65,6.24,5.37,8.16,16,1.96,,,7.23,6.33,1.79
M12,local,M,2026-W33,5,2,true,true,7.28,6.25,0.1287,7.37,6.46,6.75,6.82,5.91,7.81,17,1.69,,,7.57,6.49,1.66
M12,local,M,2026-W34,5,2,true,true,7.15,6.2,0.12,6.66,5.65,6.53,5.89,4.99,8.66,17,2.15,,,7.51,6.62,1.93
M12,local,M,2026-W35,5,2,true,true,6.97,6.03,0.1253,6.73,5.61,6.8,6.28,5.42,7.92,17,1.77,,,7.67,6.31,1.85
M12,local,M,2026-W36,5,2,true,true,7.51,6.38,0.1162,6.82,5.74,6.72,6.12,5.2,10.07,17,2.03,,,7.98,6.71,1.79
M12,local,M,2026-W37,4,2,true,true,6.49,5.64,0.1227,6.64,5.64,5.89,5.08,4.15,7.65,17,2.25,2.07,,7.48,6.33,1.86
M12,local,M,2026-W38,5,2,true,true,6.59,5.78,0.1069,6.25,5.38,6.21,5.2,4.49,8.01,17,2.04,2.07,,7.6,6.48,1.89
M12,local,M,2026-W39,5,2,true,true,6.51,5.51,0.1281,6.29,5.38,5.9,5.72,4.6,7.51,17,2.16,2.07,,7.7,6.63,1.8
M12,local,M,2026-W40,5,2,true,false,6.69,5.84,0.1083,6.07,5.43,5.72,5.85,4.99,8.73,17,2.21,2.07,,7.61,6.84,1.82
M12,local,M,2026-W41,5,0,true,false,6.44,5.65,0.1109,6.01,5.25,5.55,5.79,5.03,7.89,17,2.18,2.07,12.8,,,
M125,local,M,2026-W17,0,2,false,true,,,,,,,,,,,,,,6.71,5.74,6.8
M125,local,M,2026-W18,5,2,false,false,5.92,5.16,0.1205,,,,5.51,4.69,,13,9.13,,,6.46,5.14,5.16
M125,local,M,2026-W19,5,2,false,true,5.64,4.81,0.1205,,,,4.77,3.96,,12,9.49,,,7.03,5.92,5.64
M125,local,M,2026-W20,5,2,false,true,5.85,5.03,0.1354,5.9,5.19,5.36,4.99,4.24,,15,9.38,,,6.62,5.49,6.65
M125,local,M,2026-W21,5,2,false,false,5.75,4.87,0.1297,,,,5.04,4.17,,13,9.5,,,6.98,6,7.01
M125,local,M,2026-W22,4,2,false,true,5.67,4.7,0.148,5,4.23,5.43,5.09,4.1,,15,9.64,,,6.47,5.46,6.83
M125,local,M,2026-W23,5,2,false,true,5.89,4.73,0.1768,,,,,,6.68,4,9.38,,,6.46,5.46,7.09
M125,local,M,2026-W24,5,1,false,false,6,4.94,0.1493,,,,,,,2,9.51,,,7.2,6.23,6.3
M125,local,M,2026-W25,3,2,false,false,5.76,4.87,0.1267,,,,,,,2,8.49,,,6.2,5.14,6.78
M125,local,M,2026-W26,5,2,false,false,5.97,5.13,0.1486,,,,,,,1,8.62,,,6.72,5.83,6.97
M125,local,M,2026-W27,3,2,true,true,5.75,4.89,0.1242,5.78,4.83,5.32,5.28,4.48,6.41,16,9.5,,,7.21,6.1,6.61
M125,local,M,2026-W28,5,2,true,true,5.89,4.92,0.1331,5.62,4.55,5.63,5.24,4.34,6.67,16,9.06,,,7.02,5.95,6.83
M125,local,M,2026-W29,5,2,true,true,5.84,4.94,0.1259,5.8,4.91,5.61,5.19,4.23,,16,9.03,,,6.86,5.91,6.79
M125,local,M,2026-W30,5,2,true,true,5.97,5.02,0.1274,5.81,4.86,5.58,5.31,4.55,,16,9.4,,,6.87,5.76,7.04
M125,local,M,2026-W31,5,2,true,true,5.79,4.89,0.132,5.88,4.9,5.38,5,4.18,,16,9.17,,,6.5,5.53,6.07
M125,local,M,2026-W32,5,2,false,true,5.72,4.8,0.1419,5.64,4.79,5.35,5.26,4.51,6.3,17,9.13,,,6.74,5.64,6.39
M125,local,M,2026-W33,5,2,true,true,5.78,4.89,0.1328,5.91,4.99,5.46,5.18,4.36,6.28,17,9.04,,,6.54,5.63,6.68
M125,local,M,2026-W34,5,2,true,true,5.99,5.08,0.1313,5.87,4.85,5.6,5.61,4.71,6.67,17,8.95,,,6.73,5.83,5.95
M125,local,M,2026-W35,5,2,true,true,6.09,5.22,0.122,6.12,5.17,5.66,5.67,4.83,6.79,17,9,,,6.73,5.75,6.66
M125,local,M,2026-W36,5,2,true,true,5.91,4.98,0.1267,5.87,4.74,5.52,5.56,4.8,6.42,17,9.13,,,6.75,5.76,6.87
M125,local,M,2026-W37,4,2,true,true,5.68,4.82,0.132,5.52,4.6,5.4,4.89,4.12,6.61,17,9.21,9.79,,6.58,5.7,7.24
M125,local,M,2026-W38,5,2,true,true,5.89,5.05,0.1194,5.3,4.57,5.6,5.37,4.58,6.85,17,9.27,9.79,,6.43,5.5,6.59
M125,local,M,2026-W39,5,2,true,true,5.8,4.97,0.1171,5.29,4.44,5.59,5.14,4.35,6.72,17,9.32,9.79,,7.05,6.15,6.77
M125,local,M,2026-W40,5,2,true,false,5.87,5.05,0.1204,5.41,4.63,5.69,5.22,4.42,6.93,17,9.18,9.79,,6.65,5.71,6.53
M125,local,M,2026-W41,5,0,true,false,5.82,4.96,0.1289,5.74,4.87,5.49,5.21,4.3,6.45,17,8.63,9.79,19.9,,,
M14A+,sbs,M,2026-W17,0,2,false,true,,,,,,,,,,,,,,6.43,5.47,5.17
M14A+,sbs,M,2026-W18,5,2,false,false,6.05,5.15,0.1246,,,,5.63,4.9,,13,6.59,,,6.16,4.93,4.8
M14A+,sbs,M,2026-W19,5,2,false,true,6.1,5.28,0.1103,,,,5.79,5.31,,12,6.66,,,6.46,5.51,5.47
M14A+,sbs,M,2026-W20,5,2,false,true,6.02,5.17,0.1228,6.17,5.31,5.61,5.44,4.81,,15,6.99,,,6.03,4.5,3.37
M14A+,sbs,M,2026-W21,5,2,false,false,5.99,4.9,0.1671,,,,5.41,4.11,,13,6.82,,,6.62,5.65,5.24
M14A+,sbs,M,2026-W22,4,2,false,true,6.24,5.25,0.1288,6.4,5.53,5.86,5.75,4.88,,15,6.55,,,6.65,5.52,5.38
M14A+,sbs,M,2026-W23,5,2,false,true,6.18,5.37,0.111,,,,,,6.67,4,7.03,,,6.55,5.46,4.75
M14A+,sbs,M,2026-W24,5,1,false,false,6.3,5.25,0.1576,,,,,,,2,6.81,,,7.05,6.06,4.53
M14A+,sbs,M,2026-W25,3,2,false,false,6.56,5.67,0.1197,,,,,,,2,6.02,,,6.28,5.02,4.5
M14A+,sbs,M,2026-W26,5,2,false,false,5.86,5.08,0.1166,,,,,,,1,6.87,,,6.25,5.45,4.52
M14A+,sbs,M,2026-W27,3,2,true,true,6.09,5.27,0.1165,6.18,5.36,5.61,5.91,5.15,6.51,16,6.73,,,6.91,5.58,4.55
M14A+,sbs,M,2026-W28,5,2,true,true,6.22,5.22,0.1334,6.06,5.25,5.78,5.97,5.15,6.81,16,6.57,,,6.6,5.57,5.08
M14A+,sbs,M,2026-W29,5,2,true,true,6.17,5.15,0.1402,6.48,5.41,5.73,5.77,4.98,,16,6.28,,,6.58,5.62,5.32
M14A+,sbs,M,2026-W30,5,2,true,true,6.12,5.16,0.1325,6.14,5.3,5.81,5.73,4.97,,16,6.81,,,6.52,5.65,4.98
M14A+,sbs,M,2026-W31,5,2,true,true,6.2,5.27,0.1236,6.43,5.57,5.73,5.58,4.94,,16,6.6,,,6.42,5.56,5.26
M14A+,sbs,M,2026-W32,5,2,false,true,6.28,5.25,0.1417,6.22,5.29,5.9,5.55,4.73,6.87,17,5.32,,,6.37,5.38,4.12
M14A+,sbs,M,2026-W33,5,2,true,true,6.31,5.39,0.1211,6.6,5.65,5.95,5.79,5.02,6.63,17,6.42,,,6.53,5.58,4.86
M14A+,sbs,M,2026-W34,5,2,true,true,6.32,5.42,0.1194,6.41,5.49,5.87,5.79,5.17,6.99,17,6.58,,,6.51,5.48,4.49
M14A+,sbs,M,2026-W35,5,2,true,true,6.33,5.42,0.118,6.47,5.59,6.11,5.73,4.95,6.66,17,6.54,,,6.55,5.45,4.87
M14A+,sbs,M,2026-W36,5,2,true,true,6.3,5.32,0.1269,6.36,5.34,5.84,5.76,5.03,7.05,17,6.4,,,6.72,5.65,5.11
M14A+,sbs,M,2026-W37,4,2,true,true,5.97,5.08,0.1247,6.08,5.28,5.56,5.68,4.85,6.32,17,6.52,6.55,,6.47,5.53,5.14
M14A+,sbs,M,2026-W38,5,2,true,true,5.98,5.12,0.1249,6.1,5.33,5.7,5.42,4.76,6.32,17,6.36,6.55,,6.36,5.5,4.73
M14A+,sbs,M,2026-W39,5,2,true,true,6.04,5.18,0.1163,6.1,5.35,5.68,5.63,4.93,6.47,17,6.02,6.55,,6.78,5.87,4.93
M14A+,sbs,M,2026-W40,5,2,true,false,6.1,5.21,0.1243,6.18,5.24,5.73,5.78,5.03,6.58,17,6.73,6.55,,6.42,5.46,5.76
M14A+,sbs,M,2026-W41,5,0,true,false,6.06,5.14,0.1306,6.18,5.27,5.75,5.49,4.68,6.53,17,6.67,6.55,17.5,,,
M14D+,sbs,M,2026-W17,0,2,false,true,,,,,,,,,,,,,,6.74,5.76,7.55
M14D+,sbs,M,2026-W18,5,2,false,false,6.1,5.27,0.1239,,,,5.64,4.86,,13,11.74,,,6.48,5.45,7.28
M14D+,sbs,M,2026-W19,5,2,false,true,6.35,5.24,0.1508,,,,6.16,5.13,,12,11.64,,,6.77,5.96,7.6
M14D+,sbs,M,2026-W20,5,2,false,true,6.12,5.3,0.1219,6.18,5.39,5.91,5.75,4.9,,15,12.17,,,6.42,4.93,6.28
M14D+,sbs,M,2026-W21,5,2,false,false,6.4,5.47,0.1221,,,,6.11,5.17,,13,12.06,,,6.89,5.79,7.45
M14D+,sbs,M,2026-W22,4,2,false,true,6.39,5.43,0.1239,6.39,5.53,6,6.12,5.25,,15,11.85,,,6.75,5.82,7.69
M14D+,sbs,M,2026-W23,5,2,false,true,6.19,5.11,0.1469,,,,,,6.63,4,12.11,,,6.67,5.75,8.07
M14D+,sbs,M,2026-W24,5,1,false,false,6.45,5.6,0.1141,,,,,,,2,11.92,,,6.63,5.75,6.38
M14D+,sbs,M,2026-W25,3,2,false,false,6.45,5.51,0.126,,,,,,,2,11.79,,,6.77,5.97,7.99
M14D+,sbs,M,2026-W26,5,2,false,false,6.59,5.7,0.1045,,,,,,,1,11.72,,,6.42,5.23,6.76
M14D+,sbs,M,2026-W27,3,2,true,true,6.3,5.48,0.1067,6.32,5.57,5.82,6.11,5.31,6.82,16,11.85,,,6.82,5.81,7.59
M14D+,sbs,M,2026-W28,5,2,true,true,6.36,5.44,0.1218,6.51,5.79,6.03,5.99,5.18,6.72,16,11.78,,,6.69,5.77,7.61
M14D+,sbs,M,2026-W29,5,2,true,true,6.31,5.38,0.1241,6.42,5.7,5.97,5.94,5.08,,16,11.7,,,6.67,5.85,8
M14D+,sbs,M,2026-W30,5,2,true,true,6.31,5.47,0.1108,6.34,5.64,6.01,5.95,5.16,,16,11.73,,,6.63,5.8,7.96
M14D+,sbs,M,2026-W31,5,2,true,true,6.25,5.45,0.1084,6.32,5.62,5.94,5.96,5.19,,16,12.03,,,6.7,5.84,7.68
M14D+,sbs,M,2026-W32,5,2,false,true,6.38,5.4,0.1337,6.45,5.62,5.98,5.8,4.86,6.81,17,9.01,,,6.75,5.73,6.44
M14D+,sbs,M,2026-W33,5,2,true,true,6.36,5.49,0.1166,6.6,5.74,6.02,5.99,5.21,6.66,17,11.26,,,6.76,5.87,7.59
M14D+,sbs,M,2026-W34,5,2,true,true,6.38,5.54,0.1131,6.58,5.82,5.96,6.02,5.19,6.8,17,11.69,,,6.69,5.85,7.97
M14D+,sbs,M,2026-W35,5,2,true,true,6.43,5.61,0.1086,6.65,5.81,6.04,5.95,5.13,6.86,17,11.53,,,6.72,5.74,7.95
M14D+,sbs,M,2026-W36,5,2,true,true,6.39,5.55,0.1055,6.51,5.74,6.06,5.86,5.13,6.9,17,11.33,,,6.69,5.82,7.97
M14D+,sbs,M,2026-W37,4,2,true,true,6.11,5.21,0.1195,6.26,5.38,5.78,5.67,4.81,6.51,17,12.27,11.62,,6.48,5.53,8.02
M14D+,sbs,M,2026-W38,5,2,true,true,6.11,5.24,0.1219,6.09,5.35,5.86,5.67,4.93,6.52,17,12.07,11.62,,6.55,5.7,8.09
M14D+,sbs,M,2026-W39,5,2,true,true,6.21,5.36,0.1094,6.27,5.52,5.8,5.77,5.03,6.77,17,12.42,11.62,,6.87,5.95,7.42
M14D+,sbs,M,2026-W40,5,2,true,false,6.21,5.38,0.1163,6.25,5.57,5.87,5.84,5.05,6.69,17,12.56,11.62,,6.62,5.81,8.43
M14D+,sbs,M,2026-W41,5,0,true,false,6.16,5.23,0.1313,6.24,5.55,5.8,5.7,4.8,6.62,17,12.65,11.62,19.8,,,
M15,local,M,2026-W17,0,2,false,true,,,,,,,,,,,,,,7.42,6.42,12.33
M15,local,M,2026-W18,5,2,false,false,6.25,5.48,0.1086,,,,5.82,5.08,,13,16.82,,,7.19,6.32,11.6
M15,local,M,2026-W19,5,2,false,true,6.32,5.62,0.0993,,,,5.76,5.23,,12,16.18,,,7.29,6.48,12.56
M15,local,M,2026-W20,5,2,false,true,6.16,5.39,0.1114,5.89,5.21,5.66,5.49,4.78,,15,16.23,,,7.06,5.99,11.42
M15,local,M,2026-W21,5,2,false,false,6.19,5.38,0.116,,,,5.47,4.82,,13,14.63,,,7.57,6.58,12.51
M15,local,M,2026-W22,4,2,false,true,6.47,5.61,0.1166,6.36,5.67,5.81,5.99,5.11,,15,16.79,,,7.29,6.25,11.45
M15,local,M,2026-W23,5,2,false,true,6.2,5.45,0.0994,,,,,,7.19,4,14.64,,,7.47,6.36,12.45
M15,local,M,2026-W24,5,1,false,false,6.61,5.74,0.1186,,,,,,,2,15.82,,,7.88,7.15,9.71
M15,local,M,2026-W25,3,2,false,false,6.47,5.43,0.1304,,,,,,,2,14.93,,,7.24,6.19,11.88
M15,local,M,2026-W26,5,2,false,false,6.48,5.82,0.0921,,,,,,,1,15.7,,,7.75,7.1,11.91
M15,local,M,2026-W27,3,2,true,true,6.46,5.65,0.1097,6.37,5.57,5.78,5.93,5.09,7.5,16,14.18,,,7.71,6.58,11.05
M15,local,M,2026-W28,5,2,true,true,6.53,5.6,0.1235,6.24,5.42,5.88,5.97,5.19,7.69,16,14.81,,,7.36,6.4,11.59
M15,local,M,2026-W29,5,2,true,true,6.31,5.47,0.117,6.02,5.36,5.71,5.83,4.89,,16,14.92,,,7.3,6.44,11.69
M15,local,M,2026-W30,5,2,true,true,6.45,5.61,0.1099,6.14,5.45,5.86,5.94,5.24,,16,15.89,,,7.34,6.43,11.67
M15,local,M,2026-W31,5,2,true,true,6.46,5.7,0.0974,6.4,5.74,5.83,5.83,5.1,,16,16.02,,,7.24,6.35,12.14
M15,local,M,2026-W32,5,2,false,true,6.53,5.59,0.1254,6.3,5.51,6.03,5.89,5.07,7.69,17,14.11,,,7.4,6.39,11.63
M15,local,M,2026-W33,5,2,true,true,6.55,5.71,0.1094,6.6,5.85,5.87,6.03,5.2,7.47,17,15.68,,,7.22,6.23,12.03
M15,local,M,2026-W34,5,2,true,true,6.57,5.75,0.108,6.37,5.67,5.95,6.06,5.28,7.51,17,15.45,,,7.32,6.58,11.9
M15,local,M,2026-W35,5,2,true,true,6.65,5.85,0.1067,6.58,5.83,6.01,6.14,5.34,7.55,17,14.77,,,7.36,6.44,12.62
M15,local,M,2026-W36,5,2,true,true,6.6,5.66,0.1211,6.43,5.6,5.93,6.15,5.32,7.68,17,14.52,,,7.35,6.36,12.2
M15,local,M,2026-W37,4,2,true,true,6.16,5.4,0.1045,6.08,5.36,5.51,5.61,4.92,7.16,17,16.32,17.13,,7.18,6.31,12.85
M15,local,M,2026-W38,5,2,true,true,6.16,5.42,0.103,6.07,5.39,5.41,5.75,5.14,7.2,17,16.14,17.13,,7.13,6.31,12.19
M15,local,M,2026-W39,5,2,true,true,6.04,5.1,0.1435,5.9,4.99,5.48,5.35,4.47,6.98,17,14.98,17.13,,7.54,6.47,12.22
M15,local,M,2026-W40,5,2,true,false,6.15,5.46,0.0976,5.99,5.34,5.61,5.66,5.02,7.03,17,17.01,17.13,,7.14,6.31,12.15
M15,local,M,2026-W41,5,0,true,false,6.22,5.48,0.102,6.17,5.55,5.68,5.61,4.93,7.02,17,17.04,17.13,14.5,,,
M15+,sbs,M,2026-W17,0,2,false,true,,,,,,,,,,,,,,9.84,8.7,12.25
M15+,sbs,M,2026-W18,5,2,false,false,8.39,7.47,0.0953,,,,7.87,6.98,,13,20.56,,,9.61,8.28,10.31
M15+,sbs,M,2026-W19,5,2,false,true,8.28,7.43,0.0881,,,,7.46,6.62,,12,20.25,,,9.88,8.63,10.85
M15+,sbs,M,2026-W20,5,2,false,true,8.19,7.25,0.0991,8.39,7.39,7.36,7.63,6.75,,15,20.64,,,9.52,8.21,10.85
M15+,sbs,M,2026-W21,5,2,false,false,8.49,7.34,0.1144,,,,7.75,6.69,,13,20.64,,,10.34,9.06,12.01
M15+,sbs,M,2026-W22,4,2,false,true,8.54,7.41,0.1128,8.66,7.59,7.65,8.22,7.07,,15,20.65,,,9.53,8.21,11.09
M15+,sbs,M,2026-W23,5,2,false,true,7.85,6.81,0.1162,,,,,,8.91,4,19.73,,,9.62,8.31,12.6
M15+,sbs,M,2026-W24,5,1,false,false,8.17,7.33,0.097,,,,,,,2,20.86,,,10.44,9.2,10.46
M15+,sbs,M,2026-W25,3,2,false,false,8.21,7.16,0.1169,,,,,,,2,19.9,,,9.38,8.09,11.67
M15+,sbs,M,2026-W26,5,2,false,false,7.76,6.72,0.1136,,,,,,,1,19.49,,,9.21,7.84,10.78
M15+,sbs,M,2026-W27,3,2,true,true,8.54,7.45,0.105,8.62,7.58,7.59,8.33,7.24,9.63,16,20.23,,,10.67,8.92,10.98
M15+,sbs,M,2026-W28,5,2,true,true,8.4,7.16,0.1344,8.43,7.23,7.51,8.16,6.97,9.47,16,18.97,,,10.44,9.07,11.95
M15+,sbs,M,2026-W29,5,2,true,true,8.38,7.24,0.1143,8.35,7.3,7.54,8.07,6.8,,16,20.89,,,9.95,8.88,12.57
M15+,sbs,M,2026-W30,5,2,true,true,8.52,7.51,0.1002,8.42,7.45,7.86,8.15,7.26,,16,20.13,,,10.13,8.87,11.9
M15+,sbs,M,2026-W31,5,2,true,true,8.44,7.43,0.1022,8.57,7.5,7.61,8.14,7.17,,16,20.3,,,9.92,8.56,11.02
M15+,sbs,M,2026-W32,5,2,false,true,8.53,7.42,0.1114,8.59,7.5,7.75,7.9,6.79,9.71,17,18.03,,,9.88,8.39,11.31
M15+,sbs,M,2026-W33,5,2,true,true,8.61,7.52,0.1068,8.72,7.66,7.82,8.37,7.33,9.49,17,19.64,,,10,8.73,11.75
M15+,sbs,M,2026-W34,5,2,true,true,8.59,7.55,0.1064,8.64,7.66,7.85,8.26,7.27,9.48,17,19.94,,,9.84,8.59,12.11
M15+,sbs,M,2026-W35,5,2,true,true,8.67,7.62,0.1049,8.54,7.51,7.91,8.37,7.37,9.77,17,20.43,,,10.14,8.93,12.16
M15+,sbs,M,2026-W36,5,2,true,true,8.67,7.57,0.1044,8.72,7.6,7.9,8.34,7.37,9.61,17,19.81,,,10.14,8.89,11.94
M15+,sbs,M,2026-W37,4,2,true,true,7.95,6.85,0.1191,8.3,7.24,7.02,7.25,6.22,9.13,17,19.91,20.75,,9.7,8.5,12.11
M15+,sbs,M,2026-W38,5,2,true,true,8.04,7.02,0.1089,8.21,7.17,7,7.64,6.75,9.23,17,20.35,20.75,,9.49,8.31,12.28
M15+,sbs,M,2026-W39,5,2,true,true,7.84,6.67,0.1307,7.87,6.62,7.16,7.13,6.06,8.9,17,18.38,20.75,,10.16,8.81,12.35
M15+,sbs,M,2026-W40,5,2,true,false,8,7.07,0.0981,8.17,7.16,7.15,7.53,6.79,9.07,17,21.07,20.75,,9.54,8.32,12.83
M15+,sbs,M,2026-W41,5,0,true,false,8.27,7.24,0.1039,8.41,7.42,7.45,7.55,6.71,9.32,17,20.26,20.75,25.6,,,
M2,local,M,2026-W17,0,2,false,true,,,,,,,,,,,,,,7.88,6.98,6.99
M2,local,M,2026-W18,5,2,false,false,6.67,6.03,0.0827,,,,5.81,5.37,,13,13.92,,,8.06,7.18,8.14
M2,local,M,2026-W19,5,2,false,true,6.77,5.98,0.0967,,,,6.35,5.87,,12,14.71,,,8.48,7.52,9.1
M2,local,M,2026-W20,5,2,false,true,6.41,5.66,0.0988,6.34,5.72,5.87,5.79,5.06,,15,14.62,,,7.77,6.49,8.43
M2,local,M,2026-W21,5,2,false,false,6.79,5.93,0.1069,,,,6.07,5.37,,13,14.49,,,8.77,7.76,8.61
M2,local,M,2026-W22,4,2,false,true,6.78,5.94,0.1064,6.77,5.96,6.12,6.3,5.56,,15,15.33,,,8.11,7.01,8.01
M2,local,M,2026-W23,5,2,false,true,6.65,5.86,0.0933,,,,,,7.57,4,14.18,,,8.23,7.31,9.26
M2,local,M,2026-W24,5,1,false,false,6.99,5.97,0.1449,,,,,,,2,15.05,,,8.5,7.33,7.13
M2,local,M,2026-W25,3,2,false,false,6.68,5.73,0.1183,,,,,,,2,15.48,,,8.18,7.13,8.94
M2,local,M,2026-W26,5,2,false,false,6.86,6.1,0.1054,,,,,,,1,14.86,,,9.06,7.98,8.89
M2,local,M,2026-W27,3,2,true,true,6.86,6.09,0.0844,6.97,6.22,6.22,6.4,5.65,7.66,16,14.5,,,9.12,7.99,9.2
M2,local,M,2026-W28,5,2,true,true,6.89,5.99,0.1099,6.86,6.08,6.43,6.41,5.57,7.55,16,14.52,,,8.34,7.19,8.83
M2,local,M,2026-W29,5,2,true,true,6.77,5.87,0.1101,6.68,5.91,6.21,6.38,5.51,,16,14.24,,,8.33,7.47,8.58
M2,local,M,2026-W30,5,2,true,true,6.83,6.01,0.0961,6.82,5.98,6.19,6.16,5.48,,16,14.62,,,8.52,7.66,9.28
M2,local,M,2026-W31,5,2,true,true,6.86,6.1,0.0898,6.96,6.25,6.15,6.31,5.59,,16,14.69,,,8.01,7.04,7.67
M2,local,M,2026-W32,5,2,false,true,6.95,6.15,0.0964,7.1,6.36,6.24,6.4,5.69,7.82,17,14.2,,,8.36,7.27,7.17
M2,local,M,2026-W33,5,2,true,true,6.9,6.09,0.0981,6.97,6.12,6.25,6.43,5.67,7.91,17,14.42,,,8.27,7.38,7.94
M2,local,M,2026-W34,5,2,true,true,6.92,6.1,0.0995,7.19,6.32,6.24,6.47,5.73,7.58,17,14.62,,,8.63,7.73,8.45
M2,local,M,2026-W35,5,2,true,true,7.05,6.22,0.0992,7.18,6.39,6.4,6.68,5.96,7.77,17,14.53,,,8.39,7.34,9.01
M2,local,M,2026-W36,5,2,true,true,6.99,6.13,0.0973,7.14,6.27,6.24,6.46,5.74,8.11,17,14.85,,,8.54,7.51,9.22
M2,local,M,2026-W37,4,2,true,true,6.57,5.78,0.0967,6.75,6.05,5.82,6.01,5.24,7.55,17,14.93,14.92,,8.1,7.24,8.75
M2,local,M,2026-W38,5,2,true,true,6.68,5.9,0.0937,6.67,5.96,5.89,6.17,5.54,7.84,17,14.99,14.92,,7.89,6.81,6.96
M2,local,M,2026-W39,5,2,true,true,6.4,5.55,0.1107,6.36,5.52,5.75,5.68,4.69,7.51,17,14.82,14.92,,8.61,7.64,8.55
M2,local,M,2026-W40,5,2,true,false,6.66,5.9,0.0927,6.76,6.07,5.95,6.12,5.52,7.69,17,14.44,14.92,,9.18,7.55,8.83
M2,local,M,2026-W41,5,0,true,false,6.67,5.92,0.0937,6.66,5.92,6.04,5.97,5.32,7.62,17,15.14,14.92,14,,,
M20,local,M,2026-W17,0,2,false,true,,,,,,,,,,,,,,7.54,6.45,4.61
M20,local,M,2026-W18,5,2,false,false,6.21,5.29,0.1381,,,,5.4,4.98,,13,4.26,,,7.07,6.08,5.06
M20,local,M,2026-W19,5,2,false,true,5.89,4.96,0.1404,,,,4.5,3.56,,12,4.92,,,6.94,6.01,4.83
M20,local,M,2026-W20,5,2,false,true,6.25,5.42,0.122,6.07,5.6,5.86,5.03,4.28,,15,4.82,,,6.47,5.49,4.72
M20,local,M,2026-W21,5,2,false,false,6.1,5.2,0.145,,,,5.32,4.41,,13,4.63,,,7.51,6.23,5.37
M20,local,M,2026-W22,4,2,false,true,6.25,5.45,0.1114,6.27,5.6,5.54,5.59,4.8,,15,4.91,,,7.5,6.05,4.17
M20,local,M,2026-W23,5,2,false,true,6.62,5.77,0.1179,,,,,,7.44,4,4.18,,,7.3,6.29,5.08
M20,local,M,2026-W24,5,1,false,false,5.18,4.26,0.1705,,,,,,,2,4.31,,,8.11,6.93,4.7
M20,local,M,2026-W25,3,2,false,false,6.24,5.1,0.1654,,,,,,,2,5.13,,,7.39,6.48,3.99
M20,local,M,2026-W26,5,2,false,false,6.98,6.12,0.0888,,,,,,,1,4.69,,,6.38,5.49,4.74
M20,local,M,2026-W27,3,2,true,true,6.05,5.21,0.1246,6.39,5.77,5.45,5.19,4.33,6.78,16,4.64,,,7.51,6.09,4.27
M20,local,M,2026-W28,5,2,true,true,6.12,5.28,0.115,6.36,5.63,5.26,5.73,4.92,6.96,16,4.18,,,7.17,6.19,4.85
M20,local,M,2026-W29,5,2,true,true,6.2,5.39,0.1126,6.36,5.7,5.7,5.54,4.83,,16,4.4,,,7.15,6.05,4.86
M20,local,M,2026-W30,5,2,true,true,6.33,5.5,0.1116,6.26,5.48,5.66,5.9,5.07,,16,4.77,,,6.89,5.89,4.7
M20,local,M,2026-W31,5,2,true,true,5.95,5.16,0.1195,6.43,5.73,5.37,5.52,4.73,,16,4.77,,,7.02,5.94,4.43
M20,local,M,2026-W32,5,2,false,true,6.66,5.86,0.0969,6.51,5.77,5.93,5.9,5.34,7.04,17,4.43,,,6.96,6.03,4.64
M20,local,M,2026-W33,5,2,true,true,6.76,5.93,0.1038,6.79,5.96,5.83,6.45,5.63,7.36,17,4.2,,,7.24,6.32,4.61
M20,local,M,2026-W34,5,2,true,true,6.42,5.62,0.1062,6.55,5.78,5.89,6.14,5.44,6.9,17,4.58,,,7.56,6.47,4.93
M20,local,M,2026-W35,5,2,true,true,6.59,5.74,0.1118,6.51,5.77,6.27,5.73,4.94,7.38,17,4.02,,,7.25,6.16,4.56
M20,local,M,2026-W36,5,2,true,true,6.6,5.71,0.1097,6.81,5.99,5.96,5.97,5.21,7.31,17,4.66,,,7.55,6.48,5.23
M20,local,M,2026-W37,4,2,true,true,5.83,4.79,0.1599,6.22,5.22,4.93,4.82,3.76,6.96,17,4.64,5.04,,7.01,6.02,5.24
M20,local,M,2026-W38,5,2,true,true,5.93,5.17,0.108,6.29,5.69,5.29,5.38,4.61,6.68,17,5.04,5.04,,7.12,6.13,5.27
M20,local,M,2026-W39,5,2,true,true,5.95,5.27,0.0953,6.24,5.75,5.17,5.49,4.7,6.84,17,4.91,5.04,,7.17,5.85,4.8
M20,local,M,2026-W40,5,2,true,false,6.06,5.3,0.1057,6.23,5.71,5.3,5.41,4.65,6.65,17,4.84,5.04,,6.5,5.47,5.09
M20,local,M,2026-W41,5,0,true,false,6.04,5.2,0.1218,6.4,5.85,5.54,4.99,4.05,6.54,17,5.1,5.04,7.7,,,
M21,local,M,2026-W17,0,2,false,true,,,,,,,,,,,,,,7.1,5.96,1.66
M21,local,M,2026-W18,5,2,false,false,5.69,4.57,0.1819,,,,6.15,5.17,,13,2.27,,,6.69,5.55,1.13
M21,local,M,2026-W19,5,2,false,true,5.36,4.55,0.1286,,,,4.71,4.03,,12,2.63,,,7.28,5.7,1.59
M21,local,M,2026-W20,5,2,false,true,5.87,4.88,0.1445,5.96,4.42,5.32,5.32,4.64,,15,2.56,,,6.79,5.35,1.58
M21,local,M,2026-W21,5,2,false,false,5.8,4.69,0.1618,,,,5.71,4.72,,13,2.45,,,7.54,5.64,1.51
M21,local,M,2026-W22,4,2,false,true,5.99,5.15,0.1206,6.18,5.45,5.58,5.33,4.69,,15,2.4,,,6.58,5.44,1.51
M21,local,M,2026-W23,5,2,false,true,5.95,4.92,0.147,,,,,,6.71,4,2.46,,,7.15,5.65,1.58
M21,local,M,2026-W24,5,1,false,false,5.9,4.51,0.1916,,,,,,,2,2.56,,,7.86,7.14,0.87
M21,local,M,2026-W25,3,2,false,false,6.43,5.81,0.0831,,,,,,,2,1.84,,,6.09,5.36,1.55
M21,local,M,2026-W26,5,2,false,false,6.52,6.36,0.0182,,,,,,,1,2.27,,,7.16,5.73,1.34
M21,local,M,2026-W27,3,2,true,true,6.16,5.18,0.1329,5.8,5.18,5.88,6.11,4.92,6.71,16,2.38,,,7.35,6.18,1.29
M21,local,M,2026-W28,5,2,true,true,6.19,5.22,0.1311,6.1,5.27,5.95,5.82,4.58,6.7,16,2.24,,,6.82,5.57,1.65
M21,local,M,2026-W29,5,2,true,true,6.05,4.86,0.1606,5.69,5.08,5.57,5.95,4.57,,16,2.57,,,6.59,5.52,1.71
M21,local,M,2026-W30,5,2,true,true,5.95,5.01,0.1302,5.96,5.02,5.55,5.58,4.7,,16,2.35,,,7.06,5.74,1.76
M21,local,M,2026-W31,5,2,true,true,6.07,5.1,0.1365,5.96,4.98,5.78,5.31,4.48,,16,2.49,,,6.61,5.4,1.75
M21,local,M,2026-W32,5,2,false,true,5.96,4.73,0.1836,6.03,5.06,5.63,5.67,4.97,7.07,17,2.28,,,6.94,5.2,1.31
M21,local,M,2026-W33,5,2,true,true,6.19,5,0.1599,5.97,5.02,5.75,5.73,4.68,7.17,17,2.14,,,6.78,5.33,1.46
M21,local,M,2026-W34,5,2,true,true,6.19,5.02,0.163,6.3,5.38,5.97,6.11,5.22,6.36,17,2.23,,,6.74,5.48,1.35
M21,local,M,2026-W35,5,2,true,true,6.42,5.15,0.1723,6.15,5.03,6.2,6.33,5.11,6.71,17,2.43,,,6.73,5.5,1.57
M21,local,M,2026-W36,5,2,true,true,6.32,5.2,0.1315,6.03,5.18,5.82,5.9,5.02,7.51,17,2.28,,,7.24,5.85,1.56
M21,local,M,2026-W37,4,2,true,true,5.76,4.83,0.1281,5.79,4.83,5.05,5.06,4.21,6.9,17,2.38,2.23,,6.45,5.07,1.79
M21,local,M,2026-W38,5,2,true,true,5.72,4.87,0.1287,5.82,5.02,5.1,5.58,4.76,6.48,17,2.47,2.23,,6.76,5.43,1.5
M21,local,M,2026-W39,5,2,true,true,5.76,4.96,0.1202,5.87,5.22,5.46,5.38,4.69,6.17,17,2.33,2.23,,7.34,5.76,1.29
M21,local,M,2026-W40,5,2,true,false,6.12,5.19,0.1279,6.07,5.21,5.48,5.96,5.18,6.92,17,2.43,2.23,,7.11,5.52,1.7
M21,local,M,2026-W41,5,0,true,false,5.88,4.79,0.1605,5.89,5.06,5.49,4.95,4.1,6.74,17,2.24,2.23,9.7,,,
M22,local,M,2026-W17,0,2,false,true,,,,,,,,,,,,,,6.51,4.93,2.05
M22,local,M,2026-W18,5,2,false,false,5.58,4.81,0.1063,,,,4.74,4.2,,13,3.12,,,6.61,5.28,1.8
M22,local,M,2026-W19,5,2,false,true,5.58,4.82,0.1121,,,,5.45,4.94,,12,3.12,,,6.14,5,2.34
M22,local,M,2026-W20,5,2,false,true,5.24,4.65,0.1135,5.52,5.13,4.55,4.54,3.95,,15,3.42,,,6.35,5.1,1.81
M22,local,M,2026-W21,5,2,false,false,5.62,4.66,0.1461,,,,4.89,3.92,,13,3.02,,,6.86,5.4,2.22
M22,local,M,2026-W22,4,2,false,true,5.51,4.74,0.1313,4.88,4.11,4.96,5.29,4.63,,15,3.14,,,6.38,5.18,2.07
M22,local,M,2026-W23,5,2,false,true,5.46,4.72,0.1348,,,,,,6.54,4,3.31,,,6.33,5.3,2.14
M22,local,M,2026-W24,5,1,false,false,6.1,5.35,0.1165,,,,,,,2,3.35,,,6.37,5.54,2.35
M22,local,M,2026-W25,3,2,false,false,6.85,5.6,0.1434,,,,,,,2,3.2,,,6.17,5.26,1.99
M22,local,M,2026-W26,5,2,false,false,6.1,4.98,0.1287,,,,,,,1,3.16,,,6.81,4.55,1.79
M22,local,M,2026-W27,3,2,true,true,5.68,4.87,0.1179,5.46,4.63,5.19,5.2,4.52,6.76,16,3,,,6.77,5.31,1.74
M22,local,M,2026-W28,5,2,true,true,5.73,4.95,0.1172,5.49,4.64,5.27,5.06,4.4,6.92,16,3.03,,,6.67,5.43,2.08
M22,local,M,2026-W29,5,2,true,true,5.63,4.77,0.1273,5.32,4.66,5.15,5.17,4.32,,16,2.83,,,6.57,5.17,2.04
M22,local,M,2026-W30,5,2,true,true,5.6,4.79,0.1187,5.24,4.54,5.27,5.1,4.66,,16,2.92,,,6.32,5.16,2.02
M22,local,M,2026-W31,5,2,true,true,5.54,4.72,0.1147,5.34,4.51,5.18,5,4.35,,16,3.16,,,6.25,5.08,2.07
M22,local,M,2026-W32,5,2,false,true,5.57,4.88,0.1135,5.41,4.51,5.26,5.3,4.56,6.4,17,2.77,,,6.66,5.27,1.42
M22,local,M,2026-W33,5,2,true,true,5.8,5.03,0.1017,5.46,4.72,5.24,5.4,4.66,7.02,17,2.72,,,6.27,4.99,2.15
M22,local,M,2026-W34,5,2,true,true,5.78,4.97,0.1198,5.44,4.62,5.36,5.46,4.84,6.83,17,2.91,,,6.47,5.14,2.11
M22,local,M,2026-W35,5,2,true,true,5.77,4.83,0.1333,5.58,4.53,5.29,5.43,4.76,6.72,17,3.12,,,6.53,5.11,2.26
M22,local,M,2026-W36,5,2,true,true,5.72,4.93,0.1111,5.43,4.56,5.1,5.39,4.81,6.75,17,3.08,,,6.67,5.51,2.01
M22,local,M,2026-W37,4,2,true,true,5.13,4.2,0.1526,5.1,4.05,4.45,4.87,3.84,5.91,17,3.06,3.08,,6.26,5.14,2.08
M22,local,M,2026-W38,5,2,true,true,5.14,4.32,0.1383,5.09,4.37,4.57,4.77,4.24,6,17,3.47,3.09,,6.21,4.99,2.32
M22,local,M,2026-W39,5,2,true,true,5.3,4.49,0.1301,4.91,4.17,4.7,5.21,4.54,6.21,17,3.39,3.09,,6.25,4.55,2.16
M22,local,M,2026-W40,5,2,true,false,5.24,4.58,0.1067,4.96,4.41,4.79,5.04,4.45,6.33,17,3.25,3.09,,5.87,4.8,2.48
M22,local,M,2026-W41,5,0,true,false,5.42,4.72,0.1143,5.27,4.61,4.95,4.67,4.07,6.25,17,3.41,3.09,9.8,,,
M23+,sbs,M,2026-W17,0,2,false,true,,,,,,,,,,,,,,6.2,5.17,3.35
M23+,sbs,M,2026-W18,5,2,false,false,5.77,4.94,0.1179,,,,5.45,4.83,,13,6.26,,,5.95,4.92,3.83
M23+,sbs,M,2026-W19,5,2,false,true,5.64,4.99,0.0951,,,,5.4,4.89,,12,6.71,,,6.24,5.26,3.9
M23+,sbs,M,2026-W20,5,2,false,true,5.75,4.96,0.1097,6.05,5.42,5.24,5.17,4.53,,15,6.51,,,5.8,4.83,4.69
M23+,sbs,M,2026-W21,5,2,false,false,5.6,4.76,0.1415,,,,5.63,4.93,,13,6.37,,,6.43,5.5,4.26
M23+,sbs,M,2026-W22,4,2,false,true,5.94,5.11,0.1191,6.02,5.41,5.58,5.75,4.82,,15,6.27,,,6.3,5.29,3.87
M23+,sbs,M,2026-W23,5,2,false,true,5.88,4.88,0.1318,,,,,,6.47,4,5.83,,,5.63,4.71,4.27
M23+,sbs,M,2026-W24,5,1,false,false,5.36,4.6,0.1065,,,,,,,2,6.17,,,6.11,5.16,3.95
M23+,sbs,M,2026-W25,3,2,false,false,5.6,4.54,0.1472,,,,,,,2,6.25,,,6.34,5.3,3.44
M23+,sbs,M,2026-W26,5,2,false,false,5.81,5,0.1379,,,,,,,1,5.88,,,6.01,5.17,4.16
M23+,sbs,M,2026-W27,3,2,true,true,5.74,5.02,0.1011,5.96,5.18,5.31,5.53,4.74,6.21,16,6.26,,,6.46,5.46,4.08
M23+,sbs,M,2026-W28,5,2,true,true,5.75,5.02,0.1089,5.66,5.03,5.46,5.34,4.68,6.39,16,6.01,,,6.26,5.39,4.07
M23+,sbs,M,2026-W29,5,2,true,true,5.58,4.86,0.1128,5.33,4.64,5.25,5.27,4.56,,16,6.2,,,6.08,5.25,3.93
M23+,sbs,M,2026-W30,5,2,true,true,5.72,4.99,0.1064,5.57,4.8,5.44,5.53,4.96,,16,6.58,,,6.31,5.37,4.19
M23+,sbs,M,2026-W31,5,2,true,true,5.58,4.88,0.1019,5.53,4.91,5.31,5.21,4.59,,16,6.62,,,6.27,5.3,3.91
M23+,sbs,M,2026-W32,5,2,false,true,5.77,5.02,0.1113,5.73,5.02,5.44,5.42,4.84,6.38,17,5.49,,,6.16,5.21,3.76
M23+,sbs,M,2026-W33,5,2,true,true,5.87,5.03,0.1177,5.76,4.95,5.52,5.65,4.9,6.41,17,5.77,,,6.22,5.25,4.14
M23+,sbs,M,2026-W34,5,2,true,true,5.77,5.04,0.109,5.59,4.85,5.52,5.56,4.87,6.27,17,6.42,,,6.24,5.34,4.32
M23+,sbs,M,2026-W35,5,2,true,true,5.73,4.96,0.1113,5.46,4.7,5.54,5.64,4.94,6.15,17,6.12,,,6.43,5.46,4.13
M23+,sbs,M,2026-W36,5,2,true,true,5.74,4.97,0.1089,5.58,4.77,5.47,5.66,4.94,6.2,17,6.32,,,6.3,5.44,4
M23+,sbs,M,2026-W37,4,2,true,true,5.32,4.59,0.1152,5.44,4.72,4.89,4.8,4.03,5.94,17,6.75,5.85,,5.88,5.08,4.59
M23+,sbs,M,2026-W38,5,2,true,true,5.52,4.8,0.1047,5.45,4.76,5.16,5.1,4.43,6.17,17,6.54,5.85,,5.97,5.11,4.57
M23+,sbs,M,2026-W39,5,2,true,true,5.39,4.67,0.1117,5.42,4.71,4.91,4.81,4.15,6.17,17,6.4,5.85,,6.17,5.37,4.03
M23+,sbs,M,2026-W40,5,2,true,false,5.54,4.92,0.0982,5.47,4.86,5.11,5.27,4.75,6.22,17,6.67,5.85,,5.96,4.93,4.7
M23+,sbs,M,2026-W41,5,0,true,false,5.52,4.77,0.118,5.61,4.97,5.27,4.91,4.15,6.07,17,6.62,5.85,17.5,,,
M3,local,M,2026-W17,0,2,false,true,,,,,,,,,,,,,,7.27,6.19,11.59
M3,local,M,2026-W18,5,2,false,false,5.98,5.18,0.1211,,,,5.29,4.58,,13,18.74,,,7.37,6.44,12.77
M3,local,M,2026-W19,5,2,false,true,5.91,5.19,0.1004,,,,5.19,4.67,,12,17.18,,,7.24,6.12,12.8
M3,local,M,2026-W20,5,2,false,true,5.97,5.18,0.111,5.97,5.27,5.3,5.13,4.42,,15,18.3,,,6.98,5.87,12.21
M3,local,M,2026-W21,5,2,false,false,6.09,5.21,0.1342,,,,5.45,4.72,,13,18.69,,,7.5,6.49,14.02
M3,local,M,2026-W22,4,2,false,true,6.09,5.23,0.1198,5.87,5.13,5.45,5.41,4.68,,15,18.84,,,7.29,6.19,13.1
M3,local,M,2026-W23,5,2,false,true,6.01,5.2,0.114,,,,,,7.22,4,17.5,,,7.42,6.25,13.3
M3,local,M,2026-W24,5,1,false,false,6.18,5.36,0.1239,,,,,,,2,18.73,,,7.62,6.57,10.4
M3,local,M,2026-W25,3,2,false,false,6.2,5.29,0.1245,,,,,,,2,18.48,,,7.46,6.55,13.32
M3,local,M,2026-W26,5,2,false,false,6.18,5.02,0.1547,,,,,,,1,18.25,,,7.36,6.23,11.65
M3,local,M,2026-W27,3,2,true,true,6.21,5.37,0.1078,6.18,5.48,5.41,5.73,4.98,7.38,16,18.43,,,7.78,6.71,14.19
M3,local,M,2026-W28,5,2,true,true,6.15,5.25,0.121,6.15,5.41,5.43,5.7,4.95,7.17,16,18.6,,,7.44,6.41,13.62
M3,local,M,2026-W29,5,2,true,true,6.09,5.21,0.1276,6.04,5.11,5.5,5.45,4.74,,16,18.05,,,7.33,6.35,14.22
M3,local,M,2026-W30,5,2,true,true,6.13,5.33,0.1111,6.06,5.3,5.36,5.52,4.86,,16,18.02,,,7.52,6.56,13.95
M3,local,M,2026-W31,5,2,true,true,6.13,5.28,0.1161,6.14,5.29,5.33,5.47,4.79,,16,18.64,,,7.33,6.36,12.05
M3,local,M,2026-W32,5,2,false,true,6.15,5.33,0.1174,6.05,5.25,5.48,5.52,4.87,7.32,17,18.6,,,7.16,6.17,10.68
M3,local,M,2026-W33,5,2,true,true,6.09,5.26,0.1149,6.15,5.38,5.41,5.56,4.88,7.07,17,18.56,,,7.47,6.42,11.94
M3,local,M,2026-W34,5,2,true,true,6.21,5.35,0.117,6.1,5.34,5.47,5.56,4.87,7.32,17,18.44,,,7.35,6.5,12.98
M3,local,M,2026-W35,5,2,true,true,6.17,5.39,0.1063,5.97,5.28,5.47,5.59,4.84,7.39,17,18.33,,,7.46,6.49,13.1
M3,local,M,2026-W36,5,2,true,true,6.21,5.34,0.1158,6.04,5.17,5.43,5.58,4.86,7.61,17,18.68,,,7.36,6.45,13.43
M3,local,M,2026-W37,4,2,true,true,5.95,5.2,0.1039,5.92,5.17,5.17,5.31,4.65,7.3,17,18.85,18.76,,7.22,6.3,14.04
M3,local,M,2026-W38,5,2,true,true,5.93,5.17,0.1079,5.82,5.18,5.23,5.45,4.85,6.96,17,18.49,18.76,,7.07,6.11,12.96
M3,local,M,2026-W39,5,2,true,true,5.84,5.03,0.124,5.63,4.89,5.17,5.09,4.21,7.15,17,18.23,18.76,,7.56,6.48,12.89
M3,local,M,2026-W40,5,2,true,false,5.98,5.21,0.1118,5.85,5.19,5.2,5.39,4.77,7.29,17,18.4,18.76,,7.02,6.04,13.85
M3,local,M,2026-W41,5,0,true,false,6.01,5.22,0.1118,5.91,5.21,5.27,5.29,4.72,7.33,17,18.92,18.76,15.1,,,
M31,local,M,2026-W17,0,2,false,true,,,,,,,,,,,,,,6.34,5.7,5.45
M31,local,M,2026-W18,5,2,false,false,5.44,4.8,0.1143,,,,5.09,4.59,,13,8.77,,,6.14,5.28,4.76
M31,local,M,2026-W19,5,2,false,true,5.57,4.89,0.105,,,,5.39,4.9,,12,8.5,,,6.49,5.61,5.73
M31,local,M,2026-W20,5,2,false,true,5.21,4.53,0.1194,5.01,4.31,4.53,4.69,4.03,,15,9.19,,,6.32,5.48,5.75
M31,local,M,2026-W21,5,2,false,false,5.24,4.54,0.1189,,,,4.75,4.14,,13,8.59,,,6.83,6,5.43
M31,local,M,2026-W22,4,2,false,true,5.48,4.7,0.118,5.34,4.67,4.89,5.06,4.34,,15,9.05,,,6.15,5.35,5.08
M31,local,M,2026-W23,5,2,false,true,4.93,4.03,0.1717,,,,,,5.95,4,8.47,,,6.3,5.53,6.13
M31,local,M,2026-W24,5,1,false,false,5.78,4.92,0.1222,,,,,,,2,8.61,,,7.06,6.01,4.09
M31,local,M,2026-W25,3,2,false,false,5.25,4.56,0.1246,,,,,,,2,8.65,,,6.3,5.55,5.56
M31,local,M,2026-W26,5,2,false,false,5.67,5.06,0.1118,,,,,,,1,8.39,,,7.17,6.4,5.05
M31,local,M,2026-W27,3,2,true,true,5.54,4.86,0.1016,5.37,4.76,4.84,5.22,4.53,6.61,16,8.24,,,6.91,6.21,5.45
M31,local,M,2026-W28,5,2,true,true,5.48,4.76,0.111,5.35,4.81,4.88,5.08,4.46,6.42,16,8.26,,,6.57,5.69,5.53
M31,local,M,2026-W29,5,2,true,true,5.22,4.51,0.1224,4.85,4.35,4.67,4.78,4.02,,16,9.21,,,6.48,5.75,5.87
M31,local,M,2026-W30,5,2,true,true,5.49,4.76,0.1127,5.24,4.6,4.85,5.14,4.5,,16,8.72,,,6.69,5.81,5.33
M31,local,M,2026-W31,5,2,true,true,5.54,4.94,0.0874,5.33,4.69,4.94,5.17,4.65,,16,7.8,,,6.63,5.93,5.13
M31,local,M,2026-W32,5,2,false,true,5.54,4.84,0.1095,5.3,4.73,4.99,5.22,4.6,6.44,17,7.35,,,6.67,5.8,4.98
M31,local,M,2026-W33,5,2,true,true,5.62,4.95,0.1021,5.42,4.73,4.93,5.28,4.62,6.76,17,8.13,,,6.82,5.98,5.57
M31,local,M,2026-W34,5,2,true,true,5.64,4.96,0.1032,5.32,4.61,5.08,5.18,4.6,6.84,17,8.13,,,6.73,5.9,5.7
M31,local,M,2026-W35,5,2,true,true,5.66,4.98,0.0979,5.56,4.91,5.02,5.24,4.64,6.71,17,8.23,,,6.59,5.75,5.8
M31,local,M,2026-W36,5,2,true,true,5.54,4.78,0.1104,5.42,4.8,4.93,5.19,4.54,6.5,17,8.23,,,6.68,5.82,5.53
M31,local,M,2026-W37,4,2,true,true,5.19,4.47,0.1189,5.27,4.64,4.39,4.43,3.77,6.42,17,8.49,8.9,,6.38,5.67,5.74
M31,local,M,2026-W38,5,2,true,true,5.1,4.43,0.1206,5.03,4.42,4.08,4.84,4.19,6.46,17,8.98,8.9,,6.24,5.43,5.88
M31,local,M,2026-W39,5,2,true,true,4.82,3.94,0.1808,4.76,3.9,4.31,4.01,3.01,5.77,17,8.91,8.9,,6.63,5.89,5.63
M31,local,M,2026-W40,5,2,true,false,5.24,4.58,0.1156,5.19,4.44,4.54,4.81,4.28,6.23,17,9.24,8.9,,6.24,5.45,5.65
M31,local,M,2026-W41,5,0,true,false,5.33,4.67,0.1067,5.29,4.69,4.69,4.81,4.31,6.33,17,9.04,8.9,13.2,,,
M34+,sbs,M,2026-W17,0,2,false,true,,,,,,,,,,,,,,6.15,5.23,1.67
M34+,sbs,M,2026-W18,5,2,false,false,5.77,4.89,0.1378,,,,5.58,4.86,,13,3.41,,,6.15,5.02,1.91
M34+,sbs,M,2026-W19,5,2,false,true,5.52,4.84,0.1001,,,,5.31,4.76,,12,3.57,,,6.02,4.89,2.34
M34+,sbs,M,2026-W20,5,2,false,true,5.46,4.7,0.125,5.71,5.04,5.12,5.09,4.5,,15,3.64,,,5.92,4.73,1.94
M34+,sbs,M,2026-W21,5,2,false,false,5.72,4.89,0.1354,,,,5.43,4.85,,13,3.12,,,6.09,5.08,2.34
M34+,sbs,M,2026-W22,4,2,false,true,5.8,4.75,0.1552,5.47,4.73,5.19,5.57,4.52,,15,3.63,,,6.28,5.19,2.26
M34+,sbs,M,2026-W23,5,2,false,true,4.53,3.56,0.2409,,,,,,5.13,4,2.6,,,6.29,4.9,1.94
M34+,sbs,M,2026-W24,5,1,false,false,5.11,3.68,0.2462,,,,,,,2,3.82,,,6.93,4.77,1.23
M34+,sbs,M,2026-W25,3,2,false,false,5.85,5.24,0.0625,,,,,,,2,3.5,,,5.72,4.53,2.1
M34+,sbs,M,2026-W26,5,2,false,false,5.97,4.77,0.1755,,,,,,,1,3.8,,,6.02,4.71,2.09
M34+,sbs,M,2026-W27,3,2,true,true,5.35,4.62,0.1165,5.52,4.92,4.98,5.17,4.37,5.69,16,3.58,,,6.58,5.01,2.31
M34+,sbs,M,2026-W28,5,2,true,true,5.61,4.73,0.1417,5.47,4.7,5.28,5.29,4.58,6.25,16,3.54,,,6.04,5.03,2.08
M34+,sbs,M,2026-W29,5,2,true,true,5.51,4.62,0.1343,5.38,4.71,5.07,5.24,4.39,,16,3.44,,,5.82,4.82,2.17
M34+,sbs,M,2026-W30,5,2,true,true,5.67,4.76,0.1338,5.61,4.63,5.37,5.22,4.46,,16,3.41,,,5.88,4.87,1.86
M34+,sbs,M,2026-W31,5,2,true,true,5.48,4.76,0.1145,5.68,4.92,5.18,4.99,4.28,,16,3.28,,,5.88,4.9,2.19
M34+,sbs,M,2026-W32,5,2,false,true,5.7,4.66,0.1564,5.56,4.72,5.26,5.3,4.44,6.55,17,3.01,,,5.89,4.8,2.18
M34+,sbs,M,2026-W33,5,2,true,true,5.85,4.87,0.152,5.89,4.95,5.57,5.41,4.55,6.23,17,3.44,,,5.98,4.9,2.11
M34+,sbs,M,2026-W34,5,2,true,true,5.71,4.84,0.1339,5.89,5.16,5.19,5.51,4.76,6.19,17,3.19,,,6.09,5.36,2.34
M34+,sbs,M,2026-W35,5,2,true,true,5.61,4.72,0.1434,5.37,4.82,5.38,5.42,4.35,5.97,17,3.21,,,6.28,5.49,1.88
M34+,sbs,M,2026-W36,5,2,true,true,5.74,4.9,0.1232,5.69,4.78,5.37,5.53,4.82,6.47,17,3.17,,,6.43,5.36,2.01
M34+,sbs,M,2026-W37,4,2,true,true,5.51,4.65,0.1339,5.43,4.66,5.05,5.22,4.43,6.27,17,3.68,3.47,,6.32,5.46,1.89
M34+,sbs,M,2026-W38,5,2,true,true,5.59,4.86,0.114,5.39,4.71,5.26,5.32,4.7,6.33,17,3.21,3.47,,5.99,5.02,2.33
M34+,sbs,M,2026-W39,5,2,true,true,5.12,4.32,0.1457,5.27,4.68,4.71,4.6,3.91,5.91,17,3.37,3.47,,6.53,5.57,2.09
M34+,sbs,M,2026-W40,5,2,true,false,5.55,4.68,0.1367,5.36,4.57,5.19,5.37,4.76,6.31,17,3.52,3.47,,5.76,5.08,2.54
M34+,sbs,M,2026-W41,5,0,true,false,5.27,4.3,0.1704,5.17,4.45,4.75,4.86,3.9,5.95,17,3.74,3.47,21.3,,,
M34A+,sbs,M,2026-W17,0,2,false,true,,,,,,,,,,,,,,6.39,5.46,1.85
M34A+,sbs,M,2026-W18,5,2,false,false,5.53,4.6,0.149,,,,5.41,4.51,,13,3.9,,,6.41,5.09,1.76
M34A+,sbs,M,2026-W19,5,2,false,true,5.64,4.76,0.1394,,,,5.41,4.62,,12,3.79,,,6.54,5.24,2.21
M34A+,sbs,M,2026-W20,5,2,false,true,5.28,4.43,0.1415,5.26,4.6,4.91,5.33,4.56,,15,4.23,,,6.05,4.54,2.39
M34A+,sbs,M,2026-W21,5,2,false,false,5.66,4.58,0.1725,,,,5.47,4.46,,13,4.16,,,5.93,4.7,2.34
M34A+,sbs,M,2026-W22,4,2,false,true,5.98,4.86,0.1601,6,4.96,5.38,5.75,4.66,,15,4.51,,,6.16,4.88,2.16
M34A+,sbs,M,2026-W23,5,2,false,true,4.92,4.21,0.1498,,,,,,5.55,4,3.55,,,5.85,4.68,2.09
M34A+,sbs,M,2026-W24,5,1,false,false,5.83,4.58,0.1809,,,,,,,2,4.26,,,5.55,4.75,1.22
M34A+,sbs,M,2026-W25,3,2,false,false,5.58,4.46,0.2167,,,,,,,2,3.26,,,6.6,5.87,2.25
M34A+,sbs,M,2026-W26,5,2,false,false,5.6,4.69,0.1694,,,,,,,1,3.72,,,6.55,5.58,2.45
M34A+,sbs,M,2026-W27,3,2,true,true,5.48,4.56,0.171,5.59,4.83,5,4.47,3.49,6.58,16,4.09,,,6.92,5.82,2.25
M34A+,sbs,M,2026-W28,5,2,true,true,5.66,4.72,0.153,5.32,4.83,5.29,5.47,4.53,6.33,16,4.36,,,6.12,4.16,2.56
M34A+,sbs,M,2026-W29,5,2,true,true,5.51,4.48,0.164,5.52,4.61,4.96,5.43,4.48,,16,4.25,,,6.17,5.1,2.46
M34A+,sbs,M,2026-W30,5,2,true,true,5.79,4.84,0.1435,5.84,5.04,5.33,5.37,4.48,,16,4.05,,,6.62,5.39,2.03
M34A+,sbs,M,2026-W31,5,2,true,true,5.64,4.79,0.1333,5.75,4.89,5.19,5.27,4.56,,16,3.91,,,6.21,5.05,2.42
M34A+,sbs,M,2026-W32,5,2,false,true,5.63,4.67,0.1617,5.53,4.85,5.17,5.44,4.43,6.33,17,3.55,,,6.13,4.58,2.12
M34A+,sbs,M,2026-W33,5,2,true,true,5.84,4.94,0.1322,6.08,5.11,5.45,5.51,4.42,6.16,17,3.93,,,5.7,4.44,2.38
M34A+,sbs,M,2026-W34,5,2,true,true,5.83,4.82,0.1508,5.98,5.14,5.31,5.62,4.57,6.26,17,4.12,,,6.32,4.92,2.23
M34A+,sbs,M,2026-W35,5,2,true,true,6.06,5.09,0.1401,5.9,5.16,5.77,5.51,4.54,6.81,17,4.39,,,6.34,5.24,2.44
M34A+,sbs,M,2026-W36,5,2,true,true,6.02,4.95,0.1408,5.73,4.9,5.46,5.7,4.79,7.16,17,4.31,,,6.16,4.89,2.47
M34A+,sbs,M,2026-W37,4,2,true,true,5.43,4.55,0.1414,5.52,4.76,4.86,5,4.12,6.03,17,4.64,3.81,,6.55,5.4,2.41
M34A+,sbs,M,2026-W38,5,2,true,true,5.61,4.71,0.1462,5.63,4.89,4.97,5.22,4.4,6.42,17,4.19,3.81,,6.18,4.96,2.42
M34A+,sbs,M,2026-W39,5,2,true,true,5.16,4.24,0.1635,5.26,4.38,4.88,4.97,4.04,5.37,17,4.31,3.81,,6.62,5.52,2.24
M34A+,sbs,M,2026-W40,5,2,true,false,5.43,4.52,0.1486,5.54,4.87,4.85,5.48,4.54,6,17,4.66,3.81,,5.83,4.88,2.28
M34A+,sbs,M,2026-W41,5,0,true,false,5.43,4.57,0.1468,5.58,4.84,4.84,5.39,4.38,5.9,17,4.67,3.81,21.9,,,
M35,local,M,2026-W17,0,2,false,true,,,,,,,,,,,,,,12.95,11.85,2.34
M35,local,M,2026-W18,5,2,false,false,11.06,9.81,0.0894,,,,11.86,10.48,,13,2.4,,,11.03,9.72,2.28
M35,local,M,2026-W19,5,2,false,true,11.82,10.68,0.0827,,,,10.54,9.6,,12,1.88,,,11.82,10.11,2.14
M35,local,M,2026-W20,5,2,false,true,11.45,10.2,0.0959,11.36,10.59,10.74,9.8,8.79,,15,2.58,,,11.62,10.99,2.31
M35,local,M,2026-W21,5,2,false,false,12.42,10.94,0.0764,,,,11.54,10.17,,13,2.14,,,13.44,11.96,1.96
M35,local,M,2026-W22,4,2,false,true,10.96,9.69,0.1025,9,7.33,11.04,10.26,8.49,,15,2.4,,,12.36,11.48,2.16
M35,local,M,2026-W23,5,2,false,true,10.36,9.14,0.0988,,,,,,11.28,4,2.56,,,11.53,11.07,1.95
M35,local,M,2026-W24,5,1,false,false,10.01,8.43,0.1219,,,,,,,2,2.27,,,13.2,12.22,2.09
M35,local,M,2026-W25,3,2,false,false,11.54,10.8,0.0713,,,,,,,2,2.18,,,9.73,9.06,1.66
M35,local,M,2026-W26,5,2,false,false,9.61,8.4,0.1141,,,,,,,1,2.18,,,12.99,11.57,1.99
M35,local,M,2026-W27,3,2,true,true,10.97,9.91,0.0755,10.04,9.44,10.29,11.33,10.36,12.1,16,2.55,,,12.82,11.56,2.39
M35,local,M,2026-W28,5,2,true,true,12.26,11.2,0.0752,11.9,10.74,12.52,12.02,10.94,11.99,16,2.27,,,12.36,10.81,2.26
M35,local,M,2026-W29,5,2,true,true,11.27,10.22,0.0863,11.56,10.67,10.44,10.74,9.77,,16,2.23,,,12.3,11.33,2.27
M35,local,M,2026-W30,5,2,true,true,10.78,9.77,0.0874,10.77,9.82,9.8,10.22,9.23,,16,2.31,,,11.56,10.56,2.91
M35,local,M,2026-W31,5,2,true,true,11.72,10.66,0.0744,12.52,11.48,10.56,11.39,9.92,,16,2.4,,,10.4,9.26,2.39
M35,local,M,2026-W32,5,2,false,true,11.91,11.01,0.0598,11.84,11.13,11.68,11.58,10.53,12.93,17,2.39,,,12.03,11.34,2.36
M35,local,M,2026-W33,5,2,true,true,11.95,10.63,0.0847,12.2,11.03,11.79,11.72,10.47,11.75,17,2.19,,,11.66,10.48,2.28
M35,local,M,2026-W34,5,2,true,true,11.68,10.6,0.0669,10.47,9.63,11.76,11.07,10,12.93,17,2.33,,,12.93,12.03,2.22
M35,local,M,2026-W35,5,2,true,true,12.11,11.01,0.0674,12.13,11.22,11.05,11.91,10.85,13.44,17,2.29,,,12.34,11.16,2.22
M35,local,M,2026-W36,5,2,true,true,11.98,10.91,0.0612,11.72,10.34,11.5,10.99,9.76,13.29,17,2.35,,,13.04,11.98,2.26
M35,local,M,2026-W37,4,2,true,true,11.42,10.29,0.071,10.99,9.9,11.25,9.53,8.46,13.08,17,2.45,2.21,,12.13,11.2,2.16
M35,local,M,2026-W38,5,2,true,true,11.4,10.38,0.0729,10.99,10.13,11.3,9.16,8.26,13.15,17,2.43,2.21,,10.49,9.55,2.11
M35,local,M,2026-W39,5,2,true,true,10.97,9.77,0.0837,10.49,9.05,11.12,9.59,8.4,11.86,17,2.24,2.21,,13.62,12.67,2.09
M35,local,M,2026-W40,5,2,true,false,11.27,10.25,0.0693,11.48,10.45,11.28,10.27,9.31,11.9,17,2.27,2.21,,11.46,10.32,2.15
M35,local,M,2026-W41,5,0,true,false,11.69,10.49,0.0863,12.61,11.05,11.19,9.84,8.66,12.76,17,2.38,2.21,12.7,,,
M4,local,M,2026-W17,0,2,false,true,,,,,,,,,,,,,,7.6,6.57,11.29
M4,local,M,2026-W18,5,2,false,false,6.24,5.49,0.1046,,,,5.87,5.19,,13,21.95,,,7.59,6.71,11.2
M4,local,M,2026-W19,5,2,false,true,6.23,5.5,0.0993,,,,5.94,5.23,,12,20.75,,,7.76,6.87,11.15
M4,local,M,2026-W20,5,2,false,true,6.12,5.42,0.1025,5.9,5.3,5.47,5.38,4.71,,15,20.8,,,7.45,6.49,11.66
M4,local,M,2026-W21,5,2,false,false,6.27,5.37,0.1215,,,,5.74,4.87,,13,22.25,,,8.11,7.08,12.2
M4,local,M,2026-W22,4,2,false,true,6.33,5.47,0.1154,6.09,5.41,5.69,5.88,5.05,,15,22.14,,,7.6,6.53,10.4
M4,local,M,2026-W23,5,2,false,true,6.38,5.51,0.1164,,,,,,7.59,4,22.18,,,7.32,6.35,11.84
M4,local,M,2026-W24,5,1,false,false,6.19,5.16,0.1403,,,,,,,2,23.17,,,8.16,6.91,9.16
M4,local,M,2026-W25,3,2,false,false,6.72,5.97,0.0987,,,,,,,2,21.53,,,7.6,6.57,11.34
M4,local,M,2026-W26,5,2,false,false,5.74,4.87,0.1206,,,,,,,1,21.59,,,8.24,7.01,10.82
M4,local,M,2026-W27,3,2,true,true,6.36,5.51,0.1136,6.41,5.71,5.59,5.93,5.08,7.44,16,21.89,,,8.04,7.04,12.46
M4,local,M,2026-W28,5,2,true,true,6.39,5.5,0.1192,6.28,5.5,5.65,5.99,5.24,7.52,16,22.83,,,7.76,6.71,12.41
M4,local,M,2026-W29,5,2,true,true,6.4,5.45,0.1269,6.19,5.38,5.6,5.92,5.06,,16,22.3,,,7.52,6.67,12.78
M4,local,M,2026-W30,5,2,true,true,6.32,5.5,0.1115,6.21,5.44,5.6,5.83,5.09,,16,21.89,,,7.68,6.82,12.65
M4,local,M,2026-W31,5,2,true,true,6.35,5.51,0.112,6.25,5.53,5.64,5.83,5.04,,16,22.14,,,7.46,6.07,10.12
M4,local,M,2026-W32,5,2,false,true,6.44,5.55,0.1204,6.5,5.65,5.67,5.78,4.99,7.4,17,22.06,,,7.45,6.26,9.97
M4,local,M,2026-W33,5,2,true,true,6.43,5.55,0.1174,6.39,5.54,5.69,5.97,5.11,7.56,17,21.69,,,7.49,6.22,10.13
M4,local,M,2026-W34,5,2,true,true,6.44,5.56,0.1139,6.51,5.7,5.78,5.97,5.19,7.5,17,21.92,,,7.87,6.91,11.89
M4,local,M,2026-W35,5,2,true,true,6.46,5.59,0.1172,6.34,5.65,5.75,6.08,5.25,7.64,17,22.16,,,7.7,6.71,12.27
M4,local,M,2026-W36,5,2,true,true,6.46,5.59,0.1122,6.39,5.58,5.69,6.05,5.23,7.67,17,21.75,,,7.83,6.85,12.51
M4,local,M,2026-W37,4,2,true,true,6.21,5.38,0.1097,6.13,5.42,5.41,5.64,4.93,7.6,17,22.27,22.77,,7.51,6.68,11.88
M4,local,M,2026-W38,5,2,true,true,6.25,5.44,0.1091,6.07,5.39,5.46,5.76,5.04,7.54,17,22.11,22.77,,7.19,6.26,11.76
M4,local,M,2026-W39,5,2,true,true,6.09,5.2,0.1246,5.94,5.15,5.42,5.29,4.33,7.38,17,21.91,22.77,,7.8,6.95,11.34
M4,local,M,2026-W40,5,2,true,false,6.22,5.44,0.1078,6.18,5.47,5.48,5.73,5.07,7.31,17,22.4,22.77,,7.3,6.43,12.21
M4,local,M,2026-W41,5,0,true,false,6.29,5.49,0.1061,6.03,5.37,5.52,5.72,5.01,7.78,17,22.69,22.77,14.8,,,
M42,local,M,2026-W17,0,2,false,true,,,,,,,,,,,,,,6.07,4.86,3.42
M42,local,M,2026-W18,5,2,false,false,5,4.12,0.1609,,,,4.74,4.12,,13,6.37,,,5.92,4.82,3.07
M42,local,M,2026-W19,5,2,false,true,5.07,4.33,0.1188,,,,5.12,4.6,,12,6.16,,,5.7,4.76,3.49
M42,local,M,2026-W20,5,2,false,true,4.83,4.1,0.145,4.78,4.23,4.77,4.48,3.73,,15,6.1,,,5.31,3.96,3.35
M42,local,M,2026-W21,5,2,false,false,4.97,4.2,0.1373,,,,4.61,3.85,,13,6.33,,,5.69,4.75,3.01
M42,local,M,2026-W22,4,2,false,true,5.14,4.27,0.1485,5.21,4.36,4.88,4.79,4.05,,15,6.23,,,5.27,4.07,3.28
M42,local,M,2026-W23,5,2,false,true,5.05,4.23,0.1472,,,,,,5.53,4,6.05,,,5.59,4.24,2.68
M42,local,M,2026-W24,5,1,false,false,4.65,4.1,0.1301,,,,,,,2,5.84,,,6.28,5.07,2.42
M42,local,M,2026-W25,3,2,false,false,5.09,4.42,0.1268,,,,,,,2,6,,,5.52,4.63,3.47
M42,local,M,2026-W26,5,2,false,false,5.23,4.79,0.0925,,,,,,,1,6.03,,,6.57,5.51,3.18
M42,local,M,2026-W27,3,2,true,true,5.27,4.44,0.1422,5.41,4.52,5.06,4.99,4.23,5.46,16,6.24,,,6.4,5.21,2.97
M42,local,M,2026-W28,5,2,true,true,5.51,4.39,0.1743,5.35,4.22,5.41,5.1,4.25,5.84,16,5.52,,,5.81,4.84,3.35
M42,local,M,2026-W29,5,2,true,true,5.14,4.32,0.143,5.14,4.36,4.7,4.83,4.04,,16,5.88,,,5.81,4.91,3.51
M42,local,M,2026-W30,5,2,true,true,5.22,4.47,0.1276,5.26,4.45,4.94,4.79,4.04,,16,6.09,,,5.69,4.76,3.66
M42,local,M,2026-W31,5,2,true,true,5.13,4.27,0.1419,5.32,4.37,4.79,4.71,4.09,,16,6.27,,,5.95,4.85,3.43
M42,local,M,2026-W32,5,2,false,true,5.4,4.57,0.1373,5.4,4.59,5.1,5.04,4.2,5.83,17,5.8,,,5.16,4,2.62
M42,local,M,2026-W33,5,2,true,true,5.25,4.37,0.1434,5.52,4.64,4.89,4.76,4.01,5.77,17,6.02,,,5.76,4.71,3.2
M42,local,M,2026-W34,5,2,true,true,5.24,4.41,0.1438,5.18,4.33,4.94,4.89,4.17,5.84,17,6.03,,,5.64,4.6,3.33
M42,local,M,2026-W35,5,2,true,true,5.41,4.54,0.1329,5.42,4.59,5.1,5.11,4.26,5.95,17,6.07,,,5.89,4.93,3.08
M42,local,M,2026-W36,5,2,true,true,5.35,4.49,0.1335,5.17,4.3,5,5.04,4.32,6.01,17,6.3,,,5.92,4.83,3.54
M42,local,M,2026-W37,4,2,true,true,5.09,4.24,0.1461,5.19,4.28,4.47,4.74,3.92,5.98,17,6.55,5.98,,5.73,4.7,3.23
M42,local,M,2026-W38,5,2,true,true,5.17,4.32,0.1361,5.22,4.37,4.78,4.77,4.04,5.81,17,6.31,5.98,,5.43,4.22,3.13
M42,local,M,2026-W39,5,2,true,true,4.65,3.65,0.1956,4.55,3.48,4.41,4.23,3.2,5.1,17,5.63,5.98,,5.84,4.8,3.22
M42,local,M,2026-W40,5,2,true,false,5.29,4.49,0.1279,5.23,4.44,4.87,5.07,4.31,5.9,17,6.48,5.98,,5.48,4.86,3.35
M42,local,M,2026-W41,5,0,true,false,5.05,4.2,0.1529,5.05,4.29,4.6,4.78,4.07,5.66,17,6.33,5.98,18.4,,,
M5,local,M,2026-W17,0,2,false,true,,,,,,,,,,,,,,8.39,7.51,8.83
M5,local,M,2026-W18,5,2,false,false,7.26,6.35,0.1018,,,,6.41,5.63,,13,11.72,,,8.17,7.22,8.36
M5,local,M,2026-W19,5,2,false,true,7.29,6.3,0.1129,,,,6.37,5.73,,12,12,,,8.16,7.02,9.25
M5,local,M,2026-W20,5,2,false,true,7.12,6.26,0.1067,7.76,7,6.49,6.09,5.26,,15,11.5,,,7.96,6.81,9.35
M5,local,M,2026-W21,5,2,false,false,7.18,6.19,0.1181,,,,6.19,5.43,,13,11.83,,,8.63,7.26,8.16
M5,local,M,2026-W22,4,2,false,true,7.35,6.44,0.1045,7.71,6.92,6.66,6.72,5.78,,15,11.18,,,8.37,7.12,9.04
M5,local,M,2026-W23,5,2,false,true,7.26,6.18,0.1209,,,,,,7.94,4,11.4,,,8.23,7.09,10.1
M5,local,M,2026-W24,5,1,false,false,7.05,5.9,0.1467,,,,,,,2,11.23,,,8.52,7.24,8.25
M5,local,M,2026-W25,3,2,false,false,7.58,6.66,0.1054,,,,,,,2,11.27,,,8.49,7.28,9.67
M5,local,M,2026-W26,5,2,false,false,6.95,6.01,0.1196,,,,,,,1,11.7,,,7.9,7.06,8.5
M5,local,M,2026-W27,3,2,true,true,7.37,6.38,0.1131,7.79,6.96,6.75,6.84,5.89,7.93,16,10.62,,,8.37,7.26,9.09
M5,local,M,2026-W28,5,2,true,true,7.26,6.32,0.1081,7.6,6.67,6.79,6.51,5.74,7.86,16,11.55,,,8.48,7.27,8.75
M5,local,M,2026-W29,5,2,true,true,7.15,6.11,0.1259,7.39,6.49,6.63,6.44,5.48,,16,11.61,,,8.11,7.05,9.35
M5,local,M,2026-W30,5,2,true,true,7.3,6.28,0.1157,7.74,6.67,6.76,6.42,5.64,,16,11.64,,,7.99,6.83,9.77
M5,local,M,2026-W31,5,2,true,true,7.19,6.26,0.1065,7.37,6.51,6.86,6.51,5.66,,16,11.49,,,8.1,6.9,7.84
M5,local,M,2026-W32,5,2,false,true,7.38,6.4,0.1181,7.32,6.52,7.05,6.67,5.88,8.08,17,11.63,,,8.08,6.96,7.32
M5,local,M,2026-W33,5,2,true,true,7.53,6.54,0.107,7.8,6.7,7.13,6.73,5.91,8.12,17,11.63,,,8.35,7.15,7.5
M5,local,M,2026-W34,5,2,true,true,7.43,6.41,0.1146,7.73,6.59,6.81,6.9,6,7.96,17,11.24,,,8.22,7.08,8.84
M5,local,M,2026-W35,5,2,true,true,7.44,6.47,0.1102,7.63,6.54,6.98,6.94,6.16,7.97,17,11.75,,,8.2,7.03,10.05
M5,local,M,2026-W36,5,2,true,true,7.35,6.34,0.1146,7.65,6.71,6.84,6.75,5.94,7.93,17,11.45,,,8.06,6.91,8.86
M5,local,M,2026-W37,4,2,true,true,6.95,5.95,0.1213,7.29,6.34,6.37,6.09,5.14,7.74,17,11.48,11.47,,7.93,6.93,9.83
M5,local,M,2026-W38,5,2,true,true,7.03,6.12,0.1064,7.25,6.36,6.51,6.29,5.51,7.74,17,11.44,11.47,,7.85,6.94,9.93
M5,local,M,2026-W39,5,2,true,true,7.02,6.04,0.1218,7.05,6.06,6.53,6.18,5.2,7.93,17,11.61,11.47,,8.37,7.31,9.51
M5,local,M,2026-W40,5,2,true,false,6.95,6.07,0.1114,7.33,6.39,6.53,6.38,5.76,7.21,17,11.7,11.47,,8.28,7.43,8.25
M5,local,M,2026-W41,5,0,true,false,7.11,6.14,0.1132,7.44,6.4,6.45,6.25,5.52,7.97,17,11.29,11.47,12.7,,,
M50,local,M,2026-W17,0,2,false,true,,,,,,,,,,,,,,6.9,5.76,1.67
M50,local,M,2026-W18,5,2,false,false,5.43,4.57,0.13,,,,4.4,3.77,,13,3.29,,,6.26,4.93,1.39
M50,local,M,2026-W19,5,2,false,true,5.26,4.32,0.1481,,,,4.44,3.77,,12,3.1,,,6.17,4.69,1.62
M50,local,M,2026-W20,5,2,false,true,5.23,4.22,0.1735,6.02,4.8,4.52,4.45,3.53,,15,3.38,,,5.72,4.57,1.44
M50,local,M,2026-W21,5,2,false,false,5.09,4.15,0.1658,,,,4.39,3.71,,13,2.95,,,6.26,5.13,1.36
M50,local,M,2026-W22,4,2,false,true,5.4,4.48,0.1526,5.42,4.56,4.92,4.63,3.77,,15,3.09,,,5.68,4.52,1.28
M50,local,M,2026-W23,5,2,false,true,5.32,4.09,0.1741,,,,,,6.21,4,2.96,,,6.26,4.96,1.45
M50,local,M,2026-W24,5,1,false,false,4.82,4.04,0.1687,,,,,,,2,3.14,,,6.7,5.05,1.1
M50,local,M,2026-W25,3,2,false,false,5.19,4.71,0.1012,,,,,,,2,3.1,,,7.19,6.32,1.47
M50,local,M,2026-W26,5,2,false,false,5.53,4.25,0.2021,,,,,,,1,3.2,,,7.24,6.45,1.39
M50,local,M,2026-W27,3,2,true,true,5,4.21,0.1443,5.34,4.53,4.46,4.58,3.68,5.41,16,2.99,,,6.97,5.59,1.37
M50,local,M,2026-W28,5,2,true,true,5.06,4.03,0.2041,5.15,4.4,4.5,4.33,3.24,5.9,16,2.6,,,6.57,5.11,0.78
M50,local,M,2026-W29,5,2,true,true,5,3.84,0.2401,4.55,3.58,3.99,4.4,3.21,,16,2.16,,,6.07,4.97,1.38
M50,local,M,2026-W30,5,2,true,true,5.13,4.29,0.1407,5.05,4.39,4.62,4.46,3.7,,16,3.13,,,6.58,5.73,1.39
M50,local,M,2026-W31,5,2,true,true,5.31,4.43,0.1347,5.3,4.54,4.64,4.69,4.01,,16,3.18,,,6.94,5.85,1.6
M50,local,M,2026-W32,5,2,false,true,5.42,4.48,0.1544,5.29,4.34,5.1,4.9,4.16,6.03,17,2.89,,,6.39,4.17,1.06
M50,local,M,2026-W33,5,2,true,true,5.5,4.65,0.1262,5.61,4.63,4.96,5.05,4.2,6.25,17,2.8,,,6.45,5.32,1.31
M50,local,M,2026-W34,5,2,true,true,5.65,4.78,0.1276,5.43,4.65,5.08,5.06,4.29,6.75,17,2.88,,,6.15,5.13,1.33
M50,local,M,2026-W35,5,2,true,true,5.65,4.79,0.1342,5.12,4.58,5.38,4.86,4.14,6.53,17,2.8,,,6.46,5.4,1.46
M50,local,M,2026-W36,5,2,true,true,5.65,4.68,0.1477,5.29,4.44,4.93,5.06,4.38,7.11,17,2.76,,,6.38,5.14,1.46
M50,local,M,2026-W37,4,2,true,true,4.82,3.94,0.1666,5.18,4.3,3.92,4.09,3.27,5.84,17,2.79,2.89,,6.05,5.08,1.66
M50,local,M,2026-W38,5,2,true,true,5.17,4.17,0.1638,5.05,4.31,4.28,4.43,3.73,6.67,17,3,2.89,,6.02,5,1.47
M50,local,M,2026-W39,5,2,true,true,4.86,3.54,0.2542,4.64,3.47,4.26,4.21,3.14,5.92,17,2.1,2.89,,6.14,5.2,1.25
M50,local,M,2026-W40,5,2,true,false,5.32,4.63,0.1223,5.18,4.57,4.64,4.42,3.74,6.72,17,3.08,2.89,,6.66,5.49,1.29
M50,local,M,2026-W41,5,0,true,false,5.15,4.32,0.1447,5.35,4.52,4.63,4.53,3.8,5.77,17,2.99,2.89,9.8,,,
M55,local,M,2026-W17,0,2,false,true,,,,,,,,,,,,,,8.22,7.04,3.89
M55,local,M,2026-W18,5,2,false,false,6.02,5.19,0.1263,,,,5.14,4.6,,13,4.29,,,7.94,7.07,3.35
M55,local,M,2026-W19,5,2,false,true,6.46,5.66,0.098,,,,5.12,4.64,,12,4.36,,,8,6.72,3.56
M55,local,M,2026-W20,5,2,false,true,6.21,5.43,0.1291,7.14,6.66,5.05,5.13,4.29,,15,4.51,,,7.49,6.26,3.3
M55,local,M,2026-W21,5,2,false,false,6.32,5.47,0.1208,,,,5.56,4.75,,13,4.66,,,8.47,7.47,3.73
M55,local,M,2026-W22,4,2,false,true,6.45,5.57,0.1194,6.27,5.52,5.34,5.57,4.67,,15,4.36,,,8.19,6.85,3.85
M55,local,M,2026-W23,5,2,false,true,7.02,6,0.1199,,,,,,8.21,4,4.35,,,7.54,6.88,3.99
M55,local,M,2026-W24,5,1,false,false,6.01,5.11,0.124,,,,,,,2,4.83,,,9.01,7.01,3.4
M55,local,M,2026-W25,3,2,false,false,5.45,4.75,0.1055,,,,,,,2,3.81,,,9.37,7.62,3.38
M55,local,M,2026-W26,5,2,false,false,7.79,6.73,0.1163,,,,,,,1,4.03,,,8.14,7.13,3.71
M55,local,M,2026-W27,3,2,true,true,6.87,6.09,0.0927,7.09,6.23,5.57,6.12,5.47,8.26,16,4.26,,,8.44,7.2,3.83
M55,local,M,2026-W28,5,2,true,true,6.61,5.91,0.0906,6.56,6,5.66,5.74,5.02,7.78,16,4.21,,,7.95,6.86,3.49
M55,local,M,2026-W29,5,2,true,true,6.53,5.59,0.1236,6.37,5.38,5.63,5.74,4.84,,16,4.5,,,7.97,7.07,4.03
M55,local,M,2026-W30,5,2,true,true,6.55,5.75,0.0976,6.32,5.56,5.7,5.95,5.35,,16,4.4,,,8.07,7.16,4.34
M55,local,M,2026-W31,5,2,true,true,6.27,5.55,0.0997,6.39,5.71,5.39,5.62,4.84,,16,4.5,,,7.25,6.33,3.37
M55,local,M,2026-W32,5,2,false,true,6.61,5.66,0.12,6.81,5.81,5.44,5.7,4.96,7.95,17,4.42,,,8.18,6.51,3.66
M55,local,M,2026-W33,5,2,true,true,6.77,5.84,0.1208,7.17,6.09,5.97,5.99,5.3,7.42,17,4.27,,,7.52,6.22,3.68
M55,local,M,2026-W34,5,2,true,true,6.83,5.79,0.1256,6.76,5.55,5.72,6.09,5.34,8.11,17,3.99,,,8.37,6.78,3.65
M55,local,M,2026-W35,5,2,true,true,6.67,5.96,0.0968,6.99,6.24,5.73,5.71,5.13,7.76,17,4.2,,,8.34,7.02,3.79
M55,local,M,2026-W36,5,2,true,true,6.88,5.9,0.1172,6.75,5.68,5.8,6.03,5.24,7.85,17,3.98,,,8.3,7.16,3.64
M55,local,M,2026-W37,4,2,true,true,5.68,4.69,0.1551,6.08,4.98,4.64,4.61,3.66,6.66,17,4.1,4.8,,7.27,6.23,3.98
M55,local,M,2026-W38,5,2,true,true,6.3,5.45,0.1173,6.24,5.54,5.09,5.41,4.65,7.89,17,4.31,4.8,,7.5,6.48,4.11
M55,local,M,2026-W39,5,2,true,true,6.14,5.26,0.1246,6.51,5.49,5.08,5.22,4.39,7.21,17,4.15,4.8,,7.81,6.43,3.92
M55,local,M,2026-W40,5,2,true,false,6.08,5.25,0.1212,6.37,5.49,4.88,5.32,4.6,7.51,17,4.03,4.8,,8.49,7.16,3.49
M55,local,M,2026-W41,5,0,true,false,6.25,5.51,0.1033,6.69,6,5.05,5.09,4.44,7.23,17,4.5,4.8,7.3,,,
M57,local,M,2026-W17,0,2,false,true,,,,,,,,,,,,,,6.11,5.58,3.27
M57,local,M,2026-W18,5,2,false,false,5.27,4.5,0.1176,,,,4.99,4.11,,13,5.21,,,6.09,5.19,3.26
M57,local,M,2026-W19,5,2,false,true,5.21,4.53,0.1148,,,,4.85,4.22,,12,5.27,,,6.06,5.21,3.58
M57,local,M,2026-W20,5,2,false,true,4.92,4.26,0.1072,4.29,3.84,4.54,4.46,3.9,,15,5.49,,,5.71,4.98,3.65
M57,local,M,2026-W21,5,2,false,false,5.15,4.45,0.1049,,,,4.86,4.09,,13,5.13,,,6.29,5.51,3.42
M57,local,M,2026-W22,4,2,false,true,5.18,4.43,0.1214,5.25,4.42,4.71,4.83,4.15,,15,5.15,,,5.91,4.95,3.15
M57,local,M,2026-W23,5,2,false,true,4.93,4.33,0.1001,,,,,,5.6,4,5.02,,,5.63,4.93,3.86
M57,local,M,2026-W24,5,1,false,false,5.08,4.25,0.1334,,,,,,,2,5.41,,,6.88,5.89,2.6
M57,local,M,2026-W25,3,2,false,false,4.51,3.82,0.1319,,,,,,,2,5.3,,,6.21,5.56,3.23
M57,local,M,2026-W26,5,2,false,false,5.21,4.54,0.1179,,,,,,,1,5.4,,,6.19,5.57,3.19
M57,local,M,2026-W27,3,2,true,true,5.33,4.67,0.1113,5.55,4.82,4.85,4.96,4.28,5.8,16,4.66,,,6.47,5.69,3.07
M57,local,M,2026-W28,5,2,true,true,5.22,4.52,0.1075,5.4,4.82,4.77,4.81,4.12,5.7,16,5.14,,,5.92,5.23,3
M57,local,M,2026-W29,5,2,true,true,4.91,4.15,0.1524,5.12,4.4,4.31,4.41,3.58,,16,5.01,,,5.78,5.1,3.68
M57,local,M,2026-W30,5,2,true,true,5.33,4.62,0.1125,5.26,4.63,4.78,4.97,4.36,,16,5.23,,,6.13,5.4,3.14
M57,local,M,2026-W31,5,2,true,true,5.37,4.64,0.1114,5.65,4.92,5.05,5.07,4.38,,16,5.34,,,5.83,4.97,3.18
M57,local,M,2026-W32,5,2,false,true,5.44,4.67,0.1177,5.32,4.75,4.85,4.99,4.38,6.33,17,4.8,,,5.87,5.21,3.01
M57,local,M,2026-W33,5,2,true,true,5.45,4.67,0.1207,5.64,4.81,4.86,5.09,4.41,6.14,17,5.05,,,5.97,5.23,3.29
M57,local,M,2026-W34,5,2,true,true,5.51,4.76,0.1149,5.44,4.83,5.15,4.99,4.37,6.19,17,4.82,,,6.14,5.44,3.48
M57,local,M,2026-W35,5,2,true,true,5.49,4.78,0.1105,5.54,4.8,5.03,5.17,4.54,6.15,17,4.95,,,6.09,5.13,2.7
M57,local,M,2026-W36,5,2,true,true,5.4,4.66,0.1062,5.36,4.69,4.91,5.03,4.39,6.05,17,5.13,,,6.22,5.41,3.24
M57,local,M,2026-W37,4,2,true,true,4.85,4.09,0.1327,5.01,4.31,4.15,4.19,3.52,5.83,17,5.56,5.43,,6.17,5.45,3.47
M57,local,M,2026-W38,5,2,true,true,4.98,4.3,0.1185,4.94,4.28,4.44,4.56,3.97,5.78,17,5.91,5.43,,5.78,5,3.78
M57,local,M,2026-W39,5,2,true,true,4.54,3.59,0.2034,4.38,3.49,4.07,3.75,2.75,5.54,17,5.73,5.43,,5.97,5.37,3.37
M57,local,M,2026-W40,5,2,true,false,4.93,4.32,0.107,4.94,4.34,4.35,4.57,4.12,5.63,17,5.7,5.43,,6.17,5,3.41
M57,local,M,2026-W41,5,0,true,false,5.1,4.41,0.1128,5.22,4.57,4.67,4.75,4.15,5.41,17,5.7,5.43,15.9,,,
M60+,sbs,M,2026-W17,0,2,false,true,,,,,,,,,,,,,,11.96,10.95,9.6
M60+,sbs,M,2026-W18,5,2,false,false,10.78,9.95,0.0599,,,,9.52,8.68,,13,10.95,,,11.12,10.01,8.74
M60+,sbs,M,2026-W19,5,2,false,true,10.17,9.44,0.066,,,,8.89,7.95,,12,10.85,,,11.62,10.57,8.72
M60+,sbs,M,2026-W20,5,2,false,true,9.93,9.15,0.0711,9.82,9.22,9.24,9.11,8.27,,15,10.68,,,10.96,9.83,10.14
M60+,sbs,M,2026-W21,5,2,false,false,10.2,9.18,0.0882,,,,9.2,8.24,,13,10.57,,,11.76,10.73,9.08
M60+,sbs,M,2026-W22,4,2,false,true,10.49,9.51,0.0801,9.65,8.64,9.76,10.08,8.97,,15,11.44,,,11.8,10.6,9.55
M60+,sbs,M,2026-W23,5,2,false,true,8.96,7.94,0.1012,,,,,,10.16,4,11.76,,,11.73,10.51,8.88
M60+,sbs,M,2026-W24,5,1,false,false,9.52,8.82,0.0624,,,,,,,2,10.84,,,11.97,10.81,7.29
M60+,sbs,M,2026-W25,3,2,false,false,10.38,9.35,0.0986,,,,,,,2,11.45,,,11.72,10.84,9.18
M60+,sbs,M,2026-W26,5,2,false,false,10.59,9.78,0.0716,,,,,,,1,10.97,,,11.53,10.59,7.62
M60+,sbs,M,2026-W27,3,2,true,true,10.66,9.68,0.0705,10.47,9.37,9.82,10.28,9.37,12.01,16,11.66,,,12.23,11.1,9.27
M60+,sbs,M,2026-W28,5,2,true,true,10.57,9.59,0.073,10.18,9.34,10.26,9.63,8.72,11.69,16,11.25,,,12.19,11.05,9.62
M60+,sbs,M,2026-W29,5,2,true,true,10.35,9.45,0.0695,9.81,9.16,10.11,9.49,8.5,,16,11.26,,,11.84,10.84,9.17
M60+,sbs,M,2026-W30,5,2,true,true,10.7,9.74,0.0697,10.47,9.64,10.26,9.33,8.5,,16,10.53,,,11.48,10.57,8.89
M60+,sbs,M,2026-W31,5,2,true,true,10.45,9.4,0.0842,9.7,8.74,10.25,9.69,8.69,,16,10.83,,,11.76,10.63,8.9
M60+,sbs,M,2026-W32,5,2,false,true,10.47,9.53,0.0795,10.11,9.22,10.26,10.02,9.03,11.47,17,9.92,,,11.38,10.17,8.3
M60+,sbs,M,2026-W33,5,2,true,true,10.56,9.62,0.0724,10.54,9.68,10.17,9.49,8.37,11.57,17,10.86,,,11.85,10.67,8.52
M60+,sbs,M,2026-W34,5,2,true,true,10.72,9.82,0.0675,10.35,9.55,10.15,9.98,8.94,12.14,17,10.11,,,11.81,10.8,8.87
M60+,sbs,M,2026-W35,5,2,true,true,10.79,9.83,0.071,10.66,9.69,10.38,10.36,9.31,11.6,17,10.9,,,11.77,10.63,8.7
M60+,sbs,M,2026-W36,5,2,true,true,10.77,9.65,0.0795,9.72,8.59,10.22,10.49,9.32,12.11,17,10.22,,,11.9,10.68,8.64
M60+,sbs,M,2026-W37,4,2,true,true,10.26,9.31,0.0704,9.95,8.85,9.92,9.09,8.27,11.54,17,11.24,11.92,,11.95,10.82,9.46
M60+,sbs,M,2026-W38,5,2,true,true,10.42,9.52,0.0685,10.15,9.31,9.86,9.69,8.83,11.73,17,10.87,11.92,,11,9.9,8.64
M60+,sbs,M,2026-W39,5,2,true,true,10.49,9.53,0.0702,9.27,8.31,10.33,9.81,8.92,11.88,17,11.19,11.92,,12.22,11.24,9.34
M60+,sbs,M,2026-W40,5,2,true,false,10.23,9.26,0.0804,9.52,8.66,10.27,9.42,8.33,10.95,17,11.6,11.92,,12.16,11.01,9.89
M60+,sbs,M,2026-W41,5,0,true,false,10.38,9.2,0.0992,10.16,9.18,9.97,9.13,8.02,11.34,17,11.92,11.92,24.6,,,
M66,local,M,2026-W17,0,2,false,true,,,,,,,,,,,,,,6.43,5.27,2.3
M66,local,M,2026-W18,5,2,false,false,5.91,4.86,0.1639,,,,5.55,4.69,,13,5.84,,,7,5.6,2.9
M66,local,M,2026-W19,5,2,false,true,6.21,5.09,0.1455,,,,5.84,5.02,,12,5.57,,,7.05,5.3,3.25
M66,local,M,2026-W20,5,2,false,true,5.61,4.58,0.1656,5.5,4.33,4.83,5.18,4.33,,15,6.31,,,7.18,5.7,2.57
M66,local,M,2026-W21,5,2,false,false,5.85,4.82,0.1663,,,,5.54,4.61,,13,5.84,,,7.95,6.55,2.4
M66,local,M,2026-W22,4,2,false,true,6.22,4.98,0.177,5.87,4.67,5.61,5.86,4.73,,15,5.4,,,7.08,5.48,2.33
M66,local,M,2026-W23,5,2,false,true,5.96,4.59,0.2008,,,,,,7.02,4,5.79,,,7.04,5.58,3.01
M66,local,M,2026-W24,5,1,false,false,5.54,4.29,0.1959,,,,,,,2,5.32,,,6.8,4.88,1.71
M66,local,M,2026-W25,3,2,false,false,6.51,5.45,0.1445,,,,,,,2,5.26,,,7.68,5.68,2.89
M66,local,M,2026-W26,5,2,false,false,5.74,4.52,0.1651,,,,,,,1,5.32,,,7.09,6.14,2.47
M66,local,M,2026-W27,3,2,true,true,6.5,5.23,0.1696,6.37,4.97,5.7,6.19,5.18,7.66,16,5.34,,,8.6,7.05,2.52
M66,local,M,2026-W28,5,2,true,true,6.05,4.75,0.1948,6.1,5.09,5.32,5.92,4.72,6.83,16,5.08,,,7.53,6.35,2.79
M66,local,M,2026-W29,5,2,true,true,5.89,4.73,0.173,5.71,4.7,5.35,5.25,4.13,,16,4.83,,,7.08,5.78,2.66
M66,local,M,2026-W30,5,2,true,true,5.96,4.81,0.1723,5.48,4.39,5.42,5.73,4.72,,16,4.83,,,7.26,6.04,2.76
M66,local,M,2026-W31,5,2,true,true,5.99,4.87,0.161,5.82,4.84,5.43,5.56,4.53,,16,5.29,,,8.21,6.58,2.66
M66,local,M,2026-W32,5,2,false,true,6.2,4.93,0.1868,5.84,4.85,5.56,6.2,5.12,7.4,17,5.05,,,7.7,6.37,2.58
M66,local,M,2026-W33,5,2,true,true,6.19,4.99,0.1723,6.17,4.97,5.59,6.09,4.97,6.93,17,5.08,,,7.49,6.1,2.25
M66,local,M,2026-W34,5,2,true,true,6.44,5.3,0.1618,6.43,5.29,5.74,6.21,5.1,7.55,17,5.45,,,7.63,6.38,2.55
M66,local,M,2026-W35,5,2,true,true,6.34,5.2,0.1632,6.32,5.23,5.2,6.29,5.18,7.7,17,5.3,,,7.31,5.96,2.34
M66,local,M,2026-W36,5,2,true,true,6.32,5.13,0.167,6.06,4.86,5.62,5.86,4.83,7.18,17,5.39,,,7.58,6.06,2.56
M66,local,M,2026-W37,4,2,true,true,5.74,4.59,0.1722,5.48,4.36,4.94,5.54,4.46,6.8,17,5.98,5.38,,6.88,5.58,2.61
M66,local,M,2026-W38,5,2,true,true,5.62,4.57,0.1678,5.21,4.34,4.82,5.21,4.38,6.73,17,6.27,5.38,,7.17,5.49,2.61
M66,local,M,2026-W39,5,2,true,true,5.41,4.43,0.1564,5.3,4.34,4.8,5.01,4.17,6.05,17,6.01,5.38,,7.07,5.69,2.61
M66,local,M,2026-W40,5,2,true,false,5.72,4.66,0.1649,5.37,4.42,4.96,5.13,4.19,6.97,17,6.02,5.38,,6.39,5.38,2.67
M66,local,M,2026-W41,5,0,true,false,5.86,4.75,0.171,5.49,4.56,5.26,5.18,4.34,7,17,6.19,5.38,16.7,,,
M7,local,M,2026-W17,0,2,false,true,,,,,,,,,,,,,,7.13,6,10.18
M7,local,M,2026-W18,5,2,false,false,5.75,5.09,0.0987,,,,5.06,4.48,,13,13.67,,,6.62,5.77,10.74
M7,local,M,2026-W19,5,2,false,true,5.91,5.2,0.1032,,,,5.23,4.73,,12,13.45,,,6.72,5.93,11.09
M7,local,M,2026-W20,5,2,false,true,5.84,5.13,0.1046,5.79,4.91,5.35,5.06,4.48,,15,13.69,,,6.66,5.62,10.47
M7,local,M,2026-W21,5,2,false,false,5.85,5.08,0.1137,,,,5,4.27,,13,13.68,,,7.15,6.14,10.77
M7,local,M,2026-W22,4,2,false,true,6.07,5.27,0.1095,6.05,5.44,5.42,5.29,4.62,,15,13.52,,,6.94,6.03,10.09
M7,local,M,2026-W23,5,2,false,true,5.87,5.1,0.1076,,,,,,6.63,4,12.93,,,6.58,5.67,12.23
M7,local,M,2026-W24,5,1,false,false,6.14,5.25,0.1202,,,,,,,2,13.01,,,8.03,6.51,9.6
M7,local,M,2026-W25,3,2,false,false,6.09,5.23,0.1181,,,,,,,2,13.18,,,7.06,6.23,10.91
M7,local,M,2026-W26,5,2,false,false,5.99,5.33,0.1023,,,,,,,1,13.08,,,6.9,6.3,10.18
M7,local,M,2026-W27,3,2,true,true,5.96,5.18,0.1073,6.14,5.44,5.28,5.32,4.61,6.65,16,13.41,,,7.13,6.17,11.69
M7,local,M,2026-W28,5,2,true,true,5.99,5.23,0.1054,6.24,5.57,5.4,5.36,4.68,6.48,16,13.26,,,6.75,5.78,10.11
M7,local,M,2026-W29,5,2,true,true,5.85,5.1,0.1075,5.74,5.17,5.37,5.2,4.42,,16,13.42,,,6.89,6.04,11.03
M7,local,M,2026-W30,5,2,true,true,5.97,5.26,0.0943,5.99,5.34,5.45,5.24,4.66,,16,12.95,,,7.03,6.2,11.95
M7,local,M,2026-W31,5,2,true,true,5.91,5.19,0.1036,6.16,5.48,5.27,5.36,4.7,,16,13.34,,,6.94,5.92,10.1
M7,local,M,2026-W32,5,2,false,true,6.19,5.37,0.1144,6.28,5.36,5.46,5.44,4.8,6.9,17,12.47,,,6.57,5.62,9.84
M7,local,M,2026-W33,5,2,true,true,6.16,5.4,0.1036,6.34,5.6,5.54,5.51,4.74,6.73,17,12.92,,,6.82,5.79,11.51
M7,local,M,2026-W34,5,2,true,true,6.13,5.37,0.1028,6.2,5.43,5.54,5.54,4.8,6.68,17,13.26,,,7.11,6.26,10
M7,local,M,2026-W35,5,2,true,true,6.17,5.41,0.102,6.15,5.53,5.57,5.5,4.86,7,17,13.18,,,7.05,6.01,11.03
M7,local,M,2026-W36,5,2,true,true,6.17,5.41,0.0986,6.11,5.43,5.39,5.6,4.9,7.08,17,13.33,,,7.11,6.08,11
M7,local,M,2026-W37,4,2,true,true,5.84,5.11,0.1079,5.83,5.21,5.08,5.09,4.46,6.83,17,13.39,14.05,,6.86,6.02,11.54
M7,local,M,2026-W38,5,2,true,true,5.96,5.18,0.105,5.87,5.26,5.39,5.3,4.65,6.77,17,13.11,14.05,,6.55,5.71,10.99
M7,local,M,2026-W39,5,2,true,true,5.81,5.1,0.0998,5.88,5.18,5,5.03,4.28,6.83,17,12.57,14.05,,6.97,6.19,12.07
M7,local,M,2026-W40,5,2,true,false,5.95,5.24,0.0943,5.86,5.33,5.32,5.28,4.66,6.77,17,13.62,14.05,,6.71,5.96,9.92
M7,local,M,2026-W41,5,0,true,false,5.85,5.18,0.096,5.92,5.35,5.18,5.11,4.57,6.59,17,13.31,14.05,13.7,,,
M72,local,M,2026-W17,0,2,false,true,,,,,,,,,,,,,,6.69,5.52,2.24
M72,local,M,2026-W18,5,2,false,false,6.24,5.24,0.1371,,,,5.84,4.97,,13,4.72,,,6.81,5.52,2.15
M72,local,M,2026-W19,5,2,false,true,6.3,5.35,0.1218,,,,5.76,4.99,,12,4.56,,,6.67,5.44,2.61
M72,local,M,2026-W20,5,2,false,true,5.96,4.99,0.1483,5.85,4.87,5.23,5.41,4.49,,15,4.64,,,6.93,5.75,2.71
M72,local,M,2026-W21,5,2,false,false,6.2,5.17,0.1452,,,,5.85,4.96,,12,4.93,,,8,6.41,2.66
M72,local,M,2026-W22,4,2,false,true,6.32,5.26,0.1498,6.39,5.14,5.53,5.8,4.72,,15,5.08,,,6.54,5.16,2.02
M72,local,M,2026-W23,5,2,false,true,6.35,5.47,0.1367,,,,,,7.24,4,4.61,,,6.82,5.37,2.58
M72,local,M,2026-W24,5,1,false,false,6.36,5.71,0.097,,,,,,,2,4.86,,,7.23,5.93,2.07
M72,local,M,2026-W25,3,2,false,false,5.36,4.02,0.2201,,,,,,,2,5,,,6.31,5.24,2.64
M72,local,M,2026-W26,5,2,false,false,6.97,6.16,0.1236,,,,,,,1,4.88,,,6.74,4.97,2.71
M72,local,M,2026-W27,3,2,true,true,6.4,5.37,0.1561,5.95,4.93,5.57,5.94,5.07,7.76,16,4.78,,,7.4,5.98,2.73
M72,local,M,2026-W28,5,2,true,true,6.39,5.24,0.1597,6.25,5.34,5.87,6.1,5.21,6.91,16,4.69,,,7.33,5.79,2.39
M72,local,M,2026-W29,5,2,true,true,6.45,5.41,0.1446,6.12,5.37,5.57,5.88,5,,16,4.69,,,6.76,5.32,2.52
M72,local,M,2026-W30,5,2,true,true,6.43,5.27,0.1583,6.53,5.26,5.66,5.84,4.77,,16,4.7,,,7.26,6.16,2.91
M72,local,M,2026-W31,5,2,true,true,6.3,5.18,0.1562,6.35,5.54,5.59,6.04,5.09,,16,4.55,,,7.69,6.47,2.73
M72,local,M,2026-W32,5,2,false,true,6.37,5.25,0.1508,5.99,5.03,5.64,6.08,5.09,6.79,17,4.52,,,7.11,5.98,2.59
M72,local,M,2026-W33,5,2,true,true,6.37,5.23,0.1585,6.34,5.35,5.67,6.18,5.07,7.21,17,4.6,,,7.2,5.88,2.45
M72,local,M,2026-W34,5,2,true,true,6.28,5.3,0.1366,6.41,5.42,5.82,5.87,4.96,6.68,17,4.79,,,7.58,6.08,2.48
M72,local,M,2026-W35,5,2,true,true,6.24,5.3,0.1339,6.35,5.52,5.62,6.01,5.09,6.94,17,4.74,,,7.1,5.87,2.55
M72,local,M,2026-W36,5,2,true,true,6.43,5.36,0.1377,6.45,5.46,5.7,5.87,5.02,7.38,17,4.47,,,7.03,5.97,3.03
M72,local,M,2026-W37,4,2,true,true,6.08,5.07,0.1381,5.82,4.91,5.21,5.36,4.58,7.71,17,4.96,4.59,,6.89,5.75,2.71
M72,local,M,2026-W38,5,2,true,true,6.08,5.14,0.133,5.8,5.03,5.29,5.66,4.84,7.37,17,5,4.59,,6.29,5.33,2.75
M72,local,M,2026-W39,5,2,true,true,5.93,5.05,0.1271,5.75,4.95,5.27,5.4,4.74,6.84,17,4.82,4.59,,7.13,5.91,2.81
M72,local,M,2026-W40,5,2,true,false,5.97,5.04,0.1435,6.11,5.07,5.49,5.09,4.36,6.52,17,4.96,4.59,,6.3,5.16,3.38
M72,local,M,2026-W41,5,0,true,false,6.19,5.25,0.1366,6.09,5.35,5.55,5.51,4.62,7.38,17,4.96,4.59,13.4,,,
M79+,sbs,M,2026-W17,0,2,false,true,,,,,,,,,,,,,,6.78,5.39,4.5
M79+,sbs,M,2026-W18,5,2,false,false,6.67,5.46,0.1624,,,,6.74,5.88,,13,6.93,,,6.72,5.73,5.02
M79+,sbs,M,2026-W19,5,2,false,true,6.51,5.5,0.129,,,,6.23,5.29,,12,6.63,,,6.86,5.68,3.6
M79+,sbs,M,2026-W20,5,2,false,true,6.18,5.2,0.1374,5.16,4.36,5.98,5.9,5.02,,15,7.55,,,7.04,5.82,4.45
M79+,sbs,M,2026-W21,5,2,false,false,6.46,5.47,0.1359,,,,5.52,4.64,,13,7.48,,,7.16,5.75,4.76
M79+,sbs,M,2026-W22,4,2,false,true,6.42,5.26,0.161,6.28,5.08,6.02,5.97,4.95,,15,7.35,,,7.01,5.46,4.47
M79+,sbs,M,2026-W23,5,2,false,true,6.62,5.73,0.1131,,,,,,7.45,4,7.56,,,6.83,5.38,4.65
M79+,sbs,M,2026-W24,5,1,false,false,7.12,5.7,0.1896,,,,,,,2,6.74,,,7.48,5,3.44
M79+,sbs,M,2026-W25,3,2,false,false,6.56,5.74,0.1194,,,,,,,2,6.68,,,7.18,5.41,4.43
M79+,sbs,M,2026-W26,5,2,false,false,6.39,4.93,0.2189,,,,,,,1,6.74,,,7.99,6.74,3.83
M79+,sbs,M,2026-W27,3,2,true,true,6.85,5.72,0.1457,6.85,5.44,6.21,6.71,5.54,7.63,16,6.29,,,7.39,6.18,4.06
M79+,sbs,M,2026-W28,5,2,true,true,6.64,5.6,0.1273,6.81,5.65,6.19,6.18,5.28,7.25,16,6.86,,,7.19,5.9,4.44
M79+,sbs,M,2026-W29,5,2,true,true,6.6,5.61,0.128,6.52,5.5,6.15,6.19,5.22,,16,6.7,,,6.89,5.67,4.01
M79+,sbs,M,2026-W30,5,2,true,true,6.64,5.5,0.1476,6.56,5.35,6.2,6.13,5.39,,16,6.83,,,7.17,6.11,4.48
M79+,sbs,M,2026-W31,5,2,true,true,6.5,5.46,0.1311,6.5,5.32,6.1,6.12,5.24,,16,6.94,,,7.12,6.01,4.69
M79+,sbs,M,2026-W32,5,2,false,true,6.72,5.63,0.142,6.72,5.68,6.11,6.26,5.38,7.44,17,6.37,,,7.09,5.96,4.04
M79+,sbs,M,2026-W33,5,2,true,true,6.79,5.78,0.132,6.74,5.73,6.12,6.34,5.31,7.92,17,6.3,,,7.05,5.76,4.15
M79+,sbs,M,2026-W34,5,2,true,true,6.63,5.67,0.1236,6.74,5.75,6.12,6.27,5.34,7.37,17,6.41,,,7.26,6.17,4.51
M79+,sbs,M,2026-W35,5,2,true,true,6.64,5.61,0.1346,6.35,5.43,6.19,6.44,5.34,7.45,17,7.06,,,7.47,6.19,4.42
M79+,sbs,M,2026-W36,5,2,true,true,6.75,5.68,0.1334,6.6,5.44,6.3,6.45,5.57,7.59,17,6.49,,,7.26,6.13,4.54
M79+,sbs,M,2026-W37,4,2,true,true,6.19,5.25,0.1313,5.98,5.03,5.8,5.72,4.93,6.88,17,7.65,7.66,,6.46,5.37,4.07
M79+,sbs,M,2026-W38,5,2,true,true,6.25,5.3,0.1223,5.95,5.04,5.92,5.65,4.92,7.08,17,7.72,7.66,,6.41,5.36,4.12
M79+,sbs,M,2026-W39,5,2,true,true,6.2,5.31,0.1139,5.95,5.1,5.97,5.47,4.53,6.97,17,7.6,7.66,,7.13,6.06,4.5
M79+,sbs,M,2026-W40,5,2,true,false,6.33,5.34,0.1297,6.11,5.19,5.91,6.02,5.25,6.92,17,7.68,7.66,,6.32,5.28,4.66
M79+,sbs,M,2026-W41,5,0,true,false,6.41,5.36,0.1414,6.11,5.26,6.09,5.9,5.02,7.11,17,7.38,7.66,16.3,,,
M8,local,M,2026-W17,0,2,false,true,,,,,,,,,,,,,,5.98,5.27,1.23
M8,local,M,2026-W18,5,2,false,false,5.8,5.08,0.1003,,,,5.54,5.21,,13,2.3,,,5.5,4.55,1.39
M8,local,M,2026-W19,5,2,false,true,5.7,5.07,0.0988,,,,5.69,5.27,,12,2.25,,,5.7,4.44,1.48
M8,local,M,2026-W20,5,2,false,true,5.45,4.78,0.1136,5.07,4.61,5.23,5.19,4.76,,15,2.31,,,5.92,3.89,1.27
M8,local,M,2026-W21,5,2,false,false,5.65,4.84,0.1249,,,,5.39,4.53,,13,2.19,,,6.05,5.02,1.45
M8,local,M,2026-W22,4,2,false,true,5.85,4.99,0.1307,6.42,5.8,5.24,5.69,4.87,,15,2.26,,,5.81,4.62,1.44
M8,local,M,2026-W23,5,2,false,true,5.92,5.05,0.1368,,,,,,6.14,4,1.97,,,5.74,4.46,1.1
M8,local,M,2026-W24,5,1,false,false,6.59,5.69,0.095,,,,,,,2,2.38,,,6.71,5.63,1.08
M8,local,M,2026-W25,3,2,false,false,5.28,3.62,0.3029,,,,,,,2,2.18,,,5.47,4.72,1.65
M8,local,M,2026-W26,5,2,false,false,5.51,4.28,0.1748,,,,,,,1,2.46,,,6.54,6.28,1.08
M8,local,M,2026-W27,3,2,true,true,6,5.14,0.1206,6.07,5.31,5.61,5.85,5.09,6.39,16,2.14,,,6.62,5.37,1.02
M8,local,M,2026-W28,5,2,true,true,6.02,5.1,0.1392,6.13,5.37,5.8,5.57,4.8,6.37,16,2.23,,,5.81,4.15,1.13
M8,local,M,2026-W29,5,2,true,true,5.85,4.94,0.1363,6.18,5.4,5.5,5.61,5.02,,16,2.25,,,6.03,5.3,1.59
M8,local,M,2026-W30,5,2,true,true,6.01,5.07,0.1344,6.25,5.42,5.81,5.38,4.8,,16,2.17,,,6.09,5.47,1.76
M8,local,M,2026-W31,5,2,true,true,6.16,5.01,0.1351,6.23,5.38,6.28,5.38,4.64,,16,2.1,,,6.04,5.08,1.53
M8,local,M,2026-W32,5,2,false,true,5.63,4.52,0.1697,5.58,4.71,5.79,5.1,4.25,5.58,17,2.27,,,5.95,4.42,0.93
M8,local,M,2026-W33,5,2,true,true,5.99,5.31,0.1004,6.65,5.92,5.29,5.59,4.99,6.73,17,2.09,,,6.07,4.54,1.16
M8,local,M,2026-W34,5,2,true,true,5.93,5.13,0.1229,6.09,5.14,5.69,5.57,4.93,6.1,17,2.06,,,6.02,4.52,1.18
M8,local,M,2026-W35,5,2,true,true,5.87,5.05,0.1313,6.35,5.54,5.52,5.63,4.82,6.03,17,2.25,,,5.77,4.35,1.38
M8,local,M,2026-W36,5,2,true,true,5.91,5.07,0.122,6.16,5.15,5.71,5.56,5.01,6.12,17,2.23,,,6.14,5.2,1.18
M8,local,M,2026-W37,4,2,true,true,5.53,4.63,0.1442,6.11,5.38,5.15,5.19,4.46,5.68,17,2.3,2.26,,5.47,4.43,1.25
M8,local,M,2026-W38,5,2,true,true,5.63,4.69,0.1439,5.97,5.53,5.38,5.26,4.45,5.67,17,2.34,2.26,,5.42,4.64,1.24
M8,local,M,2026-W39,5,2,true,true,5.63,4.9,0.111,5.89,5.15,5.35,5.56,4.96,5.6,17,2.34,2.26,,6.11,4.97,1.38
M8,local,M,2026-W40,5,2,true,false,5.64,4.95,0.1076,6.09,5.44,5.19,5.63,5.02,5.81,17,2.27,2.26,,5.87,4.92,1.14
M8,local,M,2026-W41,5,0,true,false,5.74,4.87,0.1288,5.92,4.95,5.84,5.08,4.47,5.93,17,2.34,2.26,7.1,,,
M86+,sbs,M,2026-W17,0,2,false,true,,,,,,,,,,,,,,6.13,5.09,4.87
M86+,sbs,M,2026-W18,5,2,false,false,6.18,5.3,0.1231,,,,6.22,5.32,,13,8.52,,,6.25,5.13,5.73
M86+,sbs,M,2026-W19,5,2,false,true,6.21,5.3,0.1231,,,,6.12,5.38,,12,8.62,,,6.89,5.72,5.74
M86+,sbs,M,2026-W20,5,2,false,true,5.92,4.99,0.1409,5.52,4.51,5.67,5.5,4.61,,15,8.94,,,6.99,5.89,4.67
M86+,sbs,M,2026-W21,5,2,false,false,6.1,5.17,0.1387,,,,5.66,4.87,,13,9.04,,,7.31,5.97,5.81
M86+,sbs,M,2026-W22,4,2,false,true,6.18,5.16,0.1437,6.04,5.11,5.82,5.68,4.79,,15,8.21,,,6.81,5.56,5.44
M86+,sbs,M,2026-W23,5,2,false,true,6.23,5.28,0.113,,,,,,6.77,4,8.43,,,6.63,5.3,5.11
M86+,sbs,M,2026-W24,5,1,false,false,6.3,5.12,0.1428,,,,,,,2,8.25,,,8.15,6.27,3.58
M86+,sbs,M,2026-W25,3,2,false,false,6.02,4.92,0.151,,,,,,,2,8.42,,,7.07,6.61,4.72
M86+,sbs,M,2026-W26,5,2,false,false,6.41,5.42,0.1338,,,,,,,1,8.38,,,8.01,6.67,4.68
M86+,sbs,M,2026-W27,3,2,true,true,6.63,5.68,0.1212,6.38,5.44,6.22,6.19,5.38,7.43,16,7.91,,,7.54,6.48,4.52
M86+,sbs,M,2026-W28,5,2,true,true,6.65,5.65,0.1299,6.49,5.6,6.23,6.23,5.3,7.39,16,8.15,,,7.33,5.93,5.09
M86+,sbs,M,2026-W29,5,2,true,true,6.47,5.49,0.1263,6.4,5.45,6.3,6,5.15,,16,7.81,,,6.97,5.52,4.51
M86+,sbs,M,2026-W30,5,2,true,true,6.35,5.44,0.1226,6.35,5.42,6.18,5.87,5.11,,16,8.43,,,7.4,5.98,5.8
M86+,sbs,M,2026-W31,5,2,true,true,6.42,5.45,0.13,6.47,5.54,6.05,6.09,5.16,,16,8.36,,,7.29,6.01,5.11
M86+,sbs,M,2026-W32,5,2,false,true,6.42,5.45,0.1341,6.35,5.36,6.11,6.18,5.26,6.73,17,7.85,,,7.19,6.13,4.92
M86+,sbs,M,2026-W33,5,2,true,true,6.56,5.58,0.1257,6.61,5.72,6.07,6.25,5.4,7.23,17,8.03,,,7.37,6.05,5.45
M86+,sbs,M,2026-W34,5,2,true,true,6.47,5.57,0.1188,6.5,5.67,6.14,6.12,5.22,6.89,17,8.21,,,6.97,5.83,4.88
M86+,sbs,M,2026-W35,5,2,true,true,6.43,5.52,0.1232,6.32,5.44,6.18,6.24,5.39,6.84,17,8.29,,,7.36,5.99,5.14
M86+,sbs,M,2026-W36,5,2,true,true,6.49,5.6,0.1158,6.5,5.51,6.1,6.23,5.46,6.95,17,8.29,,,7.35,6.17,5.2
M86+,sbs,M,2026-W37,4,2,true,true,6.08,5.22,0.1202,6.1,5.21,5.56,5.55,4.9,6.82,17,8.8,8.03,,6.86,5.78,5.88
M86+,sbs,M,2026-W38,5,2,true,true,6.11,5.16,0.133,5.98,5.12,5.7,5.47,4.71,6.92,17,8.5,8.03,,6.78,5.69,4.28
M86+,sbs,M,2026-W39,5,2,true,true,5.98,5.06,0.1305,6.02,5,5.43,5.48,4.6,6.71,17,8.31,8.03,,7.1,5.87,5.62
M86+,sbs,M,2026-W40,5,2,true,false,6.1,5.19,0.1302,6.02,5.18,5.82,5.72,4.93,6.5,17,8.89,8.03,,6.78,5.8,5.34
M86+,sbs,M,2026-W41,5,0,true,false,6.11,5.2,0.1289,6.01,5.28,5.78,5.74,4.94,6.57,17,8.89,8.03,21.2,,,
M9,local,M,2026-W17,0,2,false,true,,,,,,,,,,,,,,7.14,6.17,3.69
M9,local,M,2026-W18,5,2,false,false,6.41,5.58,0.1118,,,,6.11,5.28,,13,6.49,,,6.64,5.78,3.82
M9,local,M,2026-W19,5,2,false,true,6.14,5.53,0.0773,,,,5.53,5.05,,12,6.46,,,6.84,6.03,3.73
M9,local,M,2026-W20,5,2,false,true,6.15,5.43,0.1003,6.49,5.85,5.87,5.04,4.49,,15,6.69,,,6.61,5.57,3.35
M9,local,M,2026-W21,5,2,false,false,6.43,5.67,0.1047,,,,5.91,4.81,,13,6.6,,,7.7,6.66,3.43
M9,local,M,2026-W22,4,2,false,true,6.48,5.74,0.0969,6.31,5.42,5.96,5.87,5.21,,15,6.76,,,6.86,6,4
M9,local,M,2026-W23,5,2,false,true,6.09,5.17,0.1424,,,,,,6.96,4,6.59,,,6.83,6.08,4.11
M9,local,M,2026-W24,5,1,false,false,6.69,5.46,0.1468,,,,,,,2,6.42,,,7.73,6.92,3.35
M9,local,M,2026-W25,3,2,false,false,7.69,6.91,0.0838,,,,,,,2,6.17,,,7.55,6.62,3.5
M9,local,M,2026-W26,5,2,false,false,8.28,6.36,0.1786,,,,,,,1,6.43,,,7.07,6.59,3.2
M9,local,M,2026-W27,3,2,true,true,6.52,5.77,0.091,6.84,5.83,6.25,5.84,5.26,6.91,16,6.53,,,6.86,5.94,3.51
M9,local,M,2026-W28,5,2,true,true,6.25,5.41,0.1061,6.02,5.2,5.79,5.85,5.22,7.11,16,6.75,,,6.9,6.02,3.88
M9,local,M,2026-W29,5,2,true,true,6.28,5.59,0.0908,6.22,5.57,5.97,5.62,4.95,,16,6.31,,,7.19,6.23,3.68
M9,local,M,2026-W30,5,2,true,true,6.4,5.62,0.1005,6.45,5.65,5.91,5.94,5.22,,16,6.58,,,6.88,6.04,3.83
M9,local,M,2026-W31,5,2,true,true,6.38,5.61,0.093,6.46,5.68,5.79,5.8,5.08,,16,6.76,,,6.47,5.74,3.23
M9,local,M,2026-W32,5,2,false,true,6.26,5.45,0.1074,6.27,5.45,5.92,5.7,4.89,6.73,17,6.45,,,6.78,5.98,3.52
M9,local,M,2026-W33,5,2,true,true,6.53,5.83,0.0903,6.51,5.73,6.22,6.2,5.54,7.03,17,6.1,,,6.96,6,4.04
M9,local,M,2026-W34,5,2,true,true,6.43,5.73,0.0894,6.73,5.95,6.07,5.97,5.45,6.92,17,6.05,,,7.33,6.44,3.79
M9,local,M,2026-W35,5,2,true,true,6.59,5.86,0.0858,6.44,5.74,6.32,5.97,5.44,7.37,17,6.52,,,7,6.09,3.31
M9,local,M,2026-W36,5,2,true,true,6.6,5.78,0.0932,6.57,5.62,6.12,6,5.37,7.49,17,6.27,,,7.06,6.14,3.44
M9,local,M,2026-W37,4,2,true,true,5.98,5.06,0.1278,6,4.95,5.52,5.12,4.21,7.07,17,6.6,6.79,,6.68,5.94,3.86
M9,local,M,2026-W38,5,2,true,true,6.14,5.39,0.0996,6.11,5.43,5.72,5.35,4.7,7.02,17,7.05,6.79,,6.87,5.99,3.92
M9,local,M,2026-W39,5,2,true,true,6.14,5.42,0.0871,6.02,5.38,5.72,5.4,4.82,7.05,17,6.88,6.79,,6.96,6.1,3.78
M9,local,M,2026-W40,5,2,true,false,6.13,5.47,0.0876,5.71,4.98,5.48,5.95,5.3,7.22,17,6.96,6.79,,6.4,5.67,4.47
M9,local,M,2026-W41,5,0,true,false,6.27,5.62,0.0871,6.22,5.62,5.76,5.5,4.89,7.27,17,6.78,6.79,14.7,,,
M90,shuttle,M,2026-W21,0,2,false,false,,,,,,,,,,,,,,7.63,6.04,3.76
M90,shuttle,M,2026-W22,0,0,false,false,,,,,,,,,,,,,,,,
M96,local,M,2026-W17,0,2,false,true,,,,,,,,,,,,,,6.4,5.13,3.86
M96,local,M,2026-W18,5,2,false,false,5.62,4.68,0.1593,,,,5.69,5.04,,13,8.39,,,6.01,4.69,4.02
M96,local,M,2026-W19,5,2,false,true,5.67,4.58,0.1649,,,,5.45,4.37,,12,8.25,,,6.17,4.98,3.64
M96,local,M,2026-W20,5,2,false,true,5.7,4.66,0.1624,5.44,4.46,5.18,5.34,4.44,,15,8.55,,,6.75,5.46,4.08
M96,local,M,2026-W21,5,2,false,false,5.91,4.81,0.1659,,,,5.55,4.53,,13,7.92,,,6.97,5.37,3.79
M96,local,M,2026-W22,4,2,false,true,5.85,4.63,0.1816,5.5,4.43,5.71,5.27,4.33,,15,8.07,,,6.09,4.9,3.72
M96,local,M,2026-W23,5,2,false,true,5.62,4.43,0.1989,,,,,,6.32,4,7.74,,,6.35,5.17,3.67
M96,local,M,2026-W24,5,1,false,false,5.38,4.22,0.2196,,,,,,,2,8.43,,,7.42,5.74,3.08
M96,local,M,2026-W25,3,2,false,false,5.78,4.28,0.2285,,,,,,,2,8.14,,,6.93,5.91,3.61
M96,local,M,2026-W26,5,2,false,false,6.04,5.08,0.1104,,,,,,,1,7.71,,,6.58,5.41,3.73
M96,local,M,2026-W27,3,2,true,true,6.25,5.16,0.148,6.06,5.06,5.81,6.13,4.97,6.94,16,7.78,,,7.6,5.76,3.45
M96,local,M,2026-W28,5,2,true,true,6.05,4.92,0.1689,6.07,5.01,5.56,5.89,4.93,6.66,16,7.82,,,7.21,5.83,3.72
M96,local,M,2026-W29,5,2,true,true,6.1,4.97,0.1591,5.68,4.72,5.76,5.65,4.65,,16,7.8,,,6.31,5.16,3.35
M96,local,M,2026-W30,5,2,true,true,6.07,4.85,0.1767,5.95,4.75,5.83,5.92,4.75,,16,8.33,,,6.72,5.39,3.93
M96,local,M,2026-W31,5,2,true,true,5.94,4.91,0.1462,5.81,4.68,5.75,5.8,4.86,,16,8.02,,,6.82,5.38,3.64
M96,local,M,2026-W32,5,2,false,true,6.23,5.06,0.1671,5.74,4.63,5.83,5.91,4.72,6.85,17,7.92,,,6.49,5.06,3.69
M96,local,M,2026-W33,5,2,true,true,6.34,5.12,0.1608,6.22,5.07,5.82,5.75,4.76,7.34,17,7.7,,,6.74,5.47,3.69
M96,local,M,2026-W34,5,2,true,true,6.13,5.02,0.1584,6.09,4.91,5.94,5.85,4.8,6.44,17,7.83,,,6.65,5.38,3.56
M96,local,M,2026-W35,5,2,true,true,6.15,4.96,0.1709,5.87,4.83,6.03,5.88,4.74,6.84,17,7.98,,,6.56,5.1,3.87
M96,local,M,2026-W36,5,2,true,true,6.14,5.03,0.1603,6.03,4.86,5.94,5.87,4.88,6.66,17,7.72,,,6.72,5.08,3.6
M96,local,M,2026-W37,4,2,true,true,5.84,4.76,0.1584,5.71,4.69,5.38,5.32,4.49,6.91,17,7.97,7.97,,6.32,4.88,3.89
M96,local,M,2026-W38,5,2,true,true,5.92,4.9,0.1483,5.54,4.63,5.7,5.45,4.61,6.66,17,8.33,7.97,,6.01,4.68,4.09
M96,local,M,2026-W39,5,2,true,true,5.71,4.77,0.1402,5.42,4.58,5.45,5.33,4.56,6.44,17,8.5,7.97,,6.88,5.48,3.96
M96,local,M,2026-W40,5,2,true,false,5.7,4.81,0.1421,5.23,4.29,5.45,5.21,4.46,6.5,17,8.18,7.97,,6.44,5.14,3.67
M96,local,M,2026-W41,5,0,true,false,5.92,4.75,0.1716,5.55,4.57,5.5,5.46,4.47,7.04,17,8.34,7.97,16.2,,,
M98,limited,M,2026-W18,5,0,false,false,10.79,9.51,0.1124,,,,7.72,7.21,,7,1.89,,,,,
M98,limited,M,2026-W19,5,0,false,false,9.65,8.56,0.0968,,,,7.38,7.27,,7,2.34,,,,,
M98,limited,M,2026-W20,5,0,false,false,9.8,8.32,0.1385,9.43,8.46,9.12,7.99,7.43,,11,2.21,,,,,
M98,limited,M,2026-W21,5,0,false,false,9.78,8,0.1753,,,,8.06,7.43,,8,2.2,,,,,
M98,limited,M,2026-W22,4,0,false,false,9.79,8.05,0.1708,9.99,8.71,9.71,8.17,7.53,,9,2.41,,,,,
M98,limited,M,2026-W23,2,0,false,false,10.66,9.84,0.1206,,,,,,,2,2.15,,,,,
M98,limited,M,2026-W27,3,0,true,false,9.22,7.71,0.1347,10.59,9.8,8.49,7.56,6.83,,10,2.29,,,,,
M98,limited,M,2026-W28,5,0,true,false,8.72,7.28,0.161,9.36,8.61,5.95,8.33,7.84,,10,2.06,,,,,
M98,limited,M,2026-W29,5,0,true,false,9.2,7.55,0.1673,9.45,8.56,6.82,8.2,7.48,,11,2.16,,,,,
M98,limited,M,2026-W30,5,0,true,false,9.05,7.73,0.1341,9.72,8.74,9.66,7.75,7.33,,11,2.13,,,,,
M98,limited,M,2026-W31,5,0,true,false,9.93,8.49,0.1341,9.02,8.35,15.56,7.76,7.11,8.31,12,2.25,,,,,
M98,limited,M,2026-W32,5,0,false,false,10.08,8.18,0.1649,10.9,9.8,8.17,9,8.36,,11,2.12,,,,,
M98,limited,M,2026-W33,5,0,true,false,10.29,8.82,0.138,10.92,9.68,10.75,8.41,7.86,,12,2.03,,,,,
M98,limited,M,2026-W34,5,0,true,false,10.44,8.71,0.1535,10.55,9.53,9.95,9.77,9.01,,11,2.03,,,,,
M98,limited,M,2026-W35,5,0,true,false,10,8.56,0.1441,9.35,8.66,10.2,9.18,8.56,,10,2.01,,,,,
M98,limited,M,2026-W36,5,0,true,false,10.06,8.53,0.1468,10.54,9.66,8.05,9.04,8.31,,10,2,,,,,
M98,limited,M,2026-W37,4,0,true,false,9.42,7.27,0.2179,10.28,9.37,8.66,8.31,7.67,10.36,12,2.14,2.31,,,,
M98,limited,M,2026-W38,5,0,true,false,9.27,7.65,0.1671,10.1,9.19,8.9,7.68,7.04,,10,2.31,2.31,,,,
M98,limited,M,2026-W39,5,0,true,false,10.13,8.38,0.1519,9.94,9.08,11.12,8.76,8.04,,10,2.15,2.31,,,,
M98,limited,M,2026-W40,5,0,true,false,10.8,8.75,0.182,9.77,9.08,12.44,8.91,8.25,,11,2.21,2.31,,,,
M98,limited,M,2026-W41,4,0,true,false,8.27,6.93,0.1511,8.94,8.37,6.67,7.67,7.15,,11,2.34,2.31,14,,,
Q06,local,Q,2026-W17,0,2,false,true,,,,,,,,,,,,,,9.4,8.44,5.96
Q06,local,Q,2026-W18,5,2,false,false,8.2,7.3,0.0872,,,,7.71,6.67,,13,13.1,,,9.3,8.21,6.61
Q06,local,Q,2026-W19,5,2,false,true,7.94,7.03,0.1066,,,,6.68,5.63,,12,13.25,,,9.33,8.24,6.38
Q06,local,Q,2026-W20,5,2,false,true,8,7.21,0.0895,7.66,6.83,7.68,7.46,6.7,,15,12.87,,,9.11,7.97,6.69
Q06,local,Q,2026-W21,5,2,false,false,7.76,6.68,0.1225,,,,6.95,5.98,,13,12.5,,,9.35,8.29,6.61
Q06,local,Q,2026-W22,4,2,false,true,8.1,7.19,0.0969,8.07,7.36,7.83,7.39,6.44,,15,12.3,,,8.9,7.97,6.48
Q06,local,Q,2026-W23,5,2,false,true,8.04,7.36,0.0788,,,,,,8.85,4,13.09,,,8.87,7.85,6.35
Q06,local,Q,2026-W24,5,1,false,false,8.1,7.43,0.0978,,,,,,,2,12.57,,,8.85,7.98,5.41
Q06,local,Q,2026-W25,3,2,false,false,8.14,7.44,0.0846,,,,,,,2,12.75,,,8.88,8.12,6.87
Q06,local,Q,2026-W26,5,2,false,false,8.58,8.07,0.0567,,,,,,,1,12.49,,,8.43,7.41,6.01
Q06,local,Q,2026-W27,3,2,true,true,8.08,7.2,0.0945,8.35,7.43,7.52,7.25,6.32,8.99,16,12.45,,,9.38,8.31,6.55
Q06,local,Q,2026-W28,5,2,true,true,8.28,7.34,0.0963,8.24,7.46,7.98,7.35,6.39,9.1,16,12.59,,,9.09,7.96,6.87
Q06,local,Q,2026-W29,5,2,true,true,8.24,7.31,0.0938,8.51,7.62,7.79,7.43,6.39,,16,12.87,,,8.99,8.1,6.16
Q06,local,Q,2026-W30,5,2,true,true,8.24,7.34,0.0908,8.37,7.59,7.88,7.47,6.53,,16,11.77,,,9.03,8.12,6.7
Q06,local,Q,2026-W31,5,2,true,true,8.09,7.26,0.0835,7.96,7.17,7.94,7.05,6.18,,16,12.22,,,9.06,8.1,5.9
Q06,local,Q,2026-W32,5,2,false,true,8.27,7.33,0.0965,8.14,7.31,7.95,7.62,6.64,9.09,17,11.97,,,9.14,8.02,6.75
Q06,local,Q,2026-W33,5,2,true,true,8.34,7.37,0.0941,8.63,7.59,7.97,7.35,6.39,8.94,17,12.61,,,8.97,7.9,6.88
Q06,local,Q,2026-W34,5,2,true,true,8.34,7.47,0.0831,8.57,7.8,7.96,7.6,6.79,8.93,17,12.43,,,9.27,8.33,6.79
Q06,local,Q,2026-W35,5,2,true,true,8.44,7.57,0.085,8.63,7.71,8,7.7,6.85,9.19,17,12.02,,,9.15,8.13,6.85
Q06,local,Q,2026-W36,5,2,true,true,8.41,7.44,0.0916,8.4,7.46,7.99,7.67,6.82,9.12,17,12.25,,,9.13,8.06,6.48
Q06,local,Q,2026-W37,4,2,true,true,7.89,6.96,0.0988,7.38,6.5,7.66,7.25,6.21,8.73,17,13.11,12.45,,9.24,8.24,6.74
Q06,local,Q,2026-W38,5,2,true,true,7.87,6.97,0.0955,7.19,6.35,7.62,7.22,6.35,8.92,17,12.89,12.45,,8.98,8.14,6.72
Q06,local,Q,2026-W39,5,2,true,true,7.92,7.11,0.0806,7.68,6.86,7.62,7.27,6.53,8.75,17,12.77,12.45,,9.52,8.57,6.54
Q06,local,Q,2026-W40,5,2,true,false,7.94,7.02,0.095,7.31,6.43,7.62,7.37,6.54,9.14,17,12.2,12.45,,9.06,8.1,6.77
Q06,local,Q,2026-W41,5,0,true,false,7.75,6.82,0.1022,7.33,6.49,7.58,6.69,5.81,8.8,17,13.16,12.45,19.8,,,
Q07,local,Q,2026-W17,0,2,false,true,,,,,,,,,,,,,,9.07,7.93,3.88
Q07,local,Q,2026-W18,5,2,false,false,8.41,7.52,0.0792,,,,7.64,6.92,,13,6.12,,,8.32,7.5,3.87
Q07,local,Q,2026-W19,5,2,false,true,8.1,7.34,0.0706,,,,7.57,7,,12,5.98,,,8.77,7.89,3.86
Q07,local,Q,2026-W20,5,2,false,true,8.32,7.3,0.0975,7.65,6.49,8.4,7.67,6.95,,15,6.23,,,8.93,7.7,3.77
Q07,local,Q,2026-W21,5,2,false,false,8.3,7.35,0.0907,,,,7.45,6.58,,13,5.92,,,9.3,8.03,3.37
Q07,local,Q,2026-W22,4,2,false,true,8.44,7.36,0.1049,8.12,7.14,8.39,8.24,7.37,,15,5.89,,,8.85,7.66,3.81
Q07,local,Q,2026-W23,5,2,false,true,8.59,7.33,0.118,,,,,,9.04,4,5.79,,,8.9,7.58,3.77
Q07,local,Q,2026-W24,5,1,false,false,8.35,7.36,0.1046,,,,,,,2,5.36,,,9.58,8.21,3.5
Q07,local,Q,2026-W25,3,2,false,false,8.15,7.35,0.0642,,,,,,,2,5.41,,,9.2,8.17,4.24
Q07,local,Q,2026-W26,5,2,false,false,8.03,7.16,0.091,,,,,,,1,5.77,,,9.81,7.9,3.75
Q07,local,Q,2026-W27,3,2,true,true,8.53,7.58,0.0773,8.87,7.94,8.42,8.02,7.23,8.64,16,5.29,,,9.17,8.06,3.72
Q07,local,Q,2026-W28,5,2,true,true,8.66,7.71,0.0995,8.86,7.78,8.48,8.06,7.12,9.05,16,5.28,,,8.75,7.75,3.83
Q07,local,Q,2026-W29,5,2,true,true,8.6,7.72,0.0829,8.38,7.77,8.49,7.93,7.16,,16,5.72,,,8.71,7.72,3.88
Q07,local,Q,2026-W30,5,2,true,true,8.4,7.54,0.0873,8.25,7.47,8.26,7.8,6.99,,16,5.2,,,8.49,7.7,3.82
Q07,local,Q,2026-W31,5,2,true,true,8.38,7.55,0.0773,8.76,7.78,8.18,7.8,7.09,,16,5.61,,,8.79,7.86,3.85
Q07,local,Q,2026-W32,5,2,false,true,8.56,7.63,0.0903,8.74,7.82,8.58,8.02,7.19,8.68,17,5.55,,,9.1,7.95,3.74
Q07,local,Q,2026-W33,5,2,true,true,8.43,7.5,0.0885,8.88,7.88,8.25,7.9,7.01,8.51,17,5.7,,,8.64,7.69,3.67
Q07,local,Q,2026-W34,5,2,true,true,8.42,7.56,0.0796,8.59,7.76,8.28,8.01,7.18,8.56,17,5.71,,,8.84,7.91,3.62
Q07,local,Q,2026-W35,5,2,true,true,8.66,7.71,0.0884,8.79,7.77,8.61,8.28,7.39,8.7,17,5.46,,,8.65,7.57,3.8
Q07,local,Q,2026-W36,5,2,true,true,8.61,7.64,0.0839,8.95,7.93,8.56,7.92,7.06,8.64,17,5.9,,,9,7.93,3.75
Q07,local,Q,2026-W37,4,2,true,true,8.33,7.38,0.0871,8.09,7.07,8.21,7.84,7,8.82,17,6.01,5.86,,8.73,7.83,3.74
Q07,local,Q,2026-W38,5,2,true,true,8.32,7.42,0.0841,8.31,7.32,8,7.95,7.05,8.93,17,6.51,6.06,,8.86,7.8,3.66
Q07,local,Q,2026-W39,5,2,true,true,8.34,7.44,0.0847,8.38,7.53,8,7.86,7.08,9.01,17,6.3,5.98,,9.37,8.41,3.64
Q07,local,Q,2026-W40,5,2,true,false,8.28,7.43,0.0805,8.24,7.47,8.24,7.8,7.05,8.63,17,6.61,6.06,,9.18,7.88,3.66
Q07,local,Q,2026-W41,5,0,true,false,8.21,7.31,0.0862,7.77,6.98,7.98,7.63,6.95,9.12,17,6.42,6.06,15,,,
Q08,local,Q,2026-W17,0,2,false,true,,,,,,,,,,,,,,8.49,7.91,6.97
Q08,local,Q,2026-W18,5,2,false,false,7.47,6.8,0.0762,,,,7.15,6.45,,13,14.37,,,7.91,7.27,7.72
Q08,local,Q,2026-W19,5,2,false,true,7.46,6.65,0.0877,,,,6.49,5.64,,12,14.24,,,7.97,7.29,7.34
Q08,local,Q,2026-W20,5,2,false,true,7.4,6.72,0.0724,7.21,6.65,7.14,6.68,6.05,,15,14.68,,,8.13,7.21,8.25
Q08,local,Q,2026-W21,5,2,false,false,7.52,6.58,0.1048,,,,7.03,6.21,,13,14.35,,,8.38,7.67,7.67
Q08,local,Q,2026-W22,4,2,false,true,7.58,6.79,0.0885,7.69,6.97,7.29,7.1,6.32,,15,12.92,,,8.03,7.29,7.39
Q08,local,Q,2026-W23,5,2,false,true,7.31,6.59,0.0877,,,,,,8.09,4,14.86,,,7.86,7.18,8.02
Q08,local,Q,2026-W24,5,1,false,false,7.58,6.9,0.0766,,,,,,,2,14.05,,,7.7,6.97,6.64
Q08,local,Q,2026-W25,3,2,false,false,7.94,7.24,0.0895,,,,,,,2,12.44,,,8.02,7.38,8.15
Q08,local,Q,2026-W26,5,2,false,false,7.63,7.03,0.0609,,,,,,,1,13.81,,,8.06,7.58,7.43
Q08,local,Q,2026-W27,3,2,true,true,7.58,6.82,0.0802,7.59,6.78,7.21,6.95,6.16,8.4,16,14.13,,,8.38,7.74,7.69
Q08,local,Q,2026-W28,5,2,true,true,7.63,6.88,0.0812,7.47,6.77,7.43,7.01,6.3,8.35,16,14.12,,,8.02,7.24,8.24
Q08,local,Q,2026-W29,5,2,true,true,7.62,6.87,0.0859,7.6,6.86,7.39,6.95,6.05,,16,13.79,,,8.19,7.5,7.83
Q08,local,Q,2026-W30,5,2,true,true,7.55,6.84,0.0778,7.59,6.94,7.33,6.72,5.99,,16,13.56,,,8.16,7.49,8.17
Q08,local,Q,2026-W31,5,2,true,true,7.57,6.86,0.0754,7.4,6.68,7.31,6.87,6.08,,16,13.94,,,8.23,7.46,7.33
Q08,local,Q,2026-W32,5,2,false,true,7.5,6.79,0.0806,7.51,6.79,7.28,6.71,5.89,8.21,17,13.96,,,8.1,7.22,7.83
Q08,local,Q,2026-W33,5,2,true,true,7.49,6.74,0.0814,7.45,6.74,7.33,6.78,5.99,8.08,17,14.27,,,8,7.23,7.67
Q08,local,Q,2026-W34,5,2,true,true,7.5,6.76,0.0809,7.61,6.89,7.36,6.83,6.19,7.86,17,14.13,,,8.07,7.46,7.73
Q08,local,Q,2026-W35,5,2,true,true,7.64,6.94,0.0737,7.82,7.09,7.43,6.9,6.26,8.11,17,13.7,,,8.19,7.35,7.69
Q08,local,Q,2026-W36,5,2,true,true,7.62,6.87,0.0762,7.75,6.93,7.37,6.96,6.2,8.22,17,14.21,,,8.06,7.29,8.05
Q08,local,Q,2026-W37,4,2,true,true,7.33,6.58,0.0859,7.04,6.21,7.14,6.62,5.86,8.17,17,14.43,14,,8.1,7.34,7.69
Q08,local,Q,2026-W38,5,2,true,true,7.28,6.57,0.0843,6.9,6.15,6.95,6.87,6.13,8.19,17,14.47,14.06,,8.25,7.54,7.75
Q08,local,Q,2026-W39,5,2,true,true,7.43,6.77,0.0701,7.12,6.41,7.16,6.89,6.23,8.3,17,14.56,14.04,,8.73,8.01,7.41
Q08,local,Q,2026-W40,5,2,true,false,7.36,6.65,0.0785,6.69,6.01,7.2,6.95,6.3,8.18,17,14.7,14.06,,8.17,7.44,8.08
Q08,local,Q,2026-W41,5,0,true,false,7.33,6.57,0.0871,6.78,6.07,7.15,6.43,5.65,8.55,17,14.86,14.06,19.6,,,
Q09,local,Q,2026-W17,0,2,false,true,,,,,,,,,,,,,,8.7,8.05,1.96
Q09,local,Q,2026-W18,5,2,false,false,7.47,6.69,0.0914,,,,7.26,6.15,,13,4.17,,,8.13,7.07,2.25
Q09,local,Q,2026-W19,5,2,false,true,7.12,6.19,0.1073,,,,6.14,4.81,,12,4.38,,,8.7,7.74,2.28
Q09,local,Q,2026-W20,5,2,false,true,7.35,6.56,0.0825,6.98,6.05,6.88,6.82,5.96,,15,4.25,,,8.43,7.64,2.4
Q09,local,Q,2026-W21,5,2,false,false,7.28,6.44,0.1057,,,,6.71,5.67,,13,4.23,,,9.02,7.82,2.31
Q09,local,Q,2026-W22,4,2,false,true,7.62,6.72,0.1055,7.11,6.28,7.49,7.41,6.46,,15,3.85,,,8.61,7.63,2.05
Q09,local,Q,2026-W23,5,2,false,true,7.17,6.3,0.1185,,,,,,7.78,4,3.87,,,8.59,7.74,2.16
Q09,local,Q,2026-W24,5,1,false,false,7.47,6.57,0.1091,,,,,,,2,4.13,,,9.37,8.1,1.9
Q09,local,Q,2026-W25,3,2,false,false,7.13,6.36,0.0872,,,,,,,2,4.11,,,8.92,7.92,2.12
Q09,local,Q,2026-W26,5,2,false,false,8.47,7.77,0.0699,,,,,,,1,4,,,9.27,8.24,2.48
Q09,local,Q,2026-W27,3,2,true,true,7.71,6.83,0.0956,7.52,6.76,7.54,6.73,5.92,8.62,16,4,,,8.67,7.61,2.24
Q09,local,Q,2026-W28,5,2,true,true,7.79,6.88,0.1022,7.89,7.23,7.87,6.9,6,8.02,16,3.91,,,8.39,7.21,2.3
Q09,local,Q,2026-W29,5,2,true,true,7.67,6.69,0.1097,7.47,6.6,7.66,7.03,5.82,,16,3.94,,,8.33,7.52,2.2
Q09,local,Q,2026-W30,5,2,true,true,7.49,6.58,0.1053,7.19,6.26,7.53,6.8,5.88,,16,3.72,,,8.47,7.57,2.19
Q09,local,Q,2026-W31,5,2,true,true,7.3,6.42,0.1036,6.75,5.59,7.23,6.73,5.77,,16,4.08,,,8.3,7.25,2.02
Q09,local,Q,2026-W32,5,2,false,true,7.36,6.5,0.0939,6.99,5.94,7.68,6.71,5.73,7.27,17,3.78,,,8.37,7.63,2.1
Q09,local,Q,2026-W33,5,2,true,true,7.8,6.93,0.0937,8.12,7.29,7.46,6.87,5.82,8.44,17,4.03,,,8.59,7.64,2.05
Q09,local,Q,2026-W34,5,2,true,true,7.42,6.47,0.1033,7.58,6.75,7.16,6.72,5.8,7.84,17,3.84,,,8.23,7.32,2.17
Q09,local,Q,2026-W35,5,2,true,true,7.63,6.74,0.0953,7.37,6.45,7.64,7.2,6.26,7.67,17,3.73,,,8.69,7.62,2.35
Q09,local,Q,2026-W36,5,2,true,true,8.05,6.98,0.107,7.97,6.91,8.08,7.21,6.33,8.51,17,3.95,,,8.7,7.56,2.25
Q09,local,Q,2026-W37,4,2,true,true,7.28,6.27,0.1152,6.58,5.55,7.51,6.57,5.53,8,17,4.14,4.18,,8.68,7.76,2.31
Q09,local,Q,2026-W38,5,2,true,true,7.17,6.22,0.1174,6.15,5.22,7.2,6.68,5.65,8.04,17,4.2,4.18,,8.38,7.54,2.22
Q09,local,Q,2026-W39,5,2,true,true,7.61,6.78,0.0855,6.91,6.01,7.55,7.1,6.2,8.49,17,4.06,4.18,,9.29,8.25,2.06
Q09,local,Q,2026-W40,5,2,true,false,7.45,6.54,0.1035,6.52,5.64,7.71,6.68,5.9,8.32,17,4.18,4.18,,9.69,8.34,2.25
Q09,local,Q,2026-W41,5,0,true,false,7.76,6.82,0.0998,7.06,6.11,7.6,6.47,5.37,9.45,17,4.26,4.18,17,,,
Q1,local,Q,2026-W17,0,2,false,true,,,,,,,,,,,,,,10.29,9.13,3.8
Q1,local,Q,2026-W18,5,2,false,false,9.16,8.3,0.0825,,,,8.81,8.24,,13,5.97,,,9.92,8.96,4.26
Q1,local,Q,2026-W19,5,2,false,true,9.39,8.51,0.0873,,,,9.02,8.18,,12,5.78,,,10.07,9.12,4.1
Q1,local,Q,2026-W20,5,2,false,true,9.46,8.71,0.0717,9.34,8.84,8.67,9.35,8.51,,15,6.45,,,10.07,8.81,4.16
Q1,local,Q,2026-W21,5,2,false,false,9.26,8.22,0.1002,,,,9,8.1,,13,6.3,,,10.21,9.07,4.32
Q1,local,Q,2026-W22,4,2,false,true,9.58,8.45,0.0963,9.42,8.31,9.18,8.97,8.17,,15,6.23,,,10.37,9.17,4.25
Q1,local,Q,2026-W23,5,2,false,true,10.06,8.89,0.0909,,,,,,10.92,4,5.63,,,10,9.06,4.61
Q1,local,Q,2026-W24,5,1,false,false,9.48,8.6,0.0905,,,,,,,2,5.64,,,9.87,8.63,3.98
Q1,local,Q,2026-W25,3,2,false,false,10.09,9.26,0.0628,,,,,,,2,6.03,,,9.78,8.96,4.01
Q1,local,Q,2026-W26,5,2,false,false,9.52,8.54,0.0869,,,,,,,1,5.75,,,10.59,9.11,4.14
Q1,local,Q,2026-W27,3,2,true,true,9.57,8.43,0.1011,9.35,8.23,9.21,9.47,8.41,10.16,16,5.92,,,10.52,9.49,4.14
Q1,local,Q,2026-W28,5,2,true,true,9.48,8.64,0.0758,9.48,8.38,9.26,9.06,8.39,9.93,16,5.94,,,10.48,9.17,4.29
Q1,local,Q,2026-W29,5,2,true,true,9.57,8.5,0.0989,9.33,8.03,9.04,9.53,8.6,,16,5.95,,,9.77,8.6,4.11
Q1,local,Q,2026-W30,5,2,true,true,9.55,8.62,0.0811,9.48,8.32,9.04,9.4,8.59,,16,6.06,,,9.75,8.76,4.15
Q1,local,Q,2026-W31,5,2,true,true,9.55,8.64,0.0842,9.19,8.19,9.18,9.55,8.49,,16,6.18,,,9.72,8.79,4.11
Q1,local,Q,2026-W32,5,2,false,true,9.55,8.62,0.0812,9.3,8.33,9.16,9.27,8.28,10.23,17,6.07,,,10.21,9.17,4.37
Q1,local,Q,2026-W33,5,2,true,true,9.49,8.52,0.0855,9.44,8.3,9.29,9.02,8.16,10.19,17,6.07,,,10.24,8.99,4.03
Q1,local,Q,2026-W34,5,2,true,true,9.6,8.68,0.0792,9.79,8.68,9.24,9.25,8.37,10.03,17,6.04,,,10.21,9.27,4.17
Q1,local,Q,2026-W35,5,2,true,true,9.62,8.66,0.083,9.68,8.53,9.31,9.65,8.82,9.75,17,5.97,,,10.03,9.05,4.27
Q1,local,Q,2026-W36,5,2,true,true,9.53,8.62,0.0771,9.42,8.46,9.25,9.21,8.49,10.11,17,6.02,,,9.97,8.86,4.16
Q1,local,Q,2026-W37,4,2,true,true,9.3,8.33,0.0883,9.1,8.01,8.81,9.05,8.12,10.13,17,6.39,6.08,,10.02,8.98,4.35
Q1,local,Q,2026-W38,5,2,true,true,9.09,8.1,0.1017,8.71,7.84,8.6,8.9,8.06,10.01,17,6.08,6.08,,10.14,9.08,4.18
Q1,local,Q,2026-W39,5,2,true,true,9.24,8.29,0.0841,9.01,8.1,8.84,9.13,8.16,9.94,17,6.33,6.08,,10.23,9.28,4.23
Q1,local,Q,2026-W40,5,2,true,false,9.36,8.4,0.0896,9.27,8.08,8.77,8.88,8.08,10.53,17,6.28,6.08,,9.43,8.52,4.6
Q1,local,Q,2026-W41,5,0,true,false,9.46,8.46,0.0853,9.07,8,8.98,9.07,8.21,10.45,17,5.99,6.08,13.8,,,
Q10,local,Q,2026-W17,0,2,false,true,,,,,,,,,,,,,,9.35,8.48,6.16
Q10,local,Q,2026-W18,5,2,false,false,8.53,7.77,0.0751,,,,8.61,7.89,,13,8.44,,,9.39,8.48,6.68
Q10,local,Q,2026-W19,5,2,false,true,8.54,7.71,0.0842,,,,8.37,7.63,,12,8.92,,,9.2,8.3,6.37
Q10,local,Q,2026-W20,5,2,false,true,8.57,7.72,0.0803,8.2,7.14,8.49,8.28,7.48,,15,8.68,,,9.72,8.82,6.5
Q10,local,Q,2026-W21,5,2,false,false,8.51,7.58,0.0913,,,,8.36,7.6,,13,8.32,,,9.37,8.49,6.49
Q10,local,Q,2026-W22,4,2,false,true,8.78,7.8,0.0892,8.58,7.71,8.59,8.42,7.47,,15,8.35,,,9.5,8.52,5.88
Q10,local,Q,2026-W23,5,2,false,true,8.21,7.35,0.0926,,,,,,8.87,4,8.04,,,9.45,8.59,6.53
Q10,local,Q,2026-W24,5,1,false,false,8.73,8.32,0.0587,,,,,,,2,7.62,,,10.02,8.99,5.83
Q10,local,Q,2026-W25,3,2,false,false,8.62,7.55,0.0846,,,,,,,2,8.33,,,9,8.14,7
Q10,local,Q,2026-W26,5,2,false,false,8.47,8.17,0.0327,,,,,,,1,7.98,,,9.04,8.14,6.71
Q10,local,Q,2026-W27,3,2,true,true,8.78,7.97,0.0738,8.37,7.53,8.72,8.25,7.54,9.48,16,7.87,,,9.7,8.68,6.6
Q10,local,Q,2026-W28,5,2,true,true,8.84,7.98,0.076,8.63,7.79,8.71,8.56,7.66,9.31,16,8.19,,,9.52,8.5,6.63
Q10,local,Q,2026-W29,5,2,true,true,8.62,7.74,0.0811,8.5,7.52,8.43,8.16,7.29,,16,8.41,,,9.53,8.61,6.11
Q10,local,Q,2026-W30,5,2,true,true,8.58,7.79,0.076,8.87,7.95,8.39,7.92,7.2,,16,8.14,,,9.26,8.55,6.53
Q10,local,Q,2026-W31,5,2,true,true,8.5,7.66,0.0779,8.41,7.68,8.4,8.01,7.31,,16,8.18,,,8.98,8.16,6.47
Q10,local,Q,2026-W32,5,2,false,true,8.73,7.78,0.0863,8.85,7.93,8.71,7.8,7.16,9.37,17,8.23,,,9.35,8.32,6.35
Q10,local,Q,2026-W33,5,2,true,true,8.64,7.77,0.0779,8.65,7.88,8.42,7.99,7.36,9.48,17,8.22,,,9.28,8.42,6.41
Q10,local,Q,2026-W34,5,2,true,true,8.78,8.03,0.0699,8.74,7.88,8.63,8.34,7.6,9.25,17,8.38,,,9.36,8.51,6.27
Q10,local,Q,2026-W35,5,2,true,true,8.94,8.12,0.0713,8.88,8.14,8.86,8.36,7.63,9.58,17,8.31,,,9.16,8.28,6.3
Q10,local,Q,2026-W36,5,2,true,true,8.75,7.8,0.0796,8.71,7.76,8.51,8.22,7.42,9.4,17,8.44,,,9.1,8.13,6.75
Q10,local,Q,2026-W37,4,2,true,true,8.4,7.58,0.0766,7.98,7.02,8.2,7.94,7.38,9.23,17,8.48,9.1,,9.01,8.09,6.97
Q10,local,Q,2026-W38,5,2,true,true,8.41,7.61,0.0784,8,7.18,8.23,7.95,7.35,9.26,17,8.67,9.1,,8.98,8.09,6.55
Q10,local,Q,2026-W39,5,2,true,true,8.51,7.69,0.0741,8.08,7.23,8.27,7.84,7.05,9.59,17,8.67,9.1,,9.47,8.6,6.63
Q10,local,Q,2026-W40,5,2,true,false,8.52,7.75,0.0725,8.28,7.55,8.36,8.15,7.49,9.14,17,8.81,9.1,,9.18,8.32,6.66
Q10,local,Q,2026-W41,5,0,true,false,8.51,7.7,0.0779,7.99,7.23,8.18,8.05,7.31,9.58,17,8.68,9.1,20.2,,,
Q100,limited,Q,2026-W17,0,2,false,true,,,,,,,,,,,,,,12.36,11.75,3.69
Q100,limited,Q,2026-W18,5,2,false,false,11.38,10.46,0.0721,,,,12.19,11.73,,13,4.06,,,12.15,11.22,3.33
Q100,limited,Q,2026-W19,5,2,false,true,11.67,10.65,0.08,,,,11.31,9.85,,12,3.91,,,11.72,11.1,3.64
Q100,limited,Q,2026-W20,5,2,false,true,11.26,10.61,0.0674,10.99,10.94,11.31,11.06,10.25,,15,3.88,,,12.42,11.38,4.1
Q100,limited,Q,2026-W21,5,2,false,false,11.21,10.1,0.0924,,,,11.64,10.61,,13,3.65,,,12.6,11.56,4.01
Q100,limited,Q,2026-W22,4,2,false,true,11.3,10.29,0.0767,10.94,9.97,11.38,11.06,10.12,,15,3.89,,,12.34,11.34,4.07
Q100,limited,Q,2026-W23,5,2,false,true,10.49,8.89,0.1294,,,,,,10.93,4,4.48,,,11.16,10.09,4.56
Q100,limited,Q,2026-W24,5,1,false,false,12.01,10.94,0.0686,,,,,,,2,3.73,,,13.98,12.92,3.9
Q100,limited,Q,2026-W25,3,2,false,false,12.78,11.09,0.1028,,,,,,,2,4.09,,,11.51,10.2,3.85
Q100,limited,Q,2026-W26,5,2,false,false,11,10.64,0.0266,,,,,,,1,3.9,,,12.24,11.31,3.68
Q100,limited,Q,2026-W27,3,2,true,true,11.38,10.38,0.0661,11.68,10.4,10.86,11.61,10.75,11.7,16,3.8,,,12.49,11.37,4
Q100,limited,Q,2026-W28,5,2,true,true,11.45,10.64,0.0602,11.48,10.67,11.08,11.7,10.58,11.76,16,3.69,,,11.92,10.8,3.8
Q100,limited,Q,2026-W29,5,2,true,true,11.63,10.65,0.0703,11.29,10.33,11.67,11.09,10.38,,16,3.85,,,12.05,11.17,3.78
Q100,limited,Q,2026-W30,5,2,true,true,11.51,10.56,0.0662,11.47,10.55,11.25,11.33,10.65,,16,3.71,,,12.01,11.13,4
Q100,limited,Q,2026-W31,5,2,true,true,11.48,10.64,0.0621,11.02,10.08,11.56,11.22,10.46,,16,3.78,,,12.23,11.17,4.12
Q100,limited,Q,2026-W32,5,2,false,true,11.63,10.84,0.054,11.7,10.98,11.55,10.73,10.23,12.14,17,3.82,,,12.13,11.27,4.04
Q100,limited,Q,2026-W33,5,2,true,true,11.36,10.52,0.0583,11.51,10.45,11.44,10.62,9.97,11.33,17,3.85,,,12.27,11.26,4.1
Q100,limited,Q,2026-W34,5,2,true,true,11.72,11.03,0.0433,11.69,11.05,11.33,11.41,10.97,12.56,17,3.93,,,12.13,11.31,3.96
Q100,limited,Q,2026-W35,5,2,true,true,11.57,10.72,0.0597,11.51,10.62,11.39,11.61,10.9,11.97,17,3.84,,,12.16,11.12,3.94
Q100,limited,Q,2026-W36,5,2,true,true,11.7,10.73,0.0593,11.99,10.97,11.44,11.33,10.62,12.22,17,3.72,,,12.3,11.2,4.15
Q100,limited,Q,2026-W37,4,2,true,true,11.36,10.35,0.0648,11.24,10.26,11.07,11.26,10.2,12,17,3.92,3.73,,12.05,11.15,4.23
Q100,limited,Q,2026-W38,5,2,true,true,11.19,10.3,0.0687,11.05,10.14,11.12,11.13,10.23,11.38,17,3.81,3.73,,11.85,10.88,4.2
Q100,limited,Q,2026-W39,5,2,true,true,11.29,10.3,0.0672,10.98,10.1,11.33,10.88,9.93,11.77,17,3.86,3.73,,12.36,11.56,4.07
Q100,limited,Q,2026-W40,5,2,true,false,11.34,10.55,0.0588,11,10.11,11,10.83,9.95,12.42,17,3.96,3.73,,13.93,13.6,3.78
Q100,limited,Q,2026-W41,5,0,true,false,11.26,10.44,0.0608,11.11,10.24,10.98,10.84,10.06,12.13,17,4.08,3.73,17.4,,,
Q101,local,Q,2026-W17,0,2,false,true,,,,,,,,,,,,,,7.99,6.87,2.55
Q101,local,Q,2026-W18,5,2,false,false,6.99,6.22,0.1047,,,,6.93,6.18,,13,4.84,,,7.72,6.31,2.66
Q101,local,Q,2026-W19,5,2,false,true,6.95,6.05,0.1057,,,,6.23,5.49,,12,4.64,,,7.19,6.39,2.6
Q101,local,Q,2026-W20,5,2,false,true,7.07,6.28,0.0944,6.46,5.67,7,6.58,5.77,,15,4.82,,,7.98,7.14,2.96
Q101,local,Q,2026-W21,5,2,false,false,7.21,6.27,0.0991,,,,6.55,5.7,,13,4.92,,,7.56,6.92,2.92
Q101,local,Q,2026-W22,4,2,false,true,7.14,6.28,0.1024,6.93,6.11,6.73,6.88,6.08,,15,4.57,,,7.67,6.71,2.66
Q101,local,Q,2026-W23,5,2,false,true,7.18,6.26,0.108,,,,,,7.78,4,4.51,,,7.49,6.62,2.34
Q101,local,Q,2026-W24,5,1,false,false,6.96,6.41,0.0821,,,,,,,2,4.81,,,8.55,6.63,2.63
Q101,local,Q,2026-W25,3,2,false,false,6.88,4.69,0.3134,,,,,,,2,5.27,,,7.58,7.09,2.33
Q101,local,Q,2026-W26,5,2,false,false,6.46,5.74,0.1069,,,,,,,1,4.65,,,8.06,7.19,2.65
Q101,local,Q,2026-W27,3,2,true,true,7.03,6.19,0.099,7.44,6.38,6.52,6.78,5.96,7.39,16,4.95,,,8.04,6.88,2.7
Q101,local,Q,2026-W28,5,2,true,true,7.06,6.28,0.0973,7.27,6.47,6.75,6.49,5.64,7.5,16,4.83,,,7.72,6.65,2.37
Q101,local,Q,2026-W29,5,2,true,true,7.01,6.21,0.0978,7.15,6.3,6.47,6.61,5.83,,16,4.84,,,7.95,7.08,2.82
Q101,local,Q,2026-W30,5,2,true,true,7.16,6.3,0.1033,7.26,6.43,6.75,6.65,5.87,,16,4.7,,,7.61,6.81,3.02
Q101,local,Q,2026-W31,5,2,true,true,7.1,6.29,0.096,7.19,6.21,6.89,6.49,5.89,,16,4.59,,,7.9,7.15,2.86
Q101,local,Q,2026-W32,5,2,false,true,7.22,6.34,0.1037,7.1,6.24,6.68,6.67,5.99,8.02,17,4.92,,,7.63,6.56,2.4
Q101,local,Q,2026-W33,5,2,true,true,7.1,6.24,0.107,7.37,6.48,6.85,6.85,6.05,7.22,17,4.74,,,7.81,6.79,2.64
Q101,local,Q,2026-W34,5,2,true,true,7.13,6.28,0.0964,7.2,6.36,6.8,6.64,5.91,7.5,17,4.8,,,7.57,6.79,2.57
Q101,local,Q,2026-W35,5,2,true,true,7.3,6.32,0.1104,7.34,6.46,7.13,6.73,6.09,7.6,17,4.92,,,7.75,6.86,2.65
Q101,local,Q,2026-W36,5,2,true,true,7.08,6.28,0.0956,7.14,6.29,6.71,6.65,5.89,7.58,17,4.67,,,7.9,6.97,2.57
Q101,local,Q,2026-W37,4,2,true,true,7,6.18,0.0939,6.95,6.16,6.63,6.38,5.67,7.84,17,4.83,4.8,,7.74,6.71,2.78
Q101,local,Q,2026-W38,5,2,true,true,7.08,6.34,0.0884,6.8,6.08,6.63,6.67,5.93,8.01,17,4.79,4.8,,7.24,6.37,2.8
Q101,local,Q,2026-W39,5,2,true,true,7.17,6.46,0.0815,6.86,5.96,6.88,6.57,5.88,8.09,17,4.87,4.8,,8.33,7.35,2.5
Q101,local,Q,2026-W40,5,2,true,false,7.11,6.31,0.0979,6.95,6.21,6.84,6.55,5.9,7.9,17,4.83,4.8,,7.35,6.67,2.6
Q101,local,Q,2026-W41,5,0,true,false,7.08,6.26,0.0891,6.77,6.04,6.87,6.64,5.98,7.67,17,4.78,4.8,11.7,,,
Q102,local,Q,2026-W17,0,2,false,true,,,,,,,,,,,,,,7.51,6.67,1.66
Q102,local,Q,2026-W18,5,2,false,false,7.24,6.5,0.1103,,,,7.34,6.73,,13,2.17,,,7.4,6.06,1.83
Q102,local,Q,2026-W19,5,2,false,true,6.99,6.19,0.1029,,,,6.87,6.23,,12,1.82,,,8.27,7.58,1.82
Q102,local,Q,2026-W20,5,2,false,true,7.25,6.48,0.0946,6.94,6.53,7.16,7.14,6.16,,15,2.51,,,7.63,6.44,1.72
Q102,local,Q,2026-W21,5,2,false,false,7.07,6.23,0.0917,,,,7.01,5.6,,13,2.26,,,7.78,6.63,1.96
Q102,local,Q,2026-W22,4,2,false,true,7.39,6.46,0.107,7.52,6.32,6.79,6.98,6.07,,15,2.36,,,8.14,6.91,1.75
Q102,local,Q,2026-W23,5,2,false,true,7.57,6.55,0.1087,,,,,,8.06,4,2.52,,,7.95,6.91,1.74
Q102,local,Q,2026-W24,5,1,false,false,7.49,6.91,0.0669,,,,,,,2,2.48,,,8.03,7.65,1.33
Q102,local,Q,2026-W25,3,2,false,false,7.25,6.89,0.0521,,,,,,,2,2.05,,,6.76,5.96,1.7
Q102,local,Q,2026-W26,5,2,false,false,7.92,7.47,0.0349,,,,,,,1,2.38,,,7.64,6.82,1.36
Q102,local,Q,2026-W27,3,2,true,true,6.97,6.05,0.1133,6.75,6.08,6.83,6.43,5.78,7.48,16,2.37,,,8.24,7.36,1.68
Q102,local,Q,2026-W28,5,2,true,true,7.4,6.46,0.108,7.77,6.6,7.28,6.66,6.05,7.56,16,2.23,,,7.89,6.87,1.83
Q102,local,Q,2026-W29,5,2,true,true,7.15,6.39,0.0944,7.13,6.37,6.77,6.78,6.07,,16,2.41,,,7.46,6.35,1.72
Q102,local,Q,2026-W30,5,2,true,true,7.06,6.3,0.0898,7.09,6.14,6.7,6.69,5.96,,16,2.32,,,7.62,5.93,1.83
Q102,local,Q,2026-W31,5,2,true,true,7.17,6.54,0.0774,7.62,6.69,6.97,6.6,5.97,,16,2.21,,,7.47,6.42,1.65
Q102,local,Q,2026-W32,5,2,false,true,7.14,6.38,0.088,7.56,6.84,6.87,6.95,6.01,7.23,17,2.13,,,8.17,7.28,1.75
Q102,local,Q,2026-W33,5,2,true,true,7.23,6.3,0.1077,7.01,6.17,7.01,6.72,5.7,7.81,17,2.17,,,8.12,7.24,1.76
Q102,local,Q,2026-W34,5,2,true,true,7.2,6.31,0.104,7.28,6.63,6.76,6.68,5.81,7.87,17,2.31,,,8.19,7.54,1.7
Q102,local,Q,2026-W35,5,2,true,true,7.07,6.36,0.0841,7.48,6.61,6.98,6.55,5.8,7.05,17,2.17,,,8.49,7.39,1.7
Q102,local,Q,2026-W36,5,2,true,true,7.1,6.27,0.0873,7.35,6.39,6.53,6.8,6.12,7.69,17,2.11,,,8.22,7.4,1.56
Q102,local,Q,2026-W37,4,2,true,true,7.2,6.16,0.1144,7.31,6.35,7.04,6.32,5.63,7.78,17,2.34,2.34,,8.05,7.21,1.72
Q102,local,Q,2026-W38,5,2,true,true,7.25,6.37,0.1015,7.12,6.33,6.85,6.78,6.15,8.02,17,2.49,2.34,,8.15,7.19,1.91
Q102,local,Q,2026-W39,5,2,true,true,7.09,6.22,0.1092,6.98,5.95,6.77,6.7,5.88,7.5,17,2.42,2.34,,8.52,7.54,1.81
Q102,local,Q,2026-W40,5,2,true,false,7.03,6.17,0.1112,6.88,6.23,6.75,6.61,5.76,7.55,17,2.37,2.34,,8.48,6.21,1.86
Q102,local,Q,2026-W41,5,0,true,false,7.35,6.42,0.114,6.9,5.91,7.09,6.81,5.87,8.11,17,2.46,2.34,5.2,,,
Q103,local,Q,2026-W17,0,2,false,true,,,,,,,,,,,,,,8.53,7.9,1.33
Q103,local,Q,2026-W18,5,2,false,false,7.52,6.97,0.0642,,,,6.77,6.46,,12,2.41,,,8.12,7.42,0.96
Q103,local,Q,2026-W19,5,2,false,true,7.47,7.01,0.0635,,,,7.27,6.93,,11,2.47,,,8.77,7.97,1.28
Q103,local,Q,2026-W20,5,2,false,true,7.95,7.16,0.0885,8.89,8.28,7.64,7.24,6.49,,14,2.3,,,7.88,6.88,1.44
Q103,local,Q,2026-W21,5,2,false,false,7.32,6.72,0.0873,,,,7.72,7.34,,12,2.23,,,8.32,7.04,1.48
Q103,local,Q,2026-W22,4,2,false,true,8.01,7.34,0.0728,8.12,7.59,7.84,7.53,6.68,,14,2.3,,,8.59,7.25,1.25
Q103,local,Q,2026-W23,5,2,false,true,7.93,7.21,0.1091,,,,,,,3,2.45,,,8.02,6.15,1.33
Q103,local,Q,2026-W24,3,1,false,false,7.38,6.5,0.1135,,,,,,,1,2.3,,,9.73,8.31,1.46
Q103,local,Q,2026-W25,1,2,false,false,8.82,8.51,0.0568,,,,,,,1,2.31,,,6.57,6.71,1.18
Q103,local,Q,2026-W26,0,2,false,false,,,,,,,,,,,,,,7.02,6,1.41
Q103,local,Q,2026-W27,3,2,true,true,7.94,7.28,0.0796,8.34,7.54,7.62,7.8,7.22,,15,2.31,,,8.95,7.51,1.42
Q103,local,Q,2026-W28,5,2,true,true,7.77,7.15,0.0732,7.39,6.64,7.6,7.59,6.98,8.18,16,2.33,,,8.32,7.54,1.28
Q103,local,Q,2026-W29,5,2,true,true,8.07,7.37,0.0731,7.55,6.93,8.08,7.76,6.97,,16,2.39,,,8.15,7.34,1.24
Q103,local,Q,2026-W30,5,2,true,true,7.74,7.04,0.0829,7.52,6.8,7.46,7.49,6.79,,16,2.3,,,7.38,6.46,1.25
Q103,local,Q,2026-W31,5,2,true,true,7.97,7.26,0.0765,7.96,7.28,7.47,7.49,6.83,,16,2.42,,,8.13,7.06,1.63
Q103,local,Q,2026-W32,5,2,false,true,7.99,7.22,0.0859,7.8,7.2,7.57,7.6,6.99,,16,2.34,,,8.56,7.47,1.31
Q103,local,Q,2026-W33,5,2,true,true,7.71,7.06,0.0697,7.55,7.04,7.48,7.23,6.62,,16,2.38,,,8.89,7.83,1.42
Q103,local,Q,2026-W34,5,2,true,true,7.79,7.04,0.0755,8.1,7.36,7.3,7.58,6.93,,16,2.39,,,8.38,7.4,1.48
Q103,local,Q,2026-W35,5,2,true,true,7.71,6.97,0.0841,7.67,6.95,7.4,7.42,6.64,,16,2.26,,,8.73,7.83,1.4
Q103,local,Q,2026-W36,5,2,true,true,7.55,6.85,0.0733,7.83,7.05,7.59,7.4,6.69,,16,2.33,,,8.8,7.96,1.51
Q103,local,Q,2026-W37,4,2,true,true,7.38,6.61,0.0834,7.55,6.84,7.42,6.83,6.16,,16,2.47,2.58,,8.23,7.49,1.52
Q103,local,Q,2026-W38,5,2,true,true,7.45,6.69,0.0842,7.35,6.8,7.37,7.27,6.28,,16,2.41,2.58,,8.54,7.54,1.52
Q103,local,Q,2026-W39,5,2,true,true,7.44,6.9,0.0586,7.49,6.92,7.34,7.15,6.39,,16,2.46,2.58,,8.52,7.66,1.5
Q103,local,Q,2026-W40,5,2,true,false,7.57,6.87,0.0815,7.64,7.17,7.21,7.1,6.09,,16,2.44,2.58,,8.79,7.81,1.29
Q103,local,Q,2026-W41,5,0,true,false,7.92,7.28,0.0734,7.16,6.59,8.3,7.49,6.83,,16,2.36,2.58,14.5,,,
Q104,local,Q,2026-W17,0,2,false,true,,,,,,,,,,,,,,6.51,5.81,1.43
Q104,local,Q,2026-W18,5,2,false,false,7.1,5.97,0.1391,,,,5.76,4.94,,13,1.82,,,6.58,5.83,1.57
Q104,local,Q,2026-W19,5,2,false,true,6.6,5.57,0.1373,,,,5.78,4.88,,12,1.66,,,6.71,5.88,1.56
Q104,local,Q,2026-W20,5,2,false,true,6.74,6.12,0.0819,7.59,7.16,6.03,5.86,5.32,,15,1.92,,,7.77,6.69,1.3
Q104,local,Q,2026-W21,5,2,false,false,6.88,6.04,0.0959,,,,6.15,5.52,,13,1.92,,,8.15,6.82,1.17
Q104,local,Q,2026-W22,4,2,false,true,6.89,6.07,0.1053,6.92,6.34,6.58,6.29,5.59,,15,1.92,,,7.11,6.33,1.44
Q104,local,Q,2026-W23,5,2,false,true,7.12,6.57,0.0911,,,,,,7.76,4,2.06,,,6.88,5.93,1.33
Q104,local,Q,2026-W24,5,1,false,false,7.18,6.4,0.0828,,,,,,,2,1.88,,,7.1,6.75,1.32
Q104,local,Q,2026-W25,3,2,false,false,7.17,5.91,0.1028,,,,,,,2,1.97,,,6.66,5.87,1.44
Q104,local,Q,2026-W26,5,2,false,false,6.82,5.98,0.1118,,,,,,,1,2.21,,,8.95,7.55,1.5
Q104,local,Q,2026-W27,3,2,true,true,6.69,6.01,0.0939,7.19,6.41,5.98,6.5,5.69,7.14,16,1.94,,,7.73,6.73,1.3
Q104,local,Q,2026-W28,5,2,true,true,7.28,6.34,0.0973,7.42,6.49,7.13,6.51,5.79,7.58,16,1.95,,,7.5,6.45,1.39
Q104,local,Q,2026-W29,5,2,true,true,6.73,5.95,0.1037,6.94,6.07,6.13,6.25,5.57,,16,2.05,,,7,6.39,1.21
Q104,local,Q,2026-W30,5,2,true,true,7.22,6.27,0.1103,6.84,6.06,7.06,6.47,5.7,,16,1.87,,,6.86,6.11,1.39
Q104,local,Q,2026-W31,5,2,true,true,7.07,5.99,0.1156,7.08,6.21,6.92,6.1,5.57,,16,2.09,,,7.37,6.41,1.4
Q104,local,Q,2026-W32,5,2,false,true,6.99,6.43,0.0823,7.41,6.54,6.46,6.33,5.57,7.5,17,1.93,,,7.31,6.28,1.19
Q104,local,Q,2026-W33,5,2,true,true,6.93,6.29,0.0868,7.15,6.59,6.57,6.31,5.57,7.39,17,2,,,7.64,6.68,1.34
Q104,local,Q,2026-W34,5,2,true,true,7.27,6.19,0.1273,7.35,6.43,6.94,6.3,5.55,8.17,17,1.97,,,7.35,6.38,1.43
Q104,local,Q,2026-W35,5,2,true,true,7.13,6.1,0.1288,7.47,6.66,6.76,6.38,5.35,7.58,17,2.02,,,7.08,6.2,1.41
Q104,local,Q,2026-W36,5,2,true,true,7.2,6.08,0.114,7.33,6.47,6.37,6.29,5.71,8.77,17,2.01,,,7.11,6.24,1.42
Q104,local,Q,2026-W37,4,2,true,true,6.59,5.67,0.108,6.65,5.9,6.12,5.84,5.3,7.27,17,2.09,1.99,,7.2,6.3,1.32
Q104,local,Q,2026-W38,5,2,true,true,6.59,5.74,0.1132,6.41,5.81,6.04,5.81,5.1,7.91,17,2.01,1.99,,7.02,6.05,1.44
Q104,local,Q,2026-W39,5,2,true,true,6.62,5.72,0.1097,6.72,5.99,6.41,5.78,5.25,7.04,17,2.05,1.99,,7.35,6.2,1.37
Q104,local,Q,2026-W40,5,2,true,false,6.52,5.7,0.1164,6.68,5.99,6.2,5.93,5.29,6.94,17,2.08,1.99,,7.17,6.18,1.56
Q104,local,Q,2026-W41,5,0,true,false,6.2,5.42,0.1105,6.74,6.08,5.75,5.57,4.52,6.34,17,2.2,1.99,13.6,,,
Q11,local,Q,2026-W17,0,2,false,true,,,,,,,,,,,,,,11.82,10.55,5.51
Q11,local,Q,2026-W18,5,2,false,false,10.63,9.31,0.1001,,,,9.67,8.29,,13,8.32,,,11.53,10.16,5.83
Q11,local,Q,2026-W19,5,2,false,true,10.55,9.11,0.1085,,,,10.08,8.78,,12,7.95,,,11.5,10.07,5.69
Q11,local,Q,2026-W20,5,2,false,true,10.31,9.04,0.1063,9.34,8.23,10.4,9.54,8.43,,15,8.77,,,11.1,9.92,5.76
Q11,local,Q,2026-W21,5,2,false,false,10.56,9.01,0.1208,,,,9.65,8.38,,13,8.65,,,11.94,10.66,5.01
Q11,local,Q,2026-W22,4,2,false,true,10.66,9.22,0.1122,10.41,8.89,10.51,9.74,8.4,,15,8.02,,,11.61,10.2,5.32
Q11,local,Q,2026-W23,5,2,false,true,10.98,9.46,0.1209,,,,,,11.8,4,7.75,,,11.39,9.56,5.51
Q11,local,Q,2026-W24,5,1,false,false,10.51,9.09,0.1112,,,,,,,2,6.98,,,11.86,10.95,5.11
Q11,local,Q,2026-W25,3,2,false,false,9.82,8.09,0.1632,,,,,,,2,6.8,,,11.4,10.07,6.22
Q11,local,Q,2026-W26,5,2,false,false,10.61,9.5,0.0786,,,,,,,1,7.06,,,11.23,9.5,5.69
Q11,local,Q,2026-W27,3,2,true,true,10.45,9.21,0.0948,10.88,9.52,10.35,9.66,8.54,10.69,16,7.34,,,11.69,10.3,5.46
Q11,local,Q,2026-W28,5,2,true,true,10.55,9.3,0.0965,10.6,9.37,10.47,9.78,8.5,11.01,16,7.39,,,11.22,9.77,5.33
Q11,local,Q,2026-W29,5,2,true,true,10.7,9.28,0.1092,10.53,8.77,10.61,9.65,8.47,,16,7.36,,,11.99,10.82,5.6
Q11,local,Q,2026-W30,5,2,true,true,10.58,9.15,0.1111,10.42,8.65,10.26,9.8,8.51,,16,7.41,,,11.59,10.46,5.67
Q11,local,Q,2026-W31,5,2,true,true,10.6,9.14,0.1115,10.32,8.61,10.29,9.87,8.58,,16,7.18,,,11.65,10.39,5.63
Q11,local,Q,2026-W32,5,2,false,true,10.71,9.39,0.0995,10.72,9.02,10.33,9.69,8.46,11.6,17,6.83,,,11.28,10.06,5.36
Q11,local,Q,2026-W33,5,2,true,true,10.5,9.19,0.1015,10.72,9.42,10.26,9.77,8.47,11.11,17,7.4,,,11.16,9.89,5.27
Q11,local,Q,2026-W34,5,2,true,true,10.63,9.23,0.111,10.73,9.47,10.52,10.11,8.55,10.83,17,7.22,,,11.14,9.87,4.9
Q11,local,Q,2026-W35,5,2,true,true,10.64,9.31,0.1027,10.41,9.17,10.39,10.05,8.91,11.35,17,7.45,,,11.27,9.92,5.49
Q11,local,Q,2026-W36,5,2,true,true,10.78,9.31,0.1114,10.73,9.12,10.49,9.77,8.32,11.83,17,7.33,,,11.37,9.84,5.5
Q11,local,Q,2026-W37,4,2,true,true,10.15,8.8,0.1071,9.79,8.1,10.05,9.68,8.53,10.78,17,8.11,7.19,,11.24,9.91,5.64
Q11,local,Q,2026-W38,5,2,true,true,10.17,8.89,0.1038,9.72,8.5,10.01,9.46,8.12,11.05,17,8.11,7.45,,11.25,10,5.61
Q11,local,Q,2026-W39,5,2,true,true,10.19,9.09,0.087,9.72,8.81,10.14,9.36,8.15,11.05,17,7.98,7.34,,11.62,9.88,5.11
Q11,local,Q,2026-W40,5,2,true,false,10.14,8.92,0.1024,9.77,8.82,9.92,9.5,8.11,11.24,17,8.39,7.45,,12.18,10.32,5.35
Q11,local,Q,2026-W41,5,0,true,false,10.26,8.93,0.1046,9.72,8.61,10.44,9.57,8.21,10.85,17,8.02,7.45,14.1,,,
Q110,local,Q,2026-W17,0,2,false,true,,,,,,,,,,,,,,9.62,8.6,4.4
Q110,local,Q,2026-W18,5,2,false,false,8.78,7.74,0.1027,,,,8.31,7.46,,13,7.99,,,9.38,8.09,4.98
Q110,local,Q,2026-W19,5,2,false,true,8.98,8.04,0.0896,,,,8.56,7.79,,12,8.34,,,9.36,8.12,5.05
Q110,local,Q,2026-W20,5,2,false,true,8.97,7.87,0.113,8.73,7.56,8.74,8.53,7.48,,15,8.11,,,9.48,8.21,5.22
Q110,local,Q,2026-W21,5,2,false,false,8.88,7.6,0.1221,,,,8.6,7.57,,13,8.8,,,9.3,8.3,5.04
Q110,local,Q,2026-W22,4,2,false,true,8.97,7.84,0.1109,8.81,7.86,8.72,8.48,7.48,,15,9.07,,,9.47,8.19,5.31
Q110,local,Q,2026-W23,5,2,false,true,8.84,7.82,0.0968,,,,,,9.48,4,8.12,,,9.26,7.91,5.67
Q110,local,Q,2026-W24,5,1,false,false,9.25,7.95,0.1116,,,,,,,2,8.58,,,9.49,7.87,4.18
Q110,local,Q,2026-W25,3,2,false,false,9.42,7.65,0.1455,,,,,,,2,8.68,,,8.96,7.88,5.25
Q110,local,Q,2026-W26,5,2,false,false,9.21,7.25,0.1843,,,,,,,1,8.59,,,8.63,7.52,4.85
Q110,local,Q,2026-W27,3,2,true,true,8.77,7.68,0.1116,9,7.8,8.37,8.37,7.37,9.24,16,8.47,,,9.58,8.13,5.25
Q110,local,Q,2026-W28,5,2,true,true,9.03,7.88,0.1074,8.75,7.76,8.78,8.7,7.52,9.63,16,8.4,,,9.46,7.94,5.59
Q110,local,Q,2026-W29,5,2,true,true,8.98,7.79,0.1169,9,7.7,8.61,8.7,7.55,,16,8.6,,,9.36,8.34,4.98
Q110,local,Q,2026-W30,5,2,true,true,9.06,7.98,0.1039,9.01,7.77,8.59,8.75,7.76,,16,8.05,,,9.32,8.17,5.15
Q110,local,Q,2026-W31,5,2,true,true,9,7.97,0.0942,9.01,7.87,8.67,8.85,7.81,,16,8.25,,,9.49,8.03,4.54
Q110,local,Q,2026-W32,5,2,false,true,8.96,7.82,0.1043,9.23,7.76,8.86,8.81,7.69,9.17,17,7.86,,,9.48,8.32,4.68
Q110,local,Q,2026-W33,5,2,true,true,9.13,8.01,0.1045,9.34,8.16,8.7,8.64,7.63,9.85,17,8.26,,,9.42,8.26,5
Q110,local,Q,2026-W34,5,2,true,true,9.14,8,0.1045,9.4,8.07,8.83,8.57,7.62,9.43,17,8.36,,,9.31,8.13,5.26
Q110,local,Q,2026-W35,5,2,true,true,9.22,7.97,0.1177,9.43,8.16,8.85,8.87,7.75,9.58,17,8.47,,,9.47,8.36,4.52
Q110,local,Q,2026-W36,5,2,true,true,9.13,7.98,0.1063,9.27,7.93,8.76,8.72,7.71,9.62,17,8.05,,,9.5,8.14,5.06
Q110,local,Q,2026-W37,4,2,true,true,8.89,7.62,0.1205,8.82,7.55,8.38,8.44,7.46,9.75,17,8.64,8.65,,9.36,8.12,5.35
Q110,local,Q,2026-W38,5,2,true,true,8.93,7.76,0.113,8.45,7.4,8.41,8.66,7.64,9.98,17,8.85,8.65,,9.44,8.17,5.06
Q110,local,Q,2026-W39,5,2,true,true,8.86,7.8,0.1044,8.69,7.46,8.49,8.48,7.64,9.55,17,8.71,8.65,,9.74,8.52,5.14
Q110,local,Q,2026-W40,5,2,true,false,8.73,7.6,0.1104,8.75,7.65,8.47,8.17,7.19,9.38,17,9.03,8.65,,9.53,8.43,5.75
Q110,local,Q,2026-W41,5,0,true,false,8.84,7.73,0.1087,8.56,7.54,8.41,8.42,7.47,9.67,17,8.61,8.65,16.9,,,
Q111,local,Q,2026-W17,0,2,false,true,,,,,,,,,,,,,,10.49,9,4.68
Q111,local,Q,2026-W18,5,2,false,false,9.2,8.05,0.116,,,,8.76,7.39,,13,7.64,,,10.25,9.16,5.17
Q111,local,Q,2026-W19,5,2,false,true,9.08,7.93,0.1125,,,,8.17,7.25,,12,7.47,,,10.27,8.95,4.96
Q111,local,Q,2026-W20,5,2,false,true,9.12,7.95,0.115,8.03,6.33,9.1,8.53,7.55,,15,7.69,,,10.18,8.93,5.34
Q111,local,Q,2026-W21,5,2,false,false,9.15,8,0.1149,,,,8.76,7.43,,13,8.04,,,10.72,9.62,5.13
Q111,local,Q,2026-W22,4,2,false,true,9.48,8.11,0.1297,9.43,8.26,9.23,8.9,7.9,,15,7.09,,,9.97,8.97,4.94
Q111,local,Q,2026-W23,5,2,false,true,9.1,6.63,0.2514,,,,,,9.9,4,7.17,,,10.01,8.28,5.36
Q111,local,Q,2026-W24,5,1,false,false,10.14,8.84,0.0939,,,,,,,2,7.16,,,10.93,8.64,4.72
Q111,local,Q,2026-W25,3,2,false,false,10.4,10.06,0.0261,,,,,,,2,7.14,,,10.54,9.54,4.84
Q111,local,Q,2026-W26,5,2,false,false,9.27,9,0.046,,,,,,,1,7.74,,,10.07,8.78,4.91
Q111,local,Q,2026-W27,3,2,true,true,9.37,8.31,0.0994,9.27,8.16,8.99,8.72,7.66,10.24,16,7.28,,,10.42,9,5.01
Q111,local,Q,2026-W28,5,2,true,true,9.51,8.39,0.0937,9.05,7.94,9.37,9,8.07,10.21,16,6.95,,,10.27,9.01,5.36
Q111,local,Q,2026-W29,5,2,true,true,9.45,8.29,0.099,8.71,7.82,9.19,9.13,7.85,,16,7.43,,,10.44,9.21,5.36
Q111,local,Q,2026-W30,5,2,true,true,9.47,8.11,0.1306,9.5,8.08,8.98,9.02,7.73,,16,7.18,,,10.27,9.06,5.31
Q111,local,Q,2026-W31,5,2,true,true,9.29,8.13,0.1139,9.31,7.81,8.97,8.76,7.85,,16,7.3,,,10.3,9.11,5.46
Q111,local,Q,2026-W32,5,2,false,true,9.16,7.98,0.1276,8.85,7.82,9.16,8.8,7.37,9.46,17,7.32,,,10.27,8.79,5.34
Q111,local,Q,2026-W33,5,2,true,true,9.31,8.11,0.1161,9.38,8.18,9.17,8.61,7.56,9.61,17,7.43,,,10.19,8.83,5.27
Q111,local,Q,2026-W34,5,2,true,true,9.27,7.92,0.1326,9.38,8.06,8.96,8.61,7.34,9.82,17,7.53,,,10.18,9.23,5.41
Q111,local,Q,2026-W35,5,2,true,true,9.51,8.33,0.114,9.41,8.23,9.2,9.1,8.27,10.15,17,7.28,,,10.27,9.17,5.2
Q111,local,Q,2026-W36,5,2,true,true,9.27,8.29,0.0912,9.22,8.1,8.97,8.99,8.06,9.61,17,7.42,,,10.27,9.24,5.02
Q111,local,Q,2026-W37,4,2,true,true,8.84,7.93,0.0871,8.05,7.1,8.69,8.16,7.54,9.84,17,7.57,6.86,,10.22,9.32,5.36
Q111,local,Q,2026-W38,5,2,true,true,8.96,8.03,0.0914,7.83,6.88,8.97,8.32,7.56,10.05,17,7.84,6.86,,10.37,9.43,5.19
Q111,local,Q,2026-W39,5,2,true,true,9.09,8.18,0.0867,8.56,7.71,9.07,8.45,7.5,9.86,17,7.76,6.86,,10.88,9.91,4.95
Q111,local,Q,2026-W40,5,2,true,false,9.03,8.16,0.0882,7.89,6.88,8.91,8.45,7.61,10.3,17,7.87,6.86,,10.35,9.68,5.23
Q111,local,Q,2026-W41,5,0,true,false,8.85,7.92,0.091,7.62,6.75,8.68,8.01,7.26,10.37,17,7.9,6.86,25.4,,,
Q112,local,Q,2026-W17,0,2,false,true,,,,,,,,,,,,,,7.31,6.53,5.05
Q112,local,Q,2026-W18,5,2,false,false,6.8,6.04,0.0945,,,,6.38,5.67,,13,7.45,,,7.02,6.22,5.48
Q112,local,Q,2026-W19,5,2,false,true,6.85,6.17,0.0844,,,,6.32,5.91,,12,8.1,,,6.86,5.87,5.31
Q112,local,Q,2026-W20,5,2,false,true,6.97,6.43,0.0705,7.18,6.81,6.66,6.67,6.07,,15,8.03,,,7.13,6.35,4.92
Q112,local,Q,2026-W21,5,2,false,false,7.02,6.22,0.0938,,,,6.4,5.81,,13,8.53,,,7.36,6.56,5.15
Q112,local,Q,2026-W22,4,2,false,true,6.88,6.17,0.0886,7.17,6.49,6.5,6.63,5.83,,15,8.46,,,7.25,6.56,5.42
Q112,local,Q,2026-W23,5,2,false,true,6.96,5.92,0.1129,,,,,,7.51,4,8.35,,,6.84,6.24,5.69
Q112,local,Q,2026-W24,5,1,false,false,7.41,6.49,0.0948,,,,,,,2,8.88,,,7.48,6.66,4.84
Q112,local,Q,2026-W25,3,2,false,false,7.63,6.79,0.0928,,,,,,,2,8.44,,,7.35,6.57,5.53
Q112,local,Q,2026-W26,5,2,false,false,7.51,6.73,0.0737,,,,,,,1,8.56,,,7.17,6.65,5.03
Q112,local,Q,2026-W27,3,2,true,true,6.99,6.25,0.093,7.6,6.97,6.68,6.58,5.95,7.12,16,8.32,,,7.45,6.6,5.09
Q112,local,Q,2026-W28,5,2,true,true,6.93,6.25,0.0827,7.24,6.66,6.7,6.41,5.78,7.24,16,8.38,,,7.05,6.52,5.47
Q112,local,Q,2026-W29,5,2,true,true,7.13,6.42,0.0808,7.52,6.77,6.67,6.56,5.83,,16,8.28,,,6.99,6.35,5.49
Q112,local,Q,2026-W30,5,2,true,true,6.97,6.25,0.083,7.29,6.67,6.78,6.37,5.73,,16,8.33,,,7.1,6.45,5.11
Q112,local,Q,2026-W31,5,2,true,true,7,6.31,0.0786,7.24,6.35,6.55,6.37,5.75,,16,8.17,,,7.25,6.61,4.89
Q112,local,Q,2026-W32,5,2,false,true,7.11,6.45,0.0782,7.28,6.61,6.78,6.43,5.87,7.65,17,7.82,,,7.06,6.47,4.6
Q112,local,Q,2026-W33,5,2,true,true,7.09,6.44,0.076,7.66,7.03,6.68,6.49,5.86,7.4,17,8.01,,,7.26,6.6,5.24
Q112,local,Q,2026-W34,5,2,true,true,7.15,6.52,0.072,7.59,6.91,6.69,6.58,5.93,7.66,17,8.31,,,7.14,6.49,5.23
Q112,local,Q,2026-W35,5,2,true,true,7.18,6.5,0.084,7.48,6.71,6.62,6.72,5.99,7.86,17,8.39,,,7.18,6.43,4.95
Q112,local,Q,2026-W36,5,2,true,true,6.97,6.3,0.0739,7.69,6.83,6.65,6.34,5.71,7.16,17,7.85,,,7,6.36,5.38
Q112,local,Q,2026-W37,4,2,true,true,6.76,6.03,0.0865,6.88,6.08,6.44,6.31,5.66,7.33,17,8.44,8.24,,7.21,6.52,5.27
Q112,local,Q,2026-W38,5,2,true,true,6.77,6.07,0.0823,6.73,5.99,6.44,6.35,5.76,7.49,17,8.59,8.26,,7.12,6.35,5.07
Q112,local,Q,2026-W39,5,2,true,true,6.98,6.36,0.0689,7.18,6.58,6.52,6.26,5.72,8.01,17,8.32,8.25,,7.5,6.81,5.06
Q112,local,Q,2026-W40,5,2,true,false,6.96,6.3,0.0784,7.18,6.51,6.55,6.39,5.84,7.73,17,8.69,8.26,,6.69,6.04,5.47
Q112,local,Q,2026-W41,5,0,true,false,6.87,6.19,0.0806,6.83,6.22,6.56,6.32,5.79,7.65,17,8.7,8.26,13.8,,,
Q113,limited,Q,2026-W17,0,2,false,true,,,,,,,,,,,,,,11.75,10.56,2.25
Q113,limited,Q,2026-W18,5,2,false,false,10.34,9.22,0.103,,,,9.91,8.82,,12,5.33,,,12.18,11.34,3.02
Q113,limited,Q,2026-W19,5,2,false,true,10.53,9.09,0.128,,,,9.2,7.69,,11,5.53,,,11.69,10.56,2.95
Q113,limited,Q,2026-W20,5,2,false,true,11.2,9.9,0.101,10.78,8.85,10.94,10.44,9.01,,14,5.65,,,12.13,10.63,3.4
Q113,limited,Q,2026-W21,5,2,false,false,11.05,9.64,0.1158,,,,9.72,8.04,,12,5.74,,,11.85,10.34,3.01
Q113,limited,Q,2026-W22,4,2,false,true,10.57,8.78,0.1624,10.01,7.37,10.52,9.54,8.14,,14,5.7,,,11.71,10.05,2.94
Q113,limited,Q,2026-W23,5,2,false,true,11.22,10.51,0.0545,,,,,,,3,5,,,11.78,10.27,2.7
Q113,limited,Q,2026-W24,3,1,false,false,11.39,9.13,0.1709,,,,,,,1,5.22,,,12.83,11.63,1.57
Q113,limited,Q,2026-W25,1,1,false,false,8.71,8.8,0.0407,,,,,,,1,5.17,,,10.52,8.45,3.43
Q113,limited,Q,2026-W26,0,1,false,false,,,,,,,,,,,,,,11.44,10.52,2.9
Q113,limited,Q,2026-W27,3,2,true,true,10.69,9.58,0.0904,11.26,9.89,10.18,9.46,8.37,,15,5.16,,,12.84,11.23,2.83
Q113,limited,Q,2026-W28,5,2,true,true,10.78,9.48,0.1127,11.1,9.42,10.45,9.92,8.61,11.34,16,5.54,,,11.96,10.84,3.01
Q113,limited,Q,2026-W29,5,2,true,true,11.14,9.87,0.1038,11.16,9.69,10.22,10.02,8.37,,16,5.31,,,12.79,11.57,3.15
Q113,limited,Q,2026-W30,5,2,true,true,11.5,10.04,0.1154,11.15,9.9,10.54,10.51,8.9,,16,5.47,,,11.8,10.25,3.1
Q113,limited,Q,2026-W31,5,2,true,true,11.35,10.15,0.099,11.17,10.09,10.34,10.48,8.89,,16,5.52,,,12.19,10.91,3.16
Q113,limited,Q,2026-W32,5,2,false,true,11.13,9.77,0.1141,10.95,9.67,10.84,10.27,8.93,,16,5.49,,,12.07,10.68,2.88
Q113,limited,Q,2026-W33,5,2,true,true,11.18,9.94,0.0928,11.08,9.74,11.13,9.68,8.51,,16,5.37,,,11.69,10.03,3.01
Q113,limited,Q,2026-W34,5,2,true,true,10.84,9.59,0.1048,10.97,9.7,10.26,9.5,8.29,,16,5.07,,,12.2,11.45,2.96
Q113,limited,Q,2026-W35,5,2,true,true,11.25,9.99,0.1008,10.64,9.19,11.07,9.61,8.46,12.81,17,5.37,,,12.24,11.07,2.8
Q113,limited,Q,2026-W36,5,2,true,true,10.86,9.88,0.0769,11.2,9.93,10.13,9.57,8.51,12.18,17,5.36,,,11.93,10.95,3.45
Q113,limited,Q,2026-W37,4,2,true,true,10.47,9.17,0.1073,9.67,8.46,10.09,9.12,7.98,,16,5.58,5.41,,12.1,10.92,4.33
Q113,limited,Q,2026-W38,5,2,true,true,10.9,9.84,0.0894,9.61,8.47,10.48,9.63,8.62,13.35,17,5.45,5.41,,11.78,10.64,4.24
Q113,limited,Q,2026-W39,5,2,true,true,10.76,9.82,0.0699,10.43,9.52,10.5,9.22,8.3,11.82,17,5.54,5.41,,12.55,11.67,4.12
Q113,limited,Q,2026-W40,5,2,true,false,10.51,9.59,0.0782,9.79,8.75,10.49,9.7,8.92,11.32,17,5.64,5.41,,13.1,11.89,4.82
Q113,limited,Q,2026-W41,5,0,true,false,10.19,9.08,0.0918,8.75,7.69,9.91,10.09,9.06,11.32,17,5.92,5.41,28.6,,,
Q114,local,Q,2026-W17,0,2,false,true,,,,,,,,,,,,,,11.45,10.22,8.32
Q114,local,Q,2026-W18,5,2,false,false,10.17,8.89,0.1149,,,,8.84,7.51,,13,6.98,,,11.35,9.91,9.15
Q114,local,Q,2026-W19,5,2,false,true,10,8.59,0.1188,,,,8.68,7.21,,12,6.58,,,11.29,9.33,8.49
Q114,local,Q,2026-W20,5,2,false,true,10.47,8.88,0.1393,10.84,8.28,9.92,9.04,8.09,,15,7.06,,,11.29,9.41,9.11
Q114,local,Q,2026-W21,5,2,false,false,9.72,8.21,0.1429,,,,8.78,7.48,,13,7.35,,,11.45,9.63,8.79
Q114,local,Q,2026-W22,4,2,false,true,10.49,9.07,0.113,9.78,8.26,10.28,8.77,7.65,,15,6.8,,,11.42,9.73,8.48
Q114,local,Q,2026-W23,5,2,false,true,10.44,9.17,0.1175,,,,,,11.7,4,6.64,,,11.41,10.24,8.46
Q114,local,Q,2026-W24,5,1,false,false,10.56,8.8,0.1354,,,,,,,2,7.14,,,10.36,8.97,6.92
Q114,local,Q,2026-W25,3,2,false,false,11.98,9.33,0.177,,,,,,,2,6.89,,,11.07,9.72,8.91
Q114,local,Q,2026-W26,5,2,false,false,10.54,9.09,0.1047,,,,,,,1,6.79,,,11.48,10.58,8.91
Q114,local,Q,2026-W27,3,2,true,true,10.35,8.8,0.1341,10.77,8.83,9.75,9.4,8.35,11.43,16,6.76,,,11.6,9.65,8.39
Q114,local,Q,2026-W28,5,2,true,true,10.4,8.87,0.1404,10.15,8.59,10.13,9.44,7.71,11.5,16,6.72,,,11.85,10.37,8.83
Q114,local,Q,2026-W29,5,2,true,true,10.49,8.99,0.124,10.28,8.99,10.01,9.52,7.99,,16,7,,,11.53,9.95,8.8
Q114,local,Q,2026-W30,5,2,true,true,10.4,8.88,0.1278,10.74,9.09,9.86,9.55,8.45,,16,7.04,,,11.1,9.34,8.91
Q114,local,Q,2026-W31,5,2,true,true,10.42,8.97,0.1304,10.68,9,10.26,9.54,8.27,,16,7.12,,,11.37,9.5,8.78
Q114,local,Q,2026-W32,5,2,false,true,10.14,8.76,0.1132,9.91,8.46,9.99,9.28,8.01,11.05,17,6.73,,,11.43,9.97,8.86
Q114,local,Q,2026-W33,5,2,true,true,10.3,9.12,0.1012,10.68,9.53,9.78,9.39,8.22,11.18,17,6.96,,,11.17,9.79,8.73
Q114,local,Q,2026-W34,5,2,true,true,10.13,8.63,0.1394,10.45,8.97,9.82,9.01,7.65,10.93,17,6.69,,,11.17,9.81,8.74
Q114,local,Q,2026-W35,5,2,true,true,10.22,8.84,0.1222,10.41,9.36,9.8,9.29,8.22,11.02,17,7.14,,,11.46,9.85,8.27
Q114,local,Q,2026-W36,5,2,true,true,10.54,9.34,0.0956,10.05,8.88,9.65,9.5,8.61,12.67,17,7.01,,,11.29,9.89,7.87
Q114,local,Q,2026-W37,4,2,true,true,9.81,8.58,0.1114,9.25,7.83,9.77,8.8,7.99,10.84,17,7.03,6.64,,11.18,9.91,7.21
Q114,local,Q,2026-W38,5,2,true,true,10.12,9.03,0.0901,9.29,8.18,9.76,9.4,8.43,11.52,17,7.13,6.64,,11.25,10.16,7.04
Q114,local,Q,2026-W39,5,2,true,true,9.97,9.11,0.0734,9.63,8.66,9.79,9.08,8.2,10.85,17,7.17,6.64,,11.57,10.33,6.72
Q114,local,Q,2026-W40,5,2,true,false,9.88,8.85,0.0965,9.19,7.94,9.56,9.54,8.69,11.04,17,7.04,6.64,,11.94,10.47,7.52
Q114,local,Q,2026-W41,5,0,true,false,10.03,8.94,0.0893,9.37,8.27,9.52,9.12,8.19,11.44,17,7.19,6.64,31.6,,,
Q115,local,Q,2026-W17,0,2,false,true,,,,,,,,,,,,,,8.81,7.75,3.67
Q115,local,Q,2026-W18,5,2,false,false,7.27,6.23,0.1304,,,,6.92,5.9,,13,4.33,,,8.19,6.88,3.79
Q115,local,Q,2026-W19,5,2,false,true,7.5,6.56,0.1095,,,,6.79,5.99,,12,4.41,,,8.27,6.71,3.76
Q115,local,Q,2026-W20,5,2,false,true,7.32,6.09,0.1498,6.65,5.73,7.22,6.84,5.68,,15,4.72,,,8.65,7.08,3.78
Q115,local,Q,2026-W21,5,2,false,false,7.27,6.03,0.1671,,,,7.16,6.24,,13,4.93,,,8.75,7.46,3.61
Q115,local,Q,2026-W22,4,2,false,true,7.67,6.7,0.1203,7.56,6.82,7.32,6.94,6.09,,15,4.48,,,8.53,7.3,3.54
Q115,local,Q,2026-W23,5,2,false,true,7.58,6.82,0.1056,,,,,,8.43,4,5.45,,,8.31,7.26,3.94
Q115,local,Q,2026-W24,5,1,false,false,8.11,6.49,0.1523,,,,,,,2,4.88,,,8.69,7.38,3.04
Q115,local,Q,2026-W25,3,2,false,false,8.29,8.09,0.0581,,,,,,,2,4.84,,,8.3,5.93,4.15
Q115,local,Q,2026-W26,5,2,false,false,7.27,7.03,0.0444,,,,,,,1,4.85,,,8.83,7.51,3.74
Q115,local,Q,2026-W27,3,2,true,true,7.72,6.74,0.1121,7.33,6.54,7.42,7.16,6.12,8.62,16,4.64,,,8.91,7.45,3.73
Q115,local,Q,2026-W28,5,2,true,true,7.79,6.69,0.1296,7.5,6.23,7.65,7.09,6.09,8.49,16,4.54,,,8.25,6.89,3.87
Q115,local,Q,2026-W29,5,2,true,true,7.82,6.87,0.1123,7.47,6.72,7.65,7.36,6.34,,16,4.62,,,8.45,7.26,3.8
Q115,local,Q,2026-W30,5,2,true,true,7.79,6.75,0.1211,7.66,6.62,7.48,7.08,6.17,,16,4.62,,,8.57,7.44,3.61
Q115,local,Q,2026-W31,5,2,true,true,7.56,6.34,0.1534,7.42,6.34,7.45,6.78,5.67,,16,4.6,,,8.51,6.84,3.96
Q115,local,Q,2026-W32,5,2,false,true,7.7,6.6,0.1314,7.56,6.28,7.38,7.15,6.24,8.54,17,4.56,,,8.25,7.1,3.88
Q115,local,Q,2026-W33,5,2,true,true,7.66,6.77,0.1031,7.82,6.88,7.4,6.93,6.12,8.12,17,4.52,,,8.35,7.34,3.91
Q115,local,Q,2026-W34,5,2,true,true,8.01,6.95,0.1148,7.81,6.86,7.71,7.17,6.21,8.88,17,4.48,,,8.46,7.39,3.65
Q115,local,Q,2026-W35,5,2,true,true,7.8,6.85,0.1105,7.83,7.07,7.5,7.16,6.21,8.46,17,4.5,,,8.57,7.69,3.68
Q115,local,Q,2026-W36,5,2,true,true,7.71,6.47,0.1389,7.45,6.53,7.44,7.08,6.08,8.54,17,4.78,,,8.59,7.71,3.82
Q115,local,Q,2026-W37,4,2,true,true,7.33,6.47,0.1079,6.73,5.84,7.16,6.85,5.93,8.11,17,4.79,4.73,,8.35,7.44,3.81
Q115,local,Q,2026-W38,5,2,true,true,7.38,6.47,0.1062,6.3,5.51,7.16,6.77,6.09,8.71,17,5.09,4.76,,8.44,7.59,3.64
Q115,local,Q,2026-W39,5,2,true,true,7.43,6.54,0.1064,7.09,6.17,7.3,6.78,6.02,8.18,17,4.81,4.75,,8.98,7.94,3.79
Q115,local,Q,2026-W40,5,2,true,false,7.21,6.43,0.0984,6.36,5.39,7.07,6.79,5.91,8.16,17,5.04,4.76,,8.35,7.79,3.81
Q115,local,Q,2026-W41,5,0,true,false,7.41,6.64,0.0872,6.49,5.75,7.01,6.85,6.13,8.81,17,4.98,4.76,18,,,
Q12,local,Q,2026-W17,0,2,false,true,,,,,,,,,,,,,,10.8,9.52,6.32
Q12,local,Q,2026-W18,5,2,false,false,10.03,9.02,0.0786,,,,9.19,8.54,,13,6.98,,,10.62,9.47,6.49
Q12,local,Q,2026-W19,5,2,false,true,9.45,8.45,0.082,,,,8.32,7.24,,12,6.44,,,10.15,8.94,6.49
Q12,local,Q,2026-W20,5,2,false,true,9.72,8.93,0.0653,9.54,8.8,9.14,8.65,7.96,,15,7.16,,,10.26,9.09,7.05
Q12,local,Q,2026-W21,5,2,false,false,9.51,8.48,0.0898,,,,8.7,7.84,,13,7.08,,,11.03,9.65,5.8
Q12,local,Q,2026-W22,4,2,false,true,9.95,8.85,0.0866,9.84,8.77,9.34,8.81,7.86,,15,7.18,,,10.46,9.25,6.28
Q12,local,Q,2026-W23,5,2,false,true,9.59,8.75,0.0714,,,,,,10.92,4,6.85,,,10.6,9.17,6.68
Q12,local,Q,2026-W24,5,1,false,false,9.51,8.61,0.0749,,,,,,,2,6.38,,,10.46,9.36,5.71
Q12,local,Q,2026-W25,3,2,false,false,9.79,8.32,0.1197,,,,,,,2,7.24,,,10.16,9.45,6.07
Q12,local,Q,2026-W26,5,2,false,false,9.49,8.07,0.1205,,,,,,,1,6.83,,,11.05,9.85,6.35
Q12,local,Q,2026-W27,3,2,true,true,9.98,9.08,0.0681,10.25,9.45,9.12,9.43,8.61,11.11,16,6.29,,,11.06,9.78,6.13
Q12,local,Q,2026-W28,5,2,true,true,10.03,8.92,0.09,10.02,8.81,9.23,9.83,8.87,11.02,16,7.44,,,10.58,9.1,6.25
Q12,local,Q,2026-W29,5,2,true,true,10.03,9.09,0.0742,9.74,8.96,9.27,9.29,8.37,,16,6.47,,,10.4,9.39,5.76
Q12,local,Q,2026-W30,5,2,true,true,9.72,8.8,0.0754,9.67,8.77,8.88,9.38,8.57,,16,6.97,,,10.19,9.09,5.65
Q12,local,Q,2026-W31,5,2,true,true,9.74,8.76,0.0802,9.68,8.86,9.13,8.99,8.26,,16,6.95,,,10.39,9.35,6.52
Q12,local,Q,2026-W32,5,2,false,true,9.77,8.85,0.0826,10.15,9.13,8.9,9.2,8.29,11.21,17,7.33,,,10.67,9.36,6.13
Q12,local,Q,2026-W33,5,2,true,true,9.9,8.85,0.0836,10.18,8.99,9.01,9.27,8.22,11.27,17,6.87,,,10.26,9.32,6.05
Q12,local,Q,2026-W34,5,2,true,true,9.85,8.9,0.081,9.79,8.89,9.09,9.42,8.68,10.87,17,6.65,,,10.51,9.42,6.02
Q12,local,Q,2026-W35,5,2,true,true,10.16,9.21,0.0742,10.43,9.59,9.43,9.5,8.77,11.15,17,6.39,,,10.72,9.37,6.05
Q12,local,Q,2026-W36,5,2,true,true,9.98,8.92,0.0834,9.84,8.82,9.34,9.45,8.49,11.18,17,6.75,,,10.69,9.49,6.15
Q12,local,Q,2026-W37,4,2,true,true,9.77,8.89,0.0732,9.43,8.46,9.28,8.77,8.14,11.18,17,6.71,8.08,,10.59,9.41,6.4
Q12,local,Q,2026-W38,5,2,true,true,9.57,8.59,0.0835,9.26,8.37,8.97,8.79,7.96,10.98,17,7.13,8.08,,10.55,9.4,6.4
Q12,local,Q,2026-W39,5,2,true,true,9.74,8.86,0.0688,9.54,8.71,8.93,9.2,8.38,11.04,17,7.54,8.08,,10.91,9.8,6.33
Q12,local,Q,2026-W40,5,2,true,false,9.37,8.37,0.0866,8.86,8.01,8.49,8.99,8.11,11.07,17,7.35,8.08,,10.68,9.46,6.95
Q12,local,Q,2026-W41,5,0,true,false,9.27,8.42,0.0734,8.77,7.98,8.1,8.78,8.09,11.09,17,6.96,8.08,16.9,,,
Q13,local,Q,2026-W17,0,2,false,true,,,,,,,,,,,,,,9.71,8.64,4.69
Q13,local,Q,2026-W18,5,2,false,false,9.06,8.25,0.0891,,,,8.17,7.51,,13,7.05,,,9.49,8.59,5.03
Q13,local,Q,2026-W19,5,2,false,true,9.26,8.13,0.1145,,,,8.69,7.54,,12,7.12,,,9.09,7.96,5.29
Q13,local,Q,2026-W20,5,2,false,true,8.98,8.09,0.0778,8.65,7.68,8.78,7.96,7.32,,15,7.25,,,9.24,8.16,4.82
Q13,local,Q,2026-W21,5,2,false,false,8.72,7.73,0.0975,,,,8.33,7.48,,13,7.27,,,9.57,8.69,4.85
Q13,local,Q,2026-W22,4,2,false,true,8.89,7.83,0.1127,8.57,7.37,8.59,8.35,7.37,,15,7.11,,,9.53,8.52,5.05
Q13,local,Q,2026-W23,5,2,false,true,8.22,7.08,0.1312,,,,,,9.06,4,7.47,,,9.32,8.31,5.51
Q13,local,Q,2026-W24,5,1,false,false,9.51,7.99,0.1239,,,,,,,2,7.07,,,9.41,8.72,4.05
Q13,local,Q,2026-W25,3,2,false,false,9.19,7.96,0.115,,,,,,,2,7.34,,,9.79,8.77,4.88
Q13,local,Q,2026-W26,5,2,false,false,8.76,8.18,0.0671,,,,,,,1,7.4,,,10.27,8.94,4.95
Q13,local,Q,2026-W27,3,2,true,true,8.79,7.94,0.0803,8.98,8.13,8.55,8.28,7.4,8.96,16,6.61,,,9.89,8.67,5
Q13,local,Q,2026-W28,5,2,true,true,8.98,8.05,0.0866,8.6,7.63,8.59,8.3,7.46,9.95,16,7.17,,,9.28,8.3,5.53
Q13,local,Q,2026-W29,5,2,true,true,9.11,8.11,0.091,8.75,7.73,8.84,8.35,7.45,,16,7.33,,,9.37,8.38,5.12
Q13,local,Q,2026-W30,5,2,true,true,9.07,8.13,0.0901,8.99,7.93,8.58,8.24,7.44,,16,6.96,,,9.34,8.37,4.71
Q13,local,Q,2026-W31,5,2,true,true,9.16,8.35,0.0782,8.78,7.94,8.69,8.21,7.32,,16,6.91,,,9.54,8.53,5.32
Q13,local,Q,2026-W32,5,2,false,true,9.09,8.12,0.0926,8.71,7.71,8.56,8.29,7.37,10.24,17,7.34,,,9.52,8.36,5.21
Q13,local,Q,2026-W33,5,2,true,true,9.21,8.35,0.0827,9.12,8.32,8.76,8.2,7.32,10.38,17,7.23,,,9.62,8.62,5.21
Q13,local,Q,2026-W34,5,2,true,true,9.27,8.22,0.0981,9.4,8.32,8.7,8.34,7.32,10.34,17,6.84,,,9.7,8.74,5.09
Q13,local,Q,2026-W35,5,2,true,true,9.36,8.49,0.0754,9.55,8.65,9.1,8.24,7.55,10,17,7,,,9.13,8.28,4.53
Q13,local,Q,2026-W36,5,2,true,true,8.97,8.06,0.0897,9.18,8.24,8.39,8.42,7.48,9.72,17,6.98,,,9.25,8.3,5.22
Q13,local,Q,2026-W37,4,2,true,true,9.17,8.3,0.074,8.81,7.91,8.63,8.48,7.79,10.33,17,6.86,7.42,,9.18,8.32,5.32
Q13,local,Q,2026-W38,5,2,true,true,9.08,8.25,0.075,8.97,8.27,8.71,8.26,7.38,9.93,17,6.97,7.42,,9.41,8.38,5.17
Q13,local,Q,2026-W39,5,2,true,true,9.13,8.36,0.0713,9.16,8.36,8.67,8.14,7.42,10.15,17,6.92,7.42,,9.75,8.8,4.8
Q13,local,Q,2026-W40,5,2,true,false,8.86,8.09,0.0735,8.65,7.9,8.42,8.35,7.72,9.66,17,7.04,7.42,,9.16,8.26,4.95
Q13,local,Q,2026-W41,5,0,true,false,8.93,8.06,0.0803,8.59,7.92,8.65,7.96,7.22,9.92,17,7.09,7.42,15.8,,,
Q14,local,Q,2026-W17,0,2,false,true,,,,,,,,,,,,,,8.05,7.05,5.57
Q14,local,Q,2026-W18,5,2,false,false,7.7,6.94,0.0831,,,,6.97,6.23,,13,7.86,,,7.85,6.9,5.8
Q14,local,Q,2026-W19,5,2,false,true,7.14,6.58,0.0636,,,,6.38,6.07,,12,8.14,,,7.37,6.3,5.95
Q14,local,Q,2026-W20,5,2,false,true,7.19,6.41,0.0944,6.7,5.97,7.22,6.56,5.86,,15,7.82,,,7.75,6.72,5.75
Q14,local,Q,2026-W21,5,2,false,false,7.31,6.63,0.0843,,,,6.96,6.27,,13,7.84,,,7.94,7.06,5.75
Q14,local,Q,2026-W22,4,2,false,true,7.36,6.53,0.0942,7.31,6.58,7.47,6.55,5.77,,15,7.85,,,7.68,6.75,5.66
Q14,local,Q,2026-W23,5,2,false,true,7.85,7.04,0.0724,,,,,,8.41,4,7.68,,,7.33,6.36,5.1
Q14,local,Q,2026-W24,5,1,false,false,7.42,6.54,0.0949,,,,,,,2,8.36,,,7.35,6.47,5.45
Q14,local,Q,2026-W25,3,2,false,false,8.19,7.19,0.1009,,,,,,,2,8.7,,,7.62,6.86,5.31
Q14,local,Q,2026-W26,5,2,false,false,6.82,6.16,0.0953,,,,,,,1,7.89,,,7.82,6.77,5.43
Q14,local,Q,2026-W27,3,2,true,true,7.49,6.66,0.0918,7.55,6.89,7.38,6.98,6.23,7.83,16,7.6,,,8.36,7.38,5.48
Q14,local,Q,2026-W28,5,2,true,true,7.36,6.61,0.0844,7.48,6.99,7.22,6.75,5.9,7.79,16,7.61,,,7.82,6.86,5.49
Q14,local,Q,2026-W29,5,2,true,true,7.46,6.64,0.0924,7.24,6.62,7.42,6.75,5.96,,16,7.78,,,7.7,6.67,5.6
Q14,local,Q,2026-W30,5,2,true,true,7.59,6.73,0.0932,7.42,6.67,7.52,6.89,6.16,,16,7.65,,,7.71,6.74,5.69
Q14,local,Q,2026-W31,5,2,true,true,7.51,6.69,0.0855,7.6,6.68,7.39,6.65,5.88,,16,7.92,,,7.84,6.79,5.22
Q14,local,Q,2026-W32,5,2,false,true,7.6,6.66,0.1046,7.53,6.87,7.49,6.83,6.06,8.27,17,7.57,,,7.7,6.73,5.59
Q14,local,Q,2026-W33,5,2,true,true,7.64,6.8,0.091,7.67,6.88,7.65,6.91,6.16,7.91,17,7.69,,,7.78,6.87,5.62
Q14,local,Q,2026-W34,5,2,true,true,7.58,6.78,0.0842,7.87,7.18,7.46,6.94,6.17,7.85,17,7.64,,,7.63,6.75,5.57
Q14,local,Q,2026-W35,5,2,true,true,7.51,6.71,0.0934,7.81,7.13,7.34,6.93,6.07,7.75,17,7.45,,,7.64,6.57,5.86
Q14,local,Q,2026-W36,5,2,true,true,7.49,6.53,0.0959,7.94,7.08,7.48,6.51,5.83,7.77,17,7.67,,,7.7,6.6,5.64
Q14,local,Q,2026-W37,4,2,true,true,7.03,6.11,0.1055,7.09,6.3,6.86,6.15,5.27,7.68,17,7.64,7.92,,7.42,6.45,5.89
Q14,local,Q,2026-W38,5,2,true,true,7.2,6.46,0.086,7.07,6.44,7.07,6.6,5.87,7.87,17,7.73,7.92,,7.49,6.63,5.81
Q14,local,Q,2026-W39,5,2,true,true,7.38,6.67,0.0727,7.35,6.69,7.26,6.76,5.99,7.97,17,7.93,7.92,,7.88,6.99,5.75
Q14,local,Q,2026-W40,5,2,true,false,7.2,6.46,0.082,6.79,6.2,7.21,6.46,5.85,7.89,17,7.8,7.92,,7.76,6.74,5.81
Q14,local,Q,2026-W41,5,0,true,false,7.33,6.51,0.0917,7.31,6.62,7.2,6.45,5.64,8.08,17,7.69,7.92,18.4,,,
Q15,local,Q,2026-W17,0,2,false,true,,,,,,,,,,,,,,9.19,8.57,2.24
Q15,local,Q,2026-W18,5,2,false,false,8.68,7.8,0.0912,,,,7.65,6.31,,13,4.24,,,8.76,7.99,2.62
Q15,local,Q,2026-W19,5,2,false,true,8.39,7.81,0.0565,,,,8.3,7.8,,12,3.93,,,9,8.26,2.78
Q15,local,Q,2026-W20,5,2,false,true,8.61,7.89,0.0702,7.46,6.97,8.19,8.18,7.66,,15,4.59,,,9.84,8.75,2.45
Q15,local,Q,2026-W21,5,2,false,false,8.81,8,0.0802,,,,8.2,7.36,,13,4.52,,,9.46,8.32,2.59
Q15,local,Q,2026-W22,4,2,false,true,8.5,7.56,0.097,7.83,6.74,8.3,7.61,6.85,,15,4.53,,,8.82,7.82,2.81
Q15,local,Q,2026-W23,5,2,false,true,8.55,7.41,0.1029,,,,,,9.66,4,3.51,,,8.84,8.21,2.57
Q15,local,Q,2026-W24,5,1,false,false,8.88,8.18,0.0646,,,,,,,2,4.18,,,9.83,9.09,1.1
Q15,local,Q,2026-W25,3,2,false,false,8.45,7.25,0.1097,,,,,,,2,4.76,,,8.24,7.38,2.75
Q15,local,Q,2026-W26,5,2,false,false,8.35,7.36,0.0849,,,,,,,1,4.04,,,9.09,8.61,2.6
Q15,local,Q,2026-W27,3,2,true,true,8.43,7.73,0.0709,8.15,7.29,8.29,8.31,7.6,8.75,16,4.46,,,8.78,7.9,2.64
Q15,local,Q,2026-W28,5,2,true,true,8.46,7.65,0.0855,8.19,7.33,8.04,8.12,7.22,9.34,16,4.48,,,8.88,8.03,2.63
Q15,local,Q,2026-W29,5,2,true,true,8.54,7.63,0.0912,8.56,7.68,7.99,7.92,7.06,,16,4.14,,,9.33,8.54,2.61
Q15,local,Q,2026-W30,5,2,true,true,8.59,7.79,0.0817,8.01,7.06,8.27,7.98,7.06,,16,4.27,,,9.06,8.22,2.54
Q15,local,Q,2026-W31,5,2,true,true,8.65,7.79,0.0804,8.38,7.53,8.18,8.39,7.49,,16,4.38,,,9.18,8.55,2.65
Q15,local,Q,2026-W32,5,2,false,true,8.61,7.76,0.0836,8.27,7.42,8.28,8.19,7.24,9.57,17,4.23,,,9.14,8.2,2.55
Q15,local,Q,2026-W33,5,2,true,true,8.79,7.95,0.0797,8.48,7.78,8.32,8.25,7.43,9.74,17,4.38,,,8.83,7.95,2.41
Q15,local,Q,2026-W34,5,2,true,true,8.71,7.99,0.0731,8.43,7.56,8.5,8.25,7.7,9.39,17,4.34,,,8.86,7.91,2.61
Q15,local,Q,2026-W35,5,2,true,true,8.68,7.86,0.0812,8.27,7.39,8.32,8.43,7.63,9.43,17,4.17,,,8.79,7.92,2.61
Q15,local,Q,2026-W36,5,2,true,true,8.79,7.82,0.0896,8.47,7.53,8.3,8.31,7.55,9.96,17,4.43,,,9.03,8.21,2.55
Q15,local,Q,2026-W37,4,2,true,true,8.46,7.61,0.082,7.97,7.17,7.95,8.26,7.53,9.52,17,4.43,4.34,,8.88,8.17,2.71
Q15,local,Q,2026-W38,5,2,true,true,8.55,7.57,0.1021,7.91,7.05,8.02,8.13,7.13,9.87,17,4.53,4.34,,8.88,8.23,2.56
Q15,local,Q,2026-W39,5,2,true,true,8.6,7.73,0.0796,8.09,7.22,8.12,8.01,7.21,10.05,17,4.52,4.34,,9.31,8.55,2.43
Q15,local,Q,2026-W40,5,2,true,false,8.59,7.09,0.1629,8.08,6.92,8.35,8,6.91,9.71,17,4.19,4.34,,9,8.44,2.36
Q15,local,Q,2026-W41,5,0,true,false,8.69,7.94,0.0724,8.39,7.7,7.94,8.1,7.33,10.2,17,4.29,4.34,18.5,,,
Q16,local,Q,2026-W17,0,2,false,true,,,,,,,,,,,,,,10.24,9.21,2.4
Q16,local,Q,2026-W18,5,2,false,false,10.24,9.26,0.0785,,,,9.46,8.46,,13,3.79,,,10.97,10.14,2.31
Q16,local,Q,2026-W19,5,2,false,true,9.74,8.88,0.0832,,,,10.12,8.64,,12,3.43,,,11.09,9.73,2.46
Q16,local,Q,2026-W20,5,2,false,true,9.77,8.87,0.0796,8.26,7.56,9.67,9.41,8.31,,15,3.9,,,10.2,9.13,2.49
Q16,local,Q,2026-W21,5,2,false,false,10.05,9.22,0.0777,,,,9.76,8.73,,13,3.58,,,11.17,10.2,2.36
Q16,local,Q,2026-W22,4,2,false,true,10.1,9.07,0.0896,9.79,8.83,9.69,10.03,8.98,,15,3.67,,,10.98,9.82,2.24
Q16,local,Q,2026-W23,5,2,false,true,8.93,8.17,0.0766,,,,,,9.83,4,3.46,,,10.33,9.04,2.41
Q16,local,Q,2026-W24,5,1,false,false,9.44,8.58,0.0888,,,,,,,2,3.46,,,8.9,8.27,2.02
Q16,local,Q,2026-W25,3,2,false,false,9.76,8.83,0.0843,,,,,,,2,3.93,,,10.75,9.67,2.6
Q16,local,Q,2026-W26,5,2,false,false,8.73,7.66,0.0473,,,,,,,1,3.19,,,11.04,10.22,2.54
Q16,local,Q,2026-W27,3,2,true,true,10.31,9.43,0.0751,10.2,9.36,9.98,10.03,9.07,10.78,16,3.43,,,11.01,9.88,2.34
Q16,local,Q,2026-W28,5,2,true,true,9.86,8.71,0.1089,9.8,8.55,9.61,10.09,8.92,9.79,16,3.64,,,10.24,9.42,2.6
Q16,local,Q,2026-W29,5,2,true,true,10.3,9.25,0.0904,10.85,9.66,9.76,9.6,8.44,,16,3.31,,,10.48,9.48,2.46
Q16,local,Q,2026-W30,5,2,true,true,10.32,9.21,0.0918,9.74,8.61,10.28,9.52,8.44,,16,3.51,,,10.5,9.27,2.43
Q16,local,Q,2026-W31,5,2,true,true,10.23,9.4,0.0737,9.5,8.87,9.86,9.68,8.88,,16,3.51,,,10.02,9.13,2.29
Q16,local,Q,2026-W32,5,2,false,true,10.5,9.54,0.0863,10.17,9.43,9.82,9.67,8.69,12.12,17,3.17,,,10.68,9.73,2.67
Q16,local,Q,2026-W33,5,2,true,true,10.36,9.38,0.0841,10.18,9.45,10.1,9.87,8.81,10.99,17,3.54,,,10.67,9.85,2.39
Q16,local,Q,2026-W34,5,2,true,true,10.15,9.2,0.0809,10.24,9.48,9.43,9.91,9.09,10.95,17,3.69,,,11.02,10.03,2.47
Q16,local,Q,2026-W35,5,2,true,true,10.2,9.25,0.0816,9.59,8.54,9.54,9.93,8.86,11.24,17,3.34,,,10.57,9.4,2.54
Q16,local,Q,2026-W36,5,2,true,true,11.01,9.68,0.0945,10.44,9.41,10.33,10.29,9.23,12.69,17,3.46,,,10.6,9.26,2.61
Q16,local,Q,2026-W37,4,2,true,true,10.44,9.26,0.0855,9.57,8.66,10.02,9.67,9,11.93,17,3.45,3.33,,9.88,8.86,2.75
Q16,local,Q,2026-W38,5,2,true,true,10.24,9.3,0.0773,9.19,8.42,9.73,9.64,8.89,11.96,17,3.64,3.33,,10.33,9.35,2.68
Q16,local,Q,2026-W39,5,2,true,true,10.56,9.68,0.0696,9.55,8.68,10.39,9.67,8.8,12.15,17,3.56,3.33,,10.99,10.03,2.31
Q16,local,Q,2026-W40,5,2,true,false,10.62,9.64,0.0743,10.47,9.66,10.49,9.8,9,11.42,17,3.52,3.33,,10.46,9.79,2.73
Q16,local,Q,2026-W41,5,0,true,false,10.06,9.04,0.0829,9.73,8.86,10.07,9.62,8.77,10.44,17,3.47,3.33,15.1,,,
Q17,local,Q,2026-W17,0,2,false,true,,,,,,,,,,,,,,9.79,8.64,10.92
Q17,local,Q,2026-W18,5,2,false,false,8.84,8.04,0.0789,,,,8.18,7.4,,13,14.49,,,9.64,8.64,11.8
Q17,local,Q,2026-W19,5,2,false,true,8.87,8.09,0.069,,,,8.52,7.89,,12,14.76,,,9.75,8.49,11.5
Q17,local,Q,2026-W20,5,2,false,true,8.62,7.8,0.0833,7.8,7.03,8.11,8.34,7.48,,15,15.32,,,9.48,8.34,11.92
Q17,local,Q,2026-W21,5,2,false,false,8.67,7.74,0.0897,,,,8.18,7.27,,13,15.01,,,9.81,8.67,11.59
Q17,local,Q,2026-W22,4,2,false,true,8.62,7.61,0.103,8.26,7.26,8,8.49,7.5,,15,14.62,,,9.67,8.7,11.72
Q17,local,Q,2026-W23,5,2,false,true,8.36,7.57,0.0827,,,,,,9.34,4,13.09,,,9.6,8.52,12.68
Q17,local,Q,2026-W24,5,1,false,false,8.93,8.18,0.0672,,,,,,,2,14.01,,,10.16,9.09,9.57
Q17,local,Q,2026-W25,3,2,false,false,9.31,8.54,0.0729,,,,,,,2,14.01,,,9.82,8.96,11.69
Q17,local,Q,2026-W26,5,2,false,false,8.76,7.6,0.1124,,,,,,,1,14.67,,,10.54,9.62,11.52
Q17,local,Q,2026-W27,3,2,true,true,9.19,8.12,0.0944,8.64,7.73,9.06,8.45,7.72,10.02,16,13.44,,,10.07,8.92,11.87
Q17,local,Q,2026-W28,5,2,true,true,9.07,8.13,0.0853,8.76,7.8,8.56,8.55,7.57,10.09,16,13.65,,,9.59,8.47,11.91
Q17,local,Q,2026-W29,5,2,true,true,9.06,8.1,0.0858,8.58,7.76,8.6,8.66,7.85,,16,13.64,,,9.71,8.81,11.88
Q17,local,Q,2026-W30,5,2,true,true,8.95,8.03,0.0848,8.76,7.91,8.35,8.35,7.6,,16,13.97,,,9.38,8.46,11.48
Q17,local,Q,2026-W31,5,2,true,true,8.79,7.89,0.0837,8.32,7.43,8.18,8.54,7.66,,16,14.41,,,9.35,8.3,11.88
Q17,local,Q,2026-W32,5,2,false,true,8.85,7.96,0.0823,8.62,7.77,8.42,8.32,7.51,9.84,17,13.43,,,9.6,8.6,11.3
Q17,local,Q,2026-W33,5,2,true,true,8.88,8,0.0782,8.83,8,8.38,8.39,7.61,9.71,17,13.56,,,9.6,8.63,11.25
Q17,local,Q,2026-W34,5,2,true,true,9.08,8.17,0.0824,9.08,8.27,8.6,8.6,7.78,9.91,17,13.92,,,9.54,8.67,11.82
Q17,local,Q,2026-W35,5,2,true,true,9.11,8.19,0.0819,9.09,8.23,8.58,8.49,7.8,9.94,17,13.49,,,9.59,8.54,12.19
Q17,local,Q,2026-W36,5,2,true,true,8.91,8,0.0777,8.96,8.07,8.46,8.64,7.81,9.43,17,13.72,,,9.64,8.65,11.46
Q17,local,Q,2026-W37,4,2,true,true,8.73,7.84,0.079,8.48,7.52,8.05,8.47,7.68,9.74,17,14.38,15.08,,9.71,8.67,11.87
Q17,local,Q,2026-W38,5,2,true,true,8.48,7.58,0.0869,8.13,7.35,7.89,8.11,7.23,9.55,17,14.13,15.29,,9.35,8.37,11.9
Q17,local,Q,2026-W39,5,2,true,true,8.8,8.01,0.0693,8.37,7.62,8.22,8.19,7.5,10.11,17,14.82,15.21,,9.9,9.03,11.61
Q17,local,Q,2026-W40,5,2,true,false,8.34,7.56,0.0781,7.79,7.06,7.78,8.06,7.34,9.43,17,14.58,15.29,,9.75,8.41,13.16
Q17,local,Q,2026-W41,5,0,true,false,8.71,7.87,0.0779,8.21,7.46,8.23,8.22,7.45,9.86,17,15.3,15.29,17.5,,,
Q18,local,Q,2026-W17,0,2,false,true,,,,,,,,,,,,,,7.63,6.74,3.86
Q18,local,Q,2026-W18,5,2,false,false,7.29,6.39,0.0986,,,,7.13,6.15,,13,6.96,,,7.58,6.4,4.4
Q18,local,Q,2026-W19,5,2,false,true,7.12,6.31,0.0896,,,,6.56,5.94,,12,7.11,,,7.43,6.61,4.4
Q18,local,Q,2026-W20,5,2,false,true,6.98,6.32,0.0772,6.37,5.85,6.88,6.34,5.73,,15,7.09,,,7.42,6.48,4.23
Q18,local,Q,2026-W21,5,2,false,false,7.18,6.39,0.0889,,,,6.44,5.69,,13,7.21,,,7.62,6.7,4.11
Q18,local,Q,2026-W22,4,2,false,true,7.09,6.3,0.097,6.92,6.29,6.98,6.56,5.84,,15,6.73,,,7.69,6.77,4.18
Q18,local,Q,2026-W23,5,2,false,true,6.66,5.92,0.0893,,,,,,7.2,4,6.9,,,7.37,6.49,4.14
Q18,local,Q,2026-W24,5,1,false,false,6.76,6.24,0.0667,,,,,,,2,6.94,,,8.13,7.28,4.15
Q18,local,Q,2026-W25,3,2,false,false,7.22,6.62,0.0679,,,,,,,2,7.07,,,7.58,6.85,4.31
Q18,local,Q,2026-W26,5,2,false,false,6.79,6.25,0.0689,,,,,,,1,7.29,,,7.26,6.52,3.9
Q18,local,Q,2026-W27,3,2,true,true,7.08,6.35,0.0802,7.15,6.51,6.71,6.63,5.86,7.64,16,6.92,,,7.81,6.99,4.14
Q18,local,Q,2026-W28,5,2,true,true,6.99,6.15,0.0985,6.82,6.23,6.76,6.48,5.71,7.56,16,6.73,,,7.86,6.82,3.93
Q18,local,Q,2026-W29,5,2,true,true,7.16,6.4,0.084,7.33,6.49,6.9,6.56,5.86,,16,6.81,,,7.54,6.61,4.38
Q18,local,Q,2026-W30,5,2,true,true,6.82,6.1,0.0884,7.02,6.26,6.52,6.34,5.78,,16,6.94,,,7.46,6.42,4.08
Q18,local,Q,2026-W31,5,2,true,true,6.97,6.26,0.0825,7,6.36,6.76,6.42,5.73,,16,6.67,,,7.23,6.24,4.05
Q18,local,Q,2026-W32,5,2,false,true,7.13,6.31,0.0901,7.06,6.39,6.81,6.38,5.73,7.71,17,6.68,,,7.54,6.55,4.03
Q18,local,Q,2026-W33,5,2,true,true,7.11,6.31,0.0868,7.21,6.49,6.84,6.67,5.96,7.59,17,6.87,,,7.53,6.58,4.29
Q18,local,Q,2026-W34,5,2,true,true,7.03,6.24,0.0929,7.12,6.21,6.81,6.59,5.88,7.37,17,6.93,,,7.5,6.62,3.96
Q18,local,Q,2026-W35,5,2,true,true,7.06,6.3,0.0846,7.38,6.56,6.77,6.64,5.87,7.36,17,6.65,,,7.62,6.73,4.58
Q18,local,Q,2026-W36,5,2,true,true,7.12,6.2,0.0983,7.25,6.3,6.76,6.64,5.96,7.7,17,6.78,,,7.66,6.74,4.51
Q18,local,Q,2026-W37,4,2,true,true,6.65,5.87,0.1006,6.42,5.71,6.29,6.19,5.64,7.34,17,6.82,6.76,,7.52,6.72,4.54
Q18,local,Q,2026-W38,5,2,true,true,6.68,5.86,0.1012,6.51,5.82,6.33,6.44,5.72,7.26,17,6.78,6.76,,7.69,6.79,4.56
Q18,local,Q,2026-W39,5,2,true,true,6.81,6.09,0.0838,6.48,5.83,6.51,6.39,5.79,7.53,17,7.02,6.76,,7.8,7,4.4
Q18,local,Q,2026-W40,5,2,true,false,6.94,6.19,0.0913,6.52,5.84,6.55,6.61,6.01,7.87,17,7.32,6.76,,7.8,7.12,4.26
Q18,local,Q,2026-W41,5,0,true,false,6.6,5.82,0.1017,6.38,5.57,6.41,6.2,5.56,7.02,17,7.34,6.76,17.7,,,
Q19,local,Q,2026-W17,0,2,false,true,,,,,,,,,,,,,,10.39,9.48,1.73
Q19,local,Q,2026-W18,5,2,false,false,9.82,8.97,0.0726,,,,9.55,8.78,,12,3.61,,,9.73,8.25,2.13
Q19,local,Q,2026-W19,5,2,false,true,10.02,9.21,0.0637,,,,10.06,9.24,,11,3.71,,,10.29,9.47,2.21
Q19,local,Q,2026-W20,5,2,false,true,9.55,8.61,0.0871,8.35,7.46,9.6,9.63,8.47,,14,3.66,,,9.82,8.82,2.16
Q19,local,Q,2026-W21,5,2,false,false,9.84,8.59,0.1038,,,,9.39,8.57,,12,3.79,,,10.37,9.7,2.07
Q19,local,Q,2026-W22,4,2,false,true,9.46,8.25,0.1009,9,7.69,8.94,9.69,8.35,,14,3.96,,,9.84,8.96,2
Q19,local,Q,2026-W23,5,2,false,true,7.89,7.09,0.0824,,,,,,8.53,3,3.94,,,9.29,8.31,2.51
Q19,local,Q,2026-W24,3,1,false,false,9.91,7.71,0.076,,,,,,,1,3.69,,,12.5,11.84,1.58
Q19,local,Q,2026-W25,0,2,false,false,,,,,,,,,,,,,,10.62,9.22,2.11
Q19,local,Q,2026-W26,0,2,false,false,,,,,,,,,,,,,,10.11,10.14,1.88
Q19,local,Q,2026-W27,3,2,true,true,9.69,8.79,0.0707,9.69,8.93,9.28,9.72,8.48,10.47,15,3.98,,,10.85,9.98,2.02
Q19,local,Q,2026-W28,5,2,true,true,10.4,9.34,0.0819,10.59,9.51,10.23,9.68,8.57,11.25,15,3.73,,,10.6,9.64,2.24
Q19,local,Q,2026-W29,5,2,true,true,9.54,8.59,0.08,8.81,7.97,9.36,9.69,8.67,,15,3.69,,,10.97,10.27,2.01
Q19,local,Q,2026-W30,5,2,true,true,9.41,8.39,0.0988,8.72,8.03,9.55,10,8.91,9.07,16,3.24,,,10.01,8.99,2.03
Q19,local,Q,2026-W31,5,2,true,true,10.04,8.74,0.0986,9.38,8.57,9.92,9.38,8.32,11.05,16,3.58,,,10.83,9.79,2.16
Q19,local,Q,2026-W32,5,2,false,true,9.51,8.39,0.1054,9.46,8.33,9.36,10.43,9.32,9.06,16,3.61,,,9.92,8.7,2.29
Q19,local,Q,2026-W33,5,2,true,true,10.04,9.16,0.0733,10.08,9.29,9.93,9.76,8.75,10.43,16,3.7,,,9.93,9.21,2.12
Q19,local,Q,2026-W34,5,2,true,true,9.94,9.06,0.0759,9.54,8.77,10.03,9.4,8.34,10.56,16,3.68,,,9.7,8.77,1.97
Q19,local,Q,2026-W35,5,2,true,true,10.05,9.12,0.0798,10.1,9.35,9.86,9.66,8.63,10.51,16,3.57,,,9.58,8.77,2.19
Q19,local,Q,2026-W36,5,2,true,true,9.43,8.53,0.0802,9.65,8.81,9.48,9.22,8.24,9.23,16,3.48,,,9.52,8.52,2.19
Q19,local,Q,2026-W37,4,2,true,true,9.51,8.58,0.0703,9.24,8.27,8.78,10.13,9.1,10.72,16,3.79,3.44,,10,8.97,2.21
Q19,local,Q,2026-W38,5,2,true,true,9.54,8.66,0.0755,8.91,8.08,8.62,9.37,8.33,12.46,16,3.68,3.44,,10.06,9.27,2.29
Q19,local,Q,2026-W39,5,2,true,true,9.14,8.33,0.0716,8.94,7.97,8.95,9.37,8.52,9.57,16,3.85,3.44,,10.46,9.51,2.11
Q19,local,Q,2026-W40,5,2,true,false,8.99,8.14,0.082,8.53,7.78,8.9,9.28,8.34,9.35,16,3.91,3.44,,9.91,9.32,2.15
Q19,local,Q,2026-W41,5,0,true,false,9.25,8.21,0.0907,9.35,8.47,9.1,9.05,7.53,9.39,16,3.84,3.44,20.6,,,
Q2,local,Q,2026-W17,0,2,false,true,,,,,,,,,,,,,,9.64,8.88,3.21
Q2,local,Q,2026-W18,5,2,false,false,9.1,8.19,0.0925,,,,8.47,7.07,,13,4.6,,,9.44,8.63,3.51
Q2,local,Q,2026-W19,5,2,false,true,8.74,7.85,0.091,,,,8.82,7.44,,12,5.28,,,9.57,9.07,3.51
Q2,local,Q,2026-W20,5,2,false,true,8.84,7.95,0.0845,8.68,7.87,8.56,8.23,7.18,,15,5.01,,,10.1,9.28,3.48
Q2,local,Q,2026-W21,5,2,false,false,8.65,7.62,0.0975,,,,8.22,6.82,,13,4.83,,,10.04,9.13,2.94
Q2,local,Q,2026-W22,4,2,false,true,8.9,7.94,0.0859,8.84,8.02,8.67,8.53,7.61,,15,5.22,,,10.1,9.16,3.26
Q2,local,Q,2026-W23,5,2,false,true,8.45,7.8,0.0599,,,,,,9.23,4,5.23,,,9.46,8.64,3.18
Q2,local,Q,2026-W24,5,1,false,false,9.37,8.68,0.0779,,,,,,,2,4.98,,,9.59,8.59,2.84
Q2,local,Q,2026-W25,3,2,false,false,9.53,8.68,0.0666,,,,,,,2,5.1,,,9.76,8.87,3.54
Q2,local,Q,2026-W26,5,2,false,false,8.43,8.09,0.0417,,,,,,,1,4.62,,,9.39,8.31,2.52
Q2,local,Q,2026-W27,3,2,true,true,8.97,8.18,0.0725,8.84,7.77,8.78,8.83,8.2,9.39,16,5.09,,,9.99,8.97,3.4
Q2,local,Q,2026-W28,5,2,true,true,9.06,8.23,0.0689,8.85,7.99,8.78,8.7,7.97,9.84,16,4.83,,,9.82,9.07,3.32
Q2,local,Q,2026-W29,5,2,true,true,9.07,8.24,0.0758,8.59,7.84,9.05,8.71,7.86,,16,4.73,,,9.65,8.86,3.16
Q2,local,Q,2026-W30,5,2,true,true,8.89,8.07,0.0712,8.81,8.02,8.57,8.59,7.91,,16,4.91,,,9.41,8.72,3.51
Q2,local,Q,2026-W31,5,2,true,true,8.98,8.29,0.062,8.64,7.97,8.83,8.57,7.9,,16,5.03,,,9.85,9.09,3.32
Q2,local,Q,2026-W32,5,2,false,true,9.14,8.43,0.0608,8.65,7.88,9.22,8.29,7.65,10.06,17,4.81,,,9.72,8.9,3.35
Q2,local,Q,2026-W33,5,2,true,true,9,8.24,0.0677,8.72,7.75,8.83,8.45,7.78,9.71,17,5.02,,,9.98,9.21,3.29
Q2,local,Q,2026-W34,5,2,true,true,9.14,8.35,0.0701,8.91,8.13,8.84,8.92,8.33,9.76,17,4.95,,,9.72,9.02,3.39
Q2,local,Q,2026-W35,5,2,true,true,9.18,8.41,0.0642,8.95,8.09,8.97,8.82,8.09,9.88,17,4.77,,,9.66,8.84,3.48
Q2,local,Q,2026-W36,5,2,true,true,9.13,8.25,0.0731,8.79,7.83,8.82,8.68,7.91,10.1,17,5.04,,,9.98,9.21,3.17
Q2,local,Q,2026-W37,4,2,true,true,8.81,8.12,0.0611,8.56,7.72,8.66,8.29,7.7,9.57,17,5.18,5.26,,9.81,8.67,3.39
Q2,local,Q,2026-W38,5,2,true,true,8.74,7.9,0.0797,8.25,7.41,8.67,8.27,7.47,9.45,17,5.17,5.29,,9.84,9.07,3.53
Q2,local,Q,2026-W39,5,2,true,true,8.78,8.07,0.0643,8.35,7.54,8.66,8.38,7.82,9.56,17,4.96,5.28,,10.09,9.44,3.38
Q2,local,Q,2026-W40,5,2,true,false,8.87,8.12,0.063,8.32,7.73,8.59,8.69,7.9,9.7,17,5.07,5.29,,9.43,8.58,3.92
Q2,local,Q,2026-W41,5,0,true,false,8.96,8.14,0.0749,8.48,7.77,8.85,8.4,7.69,9.82,17,4.99,5.29,16.1,,,
Q20,local,Q,2026-W17,0,2,false,true,,,,,,,,,,,,,,8.68,7.57,9.49
Q20,local,Q,2026-W18,5,2,false,false,8,6.8,0.1359,,,,7.57,6.45,,13,13.37,,,8.67,7.33,10.11
Q20,local,Q,2026-W19,5,2,false,true,7.75,6.56,0.1452,,,,6.73,5.58,,12,14.4,,,8.78,7.68,10.03
Q20,local,Q,2026-W20,5,2,false,true,7.73,6.54,0.1392,7.33,6.01,7.39,7.37,6.33,,15,13.88,,,8.88,7.78,9.64
Q20,local,Q,2026-W21,5,2,false,false,7.78,6.54,0.1418,,,,7.49,6.2,,13,13.6,,,8.63,7.41,9.88
Q20,local,Q,2026-W22,4,2,false,true,8.01,6.91,0.1198,7.94,6.81,7.51,7.45,6.25,,15,13.39,,,8.72,7.59,10.28
Q20,local,Q,2026-W23,5,2,false,true,8.16,6.85,0.1381,,,,,,9,4,13.44,,,8.7,7.51,9.91
Q20,local,Q,2026-W24,5,1,false,false,8.3,7.13,0.1233,,,,,,,2,12.9,,,8.91,7.86,7.15
Q20,local,Q,2026-W25,3,2,false,false,8.03,7.03,0.1003,,,,,,,2,12.53,,,8.36,7.02,9.4
Q20,local,Q,2026-W26,5,2,false,false,8.82,7.72,0.123,,,,,,,1,12.65,,,8.75,7.71,9.1
Q20,local,Q,2026-W27,3,2,true,true,8.06,6.92,0.1225,7.9,6.71,7.52,7.8,6.63,8.9,16,12.77,,,8.96,7.78,10.39
Q20,local,Q,2026-W28,5,2,true,true,7.98,6.92,0.1094,7.6,6.47,7.58,7.68,6.6,8.78,16,13.09,,,8.91,7.54,10.65
Q20,local,Q,2026-W29,5,2,true,true,7.99,6.85,0.1213,7.76,6.58,7.72,7.29,5.99,,16,12.57,,,8.71,7.72,9.48
Q20,local,Q,2026-W30,5,2,true,true,7.81,6.69,0.1261,7.66,6.52,7.43,7.38,6.25,,16,12.88,,,8.42,7.33,10.13
Q20,local,Q,2026-W31,5,2,true,true,7.97,6.87,0.1175,7.62,6.3,7.66,7.59,6.48,,16,12.18,,,8.69,7.49,9.99
Q20,local,Q,2026-W32,5,2,false,true,8.07,6.92,0.1191,7.74,6.58,7.74,7.64,6.48,8.76,17,13.13,,,8.73,7.64,10.09
Q20,local,Q,2026-W33,5,2,true,true,8.1,6.97,0.1221,8.04,6.91,7.6,7.59,6.24,9.02,17,13.3,,,8.59,7.5,9.93
Q20,local,Q,2026-W34,5,2,true,true,7.98,6.91,0.1133,8.06,6.9,7.6,7.71,6.58,8.38,17,13.55,,,8.63,7.64,9.83
Q20,local,Q,2026-W35,5,2,true,true,8.09,6.95,0.1229,8.06,6.74,7.62,7.77,6.57,8.73,17,13.2,,,8.65,7.42,10.43
Q20,local,Q,2026-W36,5,2,true,true,8.04,6.92,0.1129,7.79,6.53,7.61,7.61,6.52,8.87,17,13.3,,,8.68,7.5,10.59
Q20,local,Q,2026-W37,4,2,true,true,7.82,6.82,0.1059,7.49,6.43,7.35,7.24,6.12,8.93,17,13.96,14.48,,8.54,7.47,10.32
Q20,local,Q,2026-W38,5,2,true,true,7.7,6.65,0.1178,7.29,6.34,7.25,7.13,6.05,8.83,17,14.81,14.78,,8.47,7.4,9.98
Q20,local,Q,2026-W39,5,2,true,true,7.88,6.89,0.1049,7.67,6.66,7.46,7.28,6.24,8.89,17,14.28,14.66,,8.87,7.67,10.42
Q20,local,Q,2026-W40,5,2,true,false,7.66,6.58,0.1219,7.69,6.65,7.25,7.14,6,8.24,17,14.21,14.78,,8.73,7.76,9.68
Q20,local,Q,2026-W41,5,0,true,false,7.76,6.68,0.1189,7.49,6.47,7.34,7.34,6.2,8.65,17,14.4,14.78,17.2,,,
Q22,local,Q,2026-W17,0,2,false,true,,,,,,,,,,,,,,9.19,8.54,7.18
Q22,local,Q,2026-W18,5,2,false,false,8.49,7.86,0.0623,,,,8.16,7.89,,13,9.48,,,9,8.24,6.55
Q22,local,Q,2026-W19,5,2,false,true,8.41,7.76,0.063,,,,8.15,7.45,,12,9.95,,,9.07,8.43,6.57
Q22,local,Q,2026-W20,5,2,false,true,8.45,7.77,0.0667,8.1,7.54,8.31,7.87,7.17,,15,10.03,,,9.11,8.39,7.69
Q22,local,Q,2026-W21,5,2,false,false,8.23,7.69,0.0571,,,,7.6,7.2,,13,9.94,,,9.69,8.94,6.57
Q22,local,Q,2026-W22,4,2,false,true,8.39,7.69,0.0679,8.15,7.61,8.24,7.72,6.94,,15,9.35,,,8.9,8.21,7.29
Q22,local,Q,2026-W23,5,2,false,true,8.68,8.03,0.0667,,,,,,9.44,4,8.9,,,8.86,8.15,6.96
Q22,local,Q,2026-W24,5,1,false,false,8.54,7.85,0.059,,,,,,,2,9.18,,,8.72,8.1,6.65
Q22,local,Q,2026-W25,3,2,false,false,7.99,7.47,0.0579,,,,,,,2,9.9,,,9,8.05,7.28
Q22,local,Q,2026-W26,5,2,false,false,8.26,7.92,0.0433,,,,,,,1,9.38,,,8.94,8.41,7.23
Q22,local,Q,2026-W27,3,2,true,true,8.35,7.73,0.0636,8.87,8.09,8.03,7.83,7.23,8.64,16,9.24,,,9.49,8.6,7.23
Q22,local,Q,2026-W28,5,2,true,true,8.47,7.76,0.0708,8.53,7.83,8.26,7.92,7.37,8.98,16,9.38,,,9.07,8.32,7.01
Q22,local,Q,2026-W29,5,2,true,true,8.38,7.74,0.0609,8.33,7.75,8.23,7.55,6.96,,16,9.21,,,9.33,8.65,7.14
Q22,local,Q,2026-W30,5,2,true,true,8.46,7.78,0.0645,8.49,7.84,8.29,7.71,7.02,,16,8.99,,,9.29,8.44,7.1
Q22,local,Q,2026-W31,5,2,true,true,8.4,7.8,0.0629,8.4,7.9,8.07,7.8,7.08,,16,8.93,,,9.21,8.53,7.18
Q22,local,Q,2026-W32,5,2,false,true,8.42,7.76,0.0665,8.65,8.15,8.11,7.77,7.07,9.2,17,8.69,,,9.18,8.46,7.32
Q22,local,Q,2026-W33,5,2,true,true,8.38,7.72,0.0641,8.59,7.94,8.04,7.79,7.05,8.98,17,9.19,,,9.12,8.39,6.92
Q22,local,Q,2026-W34,5,2,true,true,8.54,7.86,0.062,8.74,8.14,8.31,7.84,7.16,9.11,17,9.29,,,9.41,8.68,7.23
Q22,local,Q,2026-W35,5,2,true,true,8.59,7.9,0.064,8.72,8.03,8.32,7.87,7.3,9.07,17,9.1,,,9.34,8.41,7.04
Q22,local,Q,2026-W36,5,2,true,true,8.53,7.81,0.0648,8.57,7.8,8.18,7.82,7.21,9.25,17,9.08,,,9.14,8.15,7.37
Q22,local,Q,2026-W37,4,2,true,true,8.32,7.68,0.0602,8.1,7.45,7.71,7.86,7.23,9.45,17,9.52,9.15,,9.17,8.5,7.14
Q22,local,Q,2026-W38,5,2,true,true,8.44,7.85,0.0578,8.12,7.54,7.97,7.73,7.11,9.77,17,9.72,9.4,,8.98,8.33,7.41
Q22,local,Q,2026-W39,5,2,true,true,8.39,7.78,0.0593,8.23,7.59,8.05,7.8,7.23,9.34,17,9.45,9.3,,9.89,9.22,7.07
Q22,local,Q,2026-W40,5,2,true,false,8.63,7.93,0.068,8.29,7.71,8.35,7.83,7.19,9.76,17,9.17,9.4,,9.74,9.17,7.32
Q22,local,Q,2026-W41,5,0,true,false,8.32,7.68,0.0645,8.21,7.61,8.12,7.43,6.81,9.3,17,9.77,9.4,20.1,,,
Q23,local,Q,2026-W17,0,2,false,true,,,,,,,,,,,,,,8.11,6.85,7.16
Q23,local,Q,2026-W18,5,2,false,false,7.71,6.58,0.1217,,,,6.61,5.69,,13,11.33,,,8.07,6.82,7.61
Q23,local,Q,2026-W19,5,2,false,true,7.44,6.54,0.1093,,,,6.87,6.06,,12,11.73,,,8.19,6.88,8.19
Q23,local,Q,2026-W20,5,2,false,true,7.47,6.39,0.1185,6.86,5.73,7.35,6.79,5.75,,15,11.53,,,7.79,6.45,7.45
Q23,local,Q,2026-W21,5,2,false,false,7.57,6.4,0.1302,,,,6.8,5.84,,13,11.84,,,8.29,6.74,7.19
Q23,local,Q,2026-W22,4,2,false,true,7.78,6.63,0.1234,7.19,6.35,7.81,6.92,5.68,,15,11.62,,,8.06,6.75,7.9
Q23,local,Q,2026-W23,5,2,false,true,7.73,6.58,0.1239,,,,,,8.53,4,11.23,,,7.37,6.03,8.26
Q23,local,Q,2026-W24,5,1,false,false,7.85,6.72,0.1237,,,,,,,2,11.08,,,8.41,6.88,6
Q23,local,Q,2026-W25,3,2,false,false,8.42,7.2,0.1309,,,,,,,2,10.39,,,7.3,6.09,7.14
Q23,local,Q,2026-W26,5,2,false,false,8.15,6.99,0.1105,,,,,,,1,11.8,,,8.22,6.87,7.11
Q23,local,Q,2026-W27,3,2,true,true,7.54,6.55,0.1058,7.52,6.43,7.29,6.83,5.85,8.25,16,11.39,,,8.55,7.17,7.72
Q23,local,Q,2026-W28,5,2,true,true,7.69,6.57,0.1169,7.66,6.55,7.43,6.8,5.76,8.56,16,11.2,,,8.09,6.61,7.85
Q23,local,Q,2026-W29,5,2,true,true,7.49,6.32,0.1241,7.4,6.32,7.32,6.78,5.63,,16,11.02,,,8.13,6.88,7.27
Q23,local,Q,2026-W30,5,2,true,true,7.64,6.6,0.1092,7.44,6.45,7.48,6.67,5.75,,16,11.04,,,8.01,6.84,7.84
Q23,local,Q,2026-W31,5,2,true,true,7.74,6.65,0.1092,7.75,6.72,7.55,6.83,5.74,,16,11.38,,,8.15,6.77,7.01
Q23,local,Q,2026-W32,5,2,false,true,7.48,6.39,0.1225,7.61,6.52,7.39,7.02,5.91,7.71,17,11.18,,,8.18,6.89,7.82
Q23,local,Q,2026-W33,5,2,true,true,7.88,6.68,0.1236,7.7,6.53,7.53,6.85,5.79,9.12,17,11.35,,,8.11,6.92,7.72
Q23,local,Q,2026-W34,5,2,true,true,7.61,6.54,0.114,7.81,6.77,7.49,6.8,5.74,8.01,17,11.14,,,7.69,6.53,7.4
Q23,local,Q,2026-W35,5,2,true,true,7.59,6.51,0.1076,7.82,6.77,7.61,6.66,5.66,7.82,17,11.23,,,7.78,6.48,7.94
Q23,local,Q,2026-W36,5,2,true,true,7.23,6.02,0.1385,7.43,6.26,7.29,6.12,4.96,7.53,17,11.57,,,7.47,6.14,8.1
Q23,local,Q,2026-W37,4,2,true,true,7.18,6.06,0.1194,7.22,6.14,6.91,6.22,5.23,8,17,11.95,11.2,,7.62,6.46,8.18
Q23,local,Q,2026-W38,5,2,true,true,7.31,6.22,0.1201,7.11,6.12,7.23,6.36,5.34,8.1,17,11.59,11.26,,7.66,6.45,7.67
Q23,local,Q,2026-W39,5,2,true,true,7.46,6.42,0.1067,7.24,6.18,7.21,6.66,5.73,8.39,17,11.61,11.24,,8.47,7.23,7.51
Q23,local,Q,2026-W40,5,2,true,false,7.36,6.23,0.1385,6.94,6.12,7.39,6.63,5.61,7.97,17,11.94,11.26,,7.54,6.18,7.48
Q23,local,Q,2026-W41,5,0,true,false,7.65,6.65,0.1055,7.29,6.32,7.56,6.85,5.86,8.49,17,11.5,11.26,16.5,,,
Q24,local,Q,2026-W17,0,2,false,true,,,,,,,,,,,,,,8.52,7.51,5.48
Q24,local,Q,2026-W18,5,2,false,false,7.52,6.58,0.113,,,,6.91,5.8,,13,9.48,,,8.52,7.6,6.26
Q24,local,Q,2026-W19,5,2,false,true,7.18,6.15,0.1261,,,,6.08,4.76,,12,9.44,,,8.3,7.52,6.61
Q24,local,Q,2026-W20,5,2,false,true,7.63,6.76,0.095,7.21,6.51,7.38,7.1,6.3,,15,10.36,,,7.95,6.94,6.93
Q24,local,Q,2026-W21,5,2,false,false,7.47,6.57,0.0996,,,,6.88,5.91,,13,9.79,,,8.8,7.67,6.05
Q24,local,Q,2026-W22,4,2,false,true,7.68,6.7,0.1136,7.63,6.87,7.44,7.12,6.09,,15,9.63,,,8.45,7.49,6.23
Q24,local,Q,2026-W23,5,2,false,true,7.77,6.79,0.088,,,,,,8.77,4,9.89,,,7.67,6.66,7.11
Q24,local,Q,2026-W24,5,1,false,false,7.55,6.73,0.1032,,,,,,,2,9.26,,,8.66,7.58,5.97
Q24,local,Q,2026-W25,3,2,false,false,7.27,6.29,0.1278,,,,,,,2,10.28,,,7.79,6.83,7.4
Q24,local,Q,2026-W26,5,2,false,false,8.16,7.43,0.0695,,,,,,,1,9.15,,,8.55,7.48,6.19
Q24,local,Q,2026-W27,3,2,true,true,7.81,6.81,0.1046,7.75,6.86,7.37,7.13,6.25,8.82,16,9.49,,,8.95,7.99,6.08
Q24,local,Q,2026-W28,5,2,true,true,7.86,6.89,0.1078,7.74,6.76,7.49,7.02,6.07,8.94,16,10.05,,,8.28,7.28,5.32
Q24,local,Q,2026-W29,5,2,true,true,7.66,6.77,0.0994,7.42,6.48,7.31,6.99,6.14,,16,9.85,,,8.46,7.65,6.32
Q24,local,Q,2026-W30,5,2,true,true,7.61,6.75,0.0932,7.57,6.74,7.27,6.99,6.14,,16,9.89,,,8.27,7.4,6.55
Q24,local,Q,2026-W31,5,2,true,true,7.58,6.73,0.0989,7.36,6.37,7.29,6.95,6.16,,16,9.95,,,8.57,7.66,6.5
Q24,local,Q,2026-W32,5,2,false,true,7.62,6.72,0.1028,7.44,6.6,7.41,7.04,6.11,8.34,17,10.06,,,8.09,7.15,6.18
Q24,local,Q,2026-W33,5,2,true,true,7.81,6.92,0.0994,7.63,6.72,7.37,7.2,6.29,8.89,17,10.18,,,8.28,7.39,6.6
Q24,local,Q,2026-W34,5,2,true,true,7.82,6.83,0.1053,7.6,6.81,7.63,7.12,6.19,8.62,17,10.07,,,8.54,7.66,5.86
Q24,local,Q,2026-W35,5,2,true,true,7.93,7.05,0.0941,7.86,7.06,7.57,7.33,6.38,8.8,17,9.6,,,8.36,7.42,6.09
Q24,local,Q,2026-W36,5,2,true,true,7.74,6.73,0.1073,7.56,6.69,7.34,6.98,6.02,8.89,17,10.02,,,8.32,7.42,6.58
Q24,local,Q,2026-W37,4,2,true,true,7.47,6.55,0.1027,6.86,5.82,7.15,6.62,5.79,8.74,17,10.08,11.26,,8.16,7.25,6.35
Q24,local,Q,2026-W38,5,2,true,true,7.34,6.44,0.1115,6.84,6.02,7.12,6.55,5.74,8.43,17,10.31,11.26,,8.51,7.63,6.36
Q24,local,Q,2026-W39,5,2,true,true,7.58,6.75,0.0901,7.19,6.42,7.37,6.57,5.82,8.63,17,9.99,11.26,,9.08,8.24,6.18
Q24,local,Q,2026-W40,5,2,true,false,7.54,6.66,0.0983,6.78,5.86,7.33,6.84,6.03,8.84,17,10.04,11.26,,8.18,7.23,6.65
Q24,local,Q,2026-W41,5,0,true,false,7.42,6.52,0.1019,6.78,6.08,7.12,6.6,5.71,8.69,17,10.09,11.26,12.1,,,
Q25,local,Q,2026-W17,0,2,false,true,,,,,,,,,,,,,,8.03,6.97,8.44
Q25,local,Q,2026-W18,5,2,false,false,7.7,6.92,0.0916,,,,7.39,6.61,,13,20.33,,,7.79,6.71,9.56
Q25,local,Q,2026-W19,5,2,false,true,7.62,6.78,0.0972,,,,7.49,6.72,,12,20.63,,,7.91,6.63,9.89
Q25,local,Q,2026-W20,5,2,false,true,7.55,6.67,0.0978,6.92,6.1,7.44,7.41,6.64,,15,21.27,,,8.29,7.03,10.1
Q25,local,Q,2026-W21,5,2,false,false,7.52,6.64,0.1037,,,,7.21,6.25,,13,21.23,,,8.15,6.91,9.22
Q25,local,Q,2026-W22,4,2,false,true,7.64,6.65,0.1131,7.43,6.37,7.49,7.35,6.5,,15,20.88,,,8,6.87,9.61
Q25,local,Q,2026-W23,5,2,false,true,8.01,6.97,0.1088,,,,,,8.44,4,20.13,,,8.13,6.92,9.63
Q25,local,Q,2026-W24,5,1,false,false,8.04,6.74,0.1366,,,,,,,2,21.53,,,7.94,6.89,7.42
Q25,local,Q,2026-W25,3,2,false,false,7.98,7.01,0.094,,,,,,,2,21,,,7.62,6.42,10.61
Q25,local,Q,2026-W26,5,2,false,false,8.25,7.34,0.0752,,,,,,,1,20.85,,,8.21,7.08,8.48
Q25,local,Q,2026-W27,3,2,true,true,7.9,6.89,0.1085,7.85,6.87,7.7,7.53,6.74,8.22,16,21.14,,,8.17,6.93,9.76
Q25,local,Q,2026-W28,5,2,true,true,7.76,6.74,0.1106,7.9,6.99,7.45,7.35,6.53,8.1,16,21.99,,,8.14,7.01,9.93
Q25,local,Q,2026-W29,5,2,true,true,7.9,6.99,0.0945,7.98,7.13,7.63,7.5,6.52,,16,21.62,,,8.2,7.02,10.03
Q25,local,Q,2026-W30,5,2,true,true,7.79,6.92,0.0913,7.92,7.06,7.53,7.31,6.58,,16,21.68,,,7.97,6.92,9.79
Q25,local,Q,2026-W31,5,2,true,true,7.76,6.9,0.0918,7.69,6.88,7.49,7.39,6.53,,16,22.01,,,7.98,6.99,9.8
Q25,local,Q,2026-W32,5,2,false,true,7.8,6.87,0.0984,7.81,7.01,7.47,7.24,6.45,8.22,17,21.34,,,8.05,6.95,9.73
Q25,local,Q,2026-W33,5,2,true,true,7.86,6.9,0.1032,7.93,7.1,7.68,7.43,6.52,8.12,17,21.48,,,8.02,6.91,9.33
Q25,local,Q,2026-W34,5,2,true,true,7.83,6.93,0.098,8.08,7.29,7.68,7.55,6.65,7.74,17,21.43,,,7.96,6.96,9.72
Q25,local,Q,2026-W35,5,2,true,true,7.87,6.98,0.0943,8.15,7.28,7.61,7.55,6.8,8,17,21.39,,,7.92,6.9,9.45
Q25,local,Q,2026-W36,5,2,true,true,7.81,6.89,0.0945,8,7.07,7.4,7.39,6.56,8.29,17,20.76,,,7.97,6.81,9.71
Q25,local,Q,2026-W37,4,2,true,true,7.62,6.76,0.0896,7.34,6.56,7.38,7.2,6.41,8.16,17,21.14,21.39,,8.02,6.94,9.99
Q25,local,Q,2026-W38,5,2,true,true,7.49,6.63,0.0961,7.1,6.36,7.23,7.29,6.48,7.97,17,20.74,21.39,,7.84,6.76,9.37
Q25,local,Q,2026-W39,5,2,true,true,7.57,6.77,0.0852,7.4,6.67,7.33,7.33,6.62,7.93,17,21.4,21.39,,8.29,7.08,9.54
Q25,local,Q,2026-W40,5,2,true,false,7.54,6.71,0.0908,6.97,6.23,7.29,7.05,6.39,8.45,17,21.96,21.39,,8.06,7,9.82
Q25,local,Q,2026-W41,5,0,true,false,7.59,6.72,0.0948,7.41,6.73,7.38,7,6.18,8.19,17,21.58,21.39,24,,,
Q26,local,Q,2026-W17,0,2,false,true,,,,,,,,,,,,,,9.34,7.95,5.71
Q26,local,Q,2026-W18,5,2,false,false,9.32,8.32,0.0971,,,,9.21,8.58,,13,9.9,,,9.33,8.29,6.31
Q26,local,Q,2026-W19,5,2,false,true,9.1,8.07,0.1035,,,,8.67,7.37,,12,10.04,,,9.18,8.02,6.39
Q26,local,Q,2026-W20,5,2,false,true,8.99,8.03,0.096,8.92,7.5,8.53,8.6,7.97,,15,10.07,,,9.32,8.18,6.18
Q26,local,Q,2026-W21,5,2,false,false,9.01,8.01,0.0956,,,,8.87,8.05,,13,10.14,,,9.49,7.93,5.85
Q26,local,Q,2026-W22,4,2,false,true,8.93,7.87,0.0996,8.92,7.93,8.72,8.67,7.8,,15,10.09,,,9.44,8.02,6.05
Q26,local,Q,2026-W23,5,2,false,true,8.77,7.89,0.0913,,,,,,9.33,4,9.77,,,9.11,8.1,6.22
Q26,local,Q,2026-W24,5,1,false,false,9.22,8.22,0.1107,,,,,,,2,9.72,,,9.74,8.75,5.47
Q26,local,Q,2026-W25,3,2,false,false,9.18,8.15,0.0947,,,,,,,2,9.81,,,9.55,8.28,6.01
Q26,local,Q,2026-W26,5,2,false,false,9.45,8.14,0.0983,,,,,,,1,10.13,,,8.82,7.14,5.83
Q26,local,Q,2026-W27,3,2,true,true,8.91,7.9,0.1021,9.18,8.31,8.75,8.74,7.84,8.86,16,9.88,,,9.41,8.18,5.87
Q26,local,Q,2026-W28,5,2,true,true,8.8,7.78,0.1041,8.68,7.65,8.81,8.74,7.87,8.72,16,9.77,,,9.56,8.33,6.52
Q26,local,Q,2026-W29,5,2,true,true,8.93,7.95,0.0948,8.52,7.78,8.55,8.78,7.87,,16,10.17,,,9.31,8.18,6.51
Q26,local,Q,2026-W30,5,2,true,true,8.94,7.96,0.0931,8.81,7.81,8.59,8.66,7.87,,16,9.65,,,8.92,7.87,6.24
Q26,local,Q,2026-W31,5,2,true,true,9.01,8.07,0.0898,8.98,8,8.84,8.75,8.02,,16,9.83,,,8.91,7.84,6.67
Q26,local,Q,2026-W32,5,2,false,true,8.86,7.92,0.0956,8.79,8.04,8.58,8.49,7.6,9.47,17,9.59,,,9.1,7.86,6.3
Q26,local,Q,2026-W33,5,2,true,true,8.93,7.94,0.1016,8.81,7.87,8.46,8.8,7.88,9.5,17,9.87,,,9.24,8.11,6.11
Q26,local,Q,2026-W34,5,2,true,true,8.98,7.92,0.1076,9.02,7.94,8.69,8.88,7.97,9.23,17,10.04,,,9.23,8.08,6.44
Q26,local,Q,2026-W35,5,2,true,true,9.12,8.09,0.0996,9.08,8.2,8.63,8.98,7.91,9.7,17,9.92,,,9.14,7.91,6.31
Q26,local,Q,2026-W36,5,2,true,true,9.12,8.08,0.0873,9.16,8.11,8.69,8.71,7.94,9.76,17,9.79,,,9.23,7.92,6.18
Q26,local,Q,2026-W37,4,2,true,true,9.07,8.13,0.0852,8.97,8,8.69,8.64,7.91,9.89,17,9.97,10.31,,9.29,7.92,6.05
Q26,local,Q,2026-W38,5,2,true,true,8.89,7.85,0.1002,8.65,7.81,8.54,8.63,7.8,9.67,17,9.83,10.31,,9.37,8.18,5.77
Q26,local,Q,2026-W39,5,2,true,true,8.97,8.02,0.0885,8.95,7.94,8.64,8.42,7.67,9.71,17,9.91,10.31,,9.77,8.43,5.96
Q26,local,Q,2026-W40,5,2,true,false,8.68,7.8,0.0871,8.64,7.69,8.37,8.44,7.73,9.1,17,10.32,10.31,,9.13,7.95,6.4
Q26,local,Q,2026-W41,5,0,true,false,8.77,7.83,0.0961,8.64,7.73,8.31,8.59,7.92,9.34,17,9.91,10.31,20.1,,,
Q27,local,Q,2026-W17,0,2,false,true,,,,,,,,,,,,,,10.74,9.92,10.67
Q27,local,Q,2026-W18,5,2,false,false,10.05,9.32,0.0637,,,,9.61,8.94,,13,20.03,,,10.6,9.78,11.16
Q27,local,Q,2026-W19,5,2,false,true,10.04,9.36,0.0537,,,,10,9.48,,12,20.84,,,10.45,9.53,10.77
Q27,local,Q,2026-W20,5,2,false,true,9.82,9.01,0.0693,9.04,8.18,9.65,9.26,8.46,,15,19.99,,,10.66,9.68,11.46
Q27,local,Q,2026-W21,5,2,false,false,9.94,9.09,0.0695,,,,9.46,8.71,,13,21.84,,,10.97,9.97,11.13
Q27,local,Q,2026-W22,4,2,false,true,10.09,9.26,0.0682,9.29,8.5,9.89,9.58,8.87,,15,19.85,,,10.86,9.81,10.3
Q27,local,Q,2026-W23,5,2,false,true,10.19,9.47,0.0583,,,,,,11.03,4,19.25,,,10.66,9.78,11.89
Q27,local,Q,2026-W24,5,1,false,false,10.37,9.46,0.0703,,,,,,,2,18.78,,,11.11,9.81,10.14
Q27,local,Q,2026-W25,3,2,false,false,10.31,9.46,0.0761,,,,,,,2,20.01,,,10.52,9.64,10.49
Q27,local,Q,2026-W26,5,2,false,false,9.73,9.2,0.0494,,,,,,,1,19.8,,,10.67,9.65,10.34
Q27,local,Q,2026-W27,3,2,true,true,10.41,9.55,0.0681,10.25,9.56,10.19,9.81,9.11,11.09,16,19.12,,,10.88,9.98,10.42
Q27,local,Q,2026-W28,5,2,true,true,10.09,9.27,0.0675,9.74,8.81,9.89,9.86,9.12,10.61,16,19.36,,,10.69,9.65,11.6
Q27,local,Q,2026-W29,5,2,true,true,10.17,9.31,0.0671,9.57,8.79,10.04,9.77,9.05,,16,19.12,,,10.43,9.53,11.3
Q27,local,Q,2026-W30,5,2,true,true,10.31,9.48,0.0641,9.84,8.89,10.21,9.85,9.07,,16,19.75,,,10.31,9.37,11.69
Q27,local,Q,2026-W31,5,2,true,true,10.29,9.54,0.058,9.86,9.14,10.16,9.63,8.89,,16,20.16,,,10.42,9.52,11.06
Q27,local,Q,2026-W32,5,2,false,true,10.38,9.58,0.0631,10.15,9.38,9.93,9.89,9.05,11.14,17,19.88,,,10.51,9.61,11.42
Q27,local,Q,2026-W33,5,2,true,true,10.2,9.41,0.063,10.02,9.15,9.91,9.83,9.08,10.95,17,19.74,,,10.66,9.81,11.39
Q27,local,Q,2026-W34,5,2,true,true,10.25,9.45,0.0647,10.09,9.36,10.1,9.89,9.12,10.6,17,19.77,,,10.53,9.58,11.14
Q27,local,Q,2026-W35,5,2,true,true,10.34,9.53,0.063,9.93,9.19,10.13,9.74,8.96,11.29,17,19.53,,,10.75,9.77,11.16
Q27,local,Q,2026-W36,5,2,true,true,10.36,9.5,0.0639,10.13,9.23,9.97,9.88,9.07,11.29,17,19.6,,,10.69,9.73,10.68
Q27,local,Q,2026-W37,4,2,true,true,9.96,9.25,0.0558,9.68,8.94,9.67,9.38,8.74,10.81,17,19.99,20.27,,10.95,9.92,11.04
Q27,local,Q,2026-W38,5,2,true,true,10,9.24,0.0631,9.34,8.56,9.77,9.37,8.64,11.11,17,20.72,20.58,,10.71,9.75,11.2
Q27,local,Q,2026-W39,5,2,true,true,10.01,9.31,0.0523,9.47,8.74,9.8,9.53,8.95,10.81,17,20.29,20.46,,11.07,10.18,10.93
Q27,local,Q,2026-W40,5,2,true,false,9.88,9.16,0.0559,9.28,8.66,9.68,9.3,8.68,10.83,17,20.91,20.58,,10.32,9.81,11.15
Q27,local,Q,2026-W41,5,0,true,false,9.92,9.15,0.0639,9.49,8.81,9.71,8.92,8.16,10.94,17,20.57,20.58,19.6,,,
Q28,local,Q,2026-W17,0,2,false,true,,,,,,,,,,,,,,10.4,9.11,4.37
Q28,local,Q,2026-W18,5,2,false,false,9.53,8.58,0.091,,,,8.78,7.85,,13,7.43,,,10.04,8.8,4.9
Q28,local,Q,2026-W19,5,2,false,true,9.84,8.75,0.0923,,,,9.91,8.13,,12,7.26,,,9.99,8.33,4.79
Q28,local,Q,2026-W20,5,2,false,true,9.28,8.24,0.0927,9.06,8.01,8.8,8.85,7.71,,15,7.58,,,10.21,8.69,5.08
Q28,local,Q,2026-W21,5,2,false,false,9.46,8.39,0.0954,,,,9.02,8,,13,7.76,,,10.53,9.13,5.04
Q28,local,Q,2026-W22,4,2,false,true,9.58,8.56,0.0923,9.28,8.55,8.89,9.15,8.03,,15,7.55,,,10.22,8.98,4.7
Q28,local,Q,2026-W23,5,2,false,true,9.54,8.48,0.0823,,,,,,10.57,4,7.41,,,10.19,8.48,4.92
Q28,local,Q,2026-W24,5,1,false,false,9.64,8.17,0.1158,,,,,,,2,7.19,,,10.41,9.17,4.09
Q28,local,Q,2026-W25,3,2,false,false,9.01,8.31,0.0857,,,,,,,2,7.53,,,10.25,8.31,5.13
Q28,local,Q,2026-W26,5,2,false,false,8.86,8,0.0958,,,,,,,1,7.34,,,10.39,8.57,4.85
Q28,local,Q,2026-W27,3,2,true,true,9.72,8.63,0.0978,9.74,8.76,9.33,9.22,8.01,10.32,16,6.74,,,10.48,9,4.26
Q28,local,Q,2026-W28,5,2,true,true,9.61,8.66,0.0841,9.31,8.48,9.01,9.13,7.95,10.72,16,7.08,,,10.37,9.13,4.8
Q28,local,Q,2026-W29,5,2,true,true,9.78,8.78,0.083,9.15,8.1,9.13,9.32,8.2,,16,6.74,,,10.45,9.15,4.82
Q28,local,Q,2026-W30,5,2,true,true,9.67,8.78,0.0743,9.56,8.55,9.2,8.75,8.17,,16,6.57,,,9.92,8.63,4.86
Q28,local,Q,2026-W31,5,2,true,true,9.58,8.58,0.0915,9.29,8.37,9.25,9.02,8.08,,16,6.72,,,10.21,9,4.89
Q28,local,Q,2026-W32,5,2,false,true,9.67,8.72,0.0867,9.65,8.86,8.73,8.97,8.09,11.1,17,6.67,,,10.02,8.75,4.66
Q28,local,Q,2026-W33,5,2,true,true,9.7,8.87,0.0746,9.81,8.93,9.21,9.22,8.39,10.33,17,6.73,,,10.36,8.94,4.46
Q28,local,Q,2026-W34,5,2,true,true,9.91,9.03,0.0737,9.86,8.89,9.37,9.33,8.35,10.8,17,6.76,,,10.25,9.05,4.59
Q28,local,Q,2026-W35,5,2,true,true,9.99,9.01,0.0819,9.93,8.94,9.34,9.38,8.29,11.21,17,6.53,,,10.14,8.9,4.72
Q28,local,Q,2026-W36,5,2,true,true,9.78,8.68,0.0935,9.86,8.79,9.08,9.35,8.12,10.73,17,6.65,,,10.49,9.14,4.51
Q28,local,Q,2026-W37,4,2,true,true,9.33,8.36,0.0847,9.16,8.3,8.76,8.74,7.84,10.32,17,7.44,6.79,,10.34,9.02,4.25
Q28,local,Q,2026-W38,5,2,true,true,9.58,8.51,0.0875,8.77,7.95,9.05,9.14,8.15,10.92,17,7.76,7.08,,10.03,8.94,4.43
Q28,local,Q,2026-W39,5,2,true,true,9.47,8.51,0.0826,8.91,8.03,8.96,8.84,7.87,10.77,17,7.54,6.96,,10.57,9.27,4.66
Q28,local,Q,2026-W40,5,2,true,false,9.42,8.38,0.094,8.9,8.17,8.99,8.8,7.7,10.5,17,7.79,7.08,,10.02,8.88,4.91
Q28,local,Q,2026-W41,5,0,true,false,9.55,8.55,0.0869,9.04,8.24,9.17,8.77,7.95,10.7,17,8.03,7.08,18.4,,,
Q29,local,Q,2026-W17,0,2,false,true,,,,,,,,,,,,,,8.42,7.45,2.94
Q29,local,Q,2026-W18,5,2,false,false,7.38,6.6,0.0966,,,,6.45,5.56,,13,3.97,,,8.14,7.2,3.17
Q29,local,Q,2026-W19,5,2,false,true,7.76,7.02,0.0774,,,,6.83,6.14,,12,4.03,,,7.72,6.72,2.99
Q29,local,Q,2026-W20,5,2,false,true,7.68,6.85,0.0955,8.16,7.71,7.35,7.14,6.45,,15,4.15,,,8.7,7.56,2.71
Q29,local,Q,2026-W21,5,2,false,false,7.37,6.33,0.1265,,,,6.56,5.73,,13,4.39,,,8.48,7.47,3.01
Q29,local,Q,2026-W22,4,2,false,true,7.52,6.58,0.118,7.99,6.77,7.37,6.43,5.58,,15,4.4,,,8.16,6.98,3.01
Q29,local,Q,2026-W23,5,2,false,true,7.8,7.17,0.0851,,,,,,8.42,4,3.93,,,7.85,6.79,2.84
Q29,local,Q,2026-W24,5,1,false,false,8.61,7.85,0.0803,,,,,,,2,4.41,,,8.65,7.36,3.01
Q29,local,Q,2026-W25,3,2,false,false,10.69,10.07,0.0136,,,,,,,2,3.46,,,6.94,5.81,2.88
Q29,local,Q,2026-W26,5,2,false,false,8.55,7.97,0.0855,,,,,,,1,4.04,,,8.95,7.74,2.39
Q29,local,Q,2026-W27,3,2,true,true,7.83,6.89,0.1048,8.68,7.69,7.81,7.09,6.24,7.52,16,3.91,,,8.33,7.24,2.54
Q29,local,Q,2026-W28,5,2,true,true,8.08,7.13,0.0986,8.37,7.73,8.05,7.38,6.44,8.19,16,4.15,,,8.21,7.3,2.94
Q29,local,Q,2026-W29,5,2,true,true,7.83,6.92,0.0954,7.82,7.12,7.52,7.15,6.38,,16,4.26,,,8.17,7.43,2.83
Q29,local,Q,2026-W30,5,2,true,true,7.76,6.87,0.1017,8.28,7.71,7.27,6.99,6.24,,16,4.22,,,8.55,7.53,3.04
Q29,local,Q,2026-W31,5,2,true,true,7.98,7.13,0.0864,8.32,7.67,7.87,7.04,6.38,,16,3.96,,,8.39,7.55,2.8
Q29,local,Q,2026-W32,5,2,false,true,7.83,6.91,0.0999,8,7.24,7.55,6.86,6.04,8.25,17,4.18,,,8.19,6.81,3.01
Q29,local,Q,2026-W33,5,2,true,true,7.93,7.05,0.0952,8.37,7.69,7.91,6.95,6.15,8.1,17,4.18,,,8.49,7.56,3.1
Q29,local,Q,2026-W34,5,2,true,true,7.88,7.04,0.0891,8.17,7.46,7.67,7.04,6.24,8.46,17,4.03,,,8.36,7.42,3.07
Q29,local,Q,2026-W35,5,2,true,true,7.85,6.99,0.0918,8.18,7.23,7.78,6.99,6.2,8.17,17,4.02,,,8.22,7.41,3.09
Q29,local,Q,2026-W36,5,2,true,true,7.61,6.49,0.1202,7.81,7.01,7.19,6.72,5.95,8.46,17,3.99,,,8.47,7.54,3.29
Q29,local,Q,2026-W37,4,2,true,true,7.35,6.42,0.1027,7.39,6.37,7.17,6.12,5.38,8.26,17,3.86,4.09,,7.99,7.15,2.83
Q29,local,Q,2026-W38,5,2,true,true,7.47,6.56,0.1084,7.29,6.53,7.28,6.37,5.45,8.54,17,4.07,4.09,,8.29,7.29,3.29
Q29,local,Q,2026-W39,5,2,true,true,7.68,6.76,0.0967,7.52,6.77,7.74,6.96,6.2,8.04,17,4.25,4.09,,8.6,7.72,3.14
Q29,local,Q,2026-W40,5,2,true,false,7.68,6.77,0.1057,7.42,6.62,7.4,6.79,5.98,8.81,17,4.21,4.09,,8.07,7.28,3.14
Q29,local,Q,2026-W41,5,0,true,false,7.57,6.75,0.0959,7.19,6.62,7.44,6.66,5.9,8.46,17,4.31,4.09,16.2,,,
Q3,local,Q,2026-W17,0,2,false,true,,,,,,,,,,,,,,11.66,10.45,7.71
Q3,local,Q,2026-W18,5,2,false,false,10.46,9.71,0.0609,,,,9.87,9.1,,13,11.71,,,11.16,10.33,7.74
Q3,local,Q,2026-W19,5,2,false,true,10.42,9.46,0.0751,,,,9.53,8.67,,12,12.11,,,11.75,10.58,7.59
Q3,local,Q,2026-W20,5,2,false,true,10.45,9.56,0.0755,10.12,9.25,10.38,9.96,9,,15,12.3,,,11.99,10.97,7.75
Q3,local,Q,2026-W21,5,2,false,false,10.71,9.8,0.0677,,,,9.94,8.79,,13,11.61,,,11.8,10.66,7.27
Q3,local,Q,2026-W22,4,2,false,true,10.65,9.69,0.0727,10.11,9.4,10.66,10.21,9.13,,15,11.52,,,11.29,10.3,7.32
Q3,local,Q,2026-W23,5,2,false,true,10.52,9.29,0.1006,,,,,,11.28,4,12.05,,,11.29,10.34,7.36
Q3,local,Q,2026-W24,5,1,false,false,10.39,9.44,0.0927,,,,,,,2,12.39,,,11.21,9.86,7.39
Q3,local,Q,2026-W25,3,2,false,false,10.05,9.28,0.0628,,,,,,,2,11.33,,,11.69,10.41,7.64
Q3,local,Q,2026-W26,5,2,false,false,10.2,8.94,0.0897,,,,,,,1,11.05,,,11.75,10.84,7.42
Q3,local,Q,2026-W27,3,2,true,true,10.87,9.99,0.0681,10.5,9.66,11.06,10.17,9.31,11.31,16,11.26,,,11.73,10.81,7.54
Q3,local,Q,2026-W28,5,2,true,true,10.84,9.9,0.0729,10.63,9.54,10.44,10.58,9.61,11.74,16,11.39,,,11.68,10.78,8.12
Q3,local,Q,2026-W29,5,2,true,true,10.87,9.88,0.0751,10.3,9.45,10.81,10.36,9.38,,16,11.9,,,11.33,10.41,7.6
Q3,local,Q,2026-W30,5,2,true,true,10.89,9.93,0.0703,10.9,9.94,10.9,10.25,9.3,,16,11.19,,,11.48,10.54,7.55
Q3,local,Q,2026-W31,5,2,true,true,10.61,9.74,0.0651,10.58,9.69,10.32,10.32,9.36,,16,11.47,,,11.33,10.4,7.81
Q3,local,Q,2026-W32,5,2,false,true,10.79,9.89,0.0682,10.53,9.59,10.54,10.18,9.29,11.76,17,11.34,,,11.33,10.38,7.76
Q3,local,Q,2026-W33,5,2,true,true,10.59,9.68,0.0692,10.38,9.41,10.57,10.35,9.38,10.85,17,11.14,,,11.48,10.56,7.66
Q3,local,Q,2026-W34,5,2,true,true,10.69,9.75,0.0665,10.16,9.15,10.6,10.27,9.44,11.3,17,11.48,,,11.42,10.51,7.98
Q3,local,Q,2026-W35,5,2,true,true,10.66,9.66,0.0748,10.56,9.61,10.57,10.24,9.44,11.1,17,11.17,,,11.33,10.24,7.94
Q3,local,Q,2026-W36,5,2,true,true,10.81,9.8,0.0688,10.61,9.35,10.7,10.3,9.33,11.42,17,11.61,,,11.56,10.42,7.58
Q3,local,Q,2026-W37,4,2,true,true,10.48,9.65,0.0595,9.96,8.98,10.09,10.16,9.36,11.52,17,11.62,12.92,,11.49,10.56,8.03
Q3,local,Q,2026-W38,5,2,true,true,10.45,9.61,0.0649,9.96,9.19,10.3,9.8,9.01,11.52,17,11.42,12.99,,11.28,10.38,7.46
Q3,local,Q,2026-W39,5,2,true,true,10.54,9.64,0.0625,10.08,8.92,10.32,9.79,8.98,11.67,17,11.92,12.96,,11.87,10.86,8.08
Q3,local,Q,2026-W40,5,2,true,false,10.59,9.57,0.0799,9.68,8.68,10.43,10.5,9.51,11.44,17,11.55,12.99,,11.31,10.18,8.91
Q3,local,Q,2026-W41,5,0,true,false,10.61,9.73,0.0674,9.67,8.81,10.84,10.02,9.16,11.42,17,12.21,12.99,13.7,,,
Q30,local,Q,2026-W17,0,2,false,true,,,,,,,,,,,,,,11.88,10.62,3.9
Q30,local,Q,2026-W18,5,2,false,false,10.45,9.2,0.1005,,,,9.44,8.27,,13,5.92,,,11.45,10.51,4.07
Q30,local,Q,2026-W19,5,2,false,true,10.47,9.56,0.0805,,,,9.68,8.9,,12,5.94,,,11.89,10.64,4.02
Q30,local,Q,2026-W20,5,2,false,true,10.33,9.32,0.0899,9.02,8.44,10.64,9.51,8.65,,15,6.51,,,11.38,10.15,4.43
Q30,local,Q,2026-W21,5,2,false,false,10.36,9.16,0.0982,,,,9.53,8.21,,13,6.47,,,12.35,10.15,4.31
Q30,local,Q,2026-W22,4,2,false,true,10.76,9.53,0.0956,10.5,9.05,10.43,10.06,9.1,,15,5.84,,,11.89,10.71,3.91
Q30,local,Q,2026-W23,5,2,false,true,10.89,8.97,0.1479,,,,,,12.03,4,5.94,,,11.78,10.5,4.17
Q30,local,Q,2026-W24,5,1,false,false,10.2,8.84,0.1014,,,,,,,2,6.09,,,11.3,10.11,3.53
Q30,local,Q,2026-W25,3,2,false,false,9.17,8.06,0.0944,,,,,,,2,6.35,,,12.19,11.02,3.66
Q30,local,Q,2026-W26,5,2,false,false,8.67,6.6,0.1858,,,,,,,1,5.7,,,10.89,8.48,3.94
Q30,local,Q,2026-W27,3,2,true,true,10.84,9.51,0.0969,10.76,9.06,10.01,9.83,8.74,12.66,16,5.95,,,12.39,11.28,3.9
Q30,local,Q,2026-W28,5,2,true,true,10.92,9.63,0.1023,10.47,9.21,10.5,10.03,8.86,12.28,16,5.88,,,11.98,10.86,4.13
Q30,local,Q,2026-W29,5,2,true,true,10.91,9.81,0.0811,10.73,9.66,10.33,10.23,9.08,,16,6.02,,,11.77,10.71,3.92
Q30,local,Q,2026-W30,5,2,true,true,10.54,9.43,0.0885,10.25,9.25,9.89,10.16,9.22,,16,6.09,,,11.5,10.37,4.07
Q30,local,Q,2026-W31,5,2,true,true,10.77,9.68,0.081,10.65,9.65,10.23,10.23,9.29,,16,6.06,,,11.95,10.71,4.06
Q30,local,Q,2026-W32,5,2,false,true,10.44,9.3,0.0994,10.8,9.87,10.16,9.18,7.97,11.33,17,5.97,,,11.87,10.43,3.83
Q30,local,Q,2026-W33,5,2,true,true,10.53,9.53,0.0808,10.53,9.57,10.02,10.09,8.75,11.35,17,6.08,,,11.66,10.41,3.93
Q30,local,Q,2026-W34,5,2,true,true,10.86,9.83,0.0803,10.61,9.57,10.09,10.19,9.25,12.47,17,6.01,,,11.94,10.92,3.95
Q30,local,Q,2026-W35,5,2,true,true,10.86,9.68,0.0907,10.38,9.46,10.69,9.95,8.82,11.88,17,5.74,,,11.55,10.38,4.17
Q30,local,Q,2026-W36,5,2,true,true,10.88,9.72,0.082,11.08,9.94,10.24,9.73,8.64,12.18,17,5.9,,,11.9,10.54,4.1
Q30,local,Q,2026-W37,4,2,true,true,10.48,9.35,0.0826,10.15,8.9,9.83,9.47,8.34,12.19,17,6.43,6.49,,11.48,10.29,4.34
Q30,local,Q,2026-W38,5,2,true,true,10.21,9.16,0.0852,9.74,8.72,10,9.19,8.32,11.3,17,6.56,6.55,,11.31,10.28,4.16
Q30,local,Q,2026-W39,5,2,true,true,10.42,9.3,0.087,9.99,9.01,10.1,9.45,8.34,11.69,17,6.51,6.53,,11.93,10.9,4.12
Q30,local,Q,2026-W40,5,2,true,false,10.25,9.27,0.0837,9.8,8.76,10.03,9.77,8.88,11.04,17,6.36,6.55,,11.37,10.3,4.41
Q30,local,Q,2026-W41,5,0,true,false,10.15,9.01,0.0944,9.85,8.79,9.85,9.01,7.92,11.38,17,6.59,6.55,12.8,,,
Q31,local,Q,2026-W17,0,2,false,true,,,,,,,,,,,,,,9.56,8.92,1.91
Q31,local,Q,2026-W18,5,2,false,false,9.34,8.49,0.0775,,,,7.86,7.11,,13,6.86,,,9.59,8.89,2.23
Q31,local,Q,2026-W19,5,2,false,true,8.69,7.89,0.0801,,,,7.68,6.69,,12,7.5,,,9.61,8.34,2
Q31,local,Q,2026-W20,5,2,false,true,9.14,8.31,0.0792,9.34,8.32,8.8,8.25,7.62,,15,7.55,,,9.34,8.31,2.33
Q31,local,Q,2026-W21,5,2,false,false,8.66,7.87,0.0909,,,,7.74,6.86,,13,7.61,,,9.83,8.7,2.06
Q31,local,Q,2026-W22,4,2,false,true,9.1,8.11,0.1045,9.02,7.91,8.92,8.36,7.44,,15,7.11,,,9.07,7.96,2.5
Q31,local,Q,2026-W23,5,2,false,true,9.81,8.61,0.1057,,,,,,10.68,4,6.55,,,8.98,8.19,1.99
Q31,local,Q,2026-W24,5,1,false,false,10.25,9.1,0.0838,,,,,,,2,6.91,,,10.42,8.28,1.69
Q31,local,Q,2026-W25,3,0,false,false,8.63,7.91,0.0782,,,,,,,2,7.58,,,,,
Q31,local,Q,2026-W26,5,0,false,false,9.52,8.55,0.1006,,,,,,,1,7.5,,,,,
Q31,local,Q,2026-W27,3,2,true,true,9.42,8.39,0.0925,9.82,8.76,8.95,8.84,7.84,10,16,6.25,,,10.3,9.4,2
Q31,local,Q,2026-W28,5,2,true,true,9.43,8.51,0.0837,9.09,8.06,9.19,8.99,8.19,10.12,16,6.23,,,10.23,9.2,2.29
Q31,local,Q,2026-W29,5,2,true,true,9.25,8.21,0.094,9.32,8.16,8.88,8.63,7.47,,16,6.34,,,9.48,8.65,1.97
Q31,local,Q,2026-W30,5,2,true,true,9.1,8.15,0.0875,9.18,8.36,8.87,8.38,7.44,,16,6.62,,,9.6,8.59,2.17
Q31,local,Q,2026-W31,5,2,true,true,9.39,8.48,0.0828,9.74,8.78,8.98,8.57,7.65,,16,6.9,,,10.13,9.08,2.03
Q31,local,Q,2026-W32,5,2,false,true,9.37,8.48,0.0802,9.25,8.57,9.12,8.36,7.53,10.5,17,6.52,,,9.78,8.66,2.1
Q31,local,Q,2026-W33,5,2,true,true,9.39,8.44,0.0881,9.78,8.78,8.93,8.56,7.64,10.1,17,6.77,,,9.31,8.48,2.04
Q31,local,Q,2026-W34,5,2,true,true,9.45,8.48,0.0869,9.88,9.02,9.03,8.74,7.8,9.94,17,6.63,,,9.44,8.57,2.25
Q31,local,Q,2026-W35,5,2,true,true,9.68,8.78,0.0793,9.9,9.05,9.36,8.75,8.01,10.44,17,6.69,,,10.07,9.15,2.27
Q31,local,Q,2026-W36,5,2,true,true,9.28,8.29,0.0881,9.64,8.61,9.08,8.59,7.66,9.55,17,6.73,,,9.85,8.87,2.28
Q31,local,Q,2026-W37,4,2,true,true,9,7.97,0.0932,8.88,7.84,8.69,8.12,7.18,9.95,17,7.55,7.21,,9.47,8.54,1.96
Q31,local,Q,2026-W38,5,2,true,true,9.01,8.09,0.0878,8.5,7.57,8.61,8.11,7.24,10.38,17,8.18,7.67,,9.78,8.97,2.35
Q31,local,Q,2026-W39,5,2,true,true,9.07,8.2,0.0763,8.68,7.74,8.69,8.26,7.39,10.24,17,7.92,7.49,,10.29,9.37,2.23
Q31,local,Q,2026-W40,5,2,true,false,8.98,8.17,0.0797,8.48,7.59,8.69,8.06,7.34,10.32,17,8.22,7.67,,9,7.4,2.2
Q31,local,Q,2026-W41,5,0,true,false,8.91,7.94,0.0942,8.33,7.49,8.81,7.92,6.98,10.02,17,7.77,7.67,15.6,,,
Q32,local,Q,2026-W17,0,2,false,true,,,,,,,,,,,,,,8.13,6.85,8.76
Q32,local,Q,2026-W18,5,2,false,false,6.99,6.05,0.1252,,,,6.28,5.25,,13,12.04,,,7.99,6.56,9.93
Q32,local,Q,2026-W19,5,2,false,true,6.75,5.91,0.1076,,,,5.62,5.07,,12,12.38,,,7.62,6.53,10.87
Q32,local,Q,2026-W20,5,2,false,true,6.61,5.67,0.131,5.98,5.04,6.13,5.93,5.1,,15,12.62,,,7.77,6.42,9.15
Q32,local,Q,2026-W21,5,2,false,false,7.09,6.14,0.122,,,,6.44,5.35,,13,12.3,,,7.58,6.43,10.98
Q32,local,Q,2026-W22,4,2,false,true,6.97,5.91,0.1318,6.73,5.6,6.26,6.15,5.18,,15,12.31,,,8.28,6.87,8.59
Q32,local,Q,2026-W23,5,2,false,true,6.95,5.83,0.1446,,,,,,8.1,4,12.46,,,7.73,6.53,9.43
Q32,local,Q,2026-W24,5,1,false,false,7.18,5.78,0.1638,,,,,,,2,12.64,,,9.18,8.01,7.1
Q32,local,Q,2026-W25,3,2,false,false,7.39,6.12,0.1385,,,,,,,2,11.87,,,8.42,7.45,9.79
Q32,local,Q,2026-W26,5,2,false,false,6.03,5,0.1605,,,,,,,1,12.66,,,10.1,8.51,8.28
Q32,local,Q,2026-W27,3,2,true,true,7.02,5.83,0.153,6.97,6,6.32,6.25,5.02,8.19,16,12,,,8.65,6.73,8.54
Q32,local,Q,2026-W28,5,2,true,true,7.1,6.01,0.1319,6.9,6.02,6.92,6.23,5.23,7.66,16,11.46,,,8.23,6.93,9.57
Q32,local,Q,2026-W29,5,2,true,true,6.9,5.86,0.1317,6.39,5.55,6.2,6.34,5.06,,16,12.09,,,8.85,7.13,9.6
Q32,local,Q,2026-W30,5,2,true,true,7.03,6.05,0.1177,7.06,6.11,6.5,6.26,5.39,,16,11.41,,,8.21,7.11,9.11
Q32,local,Q,2026-W31,5,2,true,true,7.26,6.27,0.1143,7.2,6.24,6.92,6.17,5.22,,16,11.6,,,7.75,6.43,9.25
Q32,local,Q,2026-W32,5,2,false,true,7.05,6.03,0.1305,7.21,6.24,6.55,6.22,5.28,7.63,17,11.52,,,7.86,6.56,10
Q32,local,Q,2026-W33,5,2,true,true,7.25,6.17,0.1285,6.95,6.04,6.61,6.56,5.47,8.26,17,11.7,,,8.02,6.87,9.38
Q32,local,Q,2026-W34,5,2,true,true,7.34,6.31,0.1254,7.24,6.17,6.8,6.46,5.54,8.46,17,12.02,,,7.96,6.92,9.01
Q32,local,Q,2026-W35,5,2,true,true,7.52,6.42,0.127,7.53,6.38,6.8,6.81,5.8,8.7,17,11.57,,,8.26,6.98,9.34
Q32,local,Q,2026-W36,5,2,true,true,7.25,6.19,0.1209,7.06,6.1,6.9,6.39,5.46,8.01,17,11.6,,,8.02,6.84,9.56
Q32,local,Q,2026-W37,4,2,true,true,6.85,5.93,0.1161,6.75,5.9,6.18,5.91,5.02,8.05,17,12.49,12.6,,7.96,6.89,9.9
Q32,local,Q,2026-W38,5,2,true,true,6.85,5.94,0.1179,6.82,6.01,6.07,6.04,5.2,8.14,17,12.09,12.6,,7.94,6.81,10.01
Q32,local,Q,2026-W39,5,2,true,true,6.68,5.49,0.1604,6.28,5.08,6.14,5.38,4.15,8.26,17,12.9,12.6,,8.5,7.34,9.21
Q32,local,Q,2026-W40,5,2,true,false,6.91,5.93,0.1251,6.73,5.86,6.16,6.08,5.28,8.36,17,12.69,12.6,,7.45,5.97,11.09
Q32,local,Q,2026-W41,5,0,true,false,7.09,6.11,0.1229,6.78,5.96,6.41,6.35,5.47,8.47,17,12.04,12.6,13.3,,,
Q33,local,Q,2026-W17,0,2,false,true,,,,,,,,,,,,,,6.56,5.71,3.11
Q33,local,Q,2026-W18,5,2,false,false,6.52,5.57,0.1263,,,,5.81,4.88,,13,4.95,,,6.57,5.4,3.22
Q33,local,Q,2026-W19,5,2,false,true,6.59,5.32,0.1632,,,,5.66,5.07,,12,5.21,,,6.66,5.45,3.12
Q33,local,Q,2026-W20,5,2,false,true,6.4,5.09,0.1858,6.55,5.22,6.22,6.13,5.07,,15,5.05,,,6.63,5.33,3.51
Q33,local,Q,2026-W21,5,2,false,false,6.41,4.77,0.2308,,,,6.21,4.91,,13,5.27,,,6.9,5.5,3.27
Q33,local,Q,2026-W22,4,2,false,true,6.84,5.34,0.2001,7.16,5.67,6.84,6.18,4.68,,15,5.26,,,6.64,5.23,3.45
Q33,local,Q,2026-W23,5,2,false,true,6.93,4.99,0.2501,,,,,,7.11,4,5.05,,,6.32,4.93,3.12
Q33,local,Q,2026-W24,5,1,false,false,6.71,5.37,0.172,,,,,,,2,5.27,,,6.14,4.68,2.45
Q33,local,Q,2026-W25,3,2,false,false,6.59,5.14,0.1848,,,,,,,2,5.44,,,6.92,5.27,3.3
Q33,local,Q,2026-W26,5,2,false,false,6.26,5.41,0.1133,,,,,,,1,4.94,,,6.86,6.15,3.43
Q33,local,Q,2026-W27,3,2,true,true,6.72,5.35,0.1886,7.42,5.85,6.71,6,4.52,6.51,16,5.46,,,7.3,5.96,3.31
Q33,local,Q,2026-W28,5,2,true,true,6.66,5.29,0.1814,7.04,5.57,6.61,5.92,4.81,6.75,16,5.2,,,6.83,5.29,3.62
Q33,local,Q,2026-W29,5,2,true,true,6.65,5.26,0.1825,7.12,5.68,6.58,6.14,4.82,,16,5.03,,,6.83,5.56,3.25
Q33,local,Q,2026-W30,5,2,true,true,6.69,5.26,0.1917,6.9,5.68,6.64,5.94,4.66,,16,4.9,,,6.82,5.76,3.17
Q33,local,Q,2026-W31,5,2,true,true,6.61,5.38,0.1669,7.22,6.27,6.27,6.01,4.78,,16,5.12,,,6.66,4.95,3.2
Q33,local,Q,2026-W32,5,2,false,true,6.62,5.15,0.2035,6.88,5.72,6.56,6.06,4.9,6.73,17,5.27,,,6.89,5.38,3.27
Q33,local,Q,2026-W33,5,2,true,true,6.76,5.35,0.1821,7.28,5.96,6.53,6.23,5.16,6.95,17,5.21,,,6.72,5.16,3.06
Q33,local,Q,2026-W34,5,2,true,true,6.74,5.29,0.1937,6.95,5.61,6.47,6.32,5,7.04,17,5.27,,,6.96,5.48,3.46
Q33,local,Q,2026-W35,5,2,true,true,6.78,5.31,0.197,7.13,5.8,6.78,6.35,4.88,6.64,17,5.2,,,6.79,5.44,3.12
Q33,local,Q,2026-W36,5,2,true,true,6.7,5.29,0.1799,6.99,5.64,6.44,6.2,4.77,7.16,17,5.01,,,7.09,5.73,3.43
Q33,local,Q,2026-W37,4,2,true,true,6.6,5.16,0.1884,6.98,5.61,6.62,5.51,4.29,6.87,17,5.52,5.15,,6.67,5.44,3.32
Q33,local,Q,2026-W38,5,2,true,true,6.75,5.37,0.1798,6.88,5.67,6.55,6,4.87,7.21,17,5.38,5.15,,6.85,5.75,3.3
Q33,local,Q,2026-W39,5,2,true,true,6.76,5.33,0.1889,7.15,5.63,6.56,6.17,4.95,7.04,17,5.47,5.15,,7.14,6.01,3.27
Q33,local,Q,2026-W40,5,2,true,false,6.65,5.28,0.1816,6.6,5.48,6.41,6.36,5.2,6.99,17,5.48,5.15,,6.78,5.5,3.61
Q33,local,Q,2026-W41,5,0,true,false,6.79,5.31,0.1911,6.9,5.24,6.65,6.05,5.03,7.15,17,5.42,5.15,13.1,,,
Q35,local,Q,2026-W17,0,2,false,true,,,,,,,,,,,,,,16.17,14.64,5.24
Q35,local,Q,2026-W18,5,2,false,false,15.58,13.99,0.0907,,,,14.92,13,,13,5.45,,,16.21,15.14,5.06
Q35,local,Q,2026-W19,5,2,false,true,15.91,14.74,0.0696,,,,14.49,13.43,,12,4.85,,,16.68,15.29,5.04
Q35,local,Q,2026-W20,5,2,false,true,15.75,14.56,0.0657,11.39,10.66,16.45,15.43,14.08,,15,5.41,,,16.44,15,5.44
Q35,local,Q,2026-W21,5,2,false,false,15.81,14.39,0.0801,,,,13.94,12.01,,13,5.03,,,16.36,15.15,4.8
Q35,local,Q,2026-W22,4,2,false,true,15.45,13.98,0.0912,13.82,12.74,15.64,14.97,13.42,,15,5.52,,,16.47,15.04,5.19
Q35,local,Q,2026-W23,5,2,false,true,16.2,14.84,0.0576,,,,,,17.18,4,5.26,,,16.21,14.81,5.48
Q35,local,Q,2026-W24,5,1,false,false,13.48,12.2,0.0744,,,,,,,2,4.76,,,16.33,15.09,5.46
Q35,local,Q,2026-W25,3,2,false,false,16.7,15.46,0.0665,,,,,,,2,5.16,,,15.93,14.92,5.85
Q35,local,Q,2026-W26,5,2,false,false,13.37,12.24,0.0958,,,,,,,1,4.73,,,14.83,13.3,6.27
Q35,local,Q,2026-W27,3,2,true,true,15.12,13.83,0.0702,15.2,14.14,14.89,14.28,13.23,15.76,16,5.61,,,16.89,15.53,8.35
Q35,local,Q,2026-W28,5,2,true,true,15.47,14.15,0.0725,14.82,13.76,15.48,14.71,13.55,16.24,16,5.53,,,16.29,14.87,8.39
Q35,local,Q,2026-W29,5,2,true,true,15.2,14.07,0.0703,14.62,13.97,14.91,14.24,13.06,,16,5.53,,,16.31,15,7.51
Q35,local,Q,2026-W30,5,2,true,true,15.62,14.41,0.0671,15.38,14.01,15.26,14.66,13.3,,16,5.2,,,15.57,14.4,7.7
Q35,local,Q,2026-W31,5,2,true,true,15.36,13.98,0.0751,15.48,14.32,15.2,14.65,13.47,,16,5.45,,,17.44,16.26,7.76
Q35,local,Q,2026-W32,5,2,false,true,15.5,14.23,0.0773,15.71,14.55,15.12,14.62,13.28,16.89,17,5.28,,,15.7,14.52,8.02
Q35,local,Q,2026-W33,5,2,true,true,15.59,14.18,0.0754,16.38,15.19,15.33,14.11,12.73,16.19,17,5.39,,,16.77,15.35,7.93
Q35,local,Q,2026-W34,5,2,true,true,15.54,14.33,0.0665,16.22,15.28,15.14,14.23,12.98,15.89,17,5.43,,,16.92,15.71,7.72
Q35,local,Q,2026-W35,5,2,true,true,15.75,14.48,0.0672,16.01,14.72,15.36,14.16,12.99,16.32,17,5.46,,,16.79,15.21,7.64
Q35,local,Q,2026-W36,5,2,true,true,15.39,14.11,0.0634,15.85,14.54,15.16,14.35,13.33,15.93,17,5.25,,,16.51,14.95,6.59
Q35,local,Q,2026-W37,4,2,true,true,15.21,13.97,0.0643,14.7,13.42,15.36,14.21,13.01,15.82,17,5.35,5.1,,16.91,15.22,5.47
Q35,local,Q,2026-W38,5,2,true,true,15.93,14.59,0.0731,14.96,13.73,15.8,15.32,14.11,16.94,17,5.21,5.11,,16.74,15.42,5.38
Q35,local,Q,2026-W39,5,2,true,true,15.75,14.42,0.0703,14.62,13.44,16.13,14.37,13.33,16.95,17,5.24,5.1,,17.53,16.03,5.31
Q35,local,Q,2026-W40,5,2,true,false,15.71,14.73,0.0538,15.71,14.63,15.36,14.82,13.71,16.81,17,5.19,5.11,,17.27,15.88,4.51
Q35,local,Q,2026-W41,5,0,true,false,15.16,13.78,0.0788,15.33,14.1,14.37,14.71,13.23,16.83,17,5.33,5.11,14.3,,,
Q36,local,Q,2026-W17,0,2,false,true,,,,,,,,,,,,,,11.59,10.37,3
Q36,local,Q,2026-W18,5,2,false,false,11.05,10.04,0.0786,,,,10.19,9.45,,12,4.19,,,11.71,10.52,3.3
Q36,local,Q,2026-W19,5,2,false,true,11.19,9.91,0.0934,,,,10.22,9.26,,11,4.46,,,10.97,9.38,3.2
Q36,local,Q,2026-W20,5,2,false,true,11.19,10.09,0.078,11.97,10.47,10.69,9.56,8.5,,14,4.43,,,11.04,9.3,3.46
Q36,local,Q,2026-W21,5,2,false,false,10.99,9.94,0.0879,,,,10.26,9.14,,12,4.13,,,11.78,10.14,3.24
Q36,local,Q,2026-W22,4,2,false,true,11.53,10.35,0.0825,11.37,10.15,11.14,10.36,9.06,,14,4.19,,,11.67,10.27,3.33
Q36,local,Q,2026-W23,5,2,false,true,12.12,11.11,0.0732,,,,,,,3,3.9,,,11.41,9.67,3.29
Q36,local,Q,2026-W24,3,1,false,false,9.99,7.63,0.1791,,,,,,,1,3.89,,,12.35,10.89,3.06
Q36,local,Q,2026-W25,1,2,false,false,13.32,4.09,0.616,,,,,,,1,3.87,,,11.35,9.59,2.98
Q36,local,Q,2026-W26,0,2,false,false,,,,,,,,,,,,,,11.21,10.22,3.19
Q36,local,Q,2026-W27,3,2,true,true,11.45,10.22,0.0881,11.22,10.11,10.9,10.66,9.54,12.87,16,4.49,,,11.91,10.24,3.15
Q36,local,Q,2026-W28,5,2,true,true,11.32,10.25,0.0798,11.1,10.17,10.95,10.89,9.77,12.2,16,4.62,,,11.97,10.6,3.3
Q36,local,Q,2026-W29,5,2,true,true,11,10.03,0.0789,10.3,9.32,10.69,10.23,9.13,,16,4.12,,,12.16,10.57,3.06
Q36,local,Q,2026-W30,5,2,true,true,11.18,10.17,0.0755,10.6,9.68,10.64,10.48,9.32,,16,4.06,,,12.03,10.73,3.11
Q36,local,Q,2026-W31,5,2,true,true,11.19,10.11,0.081,11,10.01,10.74,10.26,9.17,,16,4.15,,,12.12,10.69,3.09
Q36,local,Q,2026-W32,5,2,false,true,11.6,10.43,0.0864,11.39,10.41,11.21,10.64,9.51,,16,4.08,,,11.47,10.09,3.2
Q36,local,Q,2026-W33,5,2,true,true,11.38,10.33,0.0752,11.3,10.08,10.87,10.57,9.35,,16,4.32,,,11.69,10.25,2.99
Q36,local,Q,2026-W34,5,2,true,true,11.52,10.4,0.0832,11.47,10.44,10.96,10.89,9.62,,16,4.32,,,11.49,10.1,3.12
Q36,local,Q,2026-W35,5,2,true,true,11.26,10.21,0.0794,11.58,10.43,11.1,10.62,9.48,11.6,17,4.29,,,12.17,10.5,3.3
Q36,local,Q,2026-W36,5,2,true,true,11.61,10.2,0.1035,11.03,9.8,10.74,10.68,9.44,13.81,17,4.15,,,11.8,10.5,3.27
Q36,local,Q,2026-W37,4,2,true,true,10.9,9.86,0.0751,10.58,9.5,10.61,10.25,9.14,11.77,17,4.27,4.52,,11.89,10.69,3.41
Q36,local,Q,2026-W38,5,2,true,true,11.01,9.93,0.0873,10.4,9.52,10.33,10.45,9.48,12.69,17,4.28,4.52,,11.66,10.29,3.16
Q36,local,Q,2026-W39,5,2,true,true,11.13,10.09,0.0781,10.44,9.33,10.59,10.49,9.47,12.68,17,4.27,4.52,,11.79,10.23,3.25
Q36,local,Q,2026-W40,5,2,true,false,11.22,10.34,0.0689,11.13,10.42,10.67,10.61,9.6,12.37,17,4.36,4.52,,11.49,10.01,3.6
Q36,local,Q,2026-W41,5,0,true,false,11.21,10.1,0.0809,10.69,9.77,10.68,10.64,9.69,12.17,17,4.11,4.52,9.6,,,
Q37,local,Q,2026-W17,0,2,false,true,,,,,,,,,,,,,,9.51,8.34,3.39
Q37,local,Q,2026-W18,5,2,false,false,8.99,7.98,0.0913,,,,8.65,7.71,,13,6.06,,,8.84,7.9,3.37
Q37,local,Q,2026-W19,5,2,false,true,8.47,7.55,0.0908,,,,7.54,6.76,,12,6.38,,,9.06,7.99,3.44
Q37,local,Q,2026-W20,5,2,false,true,8.44,7.38,0.1092,7.58,6.56,8.24,7.83,6.93,,15,6.67,,,9.14,8.02,3.5
Q37,local,Q,2026-W21,5,2,false,false,8.45,7.24,0.1325,,,,7.84,6.52,,13,6.19,,,10.02,8.67,3.06
Q37,local,Q,2026-W22,4,2,false,true,8.89,7.8,0.1011,8.8,7.63,8.64,8.09,6.99,,15,6.07,,,9.28,8.23,3.35
Q37,local,Q,2026-W23,5,2,false,true,9.24,8.31,0.0646,,,,,,10.2,4,6.01,,,9.92,8.61,3.53
Q37,local,Q,2026-W24,5,1,false,false,8.77,7.87,0.0971,,,,,,,2,6.11,,,9.93,8.81,3.14
Q37,local,Q,2026-W25,3,2,false,false,9.07,8.3,0.0824,,,,,,,2,5.9,,,9.1,8.25,3.11
Q37,local,Q,2026-W26,5,2,false,false,9.08,7.97,0.0672,,,,,,,1,6.13,,,9.03,8.34,3.02
Q37,local,Q,2026-W27,3,2,true,true,9.18,8.06,0.0945,9.03,7.79,8.86,8.78,7.54,9.9,16,6.15,,,9.73,8.56,3.22
Q37,local,Q,2026-W28,5,2,true,true,8.83,7.78,0.1006,8.69,7.81,8.78,7.99,7.01,9.43,16,6.21,,,9.77,8.52,2.89
Q37,local,Q,2026-W29,5,2,true,true,9.01,7.97,0.0912,8.93,7.91,8.73,8.24,7.12,,16,6.4,,,9.78,8.62,3.02
Q37,local,Q,2026-W30,5,2,true,true,8.89,7.84,0.1008,8.82,7.79,8.64,7.88,6.87,,16,6.31,,,9.19,8.1,3.37
Q37,local,Q,2026-W31,5,2,true,true,9.03,8,0.0873,8.9,7.84,8.82,8.19,7.23,,16,6.53,,,9.26,8.05,3.26
Q37,local,Q,2026-W32,5,2,false,true,8.86,7.81,0.0975,9.06,7.83,8.36,8.12,7,9.79,17,6.23,,,9.25,8.18,3.38
Q37,local,Q,2026-W33,5,2,true,true,8.91,7.72,0.1042,9.18,8.05,8.58,8.01,7,9.64,17,6.31,,,9.45,8.27,3.03
Q37,local,Q,2026-W34,5,2,true,true,9.02,8.02,0.0925,8.95,7.91,8.68,8.43,7.36,9.84,17,6.01,,,9.36,8.22,3.14
Q37,local,Q,2026-W35,5,2,true,true,9.11,8.07,0.0937,8.89,7.69,9.06,8.31,7.27,9.65,17,6.26,,,9.39,8.18,3.32
Q37,local,Q,2026-W36,5,2,true,true,9.02,8.01,0.0853,8.94,7.8,8.76,8.34,7.29,9.82,17,6.3,,,9.16,8.11,3.18
Q37,local,Q,2026-W37,4,2,true,true,8.62,7.62,0.0892,7.91,6.8,8.35,7.9,6.95,9.9,17,6.76,6.26,,9.28,7.92,3.19
Q37,local,Q,2026-W38,5,2,true,true,8.4,7.43,0.093,7.91,6.97,8.02,7.74,6.83,9.62,17,6.86,6.29,,9.31,8.25,3.17
Q37,local,Q,2026-W39,5,2,true,true,8.5,7.57,0.084,8.05,7.13,8.12,7.84,6.82,9.72,17,6.73,6.28,,9.87,8.82,2.99
Q37,local,Q,2026-W40,5,2,true,false,8.37,7.42,0.0941,7.54,6.57,8.14,7.84,6.9,9.66,17,6.95,6.29,,9.05,7.41,3.13
Q37,local,Q,2026-W41,5,0,true,false,8.5,7.5,0.1017,7.85,6.86,8.31,7.74,6.66,9.64,17,6.9,6.29,15.6,,,
Q38,local,Q,2026-W17,0,2,false,true,,,,,,,,,,,,,,8.86,7.79,2.07
Q38,local,Q,2026-W18,5,2,false,false,8.61,7.84,0.0763,,,,8.62,8.08,,13,3.77,,,8.98,7.99,1.98
Q38,local,Q,2026-W19,5,2,false,true,8.57,7.83,0.0642,,,,7.86,6.94,,12,3.62,,,9.1,8.37,2.2
Q38,local,Q,2026-W20,5,2,false,true,8.12,7.2,0.0963,8.17,6.98,7.77,6.8,5.99,,15,3.62,,,9.28,8.36,1.84
Q38,local,Q,2026-W21,5,2,false,false,8.17,7.33,0.0851,,,,7.54,6.59,,13,3.6,,,9.13,8.46,2.06
Q38,local,Q,2026-W22,4,2,false,true,8.54,7.61,0.0896,8.11,7.27,8.37,7.5,6.44,,15,3.65,,,9.07,8.16,2.18
Q38,local,Q,2026-W23,5,2,false,true,8.46,7.56,0.0971,,,,,,9.44,4,3.74,,,8.74,7.89,2.28
Q38,local,Q,2026-W24,5,1,false,false,8.51,6.26,0.1872,,,,,,,2,3.44,,,8.63,7.82,1.72
Q38,local,Q,2026-W25,3,2,false,false,8.54,6.14,0.2196,,,,,,,2,3.31,,,8.54,8.26,2.04
Q38,local,Q,2026-W26,5,2,false,false,7.42,6.5,0.1258,,,,,,,1,3.8,,,9.6,9.2,1.88
Q38,local,Q,2026-W27,3,2,true,true,8.76,7.97,0.0676,8.74,7.69,8.34,7.88,7.17,9.82,16,3.31,,,9.33,8.34,1.94
Q38,local,Q,2026-W28,5,2,true,true,8.14,7.33,0.0887,8.76,7.85,7.62,7.35,6.55,8.81,16,3.7,,,9.04,7.79,2.11
Q38,local,Q,2026-W29,5,2,true,true,8.43,7.52,0.0852,8.2,7.26,8.08,7.8,6.91,,16,3.61,,,9.1,8.46,1.97
Q38,local,Q,2026-W30,5,2,true,true,8.46,7.56,0.0828,8.43,7.44,7.96,8.06,7.31,,16,3.57,,,8.51,7.82,2.03
Q38,local,Q,2026-W31,5,2,true,true,8.42,7.58,0.0771,8.02,7.23,8.09,7.64,6.88,,16,3.84,,,8.53,7.61,2.09
Q38,local,Q,2026-W32,5,2,false,true,8.43,7.48,0.0894,8.54,7.73,8.06,7.72,6.95,9.16,17,3.7,,,9.4,8.32,2.15
Q38,local,Q,2026-W33,5,2,true,true,8.53,7.66,0.0822,8.65,7.84,8.36,7.73,6.79,8.92,17,3.84,,,9.09,8.15,2.02
Q38,local,Q,2026-W34,5,2,true,true,8.5,7.63,0.0818,8.63,7.71,8.23,8.06,7.18,8.88,17,3.73,,,9.29,8.18,2.02
Q38,local,Q,2026-W35,5,2,true,true,8.66,7.78,0.0772,8.82,8.03,8.32,7.99,7.22,9.32,17,3.84,,,9.11,8.19,2
Q38,local,Q,2026-W36,5,2,true,true,8.25,7.45,0.0798,8.23,7.28,7.95,7.64,6.9,8.91,17,3.7,,,9.17,7.95,2.08
Q38,local,Q,2026-W37,4,2,true,true,7.79,6.9,0.0922,7.74,6.86,7.32,6.98,5.96,8.89,17,4.17,3.55,,9.11,8.3,1.99
Q38,local,Q,2026-W38,5,2,true,true,7.69,6.9,0.0866,7.09,6.37,7.4,6.83,6.1,9.09,17,4.03,3.55,,9.39,8.57,1.87
Q38,local,Q,2026-W39,5,2,true,true,7.88,7.08,0.0729,7.73,6.99,7.44,6.96,6.31,9.08,17,3.93,3.55,,9.24,8.42,1.79
Q38,local,Q,2026-W40,5,2,true,false,7.93,7.19,0.0759,7.5,6.86,7.44,7.19,6.48,9.25,17,4.05,3.55,,8.66,7.75,2.05
Q38,local,Q,2026-W41,5,0,true,false,7.81,6.96,0.0908,7.08,6.25,7.61,7.1,6.34,8.94,17,4.04,3.55,11.4,,,
Q39,local,Q,2026-W17,0,2,false,true,,,,,,,,,,,,,,9.16,8.34,3.02
Q39,local,Q,2026-W18,5,2,false,false,7.9,7.03,0.0993,,,,8,7.17,,13,7.59,,,8.74,8.09,3.13
Q39,local,Q,2026-W19,5,2,false,true,7.74,7.09,0.0669,,,,7.35,6.69,,12,7.43,,,8.37,7.79,2.78
Q39,local,Q,2026-W20,5,2,false,true,7.56,7.05,0.0531,7.19,6.66,7.32,7.16,6.54,,15,7.93,,,8.67,8.04,3.04
Q39,local,Q,2026-W21,5,2,false,false,7.75,6.75,0.1063,,,,7.27,6.46,,13,7.4,,,8.78,7.87,3.05
Q39,local,Q,2026-W22,4,2,false,true,7.91,7,0.0938,7.47,6.79,7.65,7.05,6.14,,15,7.55,,,8.81,8.02,3.2
Q39,local,Q,2026-W23,5,2,false,true,8.98,8.34,0.0659,,,,,,10.03,4,6.49,,,8.39,7.79,3.2
Q39,local,Q,2026-W24,5,1,false,false,8.55,7.68,0.0794,,,,,,,2,7.14,,,9.44,8.71,2.43
Q39,local,Q,2026-W25,3,2,false,false,8.76,8.1,0.0403,,,,,,,2,7.58,,,9.05,8.41,2.99
Q39,local,Q,2026-W26,5,2,false,false,8.99,8.42,0.0669,,,,,,,1,7.44,,,10.79,9.44,3.14
Q39,local,Q,2026-W27,3,2,true,true,7.93,7.13,0.0847,7.46,6.68,7.75,7.45,6.78,8.76,16,7.11,,,9.99,9.05,2.43
Q39,local,Q,2026-W28,5,2,true,true,8.02,7.29,0.0747,7.79,6.93,7.72,7.32,6.63,8.99,16,7.58,,,9.46,8.48,3.28
Q39,local,Q,2026-W29,5,2,true,true,8.27,7.47,0.0782,7.72,6.91,7.93,7.9,7.09,,16,7.26,,,9.1,8.24,3.21
Q39,local,Q,2026-W30,5,2,true,true,8.12,7.32,0.0791,7.74,6.98,7.84,7.57,6.98,,16,7.13,,,8.9,7.95,3.2
Q39,local,Q,2026-W31,5,2,true,true,8.07,7.28,0.0723,7.6,6.86,7.8,7.33,6.76,,16,7.32,,,9.04,8.07,3.1
Q39,local,Q,2026-W32,5,2,false,true,8.22,7.5,0.0696,7.97,7.23,8.09,7.57,7.02,8.82,17,6.91,,,9.31,8.34,3.01
Q39,local,Q,2026-W33,5,2,true,true,8.33,7.55,0.0748,8.04,7.33,8.14,7.67,6.99,9.18,17,7.32,,,9.16,8.29,3.14
Q39,local,Q,2026-W34,5,2,true,true,8.22,7.44,0.0681,8.1,7.37,8.19,7.65,7,8.65,17,7.34,,,9.42,8.61,3.18
Q39,local,Q,2026-W35,5,2,true,true,8.38,7.55,0.0687,8.28,7.44,8.23,7.73,7.13,8.97,17,7.01,,,9.42,8.31,3.16
Q39,local,Q,2026-W36,5,2,true,true,8.15,7.45,0.0644,7.94,7.01,7.87,7.5,6.86,9.04,17,6.86,,,9.23,8.33,3.21
Q39,local,Q,2026-W37,4,2,true,true,7.61,6.68,0.094,7.35,6.48,7.38,6.31,5.46,9.09,17,6.95,7.28,,8.86,8.03,2.98
Q39,local,Q,2026-W38,5,2,true,true,7.68,6.92,0.0803,7.07,6.3,7.35,7,6.17,9.07,17,7.5,7.28,,9.07,8.12,3.25
Q39,local,Q,2026-W39,5,2,true,true,7.87,7.14,0.072,7.37,6.66,7.48,7.17,6.54,9.2,17,7.85,7.28,,9.38,8.5,3.09
Q39,local,Q,2026-W40,5,2,true,false,7.77,7.09,0.072,7.27,6.59,7.41,7.14,6.57,8.9,17,7.82,7.28,,8.97,8.07,2.63
Q39,local,Q,2026-W41,5,0,true,false,7.88,7.2,0.0722,7.61,6.77,7.86,7,6.41,8.65,17,7.7,7.28,13.6,,,
Q4,local,Q,2026-W17,0,2,false,true,,,,,,,,,,,,,,9.2,8.31,4.24
Q4,local,Q,2026-W18,5,2,false,false,8.34,7.23,0.1105,,,,7.59,6.79,,13,8.59,,,8.82,7.85,4.49
Q4,local,Q,2026-W19,5,2,false,true,8.24,7.29,0.1104,,,,7.24,6.58,,12,9.15,,,8.7,7.67,4.58
Q4,local,Q,2026-W20,5,2,false,true,7.97,6.97,0.1109,7.22,6.54,7.94,7.51,6.34,,15,9.47,,,8.46,7.27,4.11
Q4,local,Q,2026-W21,5,2,false,false,8.01,6.89,0.1256,,,,7.49,6.45,,13,9.11,,,9.19,8.02,4.63
Q4,local,Q,2026-W22,4,2,false,true,8.34,7.31,0.1056,8.52,7.69,7.76,7.84,6.63,,15,8.54,,,9.03,8.07,4.49
Q4,local,Q,2026-W23,5,2,false,true,8.07,6.83,0.1208,,,,,,8.81,4,8.69,,,9.02,7.88,4.66
Q4,local,Q,2026-W24,5,1,false,false,8.57,7.26,0.1266,,,,,,,2,8.83,,,9.25,8.3,3.93
Q4,local,Q,2026-W25,3,2,false,false,7.76,6.21,0.1662,,,,,,,2,8.86,,,8.61,7.7,4.73
Q4,local,Q,2026-W26,5,2,false,false,8.2,7.52,0.0838,,,,,,,1,8.9,,,10.18,8.46,4.45
Q4,local,Q,2026-W27,3,2,true,true,8.33,7.3,0.1082,8.49,7.32,7.91,7.74,6.54,8.93,16,8.56,,,9.4,8.38,4.47
Q4,local,Q,2026-W28,5,2,true,true,8.43,7.27,0.1174,8.53,7.23,8.1,7.91,6.8,8.9,16,8.54,,,9.01,7.95,4.84
Q4,local,Q,2026-W29,5,2,true,true,8.43,7.33,0.1064,8.29,7.08,8.05,7.78,6.9,,16,8.62,,,9.02,8.23,4.36
Q4,local,Q,2026-W30,5,2,true,true,8.38,7.27,0.1101,8.49,7.19,8.06,7.67,6.83,,16,8.46,,,8.92,8.02,4.34
Q4,local,Q,2026-W31,5,2,true,true,8.3,7.36,0.1013,8.2,7.2,7.98,7.78,6.86,,16,8.5,,,8.88,7.94,4.65
Q4,local,Q,2026-W32,5,2,false,true,8.3,7.32,0.1033,8.48,7.29,7.66,7.83,6.79,8.91,17,8.32,,,9.15,8.27,3.93
Q4,local,Q,2026-W33,5,2,true,true,8.36,7.35,0.1051,8.57,7.44,7.9,7.71,6.76,8.97,17,7.97,,,8.68,7.77,4.25
Q4,local,Q,2026-W34,5,2,true,true,8.3,7.3,0.1047,8.47,7.22,7.89,7.83,6.96,8.8,17,8.56,,,8.84,8.18,4.39
Q4,local,Q,2026-W35,5,2,true,true,8.38,7.35,0.1077,8.53,7.39,8.08,7.82,6.84,8.88,17,8.5,,,8.99,7.81,4.45
Q4,local,Q,2026-W36,5,2,true,true,8.35,7.31,0.1054,8.67,7.21,7.75,7.68,6.75,9.09,17,8.28,,,8.99,7.96,4.68
Q4,local,Q,2026-W37,4,2,true,true,8.08,7.23,0.09,7.98,7.09,7.58,7.37,6.67,9.12,17,8.11,9.01,,8.81,7.89,4.55
Q4,local,Q,2026-W38,5,2,true,true,8.02,7.22,0.0894,7.74,7.02,7.7,7.34,6.61,9,17,8.72,9.1,,9.03,8.08,4.76
Q4,local,Q,2026-W39,5,2,true,true,8.15,7.28,0.0931,8.21,7.55,7.67,7.24,6.51,9.15,17,8.67,9.06,,9.25,8.18,4.6
Q4,local,Q,2026-W40,5,2,true,false,8.18,7.33,0.0849,7.96,7.1,7.67,7.29,6.79,9.5,17,8.48,9.1,,9.38,8.65,4.87
Q4,local,Q,2026-W41,5,0,true,false,8.16,7.16,0.1048,8,6.82,7.84,7.13,6.5,9.17,17,8.95,9.1,18.5,,,
Q40,local,Q,2026-W17,0,2,false,true,,,,,,,,,,,,,,9.13,7.98,2.14
Q40,local,Q,2026-W18,5,2,false,false,8.03,7.05,0.1162,,,,6.94,5.8,,13,3.68,,,8.46,7.34,2.29
Q40,local,Q,2026-W19,5,2,false,true,7.14,6.1,0.1619,,,,5.23,3.82,,12,3.77,,,8.93,7.95,2.18
Q40,local,Q,2026-W20,5,2,false,true,8.25,7.16,0.1101,8.2,6.93,8.02,7.48,6.63,,15,3.88,,,8.46,7.38,2.35
Q40,local,Q,2026-W21,5,2,false,false,7.65,6.61,0.1292,,,,7.08,5.91,,13,3.58,,,9.36,8.3,2.1
Q40,local,Q,2026-W22,4,2,false,true,8.11,7.14,0.1079,7.78,7.13,8.01,7.9,6.88,,15,3.4,,,8.71,7.72,2.2
Q40,local,Q,2026-W23,5,2,false,true,7.54,6.72,0.1086,,,,,,8.35,4,3.73,,,8.66,7.44,2.36
Q40,local,Q,2026-W24,5,1,false,false,8.75,7.69,0.0937,,,,,,,2,3.95,,,8.79,7.53,1.87
Q40,local,Q,2026-W25,3,2,false,false,8.38,7.13,0.1215,,,,,,,2,3.78,,,9.17,8.28,2.4
Q40,local,Q,2026-W26,5,2,false,false,8.58,7.79,0.0634,,,,,,,1,3.7,,,8.49,7.84,2.39
Q40,local,Q,2026-W27,3,2,true,true,8.05,7.1,0.0936,8.06,7.59,8.1,7.1,5.96,8.49,16,3.61,,,9.07,7.93,2.22
Q40,local,Q,2026-W28,5,2,true,true,7.95,7,0.1095,7.44,6.49,7.88,7.3,6.06,8.73,16,3.83,,,8.74,7.82,2.14
Q40,local,Q,2026-W29,5,2,true,true,7.93,6.99,0.1069,7.56,6.61,7.68,7.36,6.34,,16,3.42,,,8.8,7.44,2
Q40,local,Q,2026-W30,5,2,true,true,8.11,7.19,0.0937,8.09,7.11,8.23,7.05,5.95,,16,3.84,,,8.52,7.56,2.38
Q40,local,Q,2026-W31,5,2,true,true,7.81,6.81,0.1163,7.64,6.55,8,6.94,6.07,,16,3.51,,,8.74,7.79,2.3
Q40,local,Q,2026-W32,5,2,false,true,8.21,7.26,0.0996,8.02,7.33,8.37,7.18,6.43,8.59,17,3.75,,,8.62,7.72,2.18
Q40,local,Q,2026-W33,5,2,true,true,8.05,6.91,0.1248,8.3,7.42,7.85,6.87,5.86,8.72,17,3.68,,,8.57,7.58,2.27
Q40,local,Q,2026-W34,5,2,true,true,7.93,7.1,0.0896,8.03,7.18,7.63,7.3,6.53,8.53,17,3.82,,,8.95,8.15,2.13
Q40,local,Q,2026-W35,5,2,true,true,7.95,7.14,0.0847,7.77,6.92,7.77,7.42,6.52,8.45,17,3.61,,,8.49,7.41,2.16
Q40,local,Q,2026-W36,5,2,true,true,8.36,7.39,0.0944,8.08,7.01,8.19,7.56,6.59,9.15,17,3.74,,,8.74,7.65,2.07
Q40,local,Q,2026-W37,4,2,true,true,7.84,6.7,0.1295,6.7,5.6,8.11,6.67,5.58,9,17,3.74,3.58,,8.83,7.8,2.34
Q40,local,Q,2026-W38,5,2,true,true,7.64,6.81,0.0988,6.58,5.76,7.39,6.95,6.03,9.18,17,3.93,3.58,,8.61,7.39,2.25
Q40,local,Q,2026-W39,5,2,true,true,7.94,7.11,0.0834,7.05,6.19,7.94,7.44,6.7,8.86,17,3.79,3.58,,8.99,7.83,2.26
Q40,local,Q,2026-W40,5,2,true,false,7.83,7.02,0.0886,6.68,5.82,7.72,7.47,6.57,8.99,17,3.84,3.58,,8.8,7.39,2.38
Q40,local,Q,2026-W41,5,0,true,false,7.44,6.6,0.1001,6.51,5.71,7.48,6.49,5.54,8.59,17,4.09,3.58,21.8,,,
Q41,local,Q,2026-W17,0,2,false,true,,,,,,,,,,,,,,9.36,8.68,3.65
Q41,local,Q,2026-W18,5,2,false,false,8.32,7.4,0.09,,,,8.77,7.97,,13,8.1,,,8.53,7.76,4.76
Q41,local,Q,2026-W19,5,2,false,true,7.81,6.84,0.1102,,,,6.85,5.76,,12,8.8,,,9.12,8.34,4.56
Q41,local,Q,2026-W20,5,2,false,true,8.22,7.42,0.0784,7.32,6.63,8.3,7.94,7.27,,15,8.65,,,9.36,8.37,4.79
Q41,local,Q,2026-W21,5,2,false,false,8.01,7.11,0.0839,,,,7.75,6.76,,13,8.54,,,9.43,8.51,4.4
Q41,local,Q,2026-W22,4,2,false,true,8.43,7.45,0.092,8.05,7.32,7.91,7.96,7.09,,15,8.09,,,9.13,8.15,4.72
Q41,local,Q,2026-W23,5,2,false,true,8.46,7.54,0.0859,,,,,,9.37,4,8.07,,,8.59,7.85,4.72
Q41,local,Q,2026-W24,5,1,false,false,8.4,7.32,0.1042,,,,,,,2,7.93,,,8.54,7.35,3.34
Q41,local,Q,2026-W25,3,2,false,false,9.63,8.96,0.067,,,,,,,2,8.29,,,8.74,7.7,4.35
Q41,local,Q,2026-W26,5,2,false,false,9.11,7.6,0.1435,,,,,,,1,8.46,,,8.34,7.58,4.22
Q41,local,Q,2026-W27,3,2,true,true,8.36,7.56,0.0808,8.34,7.51,7.99,7.85,7.12,9.09,16,8.07,,,9.18,8.11,4.69
Q41,local,Q,2026-W28,5,2,true,true,8.4,7.41,0.0941,8,7.14,8.26,7.74,6.76,9.18,16,8.11,,,8.84,7.88,4.66
Q41,local,Q,2026-W29,5,2,true,true,8.47,7.51,0.093,8.22,7.38,8.24,7.83,6.8,,16,8.33,,,9.04,8.13,4.71
Q41,local,Q,2026-W30,5,2,true,true,8.54,7.5,0.0955,8.19,7.25,8.37,7.78,6.8,,16,7.84,,,9.02,8.12,4.74
Q41,local,Q,2026-W31,5,2,true,true,8.4,7.4,0.0986,8.19,7.04,7.98,7.65,6.7,,16,8.04,,,9.05,8.07,4.32
Q41,local,Q,2026-W32,5,2,false,true,8.51,7.62,0.0821,8.41,7.6,8.23,7.73,6.83,9.42,17,7.77,,,8.88,7.82,4.78
Q41,local,Q,2026-W33,5,2,true,true,8.44,7.53,0.0863,8.57,7.59,8.26,7.97,6.97,8.62,17,8.21,,,8.57,7.55,4.88
Q41,local,Q,2026-W34,5,2,true,true,8.54,7.62,0.083,8.44,7.5,8.16,8.24,7.48,9.17,17,8.09,,,8.51,7.69,4.59
Q41,local,Q,2026-W35,5,2,true,true,8.69,7.68,0.0916,8.4,7.14,8.16,8.2,7.42,9.78,17,8.1,,,8.66,7.65,4.78
Q41,local,Q,2026-W36,5,2,true,true,8.56,7.61,0.0861,8.41,7.18,8.45,8.04,7.18,9.01,17,8.03,,,8.94,7.73,4.74
Q41,local,Q,2026-W37,4,2,true,true,8.08,7.17,0.0865,7.68,6.59,7.85,7.64,6.72,8.82,17,8.31,7.65,,8.93,7.9,4.74
Q41,local,Q,2026-W38,5,2,true,true,7.95,7.16,0.0795,7.29,6.5,7.78,7.56,6.74,8.78,17,8.63,7.78,,8.81,7.83,4.81
Q41,local,Q,2026-W39,5,2,true,true,8.22,7.39,0.0818,7.61,6.79,8.01,7.73,6.99,9.14,17,8.37,7.73,,9.33,8.32,4.48
Q41,local,Q,2026-W40,5,2,true,false,8.47,7.63,0.0794,7.58,6.66,8.19,7.59,6.74,10.08,17,8.53,7.78,,8.48,7.68,4.71
Q41,local,Q,2026-W41,5,0,true,false,8.21,7.38,0.0813,7.41,6.73,7.83,7.61,6.63,9.63,17,8.56,7.78,16.7,,,
Q42,local,Q,2026-W18,5,0,false,false,8.73,8.25,0.035,,,,7.95,7.56,9.23,12,1.4,,,,,
Q42,local,Q,2026-W19,5,0,false,false,8.33,7.62,0.0691,,,,7.77,7.07,8.73,11,1.34,,,,,
Q42,local,Q,2026-W20,5,0,false,false,8.21,7.57,0.0668,6.89,6.52,8.78,7.73,7.18,8.66,14,1.42,,,,,
Q42,local,Q,2026-W21,5,0,false,false,8.32,7.6,0.0723,,,,7.7,7.12,8.57,12,1.63,,,,,
Q42,local,Q,2026-W22,4,0,false,false,7.97,6.79,0.1461,7.6,6.49,8.17,8.02,6.95,,13,1.22,,,,,
Q42,local,Q,2026-W23,1,0,false,false,9.69,8.6,0.0898,,,,,,,1,1.23,,,,,
Q42,local,Q,2026-W27,3,0,true,false,8.65,7.29,0.1242,9.06,8.37,8.55,8.18,6.95,,13,1.37,,,,,
Q42,local,Q,2026-W28,5,0,true,false,8.32,7.19,0.1009,7.58,7,8.73,7.15,5.92,9.4,14,1.33,,,,,
Q42,local,Q,2026-W29,5,0,true,false,8.42,7.71,0.0732,8.19,7.59,8.68,8.04,7,8.41,15,1.18,,,,,
Q42,local,Q,2026-W30,5,0,true,false,8.81,7.75,0.0858,8.64,7.6,8.93,7.76,6.32,9.64,15,1.26,,,,,
Q42,local,Q,2026-W31,5,0,true,false,8.58,7.78,0.0763,8.01,7.28,9,7.63,6.62,8.77,15,1.36,,,,,
Q42,local,Q,2026-W32,5,0,false,false,8.11,7.16,0.102,8.64,7.73,8.02,7.37,6.7,8.33,15,1.36,,,,,
Q42,local,Q,2026-W33,5,0,true,false,7.81,6.76,0.121,8,7.46,7.98,7.61,6.33,6.37,15,1.36,,,,,
Q42,local,Q,2026-W34,5,0,true,false,8.72,7.74,0.0902,8.71,7.6,8.78,8.03,6.94,,14,1.63,,,,,
Q42,local,Q,2026-W35,5,0,true,false,8.71,7.71,0.0844,8.79,7.36,8.45,8.4,7.36,,14,1.6,,,,,
Q42,local,Q,2026-W36,5,0,true,false,8.18,7.38,0.0774,7.93,6.97,8.43,7.43,6.74,,14,1.39,,,,,
Q42,local,Q,2026-W37,4,0,true,false,8.16,7.46,0.064,7.42,6.48,8.55,7.69,6.92,,14,1.48,1.54,,,,
Q42,local,Q,2026-W38,5,0,true,false,7.96,7.08,0.0887,7.45,6.28,8.08,7.64,6.81,,14,1.51,1.54,,,,
Q42,local,Q,2026-W39,5,0,true,false,8.21,7.5,0.0643,7.76,6.92,8.44,7.6,7.04,,14,1.4,1.54,,,,
Q42,local,Q,2026-W40,5,0,true,false,7.84,7.25,0.0634,6.85,6.25,8.26,7.61,7.13,,14,1.53,1.54,,,,
Q42,local,Q,2026-W41,5,0,true,false,7.86,6.85,0.1145,7.25,6.48,8.05,7.21,6.52,8.33,15,1.29,1.54,8.2,,,
Q43,local,Q,2026-W17,0,2,false,true,,,,,,,,,,,,,,10.67,9.38,5.34
Q43,local,Q,2026-W18,5,2,false,false,10.46,9.15,0.1069,,,,10.13,8.86,,13,9.28,,,10.56,9.27,5.67
Q43,local,Q,2026-W19,5,2,false,true,10.03,8.89,0.1004,,,,9.37,8.48,,12,9.67,,,10.55,9.31,5.4
Q43,local,Q,2026-W20,5,2,false,true,10.02,8.85,0.0976,10.02,8.79,9.27,9.6,8.64,,15,10.75,,,10.13,8.62,5.55
Q43,local,Q,2026-W21,5,2,false,false,9.94,8.87,0.0953,,,,9.34,8.14,,13,10.61,,,10.61,9.17,5.51
Q43,local,Q,2026-W22,4,2,false,true,10.21,9.02,0.1025,10.05,8.98,9.68,9.99,8.9,,15,9.72,,,10.57,9.19,5.55
Q43,local,Q,2026-W23,5,2,false,true,10.62,9.1,0.1211,,,,,,11.55,4,9.07,,,10.64,9.36,5.73
Q43,local,Q,2026-W24,5,1,false,false,9.96,8.76,0.1058,,,,,,,2,9.97,,,10.69,9.19,5.43
Q43,local,Q,2026-W25,3,2,false,false,9.53,8.27,0.1031,,,,,,,2,9.95,,,10.5,9.2,5.67
Q43,local,Q,2026-W26,5,2,false,false,10.38,8.73,0.1423,,,,,,,1,9.73,,,11.06,9.98,5.64
Q43,local,Q,2026-W27,3,2,true,true,10.21,9.08,0.0959,10.37,9.21,9.87,9.82,8.61,10.67,16,9.74,,,11.15,9.74,5.42
Q43,local,Q,2026-W28,5,2,true,true,10.4,9.26,0.0961,10.12,9.04,9.95,10.17,9.05,11.22,16,9.98,,,10.8,9.18,6
Q43,local,Q,2026-W29,5,2,true,true,10.47,9.11,0.1125,10.49,9.03,10.08,10,8.82,,16,9.39,,,10.75,9.31,5.59
Q43,local,Q,2026-W30,5,2,true,true,10.41,9.23,0.0978,10.36,9.27,9.98,9.96,8.93,,16,9.37,,,10.24,9.25,5.76
Q43,local,Q,2026-W31,5,2,true,true,10.44,9.32,0.094,10.29,9.16,10.03,9.94,8.79,,16,9.78,,,10.6,9.4,5.5
Q43,local,Q,2026-W32,5,2,false,true,10.38,9.17,0.0988,10.31,9.12,9.84,10.05,8.94,11.44,17,9.48,,,10.83,9.49,5.69
Q43,local,Q,2026-W33,5,2,true,true,10.54,9.33,0.0966,10.64,9.13,10.13,9.76,8.67,11.48,17,9.65,,,10.88,9.67,5.64
Q43,local,Q,2026-W34,5,2,true,true,10.37,9.1,0.1065,10.71,9.48,9.89,10.01,8.82,10.92,17,9.74,,,10.88,9.69,5.64
Q43,local,Q,2026-W35,5,2,true,true,10.34,9.08,0.1054,10.53,9.02,9.86,10.03,8.87,10.86,17,9.45,,,10.79,9.53,5.39
Q43,local,Q,2026-W36,5,2,true,true,10.28,9.05,0.1,10.33,9.18,9.82,10.13,8.89,10.87,17,9.47,,,11.09,9.68,5.51
Q43,local,Q,2026-W37,4,2,true,true,10.14,9.02,0.093,10.09,9.16,9.62,9.65,8.62,10.96,17,9.59,10.31,,10.93,9.87,5.58
Q43,local,Q,2026-W38,5,2,true,true,10.11,8.92,0.1026,9.93,8.79,9.48,9.64,8.56,11.25,17,10.21,10.56,,11,9.84,5.29
Q43,local,Q,2026-W39,5,2,true,true,10.27,9.21,0.0878,10.06,9.11,9.65,9.74,8.87,11.52,17,10.02,10.46,,11.13,9.97,5.66
Q43,local,Q,2026-W40,5,2,true,false,10.21,9.15,0.0896,9.85,8.91,9.61,9.68,8.73,11.56,17,10.24,10.56,,10.45,9,5.31
Q43,local,Q,2026-W41,5,0,true,false,10.18,9.02,0.0991,9.92,8.87,9.51,9.59,8.45,11.49,17,10.31,10.56,17.8,,,
Q44+,sbs,Q,2026-W17,0,2,false,true,,,,,,,,,,,,,,10.8,9.41,15.67
Q44+,sbs,Q,2026-W18,5,2,false,false,9.91,8.47,0.132,,,,9.63,8.13,,13,23.93,,,10.91,9.46,17.85
Q44+,sbs,Q,2026-W19,5,2,false,true,9.34,7.9,0.1435,,,,8.06,6.55,,12,24.21,,,11.31,9.79,17.61
Q44+,sbs,Q,2026-W20,5,2,false,true,9.63,8.28,0.1241,8.43,7.06,9.23,9.3,8.02,,15,23.52,,,11.04,9.88,17.18
Q44+,sbs,Q,2026-W21,5,2,false,false,9.78,8.23,0.1421,,,,9.96,8.31,,13,23.04,,,11.19,9.75,16.04
Q44+,sbs,Q,2026-W22,4,2,false,true,9.88,8.42,0.1255,9.28,7.74,9.49,8.94,7.54,,15,22.68,,,11.24,9.76,16.96
Q44+,sbs,Q,2026-W23,5,2,false,true,10.25,8.59,0.1403,,,,,,11.44,4,22.55,,,11.18,9.45,17.33
Q44+,sbs,Q,2026-W24,5,1,false,false,9.82,8.23,0.1473,,,,,,,2,22.68,,,12.23,10.76,16.11
Q44+,sbs,Q,2026-W25,3,2,false,false,10.71,9.24,0.1308,,,,,,,2,22.79,,,10.82,9.19,16.42
Q44+,sbs,Q,2026-W26,5,2,false,false,10.13,8.72,0.1296,,,,,,,1,23.77,,,11.08,9.43,16.92
Q44+,sbs,Q,2026-W27,3,2,true,true,10.16,8.6,0.1355,9.88,8.27,9.57,9.47,7.98,11.41,16,22.88,,,11.65,10.09,17.67
Q44+,sbs,Q,2026-W28,5,2,true,true,10.16,8.69,0.1308,9.75,8.17,9.57,9.4,7.94,11.57,16,21.83,,,11.1,9.47,16.95
Q44+,sbs,Q,2026-W29,5,2,true,true,9.96,8.5,0.1285,9.59,8.12,9.6,9.65,8.05,,16,21.72,,,11.34,10.1,16.43
Q44+,sbs,Q,2026-W30,5,2,true,true,9.93,8.54,0.1203,9.37,8.03,9.29,9.52,8.17,,16,22.88,,,10.72,9.46,17.89
Q44+,sbs,Q,2026-W31,5,2,true,true,9.92,8.58,0.1171,9.44,8.1,9.79,9.18,7.92,,16,23.54,,,11.04,9.71,16.1
Q44+,sbs,Q,2026-W32,5,2,false,true,10.13,8.68,0.1267,9.68,8.3,9.62,9.52,8.12,11.27,17,22.59,,,11.08,9.66,16.6
Q44+,sbs,Q,2026-W33,5,2,true,true,10.16,8.67,0.1276,10.14,8.5,9.62,9.64,8.13,10.79,17,21.97,,,11.08,9.68,16.84
Q44+,sbs,Q,2026-W34,5,2,true,true,10.14,8.67,0.1265,9.92,8.48,9.55,9.75,8.31,11.21,17,22.65,,,11.01,9.84,17.01
Q44+,sbs,Q,2026-W35,5,2,true,true,10.22,8.79,0.1209,10.03,8.28,9.7,9.82,8.47,11.01,17,23.1,,,11.02,9.6,18.03
Q44+,sbs,Q,2026-W36,5,2,true,true,10.16,8.72,0.1227,9.69,8.19,9.51,9.44,8.03,11.65,17,22.65,,,11.07,9.66,17.72
Q44+,sbs,Q,2026-W37,4,2,true,true,9.74,8.43,0.1172,8.94,7.62,9,9.11,7.81,11.43,17,24.45,23.82,,10.89,9.68,17.21
Q44+,sbs,Q,2026-W38,5,2,true,true,9.49,8.14,0.1253,8.55,7.34,9.18,9.01,7.73,10.75,17,23.71,23.92,,10.69,9.29,16.15
Q44+,sbs,Q,2026-W39,5,2,true,true,9.79,8.42,0.1201,9.34,8.11,9.44,9.3,7.89,10.7,17,23.4,23.88,,11.37,9.99,17.16
Q44+,sbs,Q,2026-W40,5,2,true,false,9.84,8.5,0.1202,9.21,7.99,9.43,9.16,7.81,11.27,17,24.43,23.92,,11.36,10.12,17.18
Q44+,sbs,Q,2026-W41,5,0,true,false,9.85,8.4,0.1294,9.45,8.06,9.58,8.71,7.35,10.84,17,24.62,23.92,28.4,,,
Q45,local,Q,2026-W17,0,2,false,true,,,,,,,,,,,,,,11.85,10.19,2.49
Q45,local,Q,2026-W18,5,2,false,false,9.98,8.59,0.1359,,,,8.93,7.36,,13,4.52,,,12.13,10.02,2.56
Q45,local,Q,2026-W19,5,2,false,true,10.73,9.22,0.125,,,,10.81,9.76,,12,4.02,,,11.99,10.41,2.53
Q45,local,Q,2026-W20,5,2,false,true,10.32,8.95,0.1165,9.82,7.97,10.32,9.44,8.47,,15,4.35,,,11.44,9.41,2.97
Q45,local,Q,2026-W21,5,2,false,false,10.48,9,0.1149,,,,9.48,7.8,,13,4.31,,,12.16,10.13,2.35
Q45,local,Q,2026-W22,4,2,false,true,10.66,9.33,0.1076,10.06,8.95,10.52,10.23,8.87,,15,4.32,,,11.92,10.16,2.6
Q45,local,Q,2026-W23,5,2,false,true,10.93,8.99,0.1478,,,,,,11.78,4,4.29,,,12,9.35,2.41
Q45,local,Q,2026-W24,5,1,false,false,10.59,7.87,0.2249,,,,,,,2,4.91,,,12.19,10.31,2.54
Q45,local,Q,2026-W25,3,2,false,false,10.02,7.15,0.2591,,,,,,,2,4.49,,,12.84,10.77,2.48
Q45,local,Q,2026-W26,5,2,false,false,10.49,8.25,0.1715,,,,,,,1,4.72,,,11.35,8.57,2.44
Q45,local,Q,2026-W27,3,2,true,true,11.05,9.7,0.1113,10.9,9.47,10.92,10.44,8.94,11.51,16,4.11,,,12.17,10.32,2.62
Q45,local,Q,2026-W28,5,2,true,true,11.06,9.57,0.1137,10.28,8.62,10.86,10.5,9.14,12.1,16,4.14,,,12.54,10.57,2.53
Q45,local,Q,2026-W29,5,2,true,true,10.8,9.4,0.1163,10.71,9.38,10.3,10.06,8.48,,16,4.16,,,11.91,10.36,2.38
Q45,local,Q,2026-W30,5,2,true,true,11.01,9.57,0.1109,10.68,9.37,10.77,10.22,9.11,,16,4.23,,,11.74,10.01,2.6
Q45,local,Q,2026-W31,5,2,true,true,11.4,9.75,0.1214,11.83,10.35,11.31,10.06,8.74,,16,4.28,,,12.1,10.22,2.29
Q45,local,Q,2026-W32,5,2,false,true,11.25,9.58,0.1332,11.13,9.2,10.59,10.36,9,12.82,17,4.29,,,12.05,10.33,2.53
Q45,local,Q,2026-W33,5,2,true,true,11,9.58,0.1203,10.99,9.23,10.62,10.06,8.55,12.28,17,4.22,,,11.74,10.04,2.53
Q45,local,Q,2026-W34,5,2,true,true,11.03,9.71,0.109,11.1,9.63,10.56,10.47,9.08,11.75,17,4.32,,,12.13,10.27,2.51
Q45,local,Q,2026-W35,5,2,true,true,11.05,9.68,0.1121,11.16,9.51,10.79,10.52,9.28,11.43,17,4.27,,,12.05,10.28,2.45
Q45,local,Q,2026-W36,5,2,true,true,10.83,9.41,0.1093,10.77,9.34,10.55,9.85,8.65,11.48,17,4.35,,,11.9,10.42,2.53
Q45,local,Q,2026-W37,4,2,true,true,10.18,8.78,0.1186,9.91,8.48,9.96,9.22,8.05,11.03,17,4.71,4.3,,11.44,10.11,2.33
Q45,local,Q,2026-W38,5,2,true,true,9.87,8.5,0.1276,9.18,8.29,9.89,9.28,8.17,10.37,17,4.57,4.3,,11.39,9.8,2.52
Q45,local,Q,2026-W39,5,2,true,true,10.45,9.06,0.104,9.85,8.64,9.91,9.68,8.62,12.01,17,4.32,4.3,,12.16,10.34,2.61
Q45,local,Q,2026-W40,5,2,true,false,10.19,9.17,0.0878,9.8,8.78,9.89,9.45,8.57,11.08,17,4.47,4.3,,12.07,10.23,2.62
Q45,local,Q,2026-W41,5,0,true,false,10.04,8.88,0.0993,9.29,8.05,9.85,9.49,8.42,11.06,17,4.56,4.3,15.8,,,
Q46,local,Q,2026-W17,0,2,false,true,,,,,,,,,,,,,,13.33,11.91,5.43
Q46,local,Q,2026-W18,5,2,false,false,11.84,10.52,0.0967,,,,11.68,10.56,,13,7.36,,,12.97,11.75,5.99
Q46,local,Q,2026-W19,5,2,false,true,12,10.86,0.0873,,,,12.02,10.92,,12,7.69,,,13.36,11.87,5.72
Q46,local,Q,2026-W20,5,2,false,true,11.68,10.58,0.0819,10.57,9.66,11.42,11.22,10.08,,15,8.51,,,13,11.51,6.24
Q46,local,Q,2026-W21,5,2,false,false,11.93,10.54,0.1008,,,,11.24,9.8,,13,8.02,,,13.51,12.03,5.86
Q46,local,Q,2026-W22,4,2,false,true,12.07,10.45,0.1143,11.64,10.25,11.88,11.32,9.81,,15,7.44,,,13.35,11.95,5.55
Q46,local,Q,2026-W23,5,2,false,true,11.8,10.57,0.0842,,,,,,12.67,4,7.32,,,12.84,11.68,6.11
Q46,local,Q,2026-W24,5,1,false,false,12.3,11.01,0.1055,,,,,,,2,7.44,,,13.38,12.11,5.64
Q46,local,Q,2026-W25,3,2,false,false,12.86,11.48,0.0723,,,,,,,2,7.01,,,12.99,11.55,5.81
Q46,local,Q,2026-W26,5,2,false,false,11.61,10.63,0.0733,,,,,,,1,7.25,,,13.47,12.14,5.53
Q46,local,Q,2026-W27,3,2,true,true,12.15,10.83,0.0994,11.9,10.41,11.71,11.51,10.36,13,16,7.4,,,13.22,11.81,5.89
Q46,local,Q,2026-W28,5,2,true,true,12.29,10.88,0.099,12.02,10.54,11.84,11.74,10.37,13.09,16,7.35,,,13.01,11.66,5.99
Q46,local,Q,2026-W29,5,2,true,true,12.18,10.82,0.0968,11.98,10.48,11.66,11.64,10.34,,16,7.54,,,13.06,11.76,5.93
Q46,local,Q,2026-W30,5,2,true,true,12.11,10.73,0.0992,11.91,10.22,11.55,11.53,10.24,,16,7.15,,,12.95,11.82,6.06
Q46,local,Q,2026-W31,5,2,true,true,12.32,10.85,0.1064,12.36,10.84,11.71,11.83,10.36,,16,7.6,,,12.93,11.58,5.94
Q46,local,Q,2026-W32,5,2,false,true,12.32,11.02,0.0892,12.15,10.81,11.81,11.78,10.33,12.87,17,7.02,,,12.86,11.49,5.82
Q46,local,Q,2026-W33,5,2,true,true,12.46,11,0.0985,12.42,10.73,11.81,11.71,10.49,13.58,17,7.17,,,12.96,11.74,5.93
Q46,local,Q,2026-W34,5,2,true,true,12.23,10.96,0.0902,12.4,10.89,11.64,11.68,10.5,12.94,17,7.5,,,13.03,11.88,5.73
Q46,local,Q,2026-W35,5,2,true,true,12.33,10.84,0.1048,12.19,10.43,11.96,11.75,10.43,12.99,17,7.22,,,12.68,11.35,5.91
Q46,local,Q,2026-W36,5,2,true,true,12.04,10.62,0.0969,12.06,10.38,11.66,11.27,10.18,12.54,17,7.37,,,12.85,11.55,5.73
Q46,local,Q,2026-W37,4,2,true,true,11.68,10.47,0.087,11.16,10.15,11.56,10.51,9.45,12.73,17,7.69,7.78,,12.98,11.61,5.9
Q46,local,Q,2026-W38,5,2,true,true,11.64,10.56,0.0807,10.75,9.81,11.34,10.96,10,12.82,17,7.96,7.98,,12.72,11.54,6.02
Q46,local,Q,2026-W39,5,2,true,true,11.82,10.75,0.0753,11.32,10.28,11.38,11.2,10.3,12.92,17,7.89,7.9,,13.26,12.12,5.88
Q46,local,Q,2026-W40,5,2,true,false,11.63,10.46,0.0843,11.19,10.1,11.45,10.74,9.76,12.58,17,7.89,7.98,,13.3,12.16,6.03
Q46,local,Q,2026-W41,5,0,true,false,11.87,10.61,0.0903,11.13,10.01,11.8,10.88,9.81,12.86,17,7.82,7.98,21,,,
Q47,local,Q,2026-W17,0,2,false,true,,,,,,,,,,,,,,8,6.81,3.29
Q47,local,Q,2026-W18,5,2,false,false,8.04,7.01,0.1106,,,,6.73,5.86,,13,8.17,,,7.89,6.88,3.62
Q47,local,Q,2026-W19,5,2,false,true,7.68,6.87,0.0848,,,,6.8,6.06,,12,7.97,,,7.89,6.44,3.91
Q47,local,Q,2026-W20,5,2,false,true,7.82,6.72,0.1188,7.94,6.72,7.47,7.21,6.33,,15,8.51,,,7.96,6.3,3.71
Q47,local,Q,2026-W21,5,2,false,false,7.58,6.61,0.1161,,,,6.94,6.3,,13,8.47,,,7.94,6.61,3.52
Q47,local,Q,2026-W22,4,2,false,true,8.01,7.01,0.1096,7.99,6.98,7.84,7.43,6.44,,15,8.43,,,7.93,6.7,3.57
Q47,local,Q,2026-W23,5,2,false,true,8.01,7.24,0.0812,,,,,,8.71,4,7.7,,,7.89,6.79,3.83
Q47,local,Q,2026-W24,5,1,false,false,7.85,6.83,0.1252,,,,,,,2,8.12,,,8.77,8.06,3.42
Q47,local,Q,2026-W25,3,2,false,false,7.83,7.04,0.0896,,,,,,,2,7.77,,,8.13,6.83,2.89
Q47,local,Q,2026-W26,5,2,false,false,7.73,6.55,0.1266,,,,,,,1,7.68,,,8.64,7.59,3.57
Q47,local,Q,2026-W27,3,2,true,true,8,6.99,0.1048,8.13,7.18,7.66,7.44,6.37,8.69,16,8.25,,,8.13,6.88,3.21
Q47,local,Q,2026-W28,5,2,true,true,7.9,6.94,0.1017,8.01,7.26,7.6,7.12,6.23,8.72,16,8.26,,,8.19,6.7,3.62
Q47,local,Q,2026-W29,5,2,true,true,7.88,6.85,0.1106,7.81,6.95,7.68,7.32,6.34,,16,7.92,,,8.09,7.36,3.56
Q47,local,Q,2026-W30,5,2,true,true,7.81,6.79,0.1094,8.09,7.26,7.57,6.99,6.07,,16,7.97,,,8.22,7.2,3.93
Q47,local,Q,2026-W31,5,2,true,true,7.78,6.69,0.1143,7.63,6.79,7.61,7.21,6.3,,16,8.21,,,8,6.72,3.39
Q47,local,Q,2026-W32,5,2,false,true,7.95,7.07,0.0977,8.12,7.3,7.72,7.2,6.32,8.46,17,8.01,,,7.62,6.4,3.24
Q47,local,Q,2026-W33,5,2,true,true,7.85,6.91,0.0993,7.78,6.93,7.69,7.22,6.35,8.4,17,8.03,,,7.96,6.51,3.33
Q47,local,Q,2026-W34,5,2,true,true,7.99,7.03,0.1021,8.14,7.26,7.73,7.39,6.4,8.63,17,8.45,,,7.73,6.52,3.37
Q47,local,Q,2026-W35,5,2,true,true,8.01,7.01,0.1067,8.23,7.4,7.68,7.36,6.41,8.69,17,8.34,,,8,6.71,3.26
Q47,local,Q,2026-W36,5,2,true,true,7.86,6.8,0.1092,7.99,6.98,7.76,7.02,6.03,8.36,17,7.87,,,7.87,6.7,3.51
Q47,local,Q,2026-W37,4,2,true,true,7.49,6.5,0.1053,7.54,6.6,7.19,6.68,5.82,8.36,17,8.36,8.16,,7.53,6.36,3.59
Q47,local,Q,2026-W38,5,2,true,true,7.61,6.68,0.103,7.37,6.63,7.27,7.01,6.25,8.66,17,8.21,8.2,,7.79,6.67,3.53
Q47,local,Q,2026-W39,5,2,true,true,7.66,6.71,0.1023,7.58,6.8,7.37,7,6.11,8.48,17,8.42,8.18,,8.1,7.02,3.18
Q47,local,Q,2026-W40,5,2,true,false,7.72,6.79,0.101,7.56,6.8,7.41,7.29,6.51,8.52,17,8.3,8.2,,8.12,6.8,3.39
Q47,local,Q,2026-W41,5,0,true,false,7.75,6.88,0.0949,7.62,6.94,7.55,7.04,6.18,8.62,17,8.85,8.2,15.1,,,
Q48,local,Q,2026-W18,5,0,false,false,12.28,10.81,0.1194,,,,11.23,9.54,,13,5.15,,,,,
Q48,local,Q,2026-W19,5,0,false,false,11.9,10.77,0.0741,,,,11.35,10.26,,12,4.58,,,,,
Q48,local,Q,2026-W20,5,0,false,false,11.7,10.36,0.1045,11.03,9.99,11.28,10.93,9.62,,15,5.33,,,,,
Q48,local,Q,2026-W21,5,0,false,false,12.51,10.75,0.1157,,,,11.2,9.46,,13,4.99,,,,,
Q48,local,Q,2026-W22,4,0,false,false,12.5,10.78,0.1219,12.19,10.73,12.46,11.49,9.65,,15,4.98,,,,,
Q48,local,Q,2026-W23,5,0,false,false,11.9,11,0.0584,,,,,,12.67,4,5.15,,,,,
Q48,local,Q,2026-W24,5,0,false,false,12.12,10.93,0.0868,,,,,,,2,4.77,,,,,
Q48,local,Q,2026-W25,3,0,false,false,12.34,11.58,0.0235,,,,,,,2,5.34,,,,,
Q48,local,Q,2026-W26,5,0,false,false,12.5,11.5,0.0537,,,,,,,1,4.99,,,,,
Q48,local,Q,2026-W27,3,0,true,false,12.72,11.06,0.1167,12.39,10.5,12.37,11.87,10.34,13.62,16,4.82,,,,,
Q48,local,Q,2026-W28,5,0,true,false,12.58,10.96,0.1122,12.48,10.8,12.07,11.77,10.01,13.54,16,4.94,,,,,
Q48,local,Q,2026-W29,5,0,true,false,12.35,10.87,0.1105,12.15,11.05,12.01,11.61,9.73,,16,4.83,,,,,
Q48,local,Q,2026-W30,5,0,true,false,12.56,10.92,0.1097,12.5,11.07,12.26,11.7,10.05,,16,4.94,,,,,
Q48,local,Q,2026-W31,5,0,true,false,12.33,10.86,0.1048,12.47,11.11,11.72,11.55,10.03,,16,5.21,,,,,
Q48,local,Q,2026-W32,5,0,false,false,12.48,11.04,0.1028,12.31,10.81,12.18,11.82,9.97,12.68,17,4.9,,,,,
Q48,local,Q,2026-W33,5,0,true,false,12.33,11.03,0.093,12.57,11.16,12.08,11.43,10.07,12.57,17,4.93,,,,,
Q48,local,Q,2026-W34,5,0,true,false,12.46,10.92,0.1049,12.34,10.58,11.96,11.9,10.46,13.05,17,5.02,,,,,
Q48,local,Q,2026-W35,5,0,true,false,12.36,10.96,0.104,12.41,10.93,11.91,11.86,10.34,13.12,17,5.08,,,,,
Q48,local,Q,2026-W36,5,0,true,false,12.73,11.28,0.1008,12.3,10.38,12.43,11.72,10.21,13.56,17,4.8,,,,,
Q48,local,Q,2026-W37,4,0,true,false,12,10.71,0.0903,11.44,10,11.84,10.86,9.81,12.99,17,4.89,5.28,,,,
Q48,local,Q,2026-W38,5,0,true,false,11.66,10.5,0.0878,10.87,9.62,11.63,10.94,9.94,12.52,17,5.17,5.28,,,,
Q48,local,Q,2026-W39,5,0,true,false,12.19,10.8,0.0966,11.5,9.72,12.3,11.19,9.95,12.94,17,5.13,5.28,,,,
Q48,local,Q,2026-W40,5,0,true,false,11.92,10.53,0.1015,11.4,9.98,11.99,11.3,9.92,12.64,17,5.07,5.28,,,,
Q48,local,Q,2026-W41,5,0,true,false,12.01,10.79,0.0876,11.47,9.88,11.73,11.1,10,13,17,5.08,5.28,13.8,,,
Q49,local,Q,2026-W17,0,2,false,true,,,,,,,,,,,,,,6.41,5.72,3.58
Q49,local,Q,2026-W18,5,2,false,false,6.56,5.69,0.1094,,,,6.69,5.72,,13,5.71,,,6.36,5.52,3.72
Q49,local,Q,2026-W19,5,2,false,true,6.51,5.71,0.1054,,,,6.26,5.69,,12,6.04,,,6.28,5.42,4.01
Q49,local,Q,2026-W20,5,2,false,true,6.76,5.94,0.0976,6.67,5.61,6.55,6.34,5.56,,15,5.69,,,6.46,5.45,3.58
Q49,local,Q,2026-W21,5,2,false,false,6.4,5.45,0.1169,,,,5.96,5.19,,13,5.77,,,6.13,5.12,3.74
Q49,local,Q,2026-W22,4,2,false,true,6.57,5.64,0.1158,6.59,5.7,6.51,6.29,5.43,,15,5.6,,,6.24,5.31,3.85
Q49,local,Q,2026-W23,5,2,false,true,6.65,5.53,0.1329,,,,,,7,4,4.96,,,6.46,5.38,3.5
Q49,local,Q,2026-W24,5,1,false,false,6.14,5.58,0.1017,,,,,,,2,5.17,,,6.7,5.78,3.17
Q49,local,Q,2026-W25,3,2,false,false,6.65,5.58,0.1334,,,,,,,2,6.02,,,6.19,5.35,3.9
Q49,local,Q,2026-W26,5,2,false,false,6.32,5.65,0.0814,,,,,,,1,5.29,,,7.34,6.11,3.75
Q49,local,Q,2026-W27,3,2,true,true,6.74,5.78,0.1148,7.01,6.24,6.41,6.53,5.69,6.99,16,5.41,,,7.17,6.21,3.56
Q49,local,Q,2026-W28,5,2,true,true,6.7,5.83,0.1075,6.83,5.95,6.48,6.35,5.69,7,16,5.22,,,6.39,5.49,3.53
Q49,local,Q,2026-W29,5,2,true,true,6.62,5.75,0.1101,6.76,5.96,6.21,6.47,5.65,,16,5.27,,,6.77,5.95,3.72
Q49,local,Q,2026-W30,5,2,true,true,6.41,5.57,0.1114,6.64,5.79,6.16,5.91,5.14,,16,5.58,,,6.59,5.65,3.8
Q49,local,Q,2026-W31,5,2,true,true,6.42,5.57,0.1127,6.5,5.62,6.19,5.97,5.18,,16,5.67,,,6.16,5.24,3.81
Q49,local,Q,2026-W32,5,2,false,true,6.72,5.9,0.102,6.81,5.99,6.54,6.23,5.36,6.8,17,5.51,,,6.51,5.46,3.49
Q49,local,Q,2026-W33,5,2,true,true,6.65,5.81,0.1069,6.9,6.01,6.39,6.38,5.51,6.87,17,5.6,,,6.49,5.27,3.53
Q49,local,Q,2026-W34,5,2,true,true,6.61,5.79,0.1066,6.56,5.93,6.39,6.36,5.61,6.87,17,5.53,,,6.45,5.61,3.76
Q49,local,Q,2026-W35,5,2,true,true,6.62,5.69,0.1111,6.97,6.1,6.4,6.26,5.49,6.72,17,5.4,,,6.57,5.57,3.61
Q49,local,Q,2026-W36,5,2,true,true,6.5,5.6,0.109,6.68,5.85,6.3,6.1,5.4,6.74,17,5.6,,,6.63,5.77,3.62
Q49,local,Q,2026-W37,4,2,true,true,6.49,5.66,0.1008,6.2,5.44,6.23,6.19,5.42,7.11,17,5.54,5.19,,6.32,5.47,3.73
Q49,local,Q,2026-W38,5,2,true,true,6.51,5.73,0.1039,6.08,5.39,6.33,6.4,5.66,7.08,17,5.55,5.19,,6.66,5.77,3.81
Q49,local,Q,2026-W39,5,2,true,true,6.45,5.7,0.0947,6.32,5.67,6.24,6.36,5.7,6.77,17,5.56,5.19,,6.93,6.03,3.49
Q49,local,Q,2026-W40,5,2,true,false,6.47,5.73,0.0975,6.07,5.36,6.19,6.39,5.64,7.18,17,5.75,5.19,,7.07,6.26,3.78
Q49,local,Q,2026-W41,5,0,true,false,6.38,5.51,0.1184,6.05,5.31,6.28,6.24,5.5,6.65,17,5.66,5.19,23.3,,,
Q5,local,Q,2026-W17,0,2,false,true,,,,,,,,,,,,,,10.82,9.73,7.09
Q5,local,Q,2026-W18,5,2,false,false,8.64,7.56,0.1142,,,,7.79,6.73,,13,6.36,,,10.45,9.41,7.25
Q5,local,Q,2026-W19,5,2,false,true,8.57,7.52,0.1059,,,,7.63,6.84,,12,6.43,,,10.66,9.01,7.32
Q5,local,Q,2026-W20,5,2,false,true,8.74,7.65,0.1077,8.37,7.01,8.5,8.05,6.89,,15,6.81,,,10.36,9.11,7.66
Q5,local,Q,2026-W21,5,2,false,false,8.53,7.5,0.1062,,,,7.63,6.74,,13,6.7,,,10.75,9.43,7.25
Q5,local,Q,2026-W22,4,2,false,true,8.71,7.62,0.11,8.63,7.53,8.7,7.91,6.76,,15,6.81,,,10.36,9.16,7.43
Q5,local,Q,2026-W23,5,2,false,true,8.21,6.83,0.1412,,,,,,8.91,4,5.73,,,10.12,8.56,7.62
Q5,local,Q,2026-W24,5,1,false,false,7.56,6.38,0.1307,,,,,,,2,5.91,,,11.04,9.6,6.42
Q5,local,Q,2026-W25,3,2,false,false,8.64,6.93,0.1632,,,,,,,2,6.33,,,10.56,9.31,6.72
Q5,local,Q,2026-W26,5,2,false,false,7.02,6.16,0.1084,,,,,,,1,6.05,,,10.45,9.39,7.47
Q5,local,Q,2026-W27,3,2,true,true,9.24,8.19,0.0953,9.2,8.18,8.8,8.59,7.79,10.15,16,6.13,,,10.66,9.28,7.62
Q5,local,Q,2026-W28,5,2,true,true,9.17,8.01,0.107,9.23,8.18,8.6,8.72,7.75,10.04,16,6.01,,,10.32,9.08,7.74
Q5,local,Q,2026-W29,5,2,true,true,9.11,7.94,0.1062,9.04,7.81,8.76,8.62,7.46,,16,6.21,,,10.82,9.54,7.67
Q5,local,Q,2026-W30,5,2,true,true,8.98,7.92,0.1037,8.75,7.62,8.64,8.43,7.61,,16,6.21,,,10.3,8.94,7.52
Q5,local,Q,2026-W31,5,2,true,true,8.83,7.84,0.0971,8.63,7.39,8.56,8.4,7.53,,16,6.27,,,10.24,9.14,7.42
Q5,local,Q,2026-W32,5,2,false,true,9,7.87,0.1102,8.88,7.85,8.81,8.59,7.68,9.65,17,5.79,,,10.67,9.46,6.58
Q5,local,Q,2026-W33,5,2,true,true,9.05,7.86,0.1152,9.1,7.77,8.91,8.4,7.49,9.4,17,6.08,,,10.26,9.07,7.31
Q5,local,Q,2026-W34,5,2,true,true,9.07,8.04,0.1003,9.17,7.9,8.54,8.71,7.77,9.86,17,5.97,,,10.46,8.9,7.57
Q5,local,Q,2026-W35,5,2,true,true,9.1,8.07,0.1013,9.33,7.91,8.65,8.55,7.68,9.68,17,5.83,,,10.47,9.15,7.47
Q5,local,Q,2026-W36,5,2,true,true,9.04,7.95,0.1081,9.33,8.29,8.63,8.3,7.32,9.7,17,6.02,,,10.4,9.18,7.29
Q5,local,Q,2026-W37,4,2,true,true,8.86,7.68,0.1076,8.62,7.24,8.45,8.11,7.21,9.91,17,6.28,6.7,,10.27,9.1,7.51
Q5,local,Q,2026-W38,5,2,true,true,8.7,7.54,0.1197,8.22,7.07,8.43,8.38,7.39,9.51,17,6.07,6.75,,10.38,9.25,7.16
Q5,local,Q,2026-W39,5,2,true,true,8.87,7.72,0.1107,8.7,7.53,8.63,8.31,7.41,9.59,17,6.21,6.73,,11.05,9.85,7.26
Q5,local,Q,2026-W40,5,2,true,false,8.76,7.8,0.0986,8.11,7.14,8.4,8.43,7.45,9.77,17,6.45,6.75,,10.34,8.82,8.23
Q5,local,Q,2026-W41,5,0,true,false,8.83,7.66,0.1164,8.6,7.46,8.54,8.13,7.05,9.78,17,6.62,6.75,17.7,,,
Q50,limited,Q,2026-W17,0,2,false,true,,,,,,,,,,,,,,14.27,12.27,2.31
Q50,limited,Q,2026-W18,5,2,false,false,13.2,11.82,0.0939,,,,13.02,12.21,,13,4.07,,,15.24,13.63,1.77
Q50,limited,Q,2026-W19,5,2,false,true,13.46,12.46,0.0629,,,,11.32,10.21,,12,4.1,,,15.15,13.71,2.09
Q50,limited,Q,2026-W20,5,2,false,true,12.57,11.47,0.0913,10.28,8.82,13.08,12.42,11.72,,15,4.18,,,15.04,13.31,2.16
Q50,limited,Q,2026-W21,5,2,false,false,13.63,12.49,0.0787,,,,12.61,11.26,,13,4.43,,,16,14.3,1.96
Q50,limited,Q,2026-W22,4,2,false,true,13.32,11.98,0.0854,11.5,10.25,13.24,13.5,12.17,,15,3.41,,,16.82,15.71,1.53
Q50,limited,Q,2026-W23,5,2,false,true,13.93,12.76,0.1025,,,,,,15.32,4,3.99,,,15.18,13.6,1.81
Q50,limited,Q,2026-W24,5,1,false,false,13.56,12.34,0.1216,,,,,,,2,4.2,,,17.25,15.57,2.02
Q50,limited,Q,2026-W25,3,2,false,false,13.69,12.67,0.0989,,,,,,,2,4.09,,,15.94,14.18,1.52
Q50,limited,Q,2026-W26,5,2,false,false,12.71,11.72,0.0909,,,,,,,1,4.28,,,14.94,12.89,1.78
Q50,limited,Q,2026-W27,3,2,true,true,14.01,12.74,0.0865,14.23,13.21,13.7,12.82,11.99,15.16,16,4.3,,,16.77,15.5,1.92
Q50,limited,Q,2026-W28,5,2,true,true,14.46,13.18,0.0701,14.39,13.15,14.75,13.59,12.23,14.67,16,4.34,,,16.81,15.3,2.1
Q50,limited,Q,2026-W29,5,2,true,true,14.13,12.79,0.08,13.49,12.06,15.55,12.92,11.73,,16,4.25,,,14.5,13.1,1.95
Q50,limited,Q,2026-W30,5,2,true,true,13.38,12.26,0.0718,13.38,12.19,13.08,12.74,11.57,,16,4.27,,,13.94,12.06,2.27
Q50,limited,Q,2026-W31,5,2,true,true,13.96,12.84,0.0705,13.11,11.98,14.75,12.9,11.82,,16,4.49,,,14.4,12.86,2.1
Q50,limited,Q,2026-W32,5,2,false,true,13.67,12.67,0.0646,13.33,12.31,14.08,12.79,11.61,14.09,17,4.45,,,16.58,14.8,1.85
Q50,limited,Q,2026-W33,5,2,true,true,13.83,12.56,0.0791,13.14,11.99,14.44,13.07,12.04,13.96,17,4.4,,,16.36,15.4,2.12
Q50,limited,Q,2026-W34,5,2,true,true,13.38,12.26,0.071,13.39,12.16,12.32,12.71,11.79,15.28,17,4.3,,,16.49,15.08,2.09
Q50,limited,Q,2026-W35,5,2,true,true,13.78,12.55,0.0775,13.86,12.66,13.46,12.49,11.45,15.12,17,4.42,,,16.65,15.39,2.18
Q50,limited,Q,2026-W36,5,2,true,true,13.81,12.75,0.0698,13.56,12.41,12.83,12.61,11.61,16.45,17,4.15,,,16.15,14.25,2.11
Q50,limited,Q,2026-W37,4,2,true,true,14.07,12.91,0.0746,13.1,12.02,13.23,12.47,11.56,17.16,17,4.18,4.72,,16.76,15.71,2.07
Q50,limited,Q,2026-W38,5,2,true,true,13.33,12.04,0.085,12.36,11.01,13.21,12.23,11.22,14.97,17,4.34,4.73,,16.65,15.15,2.07
Q50,limited,Q,2026-W39,5,2,true,true,13.83,12.73,0.0656,12.85,12.04,12.93,12.32,11.38,17.04,17,4.26,4.73,,17.2,15.87,1.87
Q50,limited,Q,2026-W40,5,2,true,false,14.37,13.09,0.0756,12.66,11.93,13.74,13.35,12.18,17.5,17,4.43,4.73,,16.73,15.29,1.97
Q50,limited,Q,2026-W41,5,0,true,false,14.97,13.44,0.0851,12.38,11.11,15.34,12.29,11.12,18.19,17,4.57,4.73,22.1,,,
Q51,limited,Q,2026-W17,0,2,false,true,,,,,,,,,,,,,,9.82,8.63,2.84
Q51,limited,Q,2026-W18,5,2,false,false,9.4,8.37,0.0926,,,,8.97,7.98,,13,4.1,,,9.73,8.69,3.13
Q51,limited,Q,2026-W19,5,2,false,true,9.04,8.33,0.0716,,,,7.97,7.38,,12,4.49,,,10.03,8.66,3.19
Q51,limited,Q,2026-W20,5,2,false,true,8.96,8.02,0.0941,7.95,7.01,8.94,8.27,7.44,,15,3.75,,,10.29,8.73,2.86
Q51,limited,Q,2026-W21,5,2,false,false,9.26,8.32,0.0833,,,,8.31,7.49,,13,4.2,,,10.5,9.37,3.22
Q51,limited,Q,2026-W22,4,2,false,true,9.33,8.4,0.0831,9.26,8.48,9.26,8.48,7.64,,15,4.27,,,10.05,9.03,2.64
Q51,limited,Q,2026-W23,5,2,false,true,8.99,8.18,0.0791,,,,,,9.6,4,4.35,,,10.27,9.09,3.07
Q51,limited,Q,2026-W24,5,1,false,false,9.02,8.19,0.0802,,,,,,,2,3.88,,,9.79,8.14,3.15
Q51,limited,Q,2026-W25,3,2,false,false,9.11,8.04,0.0779,,,,,,,2,4.18,,,9.64,8.65,3.58
Q51,limited,Q,2026-W26,5,2,false,false,9.39,8.9,0.0672,,,,,,,1,4.25,,,10.59,9.72,2.9
Q51,limited,Q,2026-W27,3,2,true,true,9.47,8.44,0.0842,9.82,8.78,9.4,8.89,8.03,9.46,16,4.24,,,10.25,8.97,3.3
Q51,limited,Q,2026-W28,5,2,true,true,9.63,8.59,0.0825,10,9.15,9.54,8.94,7.94,9.73,16,4.09,,,10.04,8.69,3.42
Q51,limited,Q,2026-W29,5,2,true,true,9.48,8.62,0.0734,10.03,9.12,8.92,8.88,8.01,,16,3.9,,,10.07,8.91,3.39
Q51,limited,Q,2026-W30,5,2,true,true,9.46,8.6,0.0724,9.89,8.93,9.13,8.63,7.91,,16,4.11,,,9.77,8.85,3.1
Q51,limited,Q,2026-W31,5,2,true,true,9.47,8.62,0.0686,9.78,8.9,8.99,8.76,8,,16,4.28,,,9.84,8.89,3.11
Q51,limited,Q,2026-W32,5,2,false,true,9.7,8.77,0.0743,9.95,9.05,8.93,9.33,8.42,10.67,17,4.15,,,9.7,8.68,2.92
Q51,limited,Q,2026-W33,5,2,true,true,9.56,8.65,0.0771,9.88,8.97,9.31,8.94,8.18,9.82,17,4.19,,,9.6,8.65,3.16
Q51,limited,Q,2026-W34,5,2,true,true,9.52,8.61,0.078,10.08,9.15,9.14,8.86,8.2,9.77,17,4.15,,,9.86,8.95,3.18
Q51,limited,Q,2026-W35,5,2,true,true,9.5,8.57,0.0779,9.9,9.11,9.26,8.91,8.18,9.63,17,4.23,,,9.56,8.19,3.09
Q51,limited,Q,2026-W36,5,2,true,true,9.6,8.64,0.0777,10.13,9.04,9.13,9.01,8.26,10.11,17,4.18,,,9.93,8.81,3.36
Q51,limited,Q,2026-W37,4,2,true,true,9.1,8.17,0.0809,9,7.98,8.66,8.51,7.47,10.01,17,4.3,4.07,,9.62,8.54,3.29
Q51,limited,Q,2026-W38,5,2,true,true,8.94,8.1,0.0813,8.78,7.91,8.61,8.33,7.65,9.77,17,4.5,4.07,,9.77,8.68,3.2
Q51,limited,Q,2026-W39,5,2,true,true,9.27,8.47,0.0672,9.08,8.4,8.83,8.51,7.84,10.38,17,4.39,4.07,,10.29,9.12,2.85
Q51,limited,Q,2026-W40,5,2,true,false,9.28,8.44,0.0699,8.98,8.07,9.18,8.4,7.68,10.29,17,4.56,4.07,,9.45,8.35,3.36
Q51,limited,Q,2026-W41,5,0,true,false,9.14,8.19,0.0826,8.68,7.95,8.94,8.64,7.62,9.9,17,4.42,4.07,15.9,,,
Q52+,sbs,Q,2026-W17,0,2,false,true,,,,,,,,,,,,,,14.3,12.55,5.34
Q52+,sbs,Q,2026-W18,5,2,false,false,13.07,11.19,0.1333,,,,12.38,10.61,,13,7.43,,,14.16,12.62,5.29
Q52+,sbs,Q,2026-W19,5,2,false,true,13.21,11.53,0.1094,,,,12.94,11.36,,12,7.21,,,14.14,12.44,5.38
Q52+,sbs,Q,2026-W20,5,2,false,true,13.38,11.95,0.0966,13.29,11.81,12.59,12.9,11.79,,15,7.4,,,13.89,11.77,5.22
Q52+,sbs,Q,2026-W21,5,2,false,false,13.53,11.95,0.1145,,,,12.57,11.18,,13,7.08,,,15.02,13.75,4.99
Q52+,sbs,Q,2026-W22,4,2,false,true,13.78,12.26,0.0987,13.96,12.26,13.27,12.68,11.14,,15,6.68,,,14.58,13.01,4.27
Q52+,sbs,Q,2026-W23,5,2,false,true,13.28,12.17,0.0882,,,,,,14.15,4,6.89,,,14.51,12.85,5.21
Q52+,sbs,Q,2026-W24,5,1,false,false,11.99,10.51,0.0968,,,,,,,2,7.13,,,15.45,13.22,5.19
Q52+,sbs,Q,2026-W25,3,2,false,false,13.42,9.29,0.2588,,,,,,,2,7,,,15.17,14.01,4.74
Q52+,sbs,Q,2026-W26,5,2,false,false,13.25,12.11,0.0765,,,,,,,1,6.64,,,16.42,14.49,4.41
Q52+,sbs,Q,2026-W27,3,2,true,true,13.46,12.17,0.0774,12.92,11.29,13,12.71,11.79,14.76,16,6.72,,,14.99,13.7,5.1
Q52+,sbs,Q,2026-W28,5,2,true,true,13.3,11.69,0.1049,13.77,12.25,12.41,12.88,11.38,14.25,16,6.75,,,15.53,14.09,5
Q52+,sbs,Q,2026-W29,5,2,true,true,13.73,12.2,0.0989,13.04,11.21,13.63,12.79,11.44,,16,6.97,,,13.79,12.32,5.14
Q52+,sbs,Q,2026-W30,5,2,true,true,13.93,12.56,0.0874,13.41,11.75,13.31,12.94,11.45,,16,6.85,,,12.92,11.68,5.13
Q52+,sbs,Q,2026-W31,5,2,true,true,14,12.34,0.1046,13.72,11.93,13.36,13.05,11.51,,16,7.23,,,13.87,12.51,4.99
Q52+,sbs,Q,2026-W32,5,2,false,true,13.3,11.66,0.108,12.52,10.62,13.17,13.19,11.8,14.37,17,6.89,,,14.08,12.84,4.73
Q52+,sbs,Q,2026-W33,5,2,true,true,13.57,11.7,0.1229,13.72,11.61,13.53,12.38,10.72,14.25,17,6.98,,,14.78,13.64,4.43
Q52+,sbs,Q,2026-W34,5,2,true,true,13.67,12.15,0.0998,14.34,12.67,13.25,13.14,11.83,13.59,17,6.73,,,14.57,13.35,4.97
Q52+,sbs,Q,2026-W35,5,2,true,true,14.31,12.7,0.0977,14.76,13.17,13.92,13.52,12.06,14.9,17,6.75,,,14.96,13.65,5.19
Q52+,sbs,Q,2026-W36,5,2,true,true,13.61,12.02,0.1014,13.67,11.92,13.1,12.86,11.35,14.59,17,6.98,,,14.69,13.13,5.2
Q52+,sbs,Q,2026-W37,4,2,true,true,13.7,12.12,0.1033,13.44,12.3,13.04,13.25,11.62,14.94,17,7.05,7.01,,14.04,12.59,5.44
Q52+,sbs,Q,2026-W38,5,2,true,true,13.53,11.9,0.1065,13.73,12.08,12.73,13.44,12.06,14.42,17,7.03,7.01,,14.19,12.72,4.64
Q52+,sbs,Q,2026-W39,5,2,true,true,13.6,11.97,0.1029,13.79,11.74,13.14,12.89,11.39,14.61,17,7.14,7.01,,14.56,13.3,5.06
Q52+,sbs,Q,2026-W40,5,2,true,false,13.44,11.93,0.1042,12.82,11.61,13.09,13.39,12.26,14.35,17,6.94,7.01,,14.73,13.51,5.68
Q52+,sbs,Q,2026-W41,5,0,true,false,13.82,12.16,0.1084,14.23,12.27,13.62,12.68,11.22,13.67,17,7.05,7.01,22.2,,,
Q53+,sbs,Q,2026-W17,0,2,false,true,,,,,,,,,,,,,,13.2,11.95,11.02
Q53+,sbs,Q,2026-W18,5,2,false,false,12.03,10.69,0.0924,,,,11.64,10.26,,13,14.38,,,12.26,11.15,11.24
Q53+,sbs,Q,2026-W19,5,2,false,true,12.08,10.79,0.0966,,,,11.38,10.12,,12,15.05,,,11.72,10.32,11.55
Q53+,sbs,Q,2026-W20,5,2,false,true,11.99,10.72,0.0983,12.14,10.48,11.52,11.47,10.36,,15,14.71,,,11.79,10.53,11.42
Q53+,sbs,Q,2026-W21,5,2,false,false,12.25,10.96,0.0934,,,,11.38,10.18,,13,14.9,,,12.83,11.4,11.24
Q53+,sbs,Q,2026-W22,4,2,false,true,12.41,11.12,0.0887,12.58,11.49,12.21,11.4,10.1,,15,14.57,,,12.45,11.07,10.89
Q53+,sbs,Q,2026-W23,5,2,false,true,12.55,11.09,0.0973,,,,,,13.02,4,13.95,,,12.62,11.13,10.7
Q53+,sbs,Q,2026-W24,5,1,false,false,12.73,11.29,0.0957,,,,,,,2,13.83,,,13.09,11.75,10.42
Q53+,sbs,Q,2026-W25,3,2,false,false,12.48,11.04,0.086,,,,,,,2,14.09,,,12.14,10.97,12.46
Q53+,sbs,Q,2026-W26,5,2,false,false,12.67,11.37,0.0796,,,,,,,1,14.41,,,12.64,10.84,11.82
Q53+,sbs,Q,2026-W27,3,2,true,true,12.5,11.12,0.092,13.29,11.82,11.84,11.88,10.39,12.96,16,14.45,,,13.26,11.74,14.03
Q53+,sbs,Q,2026-W28,5,2,true,true,12.59,11.24,0.0926,13.16,11.76,12.34,11.42,10,12.97,16,14.41,,,12.67,11.16,14.01
Q53+,sbs,Q,2026-W29,5,2,true,true,12.53,11.14,0.0952,13.25,11.63,11.93,11.58,10.12,,16,14.48,,,12.93,11.58,14.18
Q53+,sbs,Q,2026-W30,5,2,true,true,12.48,11.16,0.0889,13.15,11.76,12.26,11.4,10.34,,16,14.36,,,12.44,11.21,14.23
Q53+,sbs,Q,2026-W31,5,2,true,true,12.37,11.18,0.0822,13.03,11.9,11.79,11.91,10.64,,16,14.35,,,12.78,11.46,14.09
Q53+,sbs,Q,2026-W32,5,2,false,true,12.59,11.35,0.0862,13.33,12.01,12.37,11.91,10.54,12.45,17,14.09,,,12.19,10.88,14.25
Q53+,sbs,Q,2026-W33,5,2,true,true,12.46,11.16,0.0881,13.51,12.04,12.19,11.33,9.96,12.45,17,13.91,,,12.75,11.35,13.6
Q53+,sbs,Q,2026-W34,5,2,true,true,12.34,11.02,0.0924,13.03,11.53,11.98,11.32,10.15,12.67,17,13.83,,,12.89,11.51,13.45
Q53+,sbs,Q,2026-W35,5,2,true,true,12.5,11.17,0.0914,13.1,11.62,12.29,11.53,10.22,12.6,17,13.8,,,12.89,11.56,13.49
Q53+,sbs,Q,2026-W36,5,2,true,true,12.27,11.04,0.0829,13.13,11.83,11.93,10.95,9.87,12.51,17,13.38,,,12.76,11.37,11.91
Q53+,sbs,Q,2026-W37,4,2,true,true,12.06,10.83,0.0852,12.87,11.51,11.6,10.9,9.79,12.67,17,13.72,14.01,,12.49,11.38,11.2
Q53+,sbs,Q,2026-W38,5,2,true,true,12.2,10.91,0.0903,12.43,11.16,11.97,11.37,10.22,12.61,17,13.89,14.01,,13.04,11.78,10.65
Q53+,sbs,Q,2026-W39,5,2,true,true,12.33,11.22,0.0736,12.79,11.7,11.88,11.47,10.43,12.98,17,13.6,14.01,,13.07,11.75,10.69
Q53+,sbs,Q,2026-W40,5,2,true,false,12.26,11.13,0.0818,12.26,11.06,11.78,11.31,10.25,13.35,17,13.86,14.01,,12.9,11.54,10.71
Q53+,sbs,Q,2026-W41,5,0,true,false,12.37,11.15,0.0838,12.58,11.22,12.05,11.45,10.42,12.94,17,14.25,14.01,26.2,,,
Q54,local,Q,2026-W17,0,2,false,true,,,,,,,,,,,,,,8.92,8.14,6.53
Q54,local,Q,2026-W18,5,2,false,false,8.01,7.27,0.0786,,,,7.16,6.45,,13,16.03,,,8.8,7.96,7.54
Q54,local,Q,2026-W19,5,2,false,true,8.08,7.29,0.0757,,,,7.08,6.36,,12,16.01,,,8.5,7.59,7.58
Q54,local,Q,2026-W20,5,2,false,true,7.97,7.26,0.0774,7.33,6.55,7.62,7.12,6.46,,15,16.05,,,8.78,7.78,6.96
Q54,local,Q,2026-W21,5,2,false,false,7.88,7.11,0.0806,,,,7.03,6.35,,13,16.42,,,9.11,8.23,6.86
Q54,local,Q,2026-W22,4,2,false,true,8.11,7.29,0.0866,7.66,7.01,7.79,7.32,6.59,,15,15.12,,,8.65,7.66,7.51
Q54,local,Q,2026-W23,5,2,false,true,7.8,6.92,0.0932,,,,,,9.01,4,16.09,,,8.39,7.53,7.05
Q54,local,Q,2026-W24,5,1,false,false,8.17,7.34,0.0788,,,,,,,2,15.58,,,8.7,7.59,6.42
Q54,local,Q,2026-W25,3,2,false,false,8.15,7.12,0.0956,,,,,,,2,15.5,,,8.09,7.1,7.13
Q54,local,Q,2026-W26,5,2,false,false,7.47,6.77,0.0887,,,,,,,1,15.22,,,9.4,8.2,7.26
Q54,local,Q,2026-W27,3,2,true,true,8.19,7.45,0.0723,8.03,7.24,7.78,7.47,6.67,9.21,16,14.83,,,9.66,8.58,6.83
Q54,local,Q,2026-W28,5,2,true,true,8.06,7.24,0.0859,7.71,6.88,7.67,7.27,6.42,9.26,16,15.02,,,8.87,7.9,7.3
Q54,local,Q,2026-W29,5,2,true,true,8.1,7.3,0.085,8,7.2,7.59,7.17,6.27,,16,14.94,,,8.76,7.93,7.15
Q54,local,Q,2026-W30,5,2,true,true,8.13,7.33,0.0805,8.09,7.36,7.6,7.24,6.48,,16,14.53,,,8.65,7.84,6.82
Q54,local,Q,2026-W31,5,2,true,true,8,7.2,0.082,7.84,6.97,7.59,7.08,6.29,,16,14.79,,,8.86,7.87,6.99
Q54,local,Q,2026-W32,5,2,false,true,8.13,7.38,0.0757,7.77,6.99,7.73,7.21,6.53,9.21,17,14.54,,,8.97,8.02,7.1
Q54,local,Q,2026-W33,5,2,true,true,8.3,7.45,0.0858,8.2,7.36,7.8,7.35,6.46,9.51,17,14.28,,,9.01,8.08,6.99
Q54,local,Q,2026-W34,5,2,true,true,8.19,7.35,0.0878,8.3,7.35,7.87,7.3,6.53,9.03,17,14.34,,,8.84,8.04,6.7
Q54,local,Q,2026-W35,5,2,true,true,8.25,7.43,0.0855,8.1,7.25,7.85,7.42,6.55,9.43,17,14.27,,,8.79,7.85,7.35
Q54,local,Q,2026-W36,5,2,true,true,8.02,7.11,0.0943,8.03,7.18,7.64,7.1,6.34,8.99,17,14.73,,,8.85,7.84,6.82
Q54,local,Q,2026-W37,4,2,true,true,7.87,7.11,0.0816,7.6,6.85,7.44,6.71,5.91,9.27,17,15.39,16.08,,8.62,7.67,6.7
Q54,local,Q,2026-W38,5,2,true,true,7.88,7.13,0.0801,7.56,6.87,7.29,6.82,6.1,9.57,17,16.03,16.32,,8.62,7.8,7.46
Q54,local,Q,2026-W39,5,2,true,true,7.98,7.22,0.0783,7.48,6.69,7.47,7.13,6.34,9.48,17,15.78,16.22,,9.46,8.63,6.56
Q54,local,Q,2026-W40,5,2,true,false,7.95,7.19,0.0813,7.75,7.08,7.49,7.13,6.32,9.17,17,16.17,16.32,,8.6,7.49,7.58
Q54,local,Q,2026-W41,5,0,true,false,7.75,6.96,0.0849,7.47,6.88,7.38,6.82,6.07,8.89,17,15.88,16.32,15,,,
Q55,local,Q,2026-W17,0,2,false,true,,,,,,,,,,,,,,9.06,8.25,2.93
Q55,local,Q,2026-W18,5,2,false,false,8.36,7.52,0.0815,,,,8.18,7.4,,13,5.63,,,8.99,8.09,3.65
Q55,local,Q,2026-W19,5,2,false,true,7.86,7,0.0982,,,,7.38,6.88,,12,5.43,,,9.05,7.93,3.51
Q55,local,Q,2026-W20,5,2,false,true,8.01,7.25,0.0879,6.65,6.07,7.82,7.55,6.69,,15,5.72,,,9.46,8.3,3.62
Q55,local,Q,2026-W21,5,2,false,false,7.66,6.78,0.0985,,,,6.41,5.53,,13,6.03,,,8.99,8.15,3.63
Q55,local,Q,2026-W22,4,2,false,true,8.15,7.24,0.0933,7.96,6.98,7.73,7.38,6.5,,15,5.34,,,8.9,7.76,3.54
Q55,local,Q,2026-W23,5,2,false,true,7.56,6.81,0.0914,,,,,,8.68,4,5.12,,,8.57,7.56,3.46
Q55,local,Q,2026-W24,5,1,false,false,7.51,6.69,0.0867,,,,,,,2,5.25,,,8.7,7.97,2.81
Q55,local,Q,2026-W25,3,2,false,false,7.66,6.89,0.0747,,,,,,,2,6.32,,,8.8,7.65,3.77
Q55,local,Q,2026-W26,5,2,false,false,8.38,6.55,0.1206,,,,,,,1,5.19,,,8.88,8.21,3.33
Q55,local,Q,2026-W27,3,2,true,true,8.35,7.45,0.0861,8.5,7.58,7.87,8.06,7.25,9.01,16,5.4,,,9.78,8.71,3.36
Q55,local,Q,2026-W28,5,2,true,true,8.42,7.59,0.0845,8.37,7.42,8,7.96,7.11,9.27,16,5.62,,,9.02,7.83,3.36
Q55,local,Q,2026-W29,5,2,true,true,8.19,7.29,0.0929,8.39,7.36,7.64,7.58,6.82,,16,5.26,,,9.46,8.58,3.31
Q55,local,Q,2026-W30,5,2,true,true,8.19,7.36,0.0896,8.1,7.28,7.92,7.38,6.57,,16,5.39,,,9.17,8.27,3.38
Q55,local,Q,2026-W31,5,2,true,true,8.3,7.4,0.0909,8.22,7.37,8.07,7.49,6.79,,16,5.38,,,9.18,8.03,3.52
Q55,local,Q,2026-W32,5,2,false,true,8.12,7.21,0.099,7.98,6.94,7.77,7.45,6.31,9.12,17,5.38,,,9.21,8.18,3.44
Q55,local,Q,2026-W33,5,2,true,true,8.57,7.59,0.0986,8.31,7.29,8.56,7.66,6.72,9.45,17,5.44,,,9.39,8.37,3.5
Q55,local,Q,2026-W34,5,2,true,true,8.32,7.52,0.0815,7.88,7.18,7.81,7.86,7.09,9.6,17,5.53,,,9.18,8.3,3.39
Q55,local,Q,2026-W35,5,2,true,true,8.38,7.58,0.0786,8.25,7.3,7.92,7.5,6.73,9.57,17,5.58,,,9.1,8.05,3.54
Q55,local,Q,2026-W36,5,2,true,true,8.45,7.56,0.0855,8.17,7.37,7.98,7.54,6.71,9.84,17,5.37,,,9.28,8.15,3.46
Q55,local,Q,2026-W37,4,2,true,true,7.95,7.1,0.0908,7.95,6.91,7.6,6.92,6.26,9.1,17,5.68,6.21,,8.89,8.01,3.47
Q55,local,Q,2026-W38,5,2,true,true,8.06,7.19,0.091,7.51,6.67,7.65,6.83,6.04,9.82,17,5.77,6.22,,8.86,8.06,3.57
Q55,local,Q,2026-W39,5,2,true,true,8.06,7.22,0.0907,8.01,7.22,7.66,7.04,6.03,9.3,17,5.8,6.22,,9.14,8.33,3.46
Q55,local,Q,2026-W40,5,2,true,false,8.07,7.18,0.0915,7.9,6.77,7.84,6.99,6.19,9.22,17,5.65,6.22,,9.22,7.21,3.18
Q55,local,Q,2026-W41,5,0,true,false,7.83,6.97,0.0946,7.09,6.23,7.53,7.18,6.29,9.22,17,5.81,6.22,18,,,
Q56,local,Q,2026-W17,0,2,false,true,,,,,,,,,,,,,,8.41,7.69,4.94
Q56,local,Q,2026-W18,5,2,false,false,7.14,6.37,0.0966,,,,5.99,5.37,,13,7.69,,,8.11,7.28,5.1
Q56,local,Q,2026-W19,5,2,false,true,7.16,6.58,0.0654,,,,5.85,5.4,,12,7.09,,,8.71,7.66,5.3
Q56,local,Q,2026-W20,5,2,false,true,7.5,6.69,0.0916,7.59,6.79,7.27,6.44,5.82,,15,7.95,,,8.09,7.21,5.42
Q56,local,Q,2026-W21,5,2,false,false,7.36,6.6,0.0948,,,,6.73,6.08,,13,7.18,,,8.75,7.89,4.96
Q56,local,Q,2026-W22,4,2,false,true,7.42,6.54,0.0986,7.35,6.67,7.35,6.21,5.43,,15,7.43,,,8.09,7.18,4.8
Q56,local,Q,2026-W23,5,2,false,true,7.46,6.57,0.081,,,,,,8.35,4,7.67,,,7.48,6.46,4.52
Q56,local,Q,2026-W24,5,1,false,false,7.61,6.93,0.075,,,,,,,2,8.18,,,8.44,7.71,4.19
Q56,local,Q,2026-W25,3,2,false,false,6.74,6.42,0.0857,,,,,,,2,8.01,,,8.22,6.76,5.13
Q56,local,Q,2026-W26,5,2,false,false,7.54,6.96,0.0885,,,,,,,1,7.46,,,8.88,7.27,5.06
Q56,local,Q,2026-W27,3,2,true,true,7.63,6.8,0.0938,7.57,6.73,7.21,6.99,6.16,8.51,16,7.06,,,8.81,7.89,5.09
Q56,local,Q,2026-W28,5,2,true,true,7.55,6.69,0.096,7.56,6.88,7.17,6.67,5.8,8.53,16,7.5,,,8.05,7.1,4.72
Q56,local,Q,2026-W29,5,2,true,true,7.41,6.65,0.0923,7.34,6.69,7.2,6.51,5.72,,16,7.75,,,8.39,7.5,5.26
Q56,local,Q,2026-W30,5,2,true,true,7.62,6.89,0.0799,7.69,6.98,7.3,6.55,5.83,,16,7.6,,,8,7.22,5.69
Q56,local,Q,2026-W31,5,2,true,true,7.41,6.59,0.0941,7.56,6.7,7.14,6.3,5.52,,16,8.03,,,8.4,7.63,5.24
Q56,local,Q,2026-W32,5,2,false,true,7.53,6.73,0.0922,7.69,6.97,7.22,6.59,5.78,8.44,17,7.83,,,8.18,7.29,5.18
Q56,local,Q,2026-W33,5,2,true,true,7.47,6.66,0.0924,7.71,6.94,7.25,6.67,5.81,7.82,17,7.42,,,8.01,7.24,4.8
Q56,local,Q,2026-W34,5,2,true,true,7.48,6.69,0.0916,7.85,7.11,7.28,6.47,5.66,8.01,17,7.45,,,8.28,7.5,4.74
Q56,local,Q,2026-W35,5,2,true,true,7.72,6.89,0.0931,7.84,7.14,7.31,6.85,6.09,8.65,17,7.45,,,8.34,7.44,5.07
Q56,local,Q,2026-W36,5,2,true,true,7.61,6.89,0.0814,7.77,7.12,7.39,6.76,6.05,8.17,17,7.65,,,8.12,7.22,5.63
Q56,local,Q,2026-W37,4,2,true,true,7.36,6.56,0.0904,7.22,6.48,6.97,6.53,5.86,8.44,17,7.64,9.25,,8.26,7.42,5.49
Q56,local,Q,2026-W38,5,2,true,true,7.27,6.46,0.095,6.81,6.04,6.92,6.38,5.6,8.54,17,7.81,9.25,,8.42,7.54,5.47
Q56,local,Q,2026-W39,5,2,true,true,7.36,6.59,0.0856,7.13,6.31,6.86,6.45,5.78,8.66,17,7.31,9.25,,8.66,7.81,5.15
Q56,local,Q,2026-W40,5,2,true,false,7.33,6.5,0.1,6.85,6.24,7.05,6.39,5.31,8.47,17,7.49,9.25,,8,6.39,5.08
Q56,local,Q,2026-W41,5,0,true,false,7.21,6.43,0.0974,7.02,6.4,6.84,6.51,5.74,8.14,17,7.58,9.25,13,,,
Q58,local,Q,2026-W17,0,2,false,true,,,,,,,,,,,,,,8.16,7.22,12.23
Q58,local,Q,2026-W18,5,2,false,false,7.59,6.65,0.1118,,,,6.72,5.7,,13,17.44,,,8.26,7.38,12.7
Q58,local,Q,2026-W19,5,2,false,true,7.38,6.6,0.0849,,,,6.4,5.87,,12,18.22,,,8.1,7.1,13.77
Q58,local,Q,2026-W20,5,2,false,true,7.56,6.78,0.0906,6.9,6.3,7.32,6.88,6.23,,15,18.77,,,7.92,6.85,12.7
Q58,local,Q,2026-W21,5,2,false,false,7.56,6.62,0.1086,,,,6.82,5.98,,13,17.79,,,8.32,6.92,12.6
Q58,local,Q,2026-W22,4,2,false,true,7.59,6.72,0.0987,7.13,6.4,7.4,7.04,6.25,,15,18.57,,,8.23,7.24,13.06
Q58,local,Q,2026-W23,5,2,false,true,7.6,6.67,0.1213,,,,,,8.3,4,17.04,,,7.43,6.3,13.92
Q58,local,Q,2026-W24,5,1,false,false,8,6.95,0.1134,,,,,,,2,16.75,,,8.54,7.62,9.6
Q58,local,Q,2026-W25,3,2,false,false,7.54,6.58,0.107,,,,,,,2,17.26,,,7.72,6.83,12.41
Q58,local,Q,2026-W26,5,2,false,false,7.7,7.06,0.0678,,,,,,,1,18.16,,,8.68,7.86,12.09
Q58,local,Q,2026-W27,3,2,true,true,7.65,6.8,0.0941,7.65,6.88,7.46,7.02,6.25,8.15,16,17.6,,,8.74,7.69,12.93
Q58,local,Q,2026-W28,5,2,true,true,7.75,6.84,0.0961,8.11,7.38,7.45,7.08,6.27,8.16,16,17.59,,,8.36,7.35,13.99
Q58,local,Q,2026-W29,5,2,true,true,7.85,6.94,0.0973,7.95,7.23,7.54,7.12,6.28,,16,17.52,,,8.29,7.38,12.51
Q58,local,Q,2026-W30,5,2,true,true,7.81,6.95,0.0914,8.1,7.32,7.37,6.98,6.27,,16,17.92,,,8.14,7.24,11.95
Q58,local,Q,2026-W31,5,2,true,true,7.89,7.04,0.0825,8.09,7.32,7.64,7.03,6.27,,16,18.05,,,8.31,7.3,13.84
Q58,local,Q,2026-W32,5,2,false,true,8,7.09,0.0964,7.99,7.2,7.66,7.2,6.36,8.63,17,17.88,,,8.39,7.39,13.44
Q58,local,Q,2026-W33,5,2,true,true,7.9,7.06,0.0873,8.23,7.42,7.62,7.14,6.41,8.31,17,18.3,,,8.3,7.41,13.85
Q58,local,Q,2026-W34,5,2,true,true,7.99,7.17,0.0834,8.28,7.53,7.78,7.3,6.59,8.44,17,17.5,,,8.04,7.17,13.35
Q58,local,Q,2026-W35,5,2,true,true,7.88,6.99,0.0938,8.27,7.4,7.49,7.32,6.47,8.37,17,18.09,,,8.13,7.15,13.53
Q58,local,Q,2026-W36,5,2,true,true,7.59,6.54,0.1179,8.16,7.14,7.45,6.43,5.45,7.92,17,18.67,,,8.06,7.02,14.07
Q58,local,Q,2026-W37,4,2,true,true,7.34,6.46,0.1003,7.34,6.44,7.03,6.4,5.58,8.21,17,17.35,17.96,,7.78,6.76,12.9
Q58,local,Q,2026-W38,5,2,true,true,7.57,6.78,0.0873,7.08,6.4,7.42,6.83,6.11,8.48,17,18.95,18.18,,7.92,7.07,14.13
Q58,local,Q,2026-W39,5,2,true,true,7.71,6.91,0.082,7.53,6.77,7.44,6.89,6.26,8.63,17,18.71,18.09,,8.6,7.74,13.3
Q58,local,Q,2026-W40,5,2,true,false,7.4,6.58,0.1008,7.51,6.81,7.29,6.91,6.27,7.67,17,19.01,18.18,,7.81,6.72,13.41
Q58,local,Q,2026-W41,5,0,true,false,7.76,6.96,0.0832,7.23,6.6,7.58,6.98,6.23,8.84,17,18.49,18.18,19.2,,,
Q59,local,Q,2026-W17,0,2,false,true,,,,,,,,,,,,,,7.99,7.03,4.93
Q59,local,Q,2026-W18,5,2,false,false,7.33,6.59,0.0818,,,,6.81,6.25,,13,7.84,,,8.14,7.23,5.4
Q59,local,Q,2026-W19,5,2,false,true,7.34,6.65,0.0804,,,,6.72,6.25,,12,7.63,,,7.88,7.03,5.93
Q59,local,Q,2026-W20,5,2,false,true,7.29,6.59,0.0824,6.57,5.94,7,6.6,5.89,,15,7.71,,,8.11,7.31,5.16
Q59,local,Q,2026-W21,5,2,false,false,7.35,6.51,0.0957,,,,6.85,5.93,,13,7.67,,,8.45,7.34,5.36
Q59,local,Q,2026-W22,4,2,false,true,7.3,6.5,0.0962,7.12,6.26,7.06,6.8,5.84,,15,7.89,,,8.35,7.4,5.62
Q59,local,Q,2026-W23,5,2,false,true,6.94,6.08,0.0881,,,,,,7.83,4,7.53,,,8.16,7.26,4.89
Q59,local,Q,2026-W24,5,1,false,false,6.89,6.26,0.0846,,,,,,,2,7.23,,,9.19,8.6,5.21
Q59,local,Q,2026-W25,3,2,false,false,6.89,6,0.0941,,,,,,,2,8.01,,,8.6,7.79,6.1
Q59,local,Q,2026-W26,5,2,false,false,6.17,5.48,0.1135,,,,,,,1,7.66,,,8.86,8.14,5.4
Q59,local,Q,2026-W27,3,2,true,true,7.71,6.88,0.0859,7.36,6.78,7.31,7.23,6.42,8.75,16,7.76,,,9.16,8.11,5.31
Q59,local,Q,2026-W28,5,2,true,true,7.44,6.66,0.0826,7.32,6.52,7.2,6.87,6.03,8.12,16,7.97,,,8.54,7.6,5.78
Q59,local,Q,2026-W29,5,2,true,true,7.48,6.63,0.0974,7.55,6.5,7.13,6.8,6.03,,16,7.62,,,8.29,7.5,5.26
Q59,local,Q,2026-W30,5,2,true,true,7.57,6.8,0.0883,7.56,6.82,7.09,6.88,6.14,,16,7.66,,,8.32,7.5,5.72
Q59,local,Q,2026-W31,5,2,true,true,7.4,6.66,0.0872,7.13,6.38,7.05,6.9,6.11,,16,7.64,,,8.52,7.54,5.8
Q59,local,Q,2026-W32,5,2,false,true,7.49,6.75,0.0846,7.36,6.76,7.27,6.69,5.98,8.43,17,7.63,,,8.94,7.98,5.26
Q59,local,Q,2026-W33,5,2,true,true,7.61,6.83,0.0872,7.68,6.82,7.35,6.84,6.13,8.33,17,7.41,,,8.67,7.85,5.44
Q59,local,Q,2026-W34,5,2,true,true,7.65,6.89,0.0821,7.53,6.78,7.38,6.86,6.18,8.62,17,7.61,,,8.79,7.96,5.77
Q59,local,Q,2026-W35,5,2,true,true,7.65,6.89,0.0782,7.56,6.86,7.27,6.89,6.23,8.69,17,7.46,,,8.17,7.28,6.03
Q59,local,Q,2026-W36,5,2,true,true,7.37,6.57,0.0884,7.38,6.46,6.96,6.67,5.83,8.28,17,7.41,,,8.68,7.8,5.62
Q59,local,Q,2026-W37,4,2,true,true,7.08,6.29,0.0935,6.98,6.22,6.89,6.29,5.54,7.88,17,7.18,7.89,,8.41,7.58,5.6
Q59,local,Q,2026-W38,5,2,true,true,7.24,6.48,0.0871,6.92,6.17,7,6.44,5.8,8.23,17,7.62,7.89,,8.04,7.27,5.6
Q59,local,Q,2026-W39,5,2,true,true,7.24,6.55,0.0839,7.04,6.32,6.85,6.66,5.99,8.24,17,7.78,7.89,,8.91,8.06,5.69
Q59,local,Q,2026-W40,5,2,true,false,7.38,6.51,0.1022,7.35,6.63,7.18,6.5,5.49,8.11,17,7.74,7.89,,8.13,7.36,5.42
Q59,local,Q,2026-W41,5,0,true,false,7.22,6.47,0.0868,6.93,6.2,7.09,6.48,5.78,7.97,17,7.84,7.89,13.8,,,
Q60,local,Q,2026-W17,0,2,false,true,,,,,,,,,,,,,,8.84,7.5,12.07
Q60,local,Q,2026-W18,5,2,false,false,8.11,7.04,0.1175,,,,7.36,6.41,,13,18.49,,,8.69,7.4,12.78
Q60,local,Q,2026-W19,5,2,false,true,7.87,6.88,0.1096,,,,6.78,5.89,,12,17.98,,,8.38,7.02,12.84
Q60,local,Q,2026-W20,5,2,false,true,7.87,6.73,0.1281,7.17,5.93,7.47,7.16,6.15,,15,18.17,,,9.17,7.74,12.93
Q60,local,Q,2026-W21,5,2,false,false,8.05,6.69,0.1469,,,,7.56,6.28,,13,16.66,,,9.28,7.62,12.61
Q60,local,Q,2026-W22,4,2,false,true,8.15,6.87,0.1351,7.89,6.67,7.55,7.87,6.55,,15,16.64,,,8.49,7.14,12.6
Q60,local,Q,2026-W23,5,2,false,true,8.07,6.9,0.124,,,,,,9.09,4,17.15,,,8.34,7.05,13.11
Q60,local,Q,2026-W24,5,1,false,false,8.32,7.15,0.1388,,,,,,,2,17.73,,,9.09,7.78,11.47
Q60,local,Q,2026-W25,3,2,false,false,8.15,6.39,0.2022,,,,,,,2,17.51,,,8.99,7.29,12.99
Q60,local,Q,2026-W26,5,2,false,false,8.15,7.07,0.1215,,,,,,,1,17.87,,,8.52,6.6,11.07
Q60,local,Q,2026-W27,3,2,true,true,8.28,7.07,0.1197,8.3,6.99,7.78,7.64,6.35,9.14,16,17.56,,,9.35,7.81,12.16
Q60,local,Q,2026-W28,5,2,true,true,8.28,7.06,0.1256,8.68,7.45,7.76,7.51,6.24,8.99,16,17.49,,,9.19,7.68,12.46
Q60,local,Q,2026-W29,5,2,true,true,8.15,6.92,0.1299,8.1,6.91,7.54,7.49,6.08,,16,17.04,,,9.02,7.71,12.08
Q60,local,Q,2026-W30,5,2,true,true,8.12,6.91,0.1254,8.38,7.13,7.71,7.33,6.23,,16,16.77,,,8.74,7.48,12.41
Q60,local,Q,2026-W31,5,2,true,true,8.23,7.03,0.1188,8.1,6.89,7.77,7.58,6.36,,16,17.36,,,9.19,7.7,12.45
Q60,local,Q,2026-W32,5,2,false,true,8.21,7.12,0.1115,8.23,7.24,7.75,7.45,6.3,8.94,17,17.05,,,9.23,7.84,11.81
Q60,local,Q,2026-W33,5,2,true,true,8.42,7.2,0.1207,8.45,7.27,7.9,7.7,6.47,9.3,17,17.49,,,9.19,7.68,12.38
Q60,local,Q,2026-W34,5,2,true,true,8.35,7.17,0.1174,8.3,7.07,7.88,7.75,6.57,9.19,17,17.25,,,9.16,7.82,12.43
Q60,local,Q,2026-W35,5,2,true,true,8.41,7.16,0.123,8.29,7.11,8.04,7.72,6.54,9.35,17,17.1,,,9.07,7.59,12.64
Q60,local,Q,2026-W36,5,2,true,true,8.36,7.08,0.1251,8.18,7.11,7.78,7.75,6.64,9.42,17,17.54,,,9.06,7.62,12.58
Q60,local,Q,2026-W37,4,2,true,true,7.98,6.77,0.1235,7.74,6.54,7.48,7.15,6.06,9.21,17,18.32,18.29,,8.77,7.48,12.66
Q60,local,Q,2026-W38,5,2,true,true,7.94,6.8,0.1222,7.21,6.17,7.43,7.43,6.31,9.4,17,18.52,18.29,,8.83,7.46,12.64
Q60,local,Q,2026-W39,5,2,true,true,7.99,6.87,0.1161,7.49,6.41,7.47,7.31,6.29,9.38,17,18.24,18.29,,9.29,8.01,12.12
Q60,local,Q,2026-W40,5,2,true,false,7.99,6.83,0.1238,7.74,6.68,7.57,7.26,6.29,9.12,17,18.21,18.29,,9.02,7.78,12.96
Q60,local,Q,2026-W41,5,0,true,false,7.96,6.79,0.1233,7.72,6.56,7.53,7.15,6.08,9.06,17,18.01,18.29,17.9,,,
Q61,local,Q,2026-W17,0,2,false,true,,,,,,,,,,,,,,9.82,9.15,2.81
Q61,local,Q,2026-W18,5,2,false,false,9.08,8.13,0.0944,,,,8.54,7.88,,13,4,,,9.67,8.81,2.95
Q61,local,Q,2026-W19,5,2,false,true,9.38,8.54,0.0876,,,,8.4,7.38,,12,4.02,,,9.8,9.13,2.93
Q61,local,Q,2026-W20,5,2,false,true,8.89,7.91,0.0895,8.76,7.9,8.2,8.22,7.47,,15,4.16,,,9.6,8.54,2.98
Q61,local,Q,2026-W21,5,2,false,false,9.06,8.24,0.0783,,,,8.54,7.84,,13,4.33,,,9.56,8.8,2.78
Q61,local,Q,2026-W22,4,2,false,true,9.16,8.32,0.0806,9.11,8.51,8.78,8.55,7.64,,15,4.25,,,9.67,8.63,2.74
Q61,local,Q,2026-W23,5,2,false,true,9.63,8.83,0.0629,,,,,,10.3,4,4.41,,,10.2,9.33,2.33
Q61,local,Q,2026-W24,5,1,false,false,8.13,7.18,0.119,,,,,,,2,4.22,,,9.95,9.03,2.9
Q61,local,Q,2026-W25,3,2,false,false,8.19,7.09,0.1065,,,,,,,2,4.53,,,9.33,8.49,2.45
Q61,local,Q,2026-W26,5,2,false,false,8.52,8.46,0.0229,,,,,,,1,4.16,,,9.44,7.88,3.35
Q61,local,Q,2026-W27,3,2,true,true,9.31,8.39,0.0774,9.4,8.37,9.08,8.87,7.88,9.7,16,4.47,,,9.99,9.14,2.86
Q61,local,Q,2026-W28,5,2,true,true,9.12,8.09,0.0924,8.84,7.8,9.14,8.51,7.46,9.53,16,4.43,,,9.61,8.68,2.85
Q61,local,Q,2026-W29,5,2,true,true,9.16,8.25,0.0804,8.43,7.63,9.11,8.85,7.85,,16,4.27,,,9.74,8.83,2.51
Q61,local,Q,2026-W30,5,2,true,true,8.97,8.11,0.0844,8.75,7.83,8.73,8.66,7.77,,16,4.51,,,9.49,8.58,3.01
Q61,local,Q,2026-W31,5,2,true,true,8.92,7.92,0.0936,8.63,7.67,8.81,8.82,7.91,,16,4.49,,,9.62,8.88,3
Q61,local,Q,2026-W32,5,2,false,true,8.96,8.13,0.0829,8.51,7.59,8.84,8.54,7.7,9.59,17,4.53,,,9.95,9.04,2.86
Q61,local,Q,2026-W33,5,2,true,true,9.16,8.28,0.0832,9,7.99,8.99,8.59,7.67,9.65,17,4.43,,,9.57,8.79,2.79
Q61,local,Q,2026-W34,5,2,true,true,9.06,8.25,0.0746,9.04,8.16,8.52,8.71,7.82,9.85,17,4.41,,,9.69,8.77,2.85
Q61,local,Q,2026-W35,5,2,true,true,9.12,8.35,0.0729,9.05,8.26,8.56,8.61,7.8,10.03,17,4.28,,,9.94,9.03,2.52
Q61,local,Q,2026-W36,5,2,true,true,9.14,8.32,0.0729,9.33,8.33,8.63,8.51,7.73,9.95,17,4.53,,,9.85,9.08,2.87
Q61,local,Q,2026-W37,4,2,true,true,9.26,8.38,0.0793,8.87,7.95,8.99,9.09,8.11,9.86,17,4.26,4.46,,9.53,8.66,2.41
Q61,local,Q,2026-W38,5,2,true,true,9.28,8.38,0.0817,8.88,8.02,8.98,9.06,8.15,10.04,17,4.37,4.46,,9.94,8.95,2.64
Q61,local,Q,2026-W39,5,2,true,true,9.16,8.17,0.087,9.08,8.19,8.73,9.05,8.17,9.66,17,4.08,4.46,,10.23,9.37,2.68
Q61,local,Q,2026-W40,5,2,true,false,9.35,8.4,0.0891,9.02,8.18,8.89,8.98,8.14,10.41,17,4.22,4.46,,9.93,9.24,2.43
Q61,local,Q,2026-W41,5,0,true,false,9.65,8.68,0.0884,9.17,8.36,9.32,9.05,8.21,10.71,17,4.26,4.46,12.7,,,
Q63,local,Q,2026-W17,0,2,false,true,,,,,,,,,,,,,,9.42,8.21,3.84
Q63,local,Q,2026-W18,5,2,false,false,8.61,7.38,0.125,,,,8.18,7.14,,13,6.83,,,9.18,7.8,4.16
Q63,local,Q,2026-W19,5,2,false,true,8.99,7.82,0.1036,,,,8.9,7.79,,12,6.41,,,8.81,7.39,4.56
Q63,local,Q,2026-W20,5,2,false,true,8.65,7.42,0.1138,9.06,7.8,8.23,8.32,7.2,,15,7.13,,,9.12,7.53,4.26
Q63,local,Q,2026-W21,5,2,false,false,8.3,7.21,0.115,,,,8.45,7.35,,13,6.58,,,9.06,7.13,4.28
Q63,local,Q,2026-W22,4,2,false,true,9.11,7.88,0.1153,8.74,7.64,9.11,8.49,7.37,,15,6.49,,,9.03,7.71,4.23
Q63,local,Q,2026-W23,5,2,false,true,9.22,8.27,0.0793,,,,,,9.73,4,6.99,,,8.67,7.45,4.24
Q63,local,Q,2026-W24,5,1,false,false,9.05,7.47,0.1373,,,,,,,2,7.05,,,9.77,8.32,3.98
Q63,local,Q,2026-W25,3,2,false,false,8.49,7.54,0.1048,,,,,,,2,6.83,,,9.78,8.43,3.93
Q63,local,Q,2026-W26,5,2,false,false,9.02,7.57,0.1028,,,,,,,1,6.63,,,8.43,7.05,3.59
Q63,local,Q,2026-W27,3,2,true,true,8.91,7.76,0.1109,9.32,8.47,8.43,8.49,7.39,9.36,16,6.83,,,9.57,7.96,3.81
Q63,local,Q,2026-W28,5,2,true,true,8.89,7.73,0.1062,9.27,8.19,8.12,8.83,7.6,9.5,16,6.78,,,8.66,7.28,4.07
Q63,local,Q,2026-W29,5,2,true,true,8.89,7.73,0.1054,8.64,7.67,8.51,8.61,7.36,,16,6.54,,,8.88,7.68,4.15
Q63,local,Q,2026-W30,5,2,true,true,8.83,7.67,0.1068,8.66,7.49,8.75,8.22,7.2,,16,6.89,,,9.2,8.04,4.4
Q63,local,Q,2026-W31,5,2,true,true,8.61,7.42,0.114,9.15,7.99,8.45,8.36,7.36,,16,6.75,,,9.05,7.69,3.99
Q63,local,Q,2026-W32,5,2,false,true,8.73,7.52,0.1216,9.2,8.04,8.23,8.62,7.46,8.77,17,6.24,,,8.98,7.56,3.91
Q63,local,Q,2026-W33,5,2,true,true,8.81,7.61,0.1133,9.18,8.15,8.42,8.41,7.3,9.09,17,6.61,,,9.05,7.64,3.74
Q63,local,Q,2026-W34,5,2,true,true,9.26,8.1,0.1021,9.37,8.25,8.58,9.18,8.06,10.06,17,6.69,,,8.72,7.52,3.91
Q63,local,Q,2026-W35,5,2,true,true,9.01,7.94,0.106,9.23,8.08,8.37,8.6,7.82,9.81,17,6.84,,,8.8,7.4,3.56
Q63,local,Q,2026-W36,5,2,true,true,8.98,7.7,0.1178,9.18,7.98,8.78,8.43,7.38,9.26,17,6.7,,,8.8,7.33,3.87
Q63,local,Q,2026-W37,4,2,true,true,9.02,7.83,0.1076,8.64,7.69,8.85,8.76,7.67,9.35,17,6.8,7.15,,8.88,7.49,3.7
Q63,local,Q,2026-W38,5,2,true,true,9.01,7.9,0.1058,8.89,8.05,9.03,8.44,7.39,9.16,17,6.77,7.15,,8.62,7.27,3.76
Q63,local,Q,2026-W39,5,2,true,true,8.87,7.76,0.1041,8.78,7.72,8.42,8.42,7.49,9.69,17,6.71,7.15,,9.3,7.96,3.36
Q63,local,Q,2026-W40,5,2,true,false,8.58,7.51,0.1102,8.37,7.05,8.38,8.57,7.64,8.77,17,6.69,7.15,,8.75,7.36,3.71
Q63,local,Q,2026-W41,5,0,true,false,8.97,7.79,0.1141,8.75,7.81,8.61,8.05,6.98,10.08,17,6.84,7.15,21.9,,,
Q64,local,Q,2026-W17,0,2,false,true,,,,,,,,,,,,,,9.82,7.83,2.62
Q64,local,Q,2026-W18,5,2,false,false,8.84,7.5,0.1412,,,,8.34,7.05,,13,5.55,,,10.04,8.07,2.47
Q64,local,Q,2026-W19,5,2,false,true,8.65,7.5,0.1148,,,,8.12,7.03,,12,5.3,,,10.22,8.38,2.47
Q64,local,Q,2026-W20,5,2,false,true,8.84,7.41,0.1514,8.61,7.28,8.5,8.08,6.83,,15,5.44,,,9.77,8.1,2.72
Q64,local,Q,2026-W21,5,2,false,false,8.54,7.22,0.1401,,,,7.87,6.5,,13,5.43,,,10.24,8.29,2.66
Q64,local,Q,2026-W22,4,2,false,true,9.05,7.65,0.1349,8.01,7.05,8.82,8.47,7.13,,15,5.36,,,9.89,8.29,2.68
Q64,local,Q,2026-W23,5,2,false,true,9.26,7.34,0.1572,,,,,,10.32,4,4.77,,,9.36,7.91,2.86
Q64,local,Q,2026-W24,5,1,false,false,8.85,7.11,0.1467,,,,,,,2,5.04,,,10.77,8.97,2.67
Q64,local,Q,2026-W25,3,2,false,false,9.42,7.63,0.1535,,,,,,,2,5.18,,,10.04,8.11,2.42
Q64,local,Q,2026-W26,5,2,false,false,8.36,7.56,0.0992,,,,,,,1,4.81,,,9.31,8.3,2.7
Q64,local,Q,2026-W27,3,2,true,true,9.08,7.69,0.1315,8.51,7.21,8.94,8.38,7.14,10.06,16,5.02,,,10.79,8.56,2.45
Q64,local,Q,2026-W28,5,2,true,true,9.15,7.67,0.1393,8.39,7.27,9.37,8.11,6.65,9.99,16,5.04,,,10.38,8.33,2.71
Q64,local,Q,2026-W29,5,2,true,true,8.95,7.63,0.1311,8.18,7.15,8.91,8.29,7.03,,16,5.07,,,9.92,8.4,2.24
Q64,local,Q,2026-W30,5,2,true,true,9.05,7.62,0.1378,8.11,6.8,9.1,8.24,7.08,,16,5.06,,,10.09,8.56,2.77
Q64,local,Q,2026-W31,5,2,true,true,8.9,7.6,0.1298,8.71,7.17,8.98,8.05,6.86,,16,5.24,,,10.16,8.68,2.45
Q64,local,Q,2026-W32,5,2,false,true,9.28,7.87,0.135,8.73,7.21,8.82,8.27,6.95,10.85,17,4.88,,,10.06,8.27,2.62
Q64,local,Q,2026-W33,5,2,true,true,9.34,7.9,0.1305,8.92,7.49,9.13,8.33,7.07,10.58,17,4.96,,,9.94,8.17,2.59
Q64,local,Q,2026-W34,5,2,true,true,9.4,8,0.1306,8.99,7.5,9.27,8.85,7.62,10.04,17,4.89,,,10.27,8.38,2.57
Q64,local,Q,2026-W35,5,2,true,true,9.05,7.67,0.1427,9,7.55,8.8,8.75,7.26,9.4,17,5.02,,,9.68,8.04,2.56
Q64,local,Q,2026-W36,5,2,true,true,8.94,7.42,0.1433,8.7,7.22,8.73,8.03,6.83,9.91,17,4.88,,,9.68,7.6,2.42
Q64,local,Q,2026-W37,4,2,true,true,8.53,7.15,0.1378,8.11,6.71,8.31,7.72,6.57,9.54,17,5.65,4.51,,9.92,8.25,2.56
Q64,local,Q,2026-W38,5,2,true,true,8.43,7.1,0.1372,7.27,6.31,8.21,7.73,6.38,9.97,17,5.31,4.51,,9.6,8.11,2.59
Q64,local,Q,2026-W39,5,2,true,true,8.75,7.35,0.144,8.11,7.01,8.58,7.98,6.79,9.97,17,5.28,4.51,,10.28,8.57,2.4
Q64,local,Q,2026-W40,5,2,true,false,8.81,7.53,0.1276,8.11,6.93,8.66,8.09,6.78,9.95,17,5.25,4.51,,10.31,9.32,2.35
Q64,local,Q,2026-W41,5,0,true,false,8.7,7.43,0.1348,7.32,6.31,8.82,7.63,6.55,10.16,17,5.41,4.51,19.5,,,
Q65,local,Q,2026-W17,0,2,false,true,,,,,,,,,,,,,,8.69,7.59,6.77
Q65,local,Q,2026-W18,5,2,false,false,8.03,7.24,0.0871,,,,8,7.37,,13,13.28,,,8.84,7.66,6.84
Q65,local,Q,2026-W19,5,2,false,true,7.68,6.81,0.1008,,,,7.09,6.53,,12,13.07,,,8.85,7.84,7.38
Q65,local,Q,2026-W20,5,2,false,true,7.92,7.04,0.0969,7.83,7.16,7.62,7.4,6.59,,15,13.36,,,9.57,8.04,7.1
Q65,local,Q,2026-W21,5,2,false,false,8.23,7.25,0.1054,,,,7.65,6.7,,13,13.97,,,9.04,7.94,7.24
Q65,local,Q,2026-W22,4,2,false,true,8.07,7.05,0.1075,7.89,6.99,7.83,7.8,7.04,,15,13.15,,,8.86,7.67,6.58
Q65,local,Q,2026-W23,5,2,false,true,8.03,7.24,0.0759,,,,,,8.82,4,12.52,,,8.6,7.71,7.05
Q65,local,Q,2026-W24,5,1,false,false,8.01,7.28,0.0784,,,,,,,2,13.08,,,8.98,7.76,6.57
Q65,local,Q,2026-W25,3,2,false,false,7.48,6.83,0.0874,,,,,,,2,13.23,,,8.92,7.73,6.96
Q65,local,Q,2026-W26,5,2,false,false,7.89,6.91,0.1179,,,,,,,1,12.27,,,8.59,7.84,6.91
Q65,local,Q,2026-W27,3,2,true,true,8.08,7.11,0.1018,8,7.41,7.87,7.57,6.46,8.72,16,13.28,,,9.27,7.89,7.05
Q65,local,Q,2026-W28,5,2,true,true,8.18,7.23,0.1002,7.89,7.07,8.05,7.69,6.71,8.82,16,12.9,,,8.73,7.61,7.32
Q65,local,Q,2026-W29,5,2,true,true,8.22,7.19,0.104,7.87,7.02,8.02,7.55,6.63,,16,12.95,,,8.66,7.49,6.9
Q65,local,Q,2026-W30,5,2,true,true,8.28,7.33,0.0951,8.15,7.37,8.12,7.53,6.65,,16,13.22,,,8.58,7.48,6.85
Q65,local,Q,2026-W31,5,2,true,true,8.31,7.39,0.0917,7.99,7.25,8.18,7.6,6.64,,16,12.92,,,8.64,7.46,7.14
Q65,local,Q,2026-W32,5,2,false,true,8.14,7.21,0.0973,8.01,7.22,7.88,7.52,6.73,9.01,17,12.62,,,8.94,7.8,7.38
Q65,local,Q,2026-W33,5,2,true,true,8.22,7.33,0.0905,8.17,7.33,8.14,7.61,6.69,8.72,17,13.01,,,8.95,7.61,6.94
Q65,local,Q,2026-W34,5,2,true,true,8.24,7.29,0.096,8.07,7.14,8.08,7.77,6.87,8.82,17,12.77,,,8.6,7.53,7.19
Q65,local,Q,2026-W35,5,2,true,true,8.2,7.29,0.0917,7.89,7.17,8.21,7.72,6.94,8.7,17,13.13,,,8.71,7.51,7.12
Q65,local,Q,2026-W36,5,2,true,true,8.3,7.43,0.0872,8.14,7.3,8.02,7.78,6.87,9.13,17,12.39,,,8.64,7.31,7.05
Q65,local,Q,2026-W37,4,2,true,true,8.16,7.08,0.1134,7.64,6.48,7.75,7.78,6.78,9.32,17,13.5,13.26,,8.67,7.34,7.59
Q65,local,Q,2026-W38,5,2,true,true,8.03,7.06,0.1061,7.45,6.48,7.65,7.59,6.74,9.28,17,13.66,13.43,,8.59,7.22,7.21
Q65,local,Q,2026-W39,5,2,true,true,8.06,7.05,0.1066,7.73,6.79,7.71,7.66,6.79,9.04,17,13.93,13.36,,9,7.35,7.48
Q65,local,Q,2026-W40,5,2,true,false,7.97,6.87,0.1239,7.6,6.65,7.61,7.8,6.92,8.78,17,14.25,13.43,,8.8,7.51,7.69
Q65,local,Q,2026-W41,5,0,true,false,7.93,6.89,0.1158,7.67,6.68,7.71,7.25,6.3,8.78,17,14.14,13.43,18.9,,,
Q66,local,Q,2026-W17,0,2,false,true,,,,,,,,,,,,,,8.49,7.22,4.4
Q66,local,Q,2026-W18,5,2,false,false,8.43,7.55,0.0855,,,,7.85,7.02,,13,6.23,,,8.76,7.56,4.86
Q66,local,Q,2026-W19,5,2,false,true,8.32,7.47,0.0824,,,,8.13,7.03,,12,6.21,,,8.6,7.38,5.08
Q66,local,Q,2026-W20,5,2,false,true,8.07,7.17,0.087,7.67,6.71,7.96,7.47,6.81,,15,6.55,,,8.14,6.81,4.96
Q66,local,Q,2026-W21,5,2,false,false,8.15,7.11,0.102,,,,7.99,7.03,,13,6.39,,,8.83,7.43,4.69
Q66,local,Q,2026-W22,4,2,false,true,8.3,7.39,0.0956,8.27,7.5,7.96,7.78,6.97,,15,6.25,,,8.5,7.27,4.97
Q66,local,Q,2026-W23,5,2,false,true,8.53,7.51,0.0815,,,,,,8.94,4,6.11,,,8.13,6.92,4.84
Q66,local,Q,2026-W24,5,1,false,false,7.67,6.49,0.1139,,,,,,,2,6.11,,,9.73,7.02,4.58
Q66,local,Q,2026-W25,3,2,false,false,7.7,6.72,0.1097,,,,,,,2,5.61,,,7.77,6.97,4.98
Q66,local,Q,2026-W26,5,2,false,false,7.54,6.13,0.1785,,,,,,,1,5.91,,,8.35,7.27,4.95
Q66,local,Q,2026-W27,3,2,true,true,8.08,7.06,0.0965,8.29,7.6,7.94,7.86,6.99,7.89,16,5.84,,,8.89,7.48,4.86
Q66,local,Q,2026-W28,5,2,true,true,8.35,7.35,0.0896,8.38,7.5,8.17,7.72,7.01,8.64,16,5.79,,,8.48,7.23,5.14
Q66,local,Q,2026-W29,5,2,true,true,8.41,7.44,0.0961,7.94,7.26,8.4,7.77,6.84,,16,6.13,,,8.6,7.46,4.8
Q66,local,Q,2026-W30,5,2,true,true,8.37,7.52,0.085,8.43,7.71,7.94,7.58,6.93,,16,6.22,,,8.31,7.3,4.26
Q66,local,Q,2026-W31,5,2,true,true,8.29,7.41,0.0939,8.35,7.62,8.09,7.56,6.88,,16,5.76,,,8.64,7.44,4.71
Q66,local,Q,2026-W32,5,2,false,true,8.32,7.37,0.0904,8.3,7.52,7.76,7.93,7.11,8.78,17,5.89,,,8.38,7.24,4.96
Q66,local,Q,2026-W33,5,2,true,true,8.29,7.4,0.0856,8.4,7.51,7.83,8.18,7.23,8.5,17,6.04,,,8.63,7.43,5.1
Q66,local,Q,2026-W34,5,2,true,true,8.7,7.69,0.0865,8.46,7.73,8.55,7.66,6.85,9.69,17,6.17,,,8.62,7.59,4.94
Q66,local,Q,2026-W35,5,2,true,true,8.5,7.66,0.0824,8.98,8.43,8.09,7.87,7.04,8.79,17,5.85,,,8.47,7.4,4.78
Q66,local,Q,2026-W36,5,2,true,true,8.25,7.25,0.0938,8.71,7.54,7.6,8.08,7.27,8.52,17,6.05,,,8.65,7.52,4.58
Q66,local,Q,2026-W37,4,2,true,true,8.27,7.37,0.0825,8.26,7.45,7.83,8.03,7.32,8.63,17,6.3,6.47,,8.67,7.67,4.76
Q66,local,Q,2026-W38,5,2,true,true,8.04,7.16,0.0921,7.89,7.08,7.75,7.61,6.88,8.63,17,6.02,6.51,,8.54,7.43,4.85
Q66,local,Q,2026-W39,5,2,true,true,8,7.15,0.0789,8.13,7.33,7.34,7.71,7.01,8.57,17,6.28,6.5,,9.07,7.95,4.68
Q66,local,Q,2026-W40,5,2,true,false,8.1,7.19,0.0876,7.84,7.16,7.23,7.96,7.3,9.15,17,6.44,6.51,,8.41,7.18,5
Q66,local,Q,2026-W41,5,0,true,false,8.5,7.59,0.0825,8.65,7.93,8.33,8.15,7.31,8.48,17,6.13,6.51,26.6,,,
Q67,local,Q,2026-W17,0,2,false,true,,,,,,,,,,,,,,10.28,9.59,1.86
Q67,local,Q,2026-W18,5,2,false,false,9.23,8.25,0.0895,,,,9.2,8.39,,13,3.97,,,10.5,9.77,1.95
Q67,local,Q,2026-W19,5,2,false,true,9.15,8.29,0.0723,,,,8.72,7.83,,12,4.3,,,10.4,9.48,1.68
Q67,local,Q,2026-W20,5,2,false,true,8.87,8.01,0.0882,8.52,7.93,8.75,8.5,7.83,,15,3.78,,,10.25,9.68,1.83
Q67,local,Q,2026-W21,5,2,false,false,8.68,7.98,0.0605,,,,7.56,6.8,,12,3.86,,,10.9,9.68,1.94
Q67,local,Q,2026-W22,4,2,false,true,9.26,8.25,0.0866,8.87,8.28,9.01,9.01,8.13,,15,3.9,,,10.71,9.91,2
Q67,local,Q,2026-W23,5,2,false,true,10.24,9.32,0.0655,,,,,,11.68,4,4.29,,,10.94,9.6,1.9
Q67,local,Q,2026-W24,5,1,false,false,8.77,8.64,0.0454,,,,,,,2,4.24,,,10.94,10.75,1.27
Q67,local,Q,2026-W25,1,2,false,false,8.16,7.8,0.0547,,,,,,,2,3.8,,,10.08,8.74,1.96
Q67,local,Q,2026-W26,4,2,false,false,10.12,8.75,0.0638,,,,,,,1,3.7,,,10.25,9.21,2.02
Q67,local,Q,2026-W27,3,2,true,true,9.67,8.99,0.0537,8.99,8.29,9.48,9.48,8.62,10.61,16,3.7,,,11.7,10.6,1.81
Q67,local,Q,2026-W28,5,2,true,true,9.5,8.53,0.0914,8.95,8.14,9.41,9.1,8.44,10.36,16,3.9,,,11.45,10.54,1.8
Q67,local,Q,2026-W29,5,2,true,true,9.55,8.76,0.0664,8.65,7.86,8.94,9.07,8.16,,16,3.75,,,10.17,9.49,1.83
Q67,local,Q,2026-W30,5,2,true,true,9.74,8.85,0.0724,8.79,7.8,9.21,8.59,7.89,,16,4,,,10.51,9.42,2.15
Q67,local,Q,2026-W31,5,2,true,true,9.5,8.59,0.0589,8.34,7.58,8.72,8.95,8.3,,16,3.95,,,10.26,9.22,2.03
Q67,local,Q,2026-W32,5,2,false,true,10.12,9.34,0.0593,8.82,8.23,9.71,8.95,8.23,12.86,17,3.85,,,10.91,10.08,1.79
Q67,local,Q,2026-W33,5,2,true,true,9.78,8.8,0.0722,8.98,8.03,9.41,9.25,8.43,11.32,17,3.66,,,11.29,10.35,1.78
Q67,local,Q,2026-W34,5,2,true,true,9.73,8.89,0.0735,9.23,8.41,9.54,9.16,8.54,10.82,17,3.92,,,11.07,10.12,1.86
Q67,local,Q,2026-W35,5,2,true,true,9.84,8.97,0.0663,9.25,8.46,9.64,9.49,8.84,10.94,17,3.91,,,11.2,10.06,1.99
Q67,local,Q,2026-W36,5,2,true,true,9.87,8.79,0.0721,9.36,8.23,9.34,9.29,8.59,11.62,17,3.67,,,11.19,10.28,2.02
Q67,local,Q,2026-W37,4,2,true,true,9.16,8.45,0.0617,8.27,7.4,8.64,8.24,7.61,11.4,17,3.74,4.2,,11,10.06,1.76
Q67,local,Q,2026-W38,5,2,true,true,9.34,8.49,0.0576,8.42,7.65,9.01,8.45,7.93,11.22,17,3.91,4.2,,11.09,10.27,1.89
Q67,local,Q,2026-W39,5,2,true,true,9.6,8.89,0.056,8.67,7.98,9.49,8.78,8.08,11.13,17,3.84,4.2,,11.65,10.71,1.83
Q67,local,Q,2026-W40,5,2,true,false,9.18,8.49,0.0595,8.62,7.94,9.05,9.04,8.47,9.91,17,4.08,4.2,,11.68,10.35,1.93
Q67,local,Q,2026-W41,5,0,true,false,9.22,8.35,0.0664,8.61,7.78,8.72,8.46,7.86,10.91,17,4.06,4.2,9.2,,,
Q69,local,Q,2026-W17,0,2,false,true,,,,,,,,,,,,,,8.15,7.22,5.41
Q69,local,Q,2026-W18,5,2,false,false,7.32,6.52,0.0976,,,,6.57,5.98,,13,8.79,,,7.85,7.15,5.39
Q69,local,Q,2026-W19,5,2,false,true,7.56,6.78,0.0881,,,,6.84,6.12,,12,9.01,,,7.98,7.13,6.16
Q69,local,Q,2026-W20,5,2,false,true,7.63,6.93,0.0776,7.77,7.01,7.39,7.06,6.43,,15,8.71,,,8.01,7.13,5.71
Q69,local,Q,2026-W21,5,2,false,false,7.5,6.58,0.1038,,,,7,6.09,,13,9.01,,,8.05,7.34,5.78
Q69,local,Q,2026-W22,4,2,false,true,7.41,6.56,0.1024,7.42,6.68,7.26,7.11,6.24,,15,8.82,,,8.03,7.12,5.9
Q69,local,Q,2026-W23,5,2,false,true,6.5,5.79,0.0895,,,,,,6.88,4,8.84,,,7.68,6.81,6.22
Q69,local,Q,2026-W24,5,1,false,false,7.45,6.89,0.0708,,,,,,,2,8.01,,,8.41,7.68,5.17
Q69,local,Q,2026-W25,3,2,false,false,7.49,6.67,0.0803,,,,,,,2,8.48,,,8.06,7.25,5.6
Q69,local,Q,2026-W26,5,2,false,false,7.44,6.68,0.0752,,,,,,,1,8.76,,,7.97,7.18,5.7
Q69,local,Q,2026-W27,3,2,true,true,7.34,6.51,0.0976,7.64,6.85,7.14,7.21,6.46,7.23,16,8.14,,,8.51,7.58,5.64
Q69,local,Q,2026-W28,5,2,true,true,7.75,6.83,0.0962,7.91,7.05,7.48,7.3,6.41,8.12,16,8.49,,,7.97,7.13,5.94
Q69,local,Q,2026-W29,5,2,true,true,7.57,6.68,0.0956,7.57,6.71,7.36,7.17,6.25,,16,8.37,,,8.17,7.4,5.67
Q69,local,Q,2026-W30,5,2,true,true,7.49,6.66,0.0902,7.64,6.82,7.27,7,6.16,,16,8.6,,,7.97,7.18,6.05
Q69,local,Q,2026-W31,5,2,true,true,7.74,6.97,0.0821,7.96,7.14,7.41,7.14,6.36,,16,8.19,,,8.2,7.36,5.69
Q69,local,Q,2026-W32,5,2,false,true,7.62,6.8,0.0962,7.74,6.93,7.73,7.26,6.42,7.81,17,8.32,,,8.33,7.39,5.93
Q69,local,Q,2026-W33,5,2,true,true,7.76,6.94,0.0859,7.97,7.09,7.5,7,6.16,8.37,17,8.32,,,7.95,7.18,6.16
Q69,local,Q,2026-W34,5,2,true,true,7.64,6.79,0.0932,7.69,6.87,7.47,7.02,6.23,8.02,17,8.36,,,7.97,7.1,6.02
Q69,local,Q,2026-W35,5,2,true,true,7.76,6.9,0.0924,7.89,7.1,7.48,7.33,6.48,8.26,17,8.26,,,7.96,7.16,5.84
Q69,local,Q,2026-W36,5,2,true,true,7.69,6.89,0.0891,7.75,6.88,7.43,7.22,6.47,8.15,17,8.3,,,8.14,7.27,5.68
Q69,local,Q,2026-W37,4,2,true,true,7.43,6.63,0.0857,7.49,6.73,7.03,7.04,6.29,7.95,17,8.66,9.05,,7.76,7.02,5.93
Q69,local,Q,2026-W38,5,2,true,true,7.43,6.61,0.0905,7.38,6.69,7.18,6.96,6.26,7.97,17,8.72,9.05,,7.98,7.16,6.13
Q69,local,Q,2026-W39,5,2,true,true,7.49,6.71,0.0836,7.3,6.54,7.13,6.95,6.24,8.28,17,8.65,9.05,,8.42,7.45,5.65
Q69,local,Q,2026-W40,5,2,true,false,7.32,6.55,0.0938,7.3,6.64,7.11,7,6.22,7.65,17,8.78,9.05,,7.49,6.81,6
Q69,local,Q,2026-W41,5,0,true,false,7.45,6.71,0.0787,7.16,6.64,7.27,6.9,6.16,8.01,17,8.78,9.05,14.2,,,
Q70+,sbs,Q,2026-W17,0,2,false,true,,,,,,,,,,,,,,13.51,11.42,4.2
Q70+,sbs,Q,2026-W18,5,2,false,false,13,11.19,0.1273,,,,12.71,10.84,,13,5.6,,,13.64,11.69,4.25
Q70+,sbs,Q,2026-W19,5,2,false,true,12.35,10.61,0.1249,,,,9.69,8.33,,12,5.9,,,13.36,11.34,4.47
Q70+,sbs,Q,2026-W20,5,2,false,true,12,10.16,0.146,9.42,7.94,12.93,11.13,9.11,,15,6.44,,,13.25,11.24,4.13
Q70+,sbs,Q,2026-W21,5,2,false,false,12.73,10.9,0.1269,,,,13.05,10.87,,13,6.11,,,13.44,11.34,4.28
Q70+,sbs,Q,2026-W22,4,2,false,true,13.44,11.52,0.1315,13.84,12.3,12.94,13.1,11.19,,15,6,,,14.31,12.3,4.11
Q70+,sbs,Q,2026-W23,5,2,false,true,12.85,11.57,0.0814,,,,,,13.22,4,6.14,,,12.34,10.73,4.09
Q70+,sbs,Q,2026-W24,5,1,false,false,12.85,11.42,0.0949,,,,,,,2,5.69,,,14.41,11.86,3.98
Q70+,sbs,Q,2026-W25,3,2,false,false,12.58,10.82,0.1318,,,,,,,2,5.89,,,15.31,13.15,4.24
Q70+,sbs,Q,2026-W26,5,2,false,false,13.09,11.58,0.1154,,,,,,,1,6.01,,,14.41,12.03,3.95
Q70+,sbs,Q,2026-W27,3,2,true,true,13.49,11.44,0.1359,14.39,12.62,12.79,12.76,10.43,13.95,16,6.01,,,14.94,12.23,3.34
Q70+,sbs,Q,2026-W28,5,2,true,true,13.94,11.99,0.1212,14.9,12.66,13.13,13.09,11.55,14.63,16,4.7,,,14.24,12.01,4.13
Q70+,sbs,Q,2026-W29,5,2,true,true,13.31,11.41,0.1258,13.5,11.62,13,11.91,10.07,,16,5.91,,,14.15,12.19,4.11
Q70+,sbs,Q,2026-W30,5,2,true,true,13.14,11.34,0.1189,13.01,11.39,12.87,11.7,10.23,,16,5.91,,,14.39,12.35,4.1
Q70+,sbs,Q,2026-W31,5,2,true,true,12.88,11,0.1296,12.85,10.94,13.04,12.07,10.09,,16,5.9,,,13.82,11.51,4.17
Q70+,sbs,Q,2026-W32,5,2,false,true,12.76,10.86,0.1409,13.39,11.47,12.76,11.86,10.05,13.03,17,5.53,,,14.66,12.32,4.17
Q70+,sbs,Q,2026-W33,5,2,true,true,13.25,11.36,0.1248,13.15,11.28,13.06,12.16,10.27,13.52,17,5.86,,,13.92,11.56,4.04
Q70+,sbs,Q,2026-W34,5,2,true,true,12.78,10.96,0.1287,13.38,11.67,12.62,11.89,10.05,12.61,17,5.76,,,14.39,12.21,4.31
Q70+,sbs,Q,2026-W35,5,2,true,true,13.04,11.1,0.1302,13.21,11.61,12.79,12.92,10.88,12.83,17,5.73,,,14.02,11.63,4.19
Q70+,sbs,Q,2026-W36,5,2,true,true,13.11,11.38,0.116,13.61,11.75,12.77,12.47,10.61,13.1,17,5.89,,,14.56,12.06,4.22
Q70+,sbs,Q,2026-W37,4,2,true,true,12.85,11.05,0.1188,13.07,11.26,12.26,11.53,9.87,13.98,17,6.06,6.31,,13.69,11.77,3.93
Q70+,sbs,Q,2026-W38,5,2,true,true,13.04,11.37,0.1109,12.89,11.3,12.82,12.04,10.45,13.89,17,5.74,6.31,,13.85,12.06,4.2
Q70+,sbs,Q,2026-W39,5,2,true,true,12.95,11.16,0.1142,12.92,10.91,12.94,12.71,10.92,12.79,17,5.47,6.31,,14.89,12.77,3.86
Q70+,sbs,Q,2026-W40,5,2,true,false,12.61,11.05,0.1066,12.65,10.93,12.43,11.32,9.92,13.12,17,5.81,6.31,,11.55,8.94,4.21
Q70+,sbs,Q,2026-W41,5,0,true,false,12.77,10.88,0.1385,12.55,10.76,13.21,11.99,10.22,12.58,17,5.98,6.31,29.6,,,
Q72,local,Q,2026-W17,0,2,false,true,,,,,,,,,,,,,,6.46,5.37,2.56
Q72,local,Q,2026-W18,5,2,false,false,6.83,5.97,0.1094,,,,5.82,4.83,,13,4.33,,,7.05,5.78,3.06
Q72,local,Q,2026-W19,5,2,false,true,6.72,5.93,0.1004,,,,5.32,4.56,,12,4.31,,,7.08,6.04,2.87
Q72,local,Q,2026-W20,5,2,false,true,6.5,5.64,0.1295,5.62,4.7,6.32,5.59,4.8,,15,4.56,,,6.96,5.6,3.11
Q72,local,Q,2026-W21,5,2,false,false,6.96,6.15,0.1079,,,,5.35,4.78,,13,4.93,,,7.55,6.49,2.99
Q72,local,Q,2026-W22,4,2,false,true,6.99,5.99,0.1224,7.05,5.93,6.75,5.79,4.98,,15,4.57,,,7.6,6.4,2.8
Q72,local,Q,2026-W23,5,2,false,true,6.92,6.03,0.1106,,,,,,7.6,4,4.85,,,7.69,6.82,2.87
Q72,local,Q,2026-W24,5,1,false,false,7.53,6.61,0.0965,,,,,,,2,4.38,,,8.22,6.59,2.7
Q72,local,Q,2026-W25,3,2,false,false,7.28,6.42,0.1503,,,,,,,2,4.13,,,6.78,5.61,2.81
Q72,local,Q,2026-W26,5,2,false,false,7.52,6.49,0.1293,,,,,,,1,4.05,,,6.84,5.61,3
Q72,local,Q,2026-W27,3,2,true,true,6.98,6.13,0.1059,7.57,6.73,6.83,5.69,4.92,7.42,16,4.1,,,7.98,6.63,2.99
Q72,local,Q,2026-W28,5,2,true,true,7.13,6.37,0.092,7.35,6.53,7.14,6.15,5.34,7.38,16,4.36,,,7.56,6.25,2.78
Q72,local,Q,2026-W29,5,2,true,true,7.33,6.36,0.1075,7.57,6.49,7.13,5.83,4.88,,16,4.05,,,6.91,5.79,3
Q72,local,Q,2026-W30,5,2,true,true,7.21,6.38,0.0955,7.21,6.4,7.07,5.81,5.13,,16,4.37,,,7.39,6.26,3.02
Q72,local,Q,2026-W31,5,2,true,true,7.31,6.45,0.1035,7.14,6.19,6.78,6.38,5.44,,16,4.38,,,6.93,5.84,2.83
Q72,local,Q,2026-W32,5,2,false,true,6.97,6.19,0.0992,7.07,6.18,7.04,5.76,5.03,7.74,17,4.24,,,7.58,6.33,2.95
Q72,local,Q,2026-W33,5,2,true,true,7.07,6.2,0.1005,7.4,6.44,7.25,5.63,4.79,7.32,17,4.46,,,7.41,6.26,2.96
Q72,local,Q,2026-W34,5,2,true,true,7.05,6.18,0.1045,7.66,6.78,6.99,5.61,4.77,7.34,17,4.48,,,6.97,5.86,2.9
Q72,local,Q,2026-W35,5,2,true,true,7.17,6.28,0.1037,7.6,6.61,7.21,5.87,5.18,7.43,17,4.52,,,6.81,5.59,2.9
Q72,local,Q,2026-W36,5,2,true,true,6.95,5.83,0.1336,7.14,6.16,6.91,5.87,4.87,7.24,17,4.58,,,7,5.94,3.06
Q72,local,Q,2026-W37,4,2,true,true,6.83,5.96,0.1008,6.57,5.82,6.9,5.94,5.09,7.21,17,4.51,4.36,,7.52,5.86,2.97
Q72,local,Q,2026-W38,5,2,true,true,6.9,6.07,0.1018,6.53,5.66,6.79,6.06,5.22,7.64,17,4.22,4.36,,7.31,6.32,2.81
Q72,local,Q,2026-W39,5,2,true,true,6.75,5.91,0.0997,6.8,5.92,6.55,5.78,4.95,7.53,17,4.43,4.36,,7.62,6.51,2.94
Q72,local,Q,2026-W40,5,2,true,false,6.63,5.88,0.098,6.61,5.93,6.71,5.84,4.91,6.86,17,4.61,4.36,,7.11,5.6,2.81
Q72,local,Q,2026-W41,5,0,true,false,6.85,5.94,0.1168,6.67,5.87,6.81,6.39,5.47,6.83,17,4.62,4.36,19.7,,,
Q74,limited,Q,2026-W17,0,2,false,true,,,,,,,,,,,,,,12.12,10.5,1.98
Q74,limited,Q,2026-W18,5,2,false,false,10.75,9.7,0.0832,,,,9.63,8.48,,13,4.37,,,11.76,10.83,1.86
Q74,limited,Q,2026-W19,5,2,false,true,11.04,9.89,0.0916,,,,10.67,9.98,,12,4.27,,,11.52,10.28,1.91
Q74,limited,Q,2026-W20,5,2,false,true,10.88,9.95,0.0696,9.59,8.61,10.89,10.13,9.31,,15,4.3,,,11.61,10.58,2.06
Q74,limited,Q,2026-W21,5,2,false,false,10.97,9.84,0.0827,,,,9.81,8.64,,13,4.6,,,13.27,12.08,1.84
Q74,limited,Q,2026-W22,4,2,false,true,11,10.01,0.0737,10.22,9.41,10.47,10.22,9.25,,15,4.4,,,12.15,10.58,1.74
Q74,limited,Q,2026-W23,5,2,false,true,12.84,11.26,0.0958,,,,,,14.17,4,4.57,,,12.28,11.01,1.57
Q74,limited,Q,2026-W24,5,1,false,false,11.64,10.57,0.0772,,,,,,,2,4.33,,,13.53,12.12,1.95
Q74,limited,Q,2026-W25,3,2,false,false,12.38,10.46,0.1325,,,,,,,2,4.11,,,11.61,10.6,1.61
Q74,limited,Q,2026-W26,5,2,false,false,11.59,10.26,0.1224,,,,,,,1,4.27,,,12.07,10.45,1.66
Q74,limited,Q,2026-W27,3,2,true,true,11.41,10.31,0.0783,10.64,9.52,11.05,11.14,10.17,12.53,16,4.33,,,14.02,12.89,1.82
Q74,limited,Q,2026-W28,5,2,true,true,11.79,10.45,0.0882,11.12,9.94,11.72,11.28,9.88,12.54,16,4.4,,,13.17,12.05,1.95
Q74,limited,Q,2026-W29,5,2,true,true,11.58,10.41,0.0874,10.81,9.66,11.33,10.81,9.75,,16,4.4,,,12.57,11.58,2.11
Q74,limited,Q,2026-W30,5,2,true,true,11.68,10.54,0.0762,11.32,10.3,11.31,10.89,10.12,,16,4.22,,,12.47,11.43,2.09
Q74,limited,Q,2026-W31,5,2,true,true,11.86,10.58,0.0858,11.62,10.44,11.49,11.11,10.07,,16,4.42,,,12.86,11.9,2.22
Q74,limited,Q,2026-W32,5,2,false,true,11.71,10.62,0.0797,11.55,10.55,11.07,11.1,10.15,12.92,17,4.05,,,12.79,11.69,1.98
Q74,limited,Q,2026-W33,5,2,true,true,11.42,10.47,0.0725,11.45,10.37,11.36,10.87,9.59,11.62,17,4.14,,,13.69,12.3,1.57
Q74,limited,Q,2026-W34,5,2,true,true,12.03,11.12,0.059,11.52,10.58,11.96,11.87,10.91,12.28,17,4.03,,,13.23,12.49,1.78
Q74,limited,Q,2026-W35,5,2,true,true,12.13,11.12,0.072,12.13,11.27,11.8,11.55,10.77,12.84,17,4,,,13.65,12.76,1.91
Q74,limited,Q,2026-W36,5,2,true,true,11.44,10.21,0.0866,11.54,10.27,10.86,11.06,10.04,12.29,17,4.12,,,13.36,12.18,1.78
Q74,limited,Q,2026-W37,4,2,true,true,11.18,10.21,0.0704,10.53,9.41,10.72,10.03,9.36,13.16,17,4.24,3.66,,13.16,12.28,1.98
Q74,limited,Q,2026-W38,5,2,true,true,10.97,9.86,0.08,9.8,8.81,10.56,10.01,9.11,12.87,17,4.15,3.66,,13.12,12.21,1.97
Q74,limited,Q,2026-W39,5,2,true,true,11.26,10.05,0.0818,10.44,9.39,10.91,10.22,9.18,13.02,17,4.35,3.66,,13.27,12.26,1.77
Q74,limited,Q,2026-W40,5,2,true,false,11,10.04,0.0812,10.26,9.36,10.76,10.18,9.41,12.65,17,4.47,3.66,,13.34,12.41,1.95
Q74,limited,Q,2026-W41,5,0,true,false,10.73,9.52,0.0898,9.61,8.68,10.55,9.3,8.37,12.86,17,4.48,3.66,21.6,,,
Q75,local,Q,2026-W18,5,0,false,false,9.45,8.35,0.1044,,,,8.51,7.62,,13,6.31,,,,,
Q75,local,Q,2026-W19,5,0,false,false,9.4,8.33,0.1092,,,,8.57,7.48,,12,6.45,,,,,
Q75,local,Q,2026-W20,5,0,false,false,9.82,8.41,0.1229,9.34,7.36,9.8,8.42,7.4,,15,6.42,,,,,
Q75,local,Q,2026-W21,5,0,false,false,9.49,8.22,0.1084,,,,9.18,7.84,,13,6.75,,,,,
Q75,local,Q,2026-W22,4,0,false,false,9.66,8.3,0.1284,8.56,7.6,9.62,8.93,7.4,,15,6.31,,,,,
Q75,local,Q,2026-W23,5,0,false,false,9.77,8.65,0.1028,,,,,,10.8,4,6.22,,,,,
Q75,local,Q,2026-W24,5,0,false,false,9.75,8.43,0.1221,,,,,,,2,5.94,,,,,
Q75,local,Q,2026-W25,3,0,false,false,10.04,8.89,0.0988,,,,,,,2,6.22,,,,,
Q75,local,Q,2026-W26,5,0,false,false,9.91,8.05,0.1546,,,,,,,1,6.06,,,,,
Q75,local,Q,2026-W27,3,0,true,false,9.77,8.74,0.0852,9.65,8.53,9.28,9.38,8.49,10.82,16,5.79,,,,,
Q75,local,Q,2026-W28,5,0,true,false,10.05,8.6,0.1243,9.98,8.75,9.97,9.22,8.19,10.78,16,5.86,,,,,
Q75,local,Q,2026-W29,5,0,true,false,9.97,8.72,0.1003,9.19,8.01,9.86,9.76,8.44,,16,5.75,,,,,
Q75,local,Q,2026-W30,5,0,true,false,9.89,8.68,0.1049,9.84,8.73,9.7,8.98,7.78,,16,6.05,,,,,
Q75,local,Q,2026-W31,5,0,true,false,10.02,8.86,0.0978,9.57,8.61,10.35,8.94,7.86,,16,6.06,,,,,
Q75,local,Q,2026-W32,5,0,false,false,9.87,8.68,0.0977,9.62,8.51,10.39,9.07,7.99,9.78,17,5.64,,,,,
Q75,local,Q,2026-W33,5,0,true,false,9.91,8.92,0.0873,10.17,8.99,9.8,9.16,8.09,10.63,17,5.64,,,,,
Q75,local,Q,2026-W34,5,0,true,false,10.22,9.08,0.0945,10.18,9.03,10.02,8.81,7.6,11.26,17,5.88,,,,,
Q75,local,Q,2026-W35,5,0,true,false,10.36,9.14,0.0985,10.22,9.07,10.23,9.22,8.08,11.74,17,5.61,,,,,
Q75,local,Q,2026-W36,5,0,true,false,10.05,8.81,0.1024,9.97,8.74,9.63,9.47,8.29,11.18,17,5.76,,,,,
Q75,local,Q,2026-W37,4,0,true,false,9.67,8.49,0.0984,9.12,7.97,9.34,8.75,7.65,11.22,17,6.7,6.4,,,,
Q75,local,Q,2026-W38,5,0,true,false,9.55,8.41,0.1042,8.97,7.89,9.22,9.11,7.91,10.7,17,6.92,6.71,,,,
Q75,local,Q,2026-W39,5,0,true,false,9.69,8.56,0.0931,8.99,7.97,9.27,9.28,8.11,11.2,17,6.79,6.59,,,,
Q75,local,Q,2026-W40,5,0,true,false,9.62,8.55,0.0916,8.57,7.64,9.53,9.1,7.99,10.93,17,6.81,6.71,,,,
Q75,local,Q,2026-W41,5,0,true,false,9.85,8.6,0.1094,8.95,7.86,9.35,8.83,7.57,11.86,17,6.79,6.71,16.6,,,
Q76,local,Q,2026-W17,0,2,false,true,,,,,,,,,,,,,,12.25,11.29,3.44
Q76,local,Q,2026-W18,5,2,false,false,10.33,9.6,0.0574,,,,9.87,9.31,,13,6.93,,,11.41,10.56,3.73
Q76,local,Q,2026-W19,5,2,false,true,10.26,9.54,0.0558,,,,9.08,8.57,,12,7.59,,,10.4,9.6,3.63
Q76,local,Q,2026-W20,5,2,false,true,10.37,9.68,0.062,9.97,9.87,10.29,9.32,8.6,,15,7.03,,,11.01,9.68,3.43
Q76,local,Q,2026-W21,5,2,false,false,10.27,9.34,0.0757,,,,9.69,8.96,,13,7.49,,,11.33,10.26,3.71
Q76,local,Q,2026-W22,4,2,false,true,10.31,9.32,0.0775,10.41,9.47,9.89,9.88,8.98,,15,7.14,,,11.42,10.69,3.56
Q76,local,Q,2026-W23,5,2,false,true,10.74,9.94,0.0584,,,,,,11.88,4,6.63,,,10.85,10.07,3.46
Q76,local,Q,2026-W24,5,1,false,false,11.14,10.3,0.0658,,,,,,,2,7.21,,,13.42,11.69,2.98
Q76,local,Q,2026-W25,3,2,false,false,9.26,8.65,0.0507,,,,,,,2,6.92,,,10.9,9.65,3.43
Q76,local,Q,2026-W26,5,2,false,false,11.01,10.29,0.0421,,,,,,,1,7.38,,,9.83,9.28,3.57
Q76,local,Q,2026-W27,3,2,true,true,10.32,9.47,0.0656,10.07,9.29,9.87,10.03,9.24,11.27,16,6.8,,,11.72,10.69,3.66
Q76,local,Q,2026-W28,5,2,true,true,10.58,9.76,0.063,10.21,9.44,10.51,10.14,9.35,11.15,16,6.79,,,11.32,10.4,3.83
Q76,local,Q,2026-W29,5,2,true,true,10.33,9.59,0.0637,9.95,9.21,9.84,9.88,9.08,,16,6.94,,,10.82,9.96,3.46
Q76,local,Q,2026-W30,5,2,true,true,10.31,9.53,0.0642,10,9.16,9.98,9.75,9.09,,16,6.97,,,11,10.09,3.41
Q76,local,Q,2026-W31,5,2,true,true,10.28,9.59,0.0548,9.78,9.06,10.05,9.95,9.18,,16,7.02,,,10.81,9.97,3.66
Q76,local,Q,2026-W32,5,2,false,true,10.29,9.43,0.0657,9.94,9.17,10.01,9.59,8.86,11.32,17,6.95,,,11.13,10.33,3.64
Q76,local,Q,2026-W33,5,2,true,true,10.31,9.45,0.0718,10.13,9.18,9.9,9.71,8.86,11.29,17,7.22,,,11.49,10.46,3.38
Q76,local,Q,2026-W34,5,2,true,true,10.44,9.56,0.0724,10.06,9.13,9.98,9.86,8.99,11.68,17,7.23,,,11.56,10.8,3.51
Q76,local,Q,2026-W35,5,2,true,true,10.51,9.6,0.0696,10.06,9.19,10.29,9.73,8.92,11.62,17,7.1,,,11.56,10.58,3.55
Q76,local,Q,2026-W36,5,2,true,true,10.33,9.45,0.067,10.15,9.28,9.94,9.67,8.92,11.3,17,7.19,,,11.39,10.38,3.65
Q76,local,Q,2026-W37,4,2,true,true,10.37,9.52,0.0639,10.06,9.16,9.92,9.83,9.05,11.57,17,7.69,7.96,,11.14,10.3,3.76
Q76,local,Q,2026-W38,5,2,true,true,10.3,9.34,0.0744,9.59,8.82,9.91,9.52,8.78,11.84,17,7.93,8.18,,11.41,10.57,3.63
Q76,local,Q,2026-W39,5,2,true,true,10.25,9.46,0.0554,9.77,8.93,9.98,9.3,8.62,11.6,17,7.71,8.09,,11.4,10.6,3.48
Q76,local,Q,2026-W40,5,2,true,false,9.94,9.1,0.0732,9.88,9.2,9.51,9.16,8.4,11.11,17,7.61,8.18,,10.26,9.47,3.73
Q76,local,Q,2026-W41,5,0,true,false,10.33,9.55,0.0601,9.73,9.01,10.16,9.41,8.75,11.78,17,7.55,8.18,15.3,,,
Q77,local,Q,2026-W17,0,2,false,true,,,,,,,,,,,,,,10.84,9.85,3.11
Q77,local,Q,2026-W18,5,2,false,false,9.75,8.88,0.081,,,,8.57,7.82,,13,7.04,,,10.49,9.56,3.11
Q77,local,Q,2026-W19,5,2,false,true,9.5,8.61,0.0929,,,,8.79,8.04,,12,8.05,,,9.99,8.97,3.17
Q77,local,Q,2026-W20,5,2,false,true,9.65,8.83,0.0756,9.46,9.09,9.56,8.62,7.8,,14,8.78,,,10.48,9.55,3.25
Q77,local,Q,2026-W21,5,2,false,false,9.65,8.75,0.0819,,,,8.42,7.51,,12,7.85,,,10.17,9.31,2.87
Q77,local,Q,2026-W22,4,2,false,true,9.53,8.54,0.0901,9.25,8.42,9.31,9.34,8.47,,15,7.47,,,10.28,9.39,3.2
Q77,local,Q,2026-W23,5,2,false,true,9.71,9.16,0.0473,,,,,,10.65,4,7.16,,,10.05,9.14,2.91
Q77,local,Q,2026-W24,4,1,false,false,9.94,9.61,0.0443,,,,,,,2,7.54,,,10.49,9.79,3.05
Q77,local,Q,2026-W25,1,2,false,false,9.65,8.6,0.072,,,,,,,1,7.41,,,11.23,9.23,2.01
Q77,local,Q,2026-W26,2,2,false,false,,,,,,,,,,1,6.87,,,10.03,8.95,3.05
Q77,local,Q,2026-W27,3,2,true,true,9.63,8.8,0.0663,10.39,9.46,9.24,9.52,8.64,9.57,16,6.81,,,10.94,10.04,2.93
Q77,local,Q,2026-W28,5,2,true,true,9.97,9.05,0.0745,9.93,8.97,9.39,9.47,8.66,11.1,16,6.94,,,9.91,9.12,3.21
Q77,local,Q,2026-W29,5,2,true,true,9.73,8.87,0.071,9.54,8.77,9.48,9.29,8.38,,16,6.93,,,10.57,9.43,3.48
Q77,local,Q,2026-W30,5,2,true,true,9.76,8.97,0.0679,9.92,9.09,9.5,9.03,8.25,,16,6.69,,,10.33,9.61,3.33
Q77,local,Q,2026-W31,5,2,true,true,9.84,9.01,0.0691,10.03,9.31,9.38,9.09,8.36,,16,6.51,,,10.79,9.76,3.1
Q77,local,Q,2026-W32,5,2,false,true,9.83,8.97,0.064,9.84,9.09,9.1,9.09,8.39,11.02,17,6.58,,,10.03,9.23,2.7
Q77,local,Q,2026-W33,5,2,true,true,9.75,8.84,0.0752,9.72,8.81,9.53,9.21,8.4,10.43,17,6.79,,,10.16,9.15,2.91
Q77,local,Q,2026-W34,5,2,true,true,9.73,8.89,0.0674,9.94,9.11,9.12,9.26,8.51,10.53,17,6.89,,,9.88,9.27,2.98
Q77,local,Q,2026-W35,5,2,true,true,9.77,8.84,0.0803,10.1,9.17,9.36,9.08,8.36,10.42,17,6.77,,,9.79,8.97,2.83
Q77,local,Q,2026-W36,5,2,true,true,9.59,8.57,0.0864,9.89,9.03,9.18,9.18,8.52,10.1,17,7.1,,,9.8,9.02,2.75
Q77,local,Q,2026-W37,4,2,true,true,9.56,8.7,0.0712,9.46,8.43,8.96,8.84,8.17,10.98,17,7.44,8.02,,9.73,8.8,3.07
Q77,local,Q,2026-W38,5,2,true,true,9.36,8.51,0.0703,9.09,8.24,8.78,8.73,7.92,10.9,17,7.91,8.65,,10.08,9.24,3.25
Q77,local,Q,2026-W39,5,2,true,true,9.68,8.96,0.0567,9.3,8.63,9.31,8.95,8.32,10.97,17,8.1,8.4,,10.54,9.64,3.13
Q77,local,Q,2026-W40,5,2,true,false,9.76,8.91,0.0668,9.12,8.26,9.51,9.2,8.49,10.96,17,7.85,8.65,,9.69,9.14,3.36
Q77,local,Q,2026-W41,5,0,true,false,9.4,8.59,0.0704,9.13,8.36,9.3,8.68,8.05,10.17,17,8.24,8.65,15.4,,,
Q80,local,Q,2026-W17,0,2,false,true,,,,,,,,,,,,,,8.67,7.58,3.74
Q80,local,Q,2026-W18,5,2,false,false,7.95,7.04,0.0983,,,,7.57,6.63,,13,5.16,,,8.19,7.22,3.82
Q80,local,Q,2026-W19,5,2,false,true,7.68,7.01,0.076,,,,7.43,6.68,,12,5.25,,,8.53,7.53,4.01
Q80,local,Q,2026-W20,5,2,false,true,7.69,7,0.0724,7.19,6.75,7.64,7.21,6.45,,15,5.38,,,8.5,7.78,3.87
Q80,local,Q,2026-W21,5,2,false,false,7.63,6.98,0.0654,,,,6.92,6.37,,13,5.02,,,8.55,7.64,3.43
Q80,local,Q,2026-W22,4,2,false,true,7.7,6.84,0.1001,7.54,6.86,7.57,7.41,6.66,,15,5.04,,,8.42,7.45,3.71
Q80,local,Q,2026-W23,5,2,false,true,7.85,7.2,0.0769,,,,,,8.6,4,4.94,,,8.45,7.38,3.66
Q80,local,Q,2026-W24,5,1,false,false,7.48,7.06,0.0616,,,,,,,2,5.5,,,8.57,7.61,3.76
Q80,local,Q,2026-W25,3,2,false,false,7.48,6.24,0.1611,,,,,,,2,4.7,,,7.71,6.74,3.68
Q80,local,Q,2026-W26,5,2,false,false,7.83,6.5,0.1333,,,,,,,1,5.07,,,8.73,7.56,3.46
Q80,local,Q,2026-W27,3,2,true,true,7.98,6.98,0.0902,7.87,6.98,7.74,7.73,6.84,8.47,16,5.08,,,8.67,7.63,3.98
Q80,local,Q,2026-W28,5,2,true,true,7.88,6.97,0.088,8.01,6.97,7.58,7.29,6.51,8.54,16,4.97,,,8.32,7.22,3.81
Q80,local,Q,2026-W29,5,2,true,true,7.96,7.09,0.092,7.88,7.1,7.72,7.26,6.48,,16,5.32,,,8.37,7.5,3.86
Q80,local,Q,2026-W30,5,2,true,true,7.9,7,0.0977,7.83,7.2,7.69,7.31,6.63,,16,5.08,,,8.36,7.49,3.88
Q80,local,Q,2026-W31,5,2,true,true,7.88,6.97,0.0918,7.89,7.08,7.49,7.09,6.48,,16,5.18,,,8.32,7.36,3.99
Q80,local,Q,2026-W32,5,2,false,true,7.89,7.08,0.0821,7.92,7.13,7.63,7.3,6.51,8.5,17,4.85,,,8.68,7.66,3.83
Q80,local,Q,2026-W33,5,2,true,true,7.74,6.92,0.0879,7.78,7.02,7.46,7.21,6.53,8.31,17,5.26,,,8.55,7.53,3.74
Q80,local,Q,2026-W34,5,2,true,true,7.95,7.2,0.0778,8.15,7.25,7.5,7.29,6.73,8.88,17,4.96,,,8.58,7.57,3.67
Q80,local,Q,2026-W35,5,2,true,true,8.03,7.18,0.087,7.96,7.21,7.89,7.31,6.57,8.7,17,5.11,,,8.48,7.67,3.82
Q80,local,Q,2026-W36,5,2,true,true,7.88,7.11,0.0826,7.99,7.24,7.65,7.27,6.65,8.45,17,5.12,,,8.61,7.79,3.72
Q80,local,Q,2026-W37,4,2,true,true,7.7,6.94,0.0839,7.34,6.62,7.44,7.08,6.44,8.69,17,5.23,5.61,,8.24,7.45,3.89
Q80,local,Q,2026-W38,5,2,true,true,7.8,7.01,0.0841,7.35,6.54,7.48,7.14,6.45,9,17,5.19,5.61,,8.46,7.58,3.76
Q80,local,Q,2026-W39,5,2,true,true,7.74,6.94,0.0837,7.49,6.73,7.61,6.96,6.38,8.58,17,5.43,5.61,,8.68,7.78,3.72
Q80,local,Q,2026-W40,5,2,true,false,7.55,6.79,0.0916,6.92,6.16,7.44,6.99,6.33,8.38,17,5.24,5.61,,8.85,8.12,3.87
Q80,local,Q,2026-W41,5,0,true,false,7.63,6.83,0.0876,7.18,6.51,7.55,6.93,6.22,8.43,17,5.38,5.61,22.4,,,
Q82,local,Q,2026-W17,0,2,false,true,,,,,,,,,,,,,,10.85,9.87,2.55
Q82,local,Q,2026-W18,5,2,false,false,10.5,9.43,0.0873,,,,9.35,8.26,,13,2.76,,,10.18,9.22,2.5
Q82,local,Q,2026-W19,5,2,false,true,9.63,8.67,0.0752,,,,8.64,8.03,,12,2.51,,,10.27,9.06,2.56
Q82,local,Q,2026-W20,5,2,false,true,9.52,8.56,0.09,9.38,9.17,9.66,8.63,7.6,,15,2.7,,,10.6,9.54,2.75
Q82,local,Q,2026-W21,5,2,false,false,9.32,8.32,0.1013,,,,9.06,8.31,,13,2.81,,,10.98,9.84,2.62
Q82,local,Q,2026-W22,4,2,false,true,9.76,8.78,0.0863,10.1,9.31,9.36,9.15,8.46,,15,2.51,,,10.59,9.48,2.4
Q82,local,Q,2026-W23,5,2,false,true,9.08,7.49,0.1227,,,,,,9.96,4,2.4,,,10.12,8.99,2.62
Q82,local,Q,2026-W24,5,1,false,false,9.2,7.82,0.1643,,,,,,,2,2.26,,,10.37,9.49,2.62
Q82,local,Q,2026-W25,3,2,false,false,10.02,8.33,0.1564,,,,,,,2,1.89,,,9.66,8.76,2.4
Q82,local,Q,2026-W26,5,2,false,false,9.43,8.27,0.1037,,,,,,,1,2.36,,,11.34,9.85,1.92
Q82,local,Q,2026-W27,3,2,true,true,10.14,9.46,0.0536,10.24,9.59,9.51,9.09,8.44,11.7,16,2.39,,,11.37,10.29,2.27
Q82,local,Q,2026-W28,5,2,true,true,10.39,9.34,0.0754,10.09,9.24,10.31,9.54,8.8,11.28,16,2.65,,,10.51,9.6,2.6
Q82,local,Q,2026-W29,5,2,true,true,9.71,8.85,0.0766,9.64,8.85,9.33,9,8.28,,16,2.52,,,10.85,9.9,2.53
Q82,local,Q,2026-W30,5,2,true,true,9.96,9.06,0.0764,9.04,8.35,10.14,9.58,8.67,,16,2.65,,,10.75,9.81,2.4
Q82,local,Q,2026-W31,5,2,true,true,10.45,9.62,0.0677,10.28,9.63,10.51,9.34,8.58,,16,2.52,,,11.16,10.16,2.51
Q82,local,Q,2026-W32,5,2,false,true,10.14,9.25,0.0673,9.86,8.96,9.54,9.25,8.42,11.01,17,2.5,,,10.85,9.79,2.61
Q82,local,Q,2026-W33,5,2,true,true,9.77,9.08,0.0592,9.27,8.62,9.26,9.7,8.93,10.79,17,2.47,,,11.16,10.17,2.46
Q82,local,Q,2026-W34,5,2,true,true,10.4,9.61,0.063,10.5,9.72,9.83,9.87,9.3,11.37,17,2.54,,,10.8,10.13,2.36
Q82,local,Q,2026-W35,5,2,true,true,10.48,9.62,0.0676,10.55,9.72,9.65,10.03,8.88,11.79,17,2.48,,,11.07,10.02,2.44
Q82,local,Q,2026-W36,5,2,true,true,10.35,9.38,0.073,10.19,8.85,10.04,9.96,9.33,11.14,17,2.46,,,10.6,9.63,2.3
Q82,local,Q,2026-W37,4,2,true,true,9.77,9.05,0.0574,9.26,8.62,9.7,9.56,8.81,10.59,17,2.69,2.83,,11.2,9.98,2.52
Q82,local,Q,2026-W38,5,2,true,true,9.64,8.81,0.0691,9,8.27,9.7,8.93,8.42,10.64,17,2.56,2.84,,10.9,9.94,2.57
Q82,local,Q,2026-W39,5,2,true,true,9.81,9.07,0.059,9.28,8.51,9.79,9.23,8.68,10.71,17,2.64,2.84,,11.49,10.7,2.4
Q82,local,Q,2026-W40,5,2,true,false,9.84,9.07,0.0659,9.12,8.51,9.9,9.13,8.26,11.03,17,2.62,2.84,,10.25,9.2,2.63
Q82,local,Q,2026-W41,5,0,true,false,9.92,9.07,0.0675,9.13,8.36,9.76,10.09,9.22,10.68,17,2.58,2.84,11.2,,,
Q83,local,Q,2026-W17,0,2,false,true,,,,,,,,,,,,,,10.03,8.83,4.6
Q83,local,Q,2026-W18,5,2,false,false,8.68,7.77,0.0944,,,,8.02,7.41,,13,8.85,,,9.54,8.57,4.96
Q83,local,Q,2026-W19,5,2,false,true,8.7,7.71,0.1001,,,,7.94,6.66,,12,9.07,,,9.86,8.73,4.76
Q83,local,Q,2026-W20,5,2,false,true,8.42,7.48,0.0995,8.09,7.2,8.08,7.79,6.92,,15,8.82,,,9.46,8.49,5.15
Q83,local,Q,2026-W21,5,2,false,false,8.29,7.31,0.1033,,,,7.62,6.59,,13,8.41,,,10.03,8.81,4.92
Q83,local,Q,2026-W22,4,2,false,true,8.53,7.66,0.0882,8.69,7.89,7.97,8.01,7.07,,15,8.39,,,9.9,8.82,4.95
Q83,local,Q,2026-W23,5,2,false,true,8.22,7.32,0.0799,,,,,,9.14,4,9.03,,,9.72,8.89,5.07
Q83,local,Q,2026-W24,5,1,false,false,8.82,8.04,0.0807,,,,,,,2,8.87,,,10.16,9.07,4.51
Q83,local,Q,2026-W25,3,2,false,false,9.39,8.19,0.0971,,,,,,,2,9.06,,,9.1,8.3,5.39
Q83,local,Q,2026-W26,5,2,false,false,8.36,7.37,0.108,,,,,,,1,9.25,,,9.73,8.95,4.63
Q83,local,Q,2026-W27,3,2,true,true,8.72,7.73,0.0968,8.86,8.06,8.45,7.85,6.73,9.36,16,8.58,,,9.78,8.66,4.59
Q83,local,Q,2026-W28,5,2,true,true,8.67,7.68,0.1019,8.51,7.78,8.35,8.18,7.12,9.31,16,8.49,,,9.42,8.47,5.08
Q83,local,Q,2026-W29,5,2,true,true,8.72,7.71,0.0993,8.69,7.82,8.33,8.1,7,,16,8.18,,,9.58,8.42,4.94
Q83,local,Q,2026-W30,5,2,true,true,8.69,7.72,0.0954,8.62,7.67,8.45,7.88,6.96,,16,8.4,,,9.39,8.23,5.23
Q83,local,Q,2026-W31,5,2,true,true,8.69,7.77,0.0869,8.52,7.56,8.31,8.05,7.09,,16,8.55,,,9.36,8.35,5.22
Q83,local,Q,2026-W32,5,2,false,true,8.78,7.73,0.0997,8.58,7.55,8.75,7.98,7.01,9.45,17,8.32,,,9.65,8.54,5.18
Q83,local,Q,2026-W33,5,2,true,true,8.77,7.77,0.0935,8.63,7.8,8.48,7.97,7.04,9.64,17,8.36,,,9.67,8.69,5.1
Q83,local,Q,2026-W34,5,2,true,true,8.87,7.92,0.095,8.91,7.92,8.69,7.95,6.88,9.41,17,8.38,,,9.78,8.69,4.75
Q83,local,Q,2026-W35,5,2,true,true,8.8,7.86,0.0933,8.75,7.76,8.45,8.17,7.17,9.43,17,8.61,,,9.34,8.43,5.1
Q83,local,Q,2026-W36,5,2,true,true,8.79,7.81,0.0921,8.75,7.83,8.34,8.06,7.09,9.82,17,8.7,,,9.46,8.39,5.07
Q83,local,Q,2026-W37,4,2,true,true,8.53,7.54,0.097,8.15,7.23,8.16,7.62,6.4,9.77,17,8.67,8.81,,9.56,8.41,4.98
Q83,local,Q,2026-W38,5,2,true,true,8.47,7.44,0.1029,7.59,6.85,8.15,7.83,6.93,9.8,17,8.78,8.84,,9.52,8.51,5.09
Q83,local,Q,2026-W39,5,2,true,true,8.74,7.85,0.0846,8.28,7.4,8.37,7.85,6.93,10.02,17,8.39,8.83,,10.11,9,5.05
Q83,local,Q,2026-W40,5,2,true,false,8.49,7.6,0.0866,7.94,7.08,8.05,7.68,6.78,9.89,17,8.74,8.84,,9.43,7.97,5.06
Q83,local,Q,2026-W41,5,0,true,false,8.66,7.74,0.0913,8.06,7.37,8.44,7.56,6.69,9.87,17,8.78,8.84,16.4,,,
Q84,local,Q,2026-W17,0,2,false,true,,,,,,,,,,,,,,11.71,11.04,2.83
Q84,local,Q,2026-W18,5,2,false,false,10.39,9.45,0.0777,,,,9.97,9.01,,13,4.62,,,11.44,10.37,2.89
Q84,local,Q,2026-W19,5,2,false,true,10.31,9.51,0.0618,,,,9.73,9.1,,12,4.93,,,11.37,10.52,2.71
Q84,local,Q,2026-W20,5,2,false,true,10.44,9.6,0.0707,9.64,9.21,9.99,9.4,8.7,,15,4.86,,,11.34,10.28,2.81
Q84,local,Q,2026-W21,5,2,false,false,9.83,8.86,0.0854,,,,9.53,8.67,,13,4.92,,,12.04,11.25,2.57
Q84,local,Q,2026-W22,4,2,false,true,10.56,9.48,0.0879,9.79,8.48,10.44,10.07,9.11,,15,4.88,,,11.62,10.76,2.85
Q84,local,Q,2026-W23,5,2,false,true,10.22,8.97,0.0973,,,,,,11.19,4,4.66,,,11.03,10.19,3.04
Q84,local,Q,2026-W24,5,1,false,false,10.18,9.12,0.1045,,,,,,,2,4.94,,,11.79,10.39,2.42
Q84,local,Q,2026-W25,3,2,false,false,11.01,10.4,0.0553,,,,,,,2,4.73,,,11.03,10.54,2.72
Q84,local,Q,2026-W26,5,2,false,false,11.49,10.6,0.0709,,,,,,,1,5.18,,,11.61,10.51,2.55
Q84,local,Q,2026-W27,3,2,true,true,10.53,9.71,0.0633,10.26,9.57,10.33,9.86,9.02,11.24,16,4.85,,,11.7,10.55,2.83
Q84,local,Q,2026-W28,5,2,true,true,11,9.86,0.0806,10.93,9.65,11,9.91,9.01,11.55,16,4.61,,,11.51,10.54,2.78
Q84,local,Q,2026-W29,5,2,true,true,10.76,9.85,0.0673,10.41,9.33,10.37,10.04,9.29,,16,4.76,,,11.44,10.52,2.92
Q84,local,Q,2026-W30,5,2,true,true,10.43,9.49,0.08,10.23,9.31,10.28,9.58,8.87,,16,4.49,,,11.35,10.28,2.81
Q84,local,Q,2026-W31,5,2,true,true,10.51,9.76,0.0627,10.11,9.41,9.94,10,9.29,,16,4.85,,,11.2,10.32,2.82
Q84,local,Q,2026-W32,5,2,false,true,10.36,9.35,0.0782,10.23,9.43,10.35,9.7,8.66,10.92,17,4.45,,,11.3,10.32,2.69
Q84,local,Q,2026-W33,5,2,true,true,10.48,9.72,0.0614,10.2,9.37,10.41,9.71,8.99,10.76,17,4.73,,,11.33,10.45,2.84
Q84,local,Q,2026-W34,5,2,true,true,10.76,9.92,0.064,10.23,9.52,10.48,10.06,9.33,11.71,17,4.72,,,11.39,10.57,2.56
Q84,local,Q,2026-W35,5,2,true,true,10.75,9.89,0.0623,10.27,9.45,10.49,10.37,9.7,11.39,17,4.46,,,11.43,10.33,3.01
Q84,local,Q,2026-W36,5,2,true,true,10.55,9.56,0.0714,10.26,9.3,10.09,10.21,9.23,11.49,17,4.59,,,11.05,10.1,2.93
Q84,local,Q,2026-W37,4,2,true,true,10.12,9.17,0.0775,9.77,8.91,9.59,9.46,8.46,11.3,17,4.72,5.15,,11.44,10.18,2.83
Q84,local,Q,2026-W38,5,2,true,true,10.11,9.14,0.0855,9.18,8.45,9.89,9.67,8.77,11.32,17,4.92,5.15,,10.98,9.96,2.7
Q84,local,Q,2026-W39,5,2,true,true,10.3,9.51,0.0642,9.64,8.74,10.01,9.26,8.6,11.85,17,4.76,5.15,,11.65,10.87,2.69
Q84,local,Q,2026-W40,5,2,true,false,10.2,9.44,0.0588,9.31,8.64,10.03,9.36,8.68,11.62,17,5.09,5.15,,10.47,9.65,3.05
Q84,local,Q,2026-W41,5,0,true,false,10.29,9.38,0.0726,9.55,8.75,10.2,9.31,8.45,11.3,17,5.03,5.15,14.3,,,
Q85,local,Q,2026-W17,0,2,false,true,,,,,,,,,,,,,,10.85,8.73,4.02
Q85,local,Q,2026-W18,5,2,false,false,9.76,8.63,0.0992,,,,8.87,8.15,,13,8.59,,,10.34,8.34,4.31
Q85,local,Q,2026-W19,5,2,false,true,9.7,8.38,0.1168,,,,8.87,7.51,,12,9.78,,,10.56,8.98,4.28
Q85,local,Q,2026-W20,5,2,false,true,9.69,8.49,0.1154,8.47,7.12,9.71,8.97,7.89,,15,9.08,,,10.02,8.45,4.08
Q85,local,Q,2026-W21,5,2,false,false,9.56,8.43,0.1124,,,,9,8.14,,13,9.36,,,11.03,9.06,4.26
Q85,local,Q,2026-W22,4,2,false,true,9.84,8.65,0.1018,9.79,8.59,9.4,9.4,8.43,,15,8.76,,,10.7,8.89,4.47
Q85,local,Q,2026-W23,5,2,false,true,10.03,9.21,0.0814,,,,,,10.92,4,8.87,,,10.26,8.56,4.62
Q85,local,Q,2026-W24,5,1,false,false,10.51,8.79,0.1364,,,,,,,2,9.44,,,11.5,9.74,2.81
Q85,local,Q,2026-W25,3,2,false,false,9.86,8.13,0.1342,,,,,,,2,7.85,,,10.65,8.4,4.24
Q85,local,Q,2026-W26,5,2,false,false,9.13,7.6,0.1382,,,,,,,1,8.9,,,10.37,8.96,4.4
Q85,local,Q,2026-W27,3,2,true,true,10.32,8.72,0.143,10.23,8.72,10,9.9,8.34,10.95,16,8.77,,,11.1,9.44,3.75
Q85,local,Q,2026-W28,5,2,true,true,9.97,8.32,0.1405,10,8.3,9.76,9.17,7.7,10.61,16,8.92,,,10.6,8.9,4.14
Q85,local,Q,2026-W29,5,2,true,true,9.94,8.51,0.1284,10,8.46,9.54,9.22,7.55,,16,8.5,,,10.32,9.14,3.98
Q85,local,Q,2026-W30,5,2,true,true,9.72,8.35,0.1285,9.52,8.09,9.63,8.63,7.13,,16,8.12,,,10.37,8.82,3.78
Q85,local,Q,2026-W31,5,2,true,true,9.88,8.62,0.1144,9.78,8.36,9.51,9.19,7.91,,16,8.69,,,10.35,8.86,4.16
Q85,local,Q,2026-W32,5,2,false,true,9.76,8.33,0.1352,9.53,8.05,9.57,8.9,7.63,10.36,17,8.66,,,10.75,9.17,3.4
Q85,local,Q,2026-W33,5,2,true,true,9.8,8.32,0.1351,9.7,8.09,9.45,9.08,7.54,10.65,17,8.87,,,10.37,9.09,3.66
Q85,local,Q,2026-W34,5,2,true,true,9.92,8.6,0.1164,9.92,8.66,9.61,9.43,8.12,10.47,17,8.88,,,10.73,9.23,4.16
Q85,local,Q,2026-W35,5,2,true,true,9.96,8.45,0.1329,9.91,8.44,9.68,9.31,7.77,10.63,17,8.64,,,10.46,8.76,4.32
Q85,local,Q,2026-W36,5,2,true,true,9.72,8.26,0.1277,9.7,7.91,9.56,9.05,7.85,10.14,17,8.87,,,10.44,9.03,3.99
Q85,local,Q,2026-W37,4,2,true,true,9.51,8.3,0.1074,9.35,7.83,9.22,8.89,7.64,10.45,17,9.46,8.93,,10.26,8.87,4.22
Q85,local,Q,2026-W38,5,2,true,true,9.57,8.31,0.1077,8.91,7.68,9.15,8.98,7.7,11.15,17,9.5,9.09,,10.43,9.1,4.04
Q85,local,Q,2026-W39,5,2,true,true,9.48,8.27,0.1091,9.33,7.84,9.18,8.76,7.58,10.5,17,9.21,9.03,,10.86,9.46,4.13
Q85,local,Q,2026-W40,5,2,true,false,9.29,8,0.1192,8.78,7.68,9.17,8.65,7.54,10.28,17,8.84,9.09,,10.37,9.47,4.58
Q85,local,Q,2026-W41,5,0,true,false,9.6,8.37,0.1122,9.25,8.1,9.44,8.79,7.51,10.46,17,9.63,9.09,15,,,
Q86,local,Q,2026-W17,0,2,false,true,,,,,,,,,,,,,,10.35,9.32,2.97
Q86,local,Q,2026-W18,5,2,false,false,9.34,8.49,0.0806,,,,8.72,7.7,,13,5.08,,,10.4,9.04,2.87
Q86,local,Q,2026-W19,5,2,false,true,9.11,8.26,0.0763,,,,8.08,7.48,,12,5.02,,,10.67,9.28,2.61
Q86,local,Q,2026-W20,5,2,false,true,9.41,8.61,0.0817,8.09,7.62,9.12,8.53,8.06,,15,5.07,,,10.22,8.7,2.86
Q86,local,Q,2026-W21,5,2,false,false,9.42,8.33,0.1014,,,,8.64,7.62,,13,4.84,,,10.39,9.12,2.81
Q86,local,Q,2026-W22,4,2,false,true,9.37,8.52,0.0761,9.08,8.02,9.04,8.55,7.77,,15,4.87,,,10.29,8.82,2.71
Q86,local,Q,2026-W23,5,2,false,true,9.37,8.61,0.0819,,,,,,10.09,4,4.71,,,10.23,9.06,2.74
Q86,local,Q,2026-W24,5,1,false,false,9.21,8.34,0.0856,,,,,,,2,5.12,,,10.73,9.78,2.73
Q86,local,Q,2026-W25,3,2,false,false,9.19,7.95,0.1039,,,,,,,2,4.79,,,11.05,9.34,2.91
Q86,local,Q,2026-W26,5,2,false,false,9.41,8.65,0.0504,,,,,,,1,4.54,,,11.11,9.66,2.53
Q86,local,Q,2026-W27,3,2,true,true,9.5,8.52,0.091,9.63,8.79,8.96,9.27,7.97,10.22,16,4.7,,,10.99,9.2,2.41
Q86,local,Q,2026-W28,5,2,true,true,9.47,8.49,0.0902,9.41,8.66,9.26,8.99,7.96,10.01,16,4.67,,,9.93,8.38,2.63
Q86,local,Q,2026-W29,5,2,true,true,9.54,8.49,0.0875,9.33,8.43,9.34,9.03,7.81,,16,5.11,,,9.97,8.89,3.21
Q86,local,Q,2026-W30,5,2,true,true,9.48,8.59,0.0822,9.69,8.74,9.27,8.8,7.99,,16,4.68,,,10.05,9.09,2.96
Q86,local,Q,2026-W31,5,2,true,true,9.45,8.32,0.1075,9.84,8.33,9.14,8.98,7.81,,16,4.77,,,10.07,8.99,3.37
Q86,local,Q,2026-W32,5,2,false,true,9.39,8.49,0.0758,9.46,8.67,9.25,8.62,7.68,9.82,17,4.7,,,10.19,8.68,2.51
Q86,local,Q,2026-W33,5,2,true,true,9.62,8.66,0.0817,9.77,8.55,9.49,8.89,8.1,10.17,17,4.78,,,10.13,8.38,2.32
Q86,local,Q,2026-W34,5,2,true,true,9.42,8.42,0.0868,9.78,8.4,9.26,8.67,7.94,9.83,17,5.22,,,10.62,8.98,2.31
Q86,local,Q,2026-W35,5,2,true,true,9.66,8.68,0.0891,9.5,8.28,9.58,9.03,8.29,10.15,17,4.67,,,10.62,9.3,2.32
Q86,local,Q,2026-W36,5,2,true,true,9.46,8.4,0.0818,9.4,8.13,9.16,8.86,8.09,9.95,17,4.95,,,10.07,8.63,2.4
Q86,local,Q,2026-W37,4,2,true,true,9.3,8.48,0.0685,8.73,7.74,9.03,8.73,8.02,10.23,17,5.01,5.16,,10.11,8.79,2.35
Q86,local,Q,2026-W38,5,2,true,true,9.24,8.42,0.0727,8.86,8.1,9,8.57,7.73,10.31,17,5.13,5.16,,10.31,9.13,2.36
Q86,local,Q,2026-W39,5,2,true,true,9.43,8.56,0.0692,9.06,8.37,9.17,8.64,7.78,10.38,17,5.04,5.16,,10.79,9.64,2.32
Q86,local,Q,2026-W40,5,2,true,false,9.31,8.5,0.0699,8.92,8.22,9.09,8.92,8.02,10.08,17,4.92,5.16,,9.81,8.63,2.84
Q86,local,Q,2026-W41,5,0,true,false,9.41,8.61,0.0684,9.14,8.15,9.61,8.9,8.29,9.79,17,5.12,5.16,16.2,,,
Q87,local,Q,2026-W17,0,2,false,true,,,,,,,,,,,,,,11.78,10.88,3.78
Q87,local,Q,2026-W18,5,2,false,false,10,9,0.0851,,,,9.69,9.16,,13,4.45,,,11.46,10.37,4.28
Q87,local,Q,2026-W19,5,2,false,true,10.11,8.72,0.1236,,,,9.54,8.47,,12,4.49,,,11.27,10.1,4.17
Q87,local,Q,2026-W20,5,2,false,true,9.79,9.04,0.0791,9.15,9.01,9.33,9.2,8.35,,15,4.39,,,11.45,10.24,4.34
Q87,local,Q,2026-W21,5,2,false,false,9.5,8.48,0.0915,,,,8.83,7.81,,13,4.68,,,11.53,10.31,4.39
Q87,local,Q,2026-W22,4,2,false,true,9.87,8.64,0.1022,9.49,8.33,9.91,8.7,7.67,,15,4.63,,,11.45,9.84,3.94
Q87,local,Q,2026-W23,5,2,false,true,10.22,9.23,0.0978,,,,,,11.04,4,4.4,,,11.1,9.93,4.37
Q87,local,Q,2026-W24,5,1,false,false,9.93,8.22,0.1737,,,,,,,2,4.35,,,11.96,10.04,3.83
Q87,local,Q,2026-W25,3,2,false,false,10.15,8.81,0.1074,,,,,,,2,3.72,,,11.55,10.35,4.58
Q87,local,Q,2026-W26,5,2,false,false,9.76,7.71,0.1723,,,,,,,1,4.45,,,11.8,10.51,3.85
Q87,local,Q,2026-W27,3,2,true,true,10.24,9.35,0.0714,10.44,9.51,10.28,9.32,8.2,10.5,16,4.23,,,12.25,11.08,4.15
Q87,local,Q,2026-W28,5,2,true,true,10.15,8.97,0.0979,9.98,8.49,9.8,9.37,8.35,11.18,16,4.5,,,11.43,10.32,4.21
Q87,local,Q,2026-W29,5,2,true,true,9.85,8.62,0.0996,9.96,8.71,9.43,9.29,8.17,,16,4.77,,,11.84,10.73,4.03
Q87,local,Q,2026-W30,5,2,true,true,10.14,8.96,0.1035,10.61,9.51,9.93,8.99,7.99,,16,4.31,,,11.74,10.69,3.65
Q87,local,Q,2026-W31,5,2,true,true,9.73,8.63,0.0917,9.93,8.86,9.45,9.25,8.16,,16,4.44,,,11.63,10.65,4.01
Q87,local,Q,2026-W32,5,2,false,true,9.75,8.96,0.0747,9.3,8.69,9.44,9.32,8.42,10.35,17,4,,,11.54,10.42,3.75
Q87,local,Q,2026-W33,5,2,true,true,9.95,8.92,0.0926,10.28,9.15,9.64,9.25,8.16,10.5,17,4.16,,,11.25,10.19,3.79
Q87,local,Q,2026-W34,5,2,true,true,9.95,9.05,0.0742,10.07,9.31,9.64,8.84,8.17,11.04,17,4.43,,,11.71,10.29,4.02
Q87,local,Q,2026-W35,5,2,true,true,10.13,9.2,0.0726,9.84,9.08,9.68,9.41,8.61,11.08,17,3.98,,,11.56,10.71,3.56
Q87,local,Q,2026-W36,5,2,true,true,9.81,8.8,0.0913,10.22,9.05,9.72,8.89,7.98,10.14,17,4.2,,,11.92,10.73,3.79
Q87,local,Q,2026-W37,4,2,true,true,9.64,8.57,0.0875,9.7,8.52,9.35,8.87,7.96,10.55,17,4.64,4.65,,11.34,10.06,4.12
Q87,local,Q,2026-W38,5,2,true,true,9.58,8.59,0.0885,9.41,8.23,9.06,9.23,8.41,10.68,17,4.3,4.65,,11.3,10.21,3.82
Q87,local,Q,2026-W39,5,2,true,true,9.67,8.73,0.0793,9.57,8.34,9.52,9.33,8.53,10.07,17,4.58,4.65,,12.03,10.95,3.86
Q87,local,Q,2026-W40,5,2,true,false,9.87,8.74,0.0956,9.37,8.41,9.83,9.45,8.48,10.39,17,4.17,4.65,,11.73,10.53,4.36
Q87,local,Q,2026-W41,5,0,true,false,9.96,8.92,0.0899,9.66,8.56,9.88,8.43,7.57,11.3,17,4.32,4.65,20.6,,,
Q88,local,Q,2026-W17,0,2,false,true,,,,,,,,,,,,,,12.3,11.62,5.23
Q88,local,Q,2026-W18,5,2,false,false,11.33,10.63,0.0547,,,,10.7,10.14,,13,10.11,,,12.31,11.33,6.04
Q88,local,Q,2026-W19,5,2,false,true,11.41,10.56,0.0561,,,,10.48,9.38,,12,10.44,,,12.03,10.8,6.05
Q88,local,Q,2026-W20,5,2,false,true,11.27,10.49,0.057,10.67,9.75,11.15,9.99,9.33,,15,11.07,,,11.98,10.97,6.68
Q88,local,Q,2026-W21,5,2,false,false,10.87,10.07,0.0635,,,,10.25,9.57,,13,11.43,,,12.78,11.62,5.84
Q88,local,Q,2026-W22,4,2,false,true,11.3,10.35,0.0693,10.14,9.38,11.31,10.91,9.79,,15,10.82,,,12.42,11.43,6.22
Q88,local,Q,2026-W23,5,2,false,true,11.58,10.87,0.0422,,,,,,12.81,4,10.45,,,12.06,10.92,6.66
Q88,local,Q,2026-W24,5,1,false,false,10.7,10.16,0.0555,,,,,,,2,10.32,,,12.65,11.99,4.44
Q88,local,Q,2026-W25,3,2,false,false,10.77,10.15,0.0483,,,,,,,2,9.77,,,12.68,11.64,6.65
Q88,local,Q,2026-W26,5,2,false,false,11.6,10.69,0.0541,,,,,,,1,9.9,,,11.16,10.09,5.09
Q88,local,Q,2026-W27,3,2,true,true,11.82,10.93,0.0626,11.14,10.13,11.58,11.19,10.15,13,16,8.97,,,12.68,11.75,5.68
Q88,local,Q,2026-W28,5,2,true,true,11.69,10.8,0.0595,11.13,10.23,11.63,10.95,10.06,12.59,16,9.26,,,12.43,11.19,6.16
Q88,local,Q,2026-W29,5,2,true,true,11.63,10.71,0.0632,11.06,9.98,11.41,10.68,9.62,,16,9.48,,,12.39,11.48,6.32
Q88,local,Q,2026-W30,5,2,true,true,11.64,10.8,0.0584,10.92,10.2,11.63,10.71,9.93,,16,9.64,,,12.02,11.16,6.49
Q88,local,Q,2026-W31,5,2,true,true,11.43,10.6,0.0575,11.43,10.65,11.36,10.37,9.5,,16,9.89,,,12.4,11.38,6.05
Q88,local,Q,2026-W32,5,2,false,true,11.55,10.61,0.0682,11.2,10.21,11.54,10.9,9.95,12.43,17,9.69,,,12.44,11.55,6.2
Q88,local,Q,2026-W33,5,2,true,true,11.65,10.78,0.0706,11.38,10.43,11.44,10.87,9.91,12.49,17,9.3,,,12.22,11.24,6.12
Q88,local,Q,2026-W34,5,2,true,true,11.86,11.03,0.0583,11.49,10.52,11.83,11.14,10.31,12.46,17,9.69,,,12.03,11.11,5.87
Q88,local,Q,2026-W35,5,2,true,true,12.04,11.14,0.0599,11.71,10.72,11.66,10.49,9.74,13.65,17,9.41,,,12.54,11.41,6.32
Q88,local,Q,2026-W36,5,2,true,true,11.36,10.3,0.0764,11.59,10.54,11.52,10.24,9.28,11.53,17,9.75,,,12.36,11.47,6.33
Q88,local,Q,2026-W37,4,2,true,true,11.08,10.28,0.0599,10.6,9.66,10.57,9.9,9.2,12.88,17,10.57,9.96,,11.99,11.23,6.51
Q88,local,Q,2026-W38,5,2,true,true,11.28,10.43,0.0588,10.46,9.78,10.97,10.13,9.35,13.22,17,11.05,10.51,,12.48,11.54,5.87
Q88,local,Q,2026-W39,5,2,true,true,11.56,10.87,0.0466,10.83,10.15,11.22,10.61,9.92,13.34,17,10.84,10.29,,12.89,11.83,6.02
Q88,local,Q,2026-W40,5,2,true,false,11.23,10.16,0.0832,10.04,9.39,11.21,10.16,9.41,12.88,17,11.55,10.51,,12.12,10.82,5.89
Q88,local,Q,2026-W41,5,0,true,false,11.41,10.57,0.0585,10.43,9.83,11.28,10.04,9.24,13.02,17,11.45,10.51,18.3,,,
Q89,local,Q,2026-W17,0,2,false,true,,,,,,,,,,,,,,10.84,9.98,3.15
Q89,local,Q,2026-W18,5,2,false,false,10.45,9.34,0.0921,,,,9.75,8.43,,13,4.32,,,10.65,9.3,3.66
Q89,local,Q,2026-W19,5,2,false,true,10.01,8.61,0.1293,,,,8.58,7.11,,12,4.75,,,10.59,9.09,3.7
Q89,local,Q,2026-W20,5,2,false,true,10.46,9.04,0.1073,10.79,9.29,10.42,9.28,7.89,,15,4.67,,,10.49,8.95,3.79
Q89,local,Q,2026-W21,5,2,false,false,10.03,8.66,0.122,,,,9.42,7.78,,13,4.92,,,11.72,10.47,3.64
Q89,local,Q,2026-W22,4,2,false,true,10.27,9.21,0.0898,10.05,9.31,10.01,9.44,8.5,,15,4.5,,,11.4,9.88,3.56
Q89,local,Q,2026-W23,5,2,false,true,10.95,9.43,0.1407,,,,,,11.97,4,4.07,,,10.59,9.41,3.77
Q89,local,Q,2026-W24,5,1,false,false,10.73,9.77,0.0871,,,,,,,2,4.22,,,12.42,11.28,2.49
Q89,local,Q,2026-W25,3,2,false,false,10.35,9.46,0.088,,,,,,,2,3.81,,,9.93,8.72,3.68
Q89,local,Q,2026-W26,5,0,false,false,10.59,9,0.1187,,,,,,,1,3.94,,,,,
Q89,local,Q,2026-W27,3,2,true,true,10.37,9.15,0.0996,10.77,9.67,10.3,9.24,7.92,11.04,16,4.46,,,10.68,9.33,3.53
Q89,local,Q,2026-W28,5,2,true,true,10.29,9.03,0.1085,10.1,9.18,10.17,9.63,8.33,11.09,16,4.47,,,10.31,9,3.34
Q89,local,Q,2026-W29,5,2,true,true,10.28,9.13,0.0922,10.48,9.31,9.82,9.24,8.24,,15,4.52,,,11.36,10.04,3.8
Q89,local,Q,2026-W30,5,2,true,true,10.26,8.98,0.1036,10.48,9.46,10.14,9.09,8.05,,15,4.18,,,10.88,9.63,3.66
Q89,local,Q,2026-W31,5,2,true,true,10.17,9.04,0.0961,9.73,8.56,10.21,9.09,8.19,,15,4.39,,,10.88,9.39,3.84
Q89,local,Q,2026-W32,5,2,false,true,9.95,8.78,0.108,9.37,8.09,10.21,9.04,8.04,10.66,16,4.28,,,10.7,9.36,3.71
Q89,local,Q,2026-W33,5,2,true,true,10.04,8.85,0.1023,9.98,9.13,9.84,9.23,8.05,11.01,16,4.28,,,10.94,9.43,3.59
Q89,local,Q,2026-W34,5,2,true,true,10.23,8.98,0.1005,10.75,9.56,9.72,9.08,7.93,11.47,16,4.48,,,10.56,9.38,3.78
Q89,local,Q,2026-W35,5,2,true,true,10.59,9.49,0.0897,11.16,10.38,10.29,9.43,8.26,11.47,16,4.03,,,10.39,8.83,3.48
Q89,local,Q,2026-W36,5,2,true,true,10.07,8.83,0.1017,10.14,9.02,10.06,9.44,8.35,10.5,16,4.51,,,10.52,9.12,3.46
Q89,local,Q,2026-W37,4,2,true,true,10.06,8.97,0.0864,9.96,9.19,10.06,9.48,8.26,10.55,17,4.43,4.8,,10.85,9.23,3.77
Q89,local,Q,2026-W38,5,2,true,true,10.13,9.03,0.0841,10.42,9.54,10,9.13,8.14,10.87,16,4.4,4.8,,10.59,9.17,3.77
Q89,local,Q,2026-W39,5,2,true,true,9.87,8.81,0.0881,10.02,8.7,9.74,9.13,8.39,10.51,17,4.32,4.8,,10.92,9.64,3.73
Q89,local,Q,2026-W40,5,2,true,false,10.13,8.87,0.1072,9.98,8.89,9.63,9.52,8.53,11.45,16,4.5,4.8,,10.88,9.26,4.29
Q89,local,Q,2026-W41,5,0,true,false,9.95,8.82,0.0894,9.87,8.83,9.62,8.64,7.77,11.48,16,4.53,4.8,16.9,,,
Q90,local,Q,2026-W17,0,2,false,true,,,,,,,,,,,,,,10.3,7.93,2.54
Q90,local,Q,2026-W18,5,2,false,false,9.5,7.51,0.201,,,,6.71,4.95,,13,2.51,,,10.57,8.11,2.25
Q90,local,Q,2026-W19,5,2,false,true,10.71,8.84,0.1532,,,,9.5,7.63,,12,2.67,,,10.8,9.06,2.41
Q90,local,Q,2026-W20,5,2,false,true,8.81,7.3,0.1561,8.68,6.83,8.66,8.5,7.36,,15,2.52,,,10.01,8.48,1.78
Q90,local,Q,2026-W21,5,2,false,false,10.51,8.39,0.1881,,,,9.01,6.98,,13,2.54,,,9.9,7.97,2.33
Q90,local,Q,2026-W22,4,2,false,true,10.33,8.16,0.1888,11.99,9.77,9.64,8.68,6.2,,15,2.32,,,10.17,7.65,2.33
Q90,local,Q,2026-W23,5,2,false,true,10.77,8.39,0.2237,,,,,,11.1,4,2.71,,,10.49,8.88,2.34
Q90,local,Q,2026-W24,5,1,false,false,11.92,7.64,0.3037,,,,,,,2,2.19,,,11.27,9.14,2.02
Q90,local,Q,2026-W25,3,2,false,false,9.89,8.48,0.1234,,,,,,,2,2.21,,,11.05,8.35,2.49
Q90,local,Q,2026-W26,5,2,false,false,9.39,6.81,0.257,,,,,,,1,3.1,,,13.47,12.16,2.42
Q90,local,Q,2026-W27,3,2,true,true,10.62,9.07,0.1393,10.15,8.99,10.45,9.93,8.56,11.29,16,2.31,,,11.77,9.83,1.87
Q90,local,Q,2026-W28,5,2,true,true,11.27,9.54,0.1382,12.89,10.76,10.86,9.37,7.98,11.65,16,2.32,,,11.05,9.48,2.14
Q90,local,Q,2026-W29,5,2,true,true,11.06,9.45,0.1331,11.34,9.91,11.4,9.99,8.3,,16,2.19,,,11.13,9.76,1.98
Q90,local,Q,2026-W30,5,2,true,true,11.02,9.12,0.1448,11.2,9.43,11.25,10.26,8.53,,16,2.13,,,11.04,9.64,1.96
Q90,local,Q,2026-W31,5,2,true,true,10.6,8.77,0.1524,10.97,8.62,10.91,9.77,7.58,,16,2.43,,,11.66,10.47,2.08
Q90,local,Q,2026-W32,5,2,false,true,10.07,8.32,0.1646,10.96,8.64,9.67,9.98,7.98,9.58,17,2.43,,,10.75,9.3,2.1
Q90,local,Q,2026-W33,5,2,true,true,10.31,8.43,0.1706,10.97,8.76,9.31,10.22,8.4,10.61,17,2.41,,,11.87,10.57,1.99
Q90,local,Q,2026-W34,5,2,true,true,11.14,9.36,0.1441,11.73,10,10.73,9.6,7.82,12.45,17,2.3,,,11.2,9.77,1.87
Q90,local,Q,2026-W35,5,2,true,true,10.89,9.36,0.1211,11.81,10.45,10.19,9.83,8.35,11.56,17,2.45,,,10.58,9.1,2.2
Q90,local,Q,2026-W36,5,2,true,true,11.53,9.58,0.1422,11.53,9.87,10.84,10.57,8.85,12.84,17,2.29,,,10.22,8.67,2.12
Q90,local,Q,2026-W37,4,2,true,true,10.98,9.07,0.151,12.47,10.71,10.77,9.44,7.31,10.9,17,2.43,2.74,,11,9.48,2.19
Q90,local,Q,2026-W38,5,2,true,true,11.08,9.48,0.1253,11.01,9.37,11.52,10.14,8.49,10.92,17,2.38,2.74,,10.7,9.18,2.08
Q90,local,Q,2026-W39,5,2,true,true,11.24,9.23,0.17,11.87,9.72,10.56,10.36,8.12,12.19,17,2.32,2.74,,11.88,10.51,2.04
Q90,local,Q,2026-W40,5,2,true,false,10.49,8.44,0.1796,11.2,9.8,9.68,10.17,8.24,10.7,17,2.18,2.74,,12.75,11.57,2.16
Q90,local,Q,2026-W41,5,0,true,false,11.07,9.28,0.1442,11.9,10.21,11.21,9.53,7.35,10.86,17,2.21,2.74,7.2,,,
Q96,shuttle,Q,2026-W20,1,2,false,true,7.44,6.21,0.1569,,,,,,7.44,1,0.05,,,8.31,7.08,0.29
Q98,local,Q,2026-W17,0,2,false,true,,,,,,,,,,,,,,9.29,8.16,5.96
Q98,local,Q,2026-W18,5,2,false,false,8.4,7.38,0.1047,,,,7.44,6.54,,13,8.38,,,9.12,8.24,6.9
Q98,local,Q,2026-W19,5,2,false,true,8.23,7.33,0.0934,,,,7.77,7.14,,12,8.4,,,9.07,7.93,6.46
Q98,local,Q,2026-W20,5,2,false,true,8.72,7.8,0.0868,8.79,8.11,8.38,7.78,6.82,,15,8.58,,,9.24,8.12,6.81
Q98,local,Q,2026-W21,5,2,false,false,8.12,7.24,0.0977,,,,7.87,6.87,,13,8.82,,,9.69,8.05,7.22
Q98,local,Q,2026-W22,4,2,false,true,8.48,7.51,0.1042,8.34,7.52,8.16,7.76,6.79,,15,9.36,,,8.96,7.84,7.05
Q98,local,Q,2026-W23,5,2,false,true,8.19,7.42,0.0948,,,,,,9.11,4,8.15,,,8.33,7.2,7.58
Q98,local,Q,2026-W24,5,1,false,false,8.67,7.61,0.1109,,,,,,,2,8.68,,,9.8,8.69,5.48
Q98,local,Q,2026-W25,3,2,false,false,8.1,6.99,0.0964,,,,,,,2,9.05,,,8.75,7.83,7.38
Q98,local,Q,2026-W26,5,2,false,false,8.63,7.36,0.1169,,,,,,,1,8.74,,,9.86,8.4,7.34
Q98,local,Q,2026-W27,3,2,true,true,9,8.01,0.0888,8.51,7.57,8.54,8.18,7.52,10.44,16,8.77,,,9.74,8.43,6.84
Q98,local,Q,2026-W28,5,2,true,true,8.69,7.71,0.0952,8.95,7.99,8.12,7.82,6.83,9.77,16,8.78,,,9.59,8.5,7.02
Q98,local,Q,2026-W29,5,2,true,true,8.7,7.74,0.0938,8.85,7.97,8.51,7.82,6.86,,16,8.81,,,8.91,7.99,7.16
Q98,local,Q,2026-W30,5,2,true,true,8.69,7.74,0.0884,8.7,7.92,8.64,7.63,6.81,,16,8.63,,,9.39,8.27,6.64
Q98,local,Q,2026-W31,5,2,true,true,8.71,7.81,0.0904,8.86,8.02,8.48,7.62,6.71,,16,8.37,,,9.5,8.33,7.25
Q98,local,Q,2026-W32,5,2,false,true,8.63,7.66,0.0962,8.47,7.44,8.09,7.88,6.92,9.84,17,8.85,,,9.55,8.41,6.78
Q98,local,Q,2026-W33,5,2,true,true,8.59,7.66,0.0898,8.87,8.07,8.2,7.96,7.03,9.1,17,8.58,,,9.57,8.49,6.98
Q98,local,Q,2026-W34,5,2,true,true,8.69,7.72,0.0969,8.75,7.9,8.4,8.13,7.13,9.25,17,8.64,,,9.2,8.18,7.18
Q98,local,Q,2026-W35,5,2,true,true,8.59,7.57,0.1051,8.7,7.66,8.16,7.79,6.88,9.57,17,8.94,,,9.21,8.27,7.06
Q98,local,Q,2026-W36,5,2,true,true,8.49,7.34,0.1118,8.82,7.8,8.18,7.33,6.31,9.27,17,9,,,9.37,8.24,7.21
Q98,local,Q,2026-W37,4,2,true,true,8.19,7.23,0.1021,7.86,6.9,7.77,7.25,6.2,9.37,17,8.59,8.71,,9.12,7.9,6.43
Q98,local,Q,2026-W38,5,2,true,true,8.42,7.51,0.0943,7.97,7.12,8.19,7.92,7.12,9.38,17,8.89,8.71,,8.86,7.86,7.27
Q98,local,Q,2026-W39,5,2,true,true,8.46,7.49,0.0879,8.14,7.18,8.1,7.76,6.99,9.63,17,8.55,8.71,,9.52,8.5,7.16
Q98,local,Q,2026-W40,5,2,true,false,8.41,7.46,0.1062,7.91,7.15,8.25,7.72,6.92,9.39,17,8.84,8.71,,8.2,7.12,7.24
Q98,local,Q,2026-W41,5,0,true,false,8.53,7.6,0.0928,7.85,6.99,8.47,7.45,6.66,9.73,17,8.87,8.71,18.6,,,
QM1,express,X,2026-W18,5,0,false,false,11.07,10.05,0.1461,,,,12.67,10.72,13.81,7,1.17,,,,,
QM1,express,X,2026-W19,5,0,false,false,11.41,10.14,0.2709,,,,15.44,15.46,12.31,7,1.09,,,,,
QM1,express,X,2026-W20,5,0,false,false,10.47,8.43,0.1777,13.01,8.21,,10.24,8.95,13.72,10,1.19,,,,,
QM1,express,X,2026-W21,5,0,false,false,10.28,8.98,0.1701,,,,10.91,9.66,13.95,8,1.1,,,,,
QM1,express,X,2026-W22,4,0,false,false,12.61,11.22,0.1571,15.39,14.02,,11.83,10.48,,7,0.89,,,,,
QM1,express,X,2026-W23,2,0,false,false,16.33,15.75,0.0869,,,,,,18.88,2,0.96,,,,,
QM1,express,X,2026-W27,3,0,true,false,13.6,11.74,0.1967,15.52,15.11,,14.13,10.98,,7,0.9,,,,,
QM1,express,X,2026-W28,5,0,true,false,10.95,9.21,0.1865,11.54,10.7,,12.95,10.09,13.47,8,0.97,,,,,
QM1,express,X,2026-W29,5,0,true,false,11.09,9.68,0.1946,14.22,13.23,,10.45,8.55,15.18,9,1.09,,,,,
QM1,express,X,2026-W30,5,0,true,false,10.67,8.86,0.1741,11.87,10.98,,11.12,10.01,13.82,9,0.94,,,,,
QM1,express,X,2026-W31,5,0,true,false,10.08,8.97,0.173,9.88,8.46,,11.14,10.36,13.61,9,0.94,,,,,
QM1,express,X,2026-W32,5,0,false,false,10.68,9.45,0.158,11.9,10.6,,11.02,10.45,13.92,9,0.81,,,,,
QM1,express,X,2026-W33,5,0,true,false,14.77,13.72,0.1539,16.77,15.58,,13.94,12.76,14.05,9,0.86,,,,,
QM1,express,X,2026-W34,5,0,true,false,13.69,12.35,0.1638,14.83,13.5,,15.84,14.97,,10,0.89,,,,,
QM1,express,X,2026-W35,5,0,true,false,14.23,13.27,0.1337,18.5,17.76,,14.11,13.21,,9,0.88,,,,,
QM1,express,X,2026-W36,5,0,true,false,11.07,9.78,0.1679,11.84,10.19,,12.43,11.31,,8,0.86,,,,,
QM1,express,X,2026-W37,4,0,true,false,9.36,8.12,0.2039,10.56,9.07,,8.86,7.38,13.23,10,1.07,0.91,,,,
QM1,express,X,2026-W38,5,0,true,false,10.57,9.37,0.1638,11.65,10.48,,11.15,9.91,,8,0.97,0.91,,,,
QM1,express,X,2026-W39,5,0,true,false,9.03,7.97,0.2208,10.53,9.51,2.39,8.44,6.55,11.7,12,1.06,0.91,,,,
QM1,express,X,2026-W40,5,0,true,false,11.42,10.24,0.1499,12.44,11.68,,13.2,11.55,,8,0.96,0.91,,,,
QM1,express,X,2026-W41,4,0,true,false,10.75,9.73,0.1563,12.01,10.94,,10.27,8.93,12.61,10,1.15,0.91,7.4,,,
QM10,express,X,2026-W18,5,0,false,false,10.16,9.46,0.0588,,,,7.86,7.51,,6,0.73,,,,,
QM10,express,X,2026-W19,4,0,false,false,11.72,10.92,0.0545,,,,9.81,9.21,,6,0.77,,,,,
QM10,express,X,2026-W20,5,0,false,false,10.87,9.96,0.059,16.82,16.33,,8.29,7.74,7.19,10,0.66,,,,,
QM10,express,X,2026-W21,5,0,false,false,9.19,8.67,0.0962,,,,8.61,7.94,7.41,7,0.69,,,,,
QM10,express,X,2026-W22,4,0,false,false,9.21,8.19,0.0739,9.16,8.44,,9.67,8.72,,9,0.73,,,,,
QM10,express,X,2026-W27,3,0,true,false,11.16,9.66,0.0803,11.96,10.76,,9.71,8.96,,9,0.66,,,,,
QM10,express,X,2026-W28,5,0,true,false,8.69,7.61,0.0729,8.1,7.36,,8.95,7.98,,8,0.64,,,,,
QM10,express,X,2026-W29,5,0,true,false,12.85,11.59,0.0744,15.52,14.19,,9.51,8.38,11.92,11,0.76,,,,,
QM10,express,X,2026-W30,5,0,true,false,15.97,13.54,0.0971,24.19,20.97,,11.61,10.52,10.2,11,0.67,,,,,
QM10,express,X,2026-W31,5,0,true,false,12.17,10.94,0.0703,21.07,19.92,5.8,9.89,8.86,,11,0.69,,,,,
QM10,express,X,2026-W32,5,0,false,false,11.44,10.44,0.0887,21.31,20.75,,10.1,9.58,,10,0.69,,,,,
QM10,express,X,2026-W33,5,0,true,false,10.29,9.11,0.1132,10.91,10.12,8.32,11.68,10.39,,11,0.65,,,,,
QM10,express,X,2026-W34,5,0,true,false,16.65,15.59,0.0638,21.79,20.99,,9.6,8.85,,10,0.64,,,,,
QM10,express,X,2026-W35,5,0,true,false,14.26,13.02,0.0838,22.89,21.22,,9.61,8.5,,10,0.65,,,,,
QM10,express,X,2026-W36,5,0,true,false,12.64,10.93,0.1427,19.4,17.35,4.75,9.76,8.67,,12,0.79,,,,,
QM10,express,X,2026-W37,4,0,true,false,10.56,8.92,0.1321,15.07,12.46,,8.78,7.58,,10,0.79,0.87,,,,
QM10,express,X,2026-W38,5,0,true,false,12.08,10.61,0.0965,15.54,14.09,,10.12,9.3,,10,0.76,0.87,,,,
QM10,express,X,2026-W39,5,0,true,false,11.57,9.72,0.1637,16.67,14.56,,7.83,5.92,,10,0.84,0.87,,,,
QM10,express,X,2026-W40,5,0,true,false,13.17,10.91,0.1738,18.37,17.26,,9.08,7.97,14.32,11,0.8,0.87,,,,
QM10,express,X,2026-W41,4,0,true,false,7.61,6.7,0.0866,6.65,6.08,,9.38,8.56,,10,0.71,0.87,8.4,,,
QM11,express,X,2026-W18,5,0,false,false,9.81,8.43,0.1611,,,,7.8,7.07,9.28,7,1.34,,,,,
QM11,express,X,2026-W19,5,0,false,false,9.33,8.23,0.1073,,,,11.35,10.08,9.54,7,1.57,,,,,
QM11,express,X,2026-W20,5,0,false,false,12.28,10.79,0.159,21.03,20.15,,10.47,8.79,9.8,10,1.57,,,,,
QM11,express,X,2026-W21,5,0,false,false,9.81,7.89,0.1793,,,,10.52,8.94,8.99,8,1.49,,,,,
QM11,express,X,2026-W22,4,0,false,false,10.22,8.25,0.1978,11.61,10.17,,11.88,10.13,,9,1.43,,,,,
QM11,express,X,2026-W23,2,0,false,false,17.22,13.13,0.196,,,,,,14.2,2,1.15,,,,,
QM11,express,X,2026-W27,3,0,true,false,12.76,9.59,0.1863,13.04,12.37,,12.02,9.94,,9,1.43,,,,,
QM11,express,X,2026-W28,5,0,true,false,12.14,10.21,0.1667,13.04,11.37,,12.58,11.12,13.05,10,1.48,,,,,
QM11,express,X,2026-W29,5,0,true,false,12.89,11.26,0.1294,15.36,13.31,,14.15,13.45,14.54,11,1.45,,,,,
QM11,express,X,2026-W30,5,0,true,false,11.98,10.53,0.107,15.33,13.6,,13.09,11.81,12.01,11,1.44,,,,,
QM11,express,X,2026-W31,5,0,true,false,11.87,10.45,0.1301,16.27,14.87,8.41,12.14,10.79,12.86,12,1.46,,,,,
QM11,express,X,2026-W32,5,0,false,false,11.1,9.65,0.138,12.85,11.11,8,11.79,10.92,10.28,12,1.44,,,,,
QM11,express,X,2026-W33,5,0,true,false,12.44,10.88,0.1191,16.34,14.74,,13.79,12.56,11.55,11,1.38,,,,,
QM11,express,X,2026-W34,5,0,true,false,11.82,10.26,0.1302,15.39,13.73,,12.75,10.93,,10,1.48,,,,,
QM11,express,X,2026-W35,5,0,true,false,13.16,11.53,0.114,13.08,12.54,10.95,12.45,10.88,,11,1.36,,,,,
QM11,express,X,2026-W36,5,0,true,false,10.84,9.42,0.1266,15.44,13.84,,10.72,9.86,,10,1.4,,,,,
QM11,express,X,2026-W37,4,0,true,false,8.96,7.69,0.1521,13.32,11.81,,7.58,6.85,,10,1.43,1.62,,,,
QM11,express,X,2026-W38,5,0,true,false,9.36,8.3,0.1248,12.24,11.27,,9.66,8.68,,10,1.54,1.62,,,,
QM11,express,X,2026-W39,5,0,true,false,10.37,9.16,0.1204,12.96,11.49,6.52,11.67,10.47,,11,1.53,1.62,,,,
QM11,express,X,2026-W40,5,0,true,false,10.03,8.59,0.1492,11.81,11.06,,11.63,10.14,16.36,11,1.49,1.62,,,,
QM11,express,X,2026-W41,4,0,true,false,10.21,9.45,0.1044,13.74,12.57,8.24,10.26,9.7,8.23,12,1.56,1.62,10.5,,,
QM12,express,X,2026-W18,5,0,false,false,9.62,8.76,0.0914,,,,8.74,7.93,,8,0.87,,,,,
QM12,express,X,2026-W19,4,0,false,false,6.61,4.1,0.3382,,,,9.69,4.92,7.44,7,0.63,,,,,
QM12,express,X,2026-W20,5,0,false,false,7.37,6.54,0.1284,6.69,6.25,4.25,8.7,7.06,9.76,11,0.82,,,,,
QM12,express,X,2026-W21,5,0,false,false,7.99,6.83,0.1064,,,,8.47,7.28,8.32,7,0.87,,,,,
QM12,express,X,2026-W22,4,0,false,false,10.62,9.02,0.1233,12.67,10.55,,9.56,8.55,,9,0.85,,,,,
QM12,express,X,2026-W27,3,0,true,false,9.9,8.85,0.0947,13.01,11.75,5.64,9.84,9.33,,10,0.8,,,,,
QM12,express,X,2026-W28,5,0,true,false,10.16,9.03,0.1244,13.72,12.87,,9.42,8.29,,9,0.86,,,,,
QM12,express,X,2026-W29,5,0,true,false,10.34,9.06,0.1241,11.56,10.84,,8.91,8.09,14.14,10,0.86,,,,,
QM12,express,X,2026-W30,5,0,true,false,9.89,8.9,0.1131,7.27,6.59,11.92,10.28,9.6,10.15,12,0.86,,,,,
QM12,express,X,2026-W31,5,0,true,false,8.48,7.29,0.0639,8.7,7.9,7.51,9.71,9.13,9.84,12,0.8,,,,,
QM12,express,X,2026-W32,5,0,false,false,9.43,8.48,0.0831,7.36,6.37,7,11.46,11.01,12.47,12,0.86,,,,,
QM12,express,X,2026-W33,5,0,true,false,11.41,10.18,0.099,11.78,10.62,,10.15,8.94,,10,0.83,,,,,
QM12,express,X,2026-W34,5,0,true,false,11.92,10.27,0.0994,12.21,10.63,9.25,10.16,9.24,,11,0.75,,,,,
QM12,express,X,2026-W35,5,0,true,false,11.67,10.89,0.0696,10.82,9.73,9.63,9.42,8.93,,11,0.76,,,,,
QM12,express,X,2026-W36,5,0,true,false,11.41,10.13,0.0905,11.71,9.99,14.05,11.69,10.69,,11,0.74,,,,,
QM12,express,X,2026-W37,4,0,true,false,10.15,8.93,0.107,11.26,10.45,12.47,7.46,6.79,10.27,13,0.81,0.88,,,,
QM12,express,X,2026-W38,5,0,true,false,10.13,8.92,0.1078,10.89,10.01,10.03,10.12,9.29,,11,0.85,0.88,,,,
QM12,express,X,2026-W39,5,0,true,false,8.51,6.41,0.2306,10.26,8.25,6.58,6.46,4.89,12.17,13,1.02,0.88,,,,
QM12,express,X,2026-W40,5,0,true,false,11.69,10.18,0.1005,12.19,10.86,17.11,11.59,10.94,,11,0.85,0.88,,,,
QM12,express,X,2026-W41,4,0,true,false,9.83,8.3,0.1833,14.58,12.84,,9.94,8.9,6.94,11,0.9,0.88,8.1,,,
QM15,express,X,2026-W17,0,1,false,true,,,,,,,,,,,,,,18.44,16.29,0.54
QM15,express,X,2026-W18,5,1,false,false,12.62,11.36,0.0925,,,,10.67,9.63,,13,5.16,,,15.97,13.88,1.2
QM15,express,X,2026-W19,5,1,false,true,12.77,11.27,0.0979,,,,11.44,10.86,,12,5.29,,,13.33,11.5,1.15
QM15,express,X,2026-W20,5,1,false,true,12.29,11.05,0.1028,10.52,8.6,10.5,10.68,9.41,,15,5.3,,,13.21,12.1,0.94
QM15,express,X,2026-W21,5,1,false,false,14.78,13.15,0.101,,,,11.12,9.59,,13,5.56,,,11.77,10.46,0.87
QM15,express,X,2026-W22,4,1,false,true,13.26,11.92,0.0992,13.22,11.5,13.1,12.79,11.44,,15,5.59,,,12.87,10.89,1.13
QM15,express,X,2026-W23,5,1,false,true,11.12,9.39,0.1308,,,,,,13.47,4,4.99,,,11.64,11.11,1.36
QM15,express,X,2026-W24,5,0,false,false,9.76,8.13,0.1527,,,,,,,2,5.02,,,,,
QM15,express,X,2026-W25,3,1,false,false,11.99,10.07,0.174,,,,,,,2,5.22,,,10.73,7.56,0.75
QM15,express,X,2026-W26,5,1,false,false,17.42,15.74,0.0769,,,,,,,1,5.5,,,10.53,8.09,1.06
QM15,express,X,2026-W27,3,1,true,true,13.5,12.14,0.1021,13,11.69,14.03,11.54,9.78,14.14,16,5.58,,,16.2,14.92,1
QM15,express,X,2026-W28,5,1,true,true,13.34,11.98,0.0911,11.33,10.22,14,11.46,10.21,14.87,16,5.33,,,14.83,13,1
QM15,express,X,2026-W29,5,1,true,true,14.67,13.15,0.1,13.22,11.25,15.38,11.33,9.72,,16,5.5,,,14.49,13.32,1.17
QM15,express,X,2026-W30,5,1,true,true,15.04,13.85,0.0742,12.36,10.74,16.29,12.24,11.2,,16,5.12,,,14.46,13.63,1.13
QM15,express,X,2026-W31,5,1,true,true,14.8,13.06,0.0966,14.37,11.12,15.04,12.99,12.11,,16,5.22,,,17.9,16.25,0.97
QM15,express,X,2026-W32,5,1,false,true,14.27,13.01,0.0748,13.41,11.9,13.46,12.34,11.08,16.55,17,5.11,,,13.33,11.02,0.97
QM15,express,X,2026-W33,5,1,true,true,14.13,12.53,0.0899,14.43,12.98,14.02,11.3,10.03,16.13,17,5.41,,,14.88,13.58,0.9
QM15,express,X,2026-W34,5,1,true,true,14.38,12.79,0.0926,14.17,12.53,13.38,12.04,10.73,17.28,17,5.16,,,15.5,14.1,0.88
QM15,express,X,2026-W35,5,1,true,true,13.8,12.2,0.1017,13.46,11.36,13.05,11.46,10.26,16.66,17,4.87,,,14.46,13.48,1.14
QM15,express,X,2026-W36,5,1,true,true,15.36,13.24,0.0814,14.18,12.32,15.27,12.39,11.28,18.45,17,5.05,,,17.02,15.66,0.96
QM15,express,X,2026-W37,4,1,true,true,12.71,10.82,0.1254,12.1,9.95,12.14,9.77,8.37,15.89,17,4.68,4.48,,15.09,14.16,1.13
QM15,express,X,2026-W38,5,1,true,true,12.59,11.34,0.0866,11.71,10.64,12.18,10.43,9.33,14.97,17,4.65,4.48,,14.87,13.61,1.12
QM15,express,X,2026-W39,5,1,true,true,11.94,10.14,0.1497,10.45,8.88,11.09,10.02,7.37,14.93,17,5.1,4.48,,16.32,14.96,1.08
QM15,express,X,2026-W40,5,1,true,false,12.76,11.15,0.1138,11.48,10.24,13.13,11.36,10.08,14.02,17,4.55,4.48,,14.02,12.31,1.27
QM15,express,X,2026-W41,5,0,true,false,12.72,11.41,0.0929,10.83,9.66,12.2,10.31,9.15,15.8,17,4.81,4.48,16.4,,,
QM16,express,X,2026-W18,5,0,false,false,13.62,13.14,0.0756,,,,12.39,11.66,,7,1.87,,,,,
QM16,express,X,2026-W19,5,0,false,false,13.87,13.17,0.086,,,,12.87,11.48,,5,1.79,,,,,
QM16,express,X,2026-W20,5,0,false,false,13.33,12.31,0.0879,,,4.75,11.8,10.29,,9,1.82,,,,,
QM16,express,X,2026-W21,5,0,false,false,13.04,12.09,0.0837,,,,13.73,12.52,,7,1.96,,,,,
QM16,express,X,2026-W22,4,0,false,false,15.05,14.2,0.0659,16.13,15.45,,12.59,11.59,,8,1.91,,,,,
QM16,express,X,2026-W23,2,0,false,false,12.46,11.03,0.1203,,,,,,,2,1.56,,,,,
QM16,express,X,2026-W27,3,0,true,false,13.54,13.07,0.0518,13.36,12.88,,12.3,11.31,,9,1.75,,,,,
QM16,express,X,2026-W28,5,0,true,false,12.81,11.91,0.0812,13.2,11.89,,11.37,10.37,,8,1.63,,,,,
QM16,express,X,2026-W29,5,0,true,false,12.41,11.4,0.1139,10.57,9.58,,10.92,9.52,,9,1.85,,,,,
QM16,express,X,2026-W30,5,0,true,false,13.12,12.16,0.1066,11.48,10.54,,13.48,12.42,,10,1.75,,,,,
QM16,express,X,2026-W31,5,0,true,false,13.53,12.78,0.0806,11.23,10.47,,12.71,11.83,,10,1.81,,,,,
QM16,express,X,2026-W32,5,0,false,false,15.16,14.11,0.0719,16.6,15.13,,13.28,12.3,,10,1.67,,,,,
QM16,express,X,2026-W33,5,0,true,false,15.25,14.21,0.0774,14.39,13.17,,14.08,12.79,,10,1.77,,,,,
QM16,express,X,2026-W34,5,0,true,false,14.44,13.38,0.0748,14.01,12.86,,13.45,12.24,,10,1.71,,,,,
QM16,express,X,2026-W35,5,0,true,false,14.98,13.81,0.0814,13.61,12.74,,14.23,13.32,,9,1.77,,,,,
QM16,express,X,2026-W36,5,0,true,false,13.6,12.6,0.0771,13.25,11.96,,12.59,11.44,,9,1.7,,,,,
QM16,express,X,2026-W37,4,0,true,false,12.25,11.39,0.1004,13.19,12.03,,9.76,8.86,,8,1.69,1.68,,,,
QM16,express,X,2026-W38,5,0,true,false,12.87,12.14,0.0741,12.65,11.72,,12.12,11.31,,10,1.7,1.68,,,,
QM16,express,X,2026-W39,5,0,true,false,11.49,10.26,0.1719,11.07,9.78,2.13,8.84,6.89,17.99,12,1.88,1.68,,,,
QM16,express,X,2026-W40,5,0,true,false,12.32,11.47,0.1212,11.26,9.53,,11.83,10.68,,10,1.68,1.68,,,,
QM16,express,X,2026-W41,4,0,true,false,12.79,12.05,0.074,12.17,11.47,,11.11,10.18,,9,1.68,1.68,13.6,,,
QM17,express,X,2026-W18,5,0,false,false,11.06,10.3,0.0751,,,,10.36,9.74,,7,2.03,,,,,
QM17,express,X,2026-W19,5,0,false,false,12.59,12.14,0.0562,,,,14.94,14.25,,6,1.93,,,,,
QM17,express,X,2026-W20,5,0,false,false,12.16,10.69,0.0636,16.06,10.73,5.84,11.45,10.82,,10,2.05,,,,,
QM17,express,X,2026-W21,5,0,false,false,11.19,10,0.1285,,,,12.15,11.22,,8,1.97,,,,,
QM17,express,X,2026-W22,4,0,false,false,13.89,12.73,0.106,18.39,17.15,,12.21,11.2,,8,1.96,,,,,
QM17,express,X,2026-W23,2,0,false,false,18.37,17.72,0.0669,,,,,,,2,1.65,,,,,
QM17,express,X,2026-W27,3,0,true,false,14.43,13.61,0.0801,15.64,15.31,,14,12.74,,9,1.88,,,,,
QM17,express,X,2026-W28,5,0,true,false,12.08,11.36,0.0805,14,13.49,,12.12,11.22,14.51,10,1.9,,,,,
QM17,express,X,2026-W29,5,0,true,false,10.74,9.64,0.1404,11.66,10.77,,11.62,10.03,,10,2,,,,,
QM17,express,X,2026-W30,5,0,true,false,11.94,10.99,0.0805,12.23,11.38,,12.66,11.59,,10,1.88,,,,,
QM17,express,X,2026-W31,5,0,true,false,11.56,10.66,0.0945,11.24,10.29,,12.39,11.5,13.51,11,1.91,,,,,
QM17,express,X,2026-W32,5,0,false,false,11.69,10.87,0.0834,11.28,10.34,,13.09,12.13,,10,1.74,,,,,
QM17,express,X,2026-W33,5,0,true,false,13.51,12.36,0.0782,17.33,15.79,,13.39,12.25,,10,1.83,,,,,
QM17,express,X,2026-W34,5,0,true,false,12.62,11.76,0.0831,13.85,12.89,,13.57,12.68,,10,1.85,,,,,
QM17,express,X,2026-W35,5,0,true,false,12.24,11.2,0.0917,12.76,10.9,,13.19,12.21,,10,1.75,,,,,
QM17,express,X,2026-W36,5,0,true,false,11.71,10.75,0.0758,13.54,12.24,,13.52,12.48,,10,1.75,,,,,
QM17,express,X,2026-W37,4,0,true,false,9.81,8.71,0.1206,11.69,10.55,,11.12,9.77,9.54,11,1.73,1.66,,,,
QM17,express,X,2026-W38,5,0,true,false,10.28,9.28,0.1001,10.91,10.37,,12.02,11.06,10.85,11,1.69,1.66,,,,
QM17,express,X,2026-W39,5,0,true,false,10.13,8.85,0.1899,10.92,9.68,3.37,10.01,7.39,11.94,12,1.99,1.66,,,,
QM17,express,X,2026-W40,5,0,true,false,11.79,10.9,0.0884,12.64,11.8,,13.13,12.02,,10,1.7,1.66,,,,
QM17,express,X,2026-W41,4,0,true,false,11.59,10.8,0.0806,12.96,12.25,,11.08,10.31,,10,1.8,1.66,14.6,,,
QM18,express,X,2026-W18,5,0,false,false,10.51,10.25,0.0369,,,,7.5,7.28,,7,0.92,,,,,
QM18,express,X,2026-W19,5,0,false,false,8.88,8.5,0.0258,,,3.73,9.17,8.77,,7,0.95,,,,,
QM18,express,X,2026-W20,5,0,false,false,9.81,8.12,0.0751,12.78,8.23,7.6,8.26,7.14,,9,0.92,,,,,
QM18,express,X,2026-W21,5,0,false,false,7.99,7.34,0.0901,,,,7.43,6.88,,7,1.03,,,,,
QM18,express,X,2026-W22,4,0,false,false,8.85,8.17,0.091,9.19,8.21,,8.62,7.65,,7,0.88,,,,,
QM18,express,X,2026-W23,2,0,false,false,9.6,8.93,0.0581,,,,,,,2,0.88,,,,,
QM18,express,X,2026-W27,3,0,true,false,10.52,10.08,0.0594,13.11,12.37,,9.15,8.48,,8,0.8,,,,,
QM18,express,X,2026-W28,5,0,true,false,9.05,8.35,0.0709,10.24,9.25,5.35,8.46,7.24,,9,0.91,,,,,
QM18,express,X,2026-W29,5,0,true,false,7.74,6.91,0.1102,7.52,6.62,,6.7,5.61,,10,0.93,,,,,
QM18,express,X,2026-W30,5,0,true,false,9.12,8.1,0.0867,11.39,9.32,,7.71,7.14,,9,1,,,,,
QM18,express,X,2026-W31,5,0,true,false,9.39,8.92,0.0748,10.52,9.73,,8.75,7.74,,9,0.94,,,,,
QM18,express,X,2026-W32,5,0,false,false,10.18,9.31,0.0788,11.86,10.01,8.46,8.41,7.77,,9,0.85,,,,,
QM18,express,X,2026-W33,5,0,true,false,9.08,8.44,0.083,11.33,10.14,,7.82,7.08,,9,0.75,,,,,
QM18,express,X,2026-W34,5,0,true,false,11.68,10.07,0.1541,15.61,14.05,,8.7,8,,9,0.84,,,,,
QM18,express,X,2026-W35,5,0,true,false,12.38,11.51,0.0493,17.09,15.35,,8.6,8.1,,9,0.79,,,,,
QM18,express,X,2026-W36,5,0,true,false,10.76,9.93,0.0656,13.14,11.67,,9.04,8.42,,8,0.85,,,,,
QM18,express,X,2026-W37,4,0,true,false,9.47,8.56,0.076,12.91,11.14,,7.31,6.56,,8,0.95,0.86,,,,
QM18,express,X,2026-W38,5,0,true,false,8.71,8.15,0.0694,9.1,8.14,,7.91,7.5,,8,0.94,0.86,,,,
QM18,express,X,2026-W39,5,0,true,false,8.64,7.27,0.1622,9.69,8.23,2.38,6.7,4.84,11.72,11,1,0.86,,,,
QM18,express,X,2026-W40,5,0,true,false,8.97,8.12,0.0855,10.37,9.06,,7.46,6.71,,8,0.85,0.86,,,,
QM18,express,X,2026-W41,4,0,true,false,8.34,7.4,0.1006,9.11,8.06,3.51,7.42,6.51,,10,0.96,0.86,9,,,
QM2,express,X,2026-W17,0,2,false,true,,,,,,,,,,,,,,11.21,9.1,2.24
QM2,express,X,2026-W18,5,2,false,false,12.25,9.29,0.2318,,,,11.46,8.99,,13,4.06,,,13.7,11.78,2.11
QM2,express,X,2026-W19,5,2,false,true,14.05,11.98,0.1327,,,,13.67,12.2,,12,3.95,,,12.87,9.6,2.29
QM2,express,X,2026-W20,5,2,false,true,11.82,10.53,0.0976,12.01,10.78,10.99,11.7,10.75,,15,4.1,,,11.92,10.18,2.16
QM2,express,X,2026-W21,5,2,false,false,11.97,10.53,0.1186,,,,11.35,9.99,,13,4.26,,,18.58,15.43,1.78
QM2,express,X,2026-W22,4,2,false,true,14.53,12.45,0.1266,13.44,11.83,13.79,12.53,10.84,,15,4.01,,,12.58,10.44,2.04
QM2,express,X,2026-W23,5,2,false,true,15.3,11.23,0.225,,,,,,16.34,4,4.12,,,11.23,9.35,2.05
QM2,express,X,2026-W24,5,1,false,false,18.75,15.7,0.1498,,,,,,,2,3.94,,,13.45,10.5,1.57
QM2,express,X,2026-W25,2,2,false,false,12.64,10.55,0.1844,,,,,,,2,3.73,,,17.05,12.22,2.44
QM2,express,X,2026-W26,5,2,false,false,17.87,11.68,0.2829,,,,,,,1,4.14,,,11.3,10.84,1.89
QM2,express,X,2026-W27,3,2,true,true,14.44,11.81,0.1706,13.78,12.64,14.41,13.76,11.72,14.52,16,3.95,,,15.63,11.36,2.5
QM2,express,X,2026-W28,5,2,true,true,13.51,11.53,0.1323,13.1,12.1,13.28,12.51,10.97,13.93,16,3.79,,,17.61,15.02,2.32
QM2,express,X,2026-W29,5,2,true,true,13.98,11.28,0.1662,12.48,11.27,14.24,12.44,10.31,,16,4.03,,,12.67,8.99,2.1
QM2,express,X,2026-W30,5,2,true,true,14.63,12.16,0.1646,11.97,10.49,14.95,14,11.93,,16,3.8,,,12.56,10.26,2.01
QM2,express,X,2026-W31,5,2,true,true,13.66,11.52,0.1513,13.04,11.37,13.17,14.01,12.25,,16,3.75,,,11.57,9.09,1.6
QM2,express,X,2026-W32,5,2,false,true,14.75,12.19,0.1711,12.43,10.52,14.81,14.34,12.87,15.73,17,3.94,,,18.73,15.7,1.83
QM2,express,X,2026-W33,5,2,true,true,14.23,12.35,0.1221,14.64,13.23,14.91,13.09,11.45,13.22,17,3.79,,,16.13,12.7,2.05
QM2,express,X,2026-W34,5,2,true,true,12.57,10.63,0.1451,13.62,12.39,11.26,11.5,10.21,13.56,17,3.92,,,15.92,13.57,1.95
QM2,express,X,2026-W35,5,2,true,true,14.05,11.75,0.1542,14.04,13.18,13.7,12.24,10.59,14.36,17,3.96,,,14.9,12.67,2.16
QM2,express,X,2026-W36,5,2,true,true,14.01,12.17,0.1182,14.47,13.66,13.5,13.22,11.52,14.01,17,3.81,,,16.21,13.96,1.75
QM2,express,X,2026-W37,4,2,true,true,13.36,11.86,0.0922,11.99,10.8,12.8,11.57,10.3,15.07,17,4.14,4.65,,15.22,11.65,2.25
QM2,express,X,2026-W38,5,2,true,true,13.3,11.84,0.1009,11.78,10.55,12.69,12.37,11.3,14.63,17,3.91,4.65,,14.71,12.49,2.27
QM2,express,X,2026-W39,5,2,true,true,13.2,11.15,0.1339,11.82,10.56,12.76,11.54,9.47,15.19,17,4.3,4.65,,16.1,12.98,2.12
QM2,express,X,2026-W40,5,2,true,false,13.04,11.72,0.0895,12.57,11.59,12.57,11.6,10.6,13.99,17,4.06,4.65,,18.88,15.32,2.57
QM2,express,X,2026-W41,5,0,true,false,12.75,11.27,0.1097,13.1,12.03,12.68,11.55,10.45,12.68,17,4,4.65,10.6,,,
QM20,express,X,2026-W18,5,0,false,false,14.58,13.37,0.0721,,,,13.86,13.03,,13,3.4,,,,,
QM20,express,X,2026-W19,5,0,false,false,13.75,12.21,0.0914,,,,14.73,13.91,,12,3.14,,,,,
QM20,express,X,2026-W20,5,0,false,false,14.84,13.31,0.0824,15.04,13.48,14.77,11.55,10.55,,15,3.71,,,,,
QM20,express,X,2026-W21,5,0,false,false,15.31,13.83,0.0823,,,,13.1,12.14,,13,3.63,,,,,
QM20,express,X,2026-W22,4,0,false,false,12.83,11.54,0.0919,13.38,12.19,12.17,11.55,10.14,,15,3.34,,,,,
QM20,express,X,2026-W23,5,0,false,false,9.49,9.1,0.0769,,,,,,10.49,4,2.58,,,,,
QM20,express,X,2026-W24,5,0,false,false,10.16,9.71,0.0474,,,,,,,2,2.93,,,,,
QM20,express,X,2026-W25,3,0,false,false,9.39,9.1,0.0365,,,,,,,2,2.85,,,,,
QM20,express,X,2026-W26,5,0,false,false,9.53,9.32,0.0515,,,,,,,1,3.2,,,,,
QM20,express,X,2026-W27,3,0,true,false,12.72,11.2,0.1139,12.68,11.93,12.85,11.64,10.28,12.53,16,3.2,,,,,
QM20,express,X,2026-W28,5,0,true,false,14.03,12.32,0.0977,12.34,11.43,15.81,11.98,10.43,13.34,16,3.35,,,,,
QM20,express,X,2026-W29,5,0,true,false,12.92,11.26,0.1212,11.74,10.89,12.76,12.1,10.65,,16,3.26,,,,,
QM20,express,X,2026-W30,5,0,true,false,13.68,11.95,0.1135,11.2,10.12,13.75,12.21,10.81,,16,3.06,,,,,
QM20,express,X,2026-W31,5,0,true,false,13.81,12.45,0.0761,11.29,10.42,12.82,12.82,11.33,,16,3.18,,,,,
QM20,express,X,2026-W32,5,0,false,false,12.74,11.61,0.0847,11.21,10.34,12.94,11.82,10.82,13.79,17,3.2,,,,,
QM20,express,X,2026-W33,5,0,true,false,14.76,13.36,0.0838,14.4,13.67,14.93,12.82,11.29,16.34,17,3.3,,,,,
QM20,express,X,2026-W34,5,0,true,false,14.39,12.65,0.1086,16.2,15.07,14.01,11.78,10.59,14.5,17,3.03,,,,,
QM20,express,X,2026-W35,5,0,true,false,14.41,12.93,0.1001,15.65,14.69,13.62,12.85,11.27,14.73,17,3.02,,,,,
QM20,express,X,2026-W36,5,0,true,false,14.03,12.36,0.1025,14.82,13.21,12.65,11.2,9.82,16.79,17,3.18,,,,,
QM20,express,X,2026-W37,4,0,true,false,11.59,9.94,0.127,12.65,11.43,9.83,9.97,8.7,12.8,17,3.6,4.08,,,,
QM20,express,X,2026-W38,5,0,true,false,12.62,11.34,0.0857,13.55,12.62,10.41,10.46,9.48,15.82,17,3.34,4.08,,,,
QM20,express,X,2026-W39,5,0,true,false,11.91,9.9,0.1546,12.61,11.27,10.31,9.59,7.47,14.67,17,3.64,4.08,,,,
QM20,express,X,2026-W40,5,0,true,false,12.04,10.45,0.1314,13.32,12.17,11.76,10.38,9.15,11.64,17,3.53,4.08,,,,
QM20,express,X,2026-W41,5,0,true,false,14.16,13,0.0734,14.19,13.29,12.39,13.29,12.37,16.58,17,3.43,4.08,10.1,,,
QM21,express,X,2026-W18,5,0,false,false,13.21,11.07,0.1551,,,,10.48,8.5,,7,1.13,,,,,
QM21,express,X,2026-W19,5,0,false,false,14.79,12.94,0.1298,,,,12.93,10.05,,8,1.16,,,,,
QM21,express,X,2026-W20,5,0,false,false,14.56,13.06,0.1222,19.2,18.84,,9.04,7.71,,9,1.17,,,,,
QM21,express,X,2026-W21,5,0,false,false,12.4,10.89,0.1213,,,,10.09,8.91,,7,1.31,,,,,
QM21,express,X,2026-W22,4,0,false,false,14.58,13.1,0.106,16.03,14.95,,11.5,9.88,,9,1.14,,,,,
QM21,express,X,2026-W23,5,0,false,false,14.03,12.26,0.1201,,,,,,,3,1.19,,,,,
QM21,express,X,2026-W24,3,0,false,false,10.9,8.97,0.1828,,,,,,,1,1.25,,,,,
QM21,express,X,2026-W25,1,0,false,false,11.1,11.56,0.1047,,,,,,,1,1.04,,,,,
QM21,express,X,2026-W27,3,0,true,false,12.28,11.37,0.1507,14.42,12.59,,9.14,10.84,15.17,11,1.15,,,,,
QM21,express,X,2026-W28,5,0,true,false,11.36,9.3,0.1958,13.81,12.41,,9.69,7.95,12.1,11,1.2,,,,,
QM21,express,X,2026-W29,5,0,true,false,13.67,10.4,0.2374,15.9,14.3,,10.62,8.29,,11,1.12,,,,,
QM21,express,X,2026-W30,5,0,true,false,13.66,11.1,0.2116,13.95,13.19,,13.54,11.79,,11,1.11,,,,,
QM21,express,X,2026-W31,5,0,true,false,15.82,13.98,0.1167,16.33,15.44,,12.63,11.53,,11,1.17,,,,,
QM21,express,X,2026-W32,5,0,false,false,14.94,13.13,0.1259,21.31,19.48,,11.31,9.91,,11,1.08,,,,,
QM21,express,X,2026-W33,5,0,true,false,13.31,11.34,0.1476,16.93,15.3,,10.36,8.82,,10,1.13,,,,,
QM21,express,X,2026-W34,5,0,true,false,12.19,10.06,0.1714,13.06,11.17,9.34,10.42,9.21,,12,1.19,,,,,
QM21,express,X,2026-W35,5,0,true,false,12.47,10.85,0.1471,15.04,13.37,,10.78,9.4,14.69,12,1.14,,,,,
QM21,express,X,2026-W36,5,0,true,false,12.88,10.71,0.1482,15.15,13.6,,10.25,8.92,14.84,12,1.07,,,,,
QM21,express,X,2026-W37,4,0,true,false,11.8,9.91,0.141,10.26,9.05,,10.45,9,,11,1.24,1.41,,,,
QM21,express,X,2026-W38,5,0,true,false,11.52,9.25,0.1517,9.65,8.39,,8.79,7.84,17,12,1.21,1.41,,,,
QM21,express,X,2026-W39,5,0,true,false,10.95,9.23,0.188,8.89,7.87,7.62,7.48,5.54,16.08,13,1.32,1.41,,,,
QM21,express,X,2026-W40,5,0,true,false,11.34,9.05,0.1783,10.22,8.54,,9.46,7.52,14.99,12,1.28,1.41,,,,
QM21,express,X,2026-W41,5,0,true,false,11.87,10.3,0.1192,11,9.9,,11.84,10.42,14.26,12,1.31,1.41,5.5,,,
QM24,express,X,2026-W18,5,0,false,false,12.87,12.39,0.0449,,,,10.21,9.74,,7,1.5,,,,,
QM24,express,X,2026-W19,5,0,false,false,10.59,10.52,0.015,,,4.96,7.96,7.67,,8,1.48,,,,,
QM24,express,X,2026-W20,5,0,false,false,11.94,11.14,0.0751,8.94,8.03,8.69,9.76,8.69,,10,1.61,,,,,
QM24,express,X,2026-W21,5,0,false,false,11.82,11.16,0.0789,,,,9.23,8.43,,8,1.74,,,,,
QM24,express,X,2026-W22,4,0,false,false,12.28,11.38,0.1114,11.81,10.81,7.14,8.7,7.71,,9,1.58,,,,,
QM24,express,X,2026-W23,2,0,false,false,10.93,10.62,0.0526,,,,,,,2,1.46,,,,,
QM24,express,X,2026-W27,3,0,true,false,12.54,11.99,0.0462,11.19,10.3,8.12,9.45,8.79,,9,1.47,,,,,
QM24,express,X,2026-W28,5,0,true,false,11.65,11.08,0.0775,9.87,8.61,4.66,9.5,9.01,,10,1.6,,,,,
QM24,express,X,2026-W29,5,0,true,false,11.81,10.85,0.1078,10.13,9.3,6.67,8.4,6.8,,11,1.65,,,,,
QM24,express,X,2026-W30,5,0,true,false,12.54,11.81,0.0621,10.4,9.62,,9.23,8.36,,10,1.54,,,,,
QM24,express,X,2026-W31,5,0,true,false,12.77,12.35,0.0422,8.88,8.17,,9.04,8.28,,10,1.51,,,,,
QM24,express,X,2026-W32,5,0,false,false,11.97,11.36,0.0684,8.79,7.89,7.89,9.71,8.97,,11,1.5,,,,,
QM24,express,X,2026-W33,5,0,true,false,12.94,12.35,0.0445,11.04,10.33,,10.4,9.61,,10,1.5,,,,,
QM24,express,X,2026-W34,5,0,true,false,12.2,11.7,0.0434,10.92,10.12,5.62,9.98,9.26,,11,1.52,,,,,
QM24,express,X,2026-W35,5,0,true,false,12.26,11.66,0.0475,10.09,9.24,7.29,9.92,9.05,,10,1.51,,,,,
QM24,express,X,2026-W36,5,0,true,false,14.65,14.19,0.039,11.51,10.8,18.44,9.5,8.77,,10,1.52,,,,,
QM24,express,X,2026-W37,4,0,true,false,11.37,10.62,0.0811,10.31,9.04,5.35,8.78,7.53,,10,1.65,1.63,,,,
QM24,express,X,2026-W38,5,0,true,false,11.63,11.07,0.0607,10.45,9.67,7.39,8.48,7.7,,10,1.6,1.63,,,,
QM24,express,X,2026-W39,5,0,true,false,11.11,10.04,0.1586,8.82,7.94,4.72,8.44,6.33,19.17,12,1.85,1.63,,,,
QM24,express,X,2026-W40,5,0,true,false,12.08,11.59,0.048,10.92,10.13,,9.05,8.37,,9,1.53,1.63,,,,
QM24,express,X,2026-W41,5,0,true,false,11.5,10.83,0.0705,10.64,9.59,4.98,8.7,7.81,,11,1.78,1.63,10.9,,,
QM25,express,X,2026-W18,5,0,false,false,11.77,10.98,0.0812,,,,12.24,11.98,10.94,7,1.22,,,,,
QM25,express,X,2026-W19,4,0,false,false,11.4,10.29,0.0525,,,,10.02,9.28,11.56,6,1.12,,,,,
QM25,express,X,2026-W20,5,0,false,false,12.17,11.16,0.086,,,15.34,10.2,9.2,11.6,9,1.23,,,,,
QM25,express,X,2026-W21,5,0,false,false,11.9,10.63,0.0928,,,6.48,11.75,10.12,12.31,7,1.26,,,,,
QM25,express,X,2026-W22,4,0,false,false,15.19,13.74,0.0931,17.72,16.72,16.01,13.15,11.06,,8,1.15,,,,,
QM25,express,X,2026-W23,1,0,false,false,11.28,11.16,0.0461,,,,,,,1,1.02,,,,,
QM25,express,X,2026-W27,3,0,true,false,13.46,12.38,0.0603,14.81,13.38,10.97,13.34,12.23,,8,1.3,,,,,
QM25,express,X,2026-W28,5,0,true,false,12.67,11.28,0.1001,13.66,12.28,6.4,13.08,11.04,14.66,9,1.26,,,,,
QM25,express,X,2026-W29,5,0,true,false,10.54,9.55,0.1075,9.96,8.85,7.08,10.69,9.44,11.78,10,1.23,,,,,
QM25,express,X,2026-W30,5,0,true,false,12.83,10.92,0.1566,,,12.58,10.95,9.52,10.87,9,1.18,,,,,
QM25,express,X,2026-W31,5,0,true,false,12.96,11.77,0.0813,14.5,13.21,11.17,11.17,10.01,11.23,10,1.31,,,,,
QM25,express,X,2026-W32,5,0,false,false,13.48,12.3,0.0831,14.77,13.37,16.02,11.53,10.27,11.57,10,1.23,,,,,
QM25,express,X,2026-W33,5,0,true,false,12.59,11.44,0.0693,13.21,12.32,6.57,12.11,10.57,14.15,10,1.28,,,,,
QM25,express,X,2026-W34,5,0,true,false,14.7,12.84,0.1081,13.34,12.8,19.13,16.21,13.41,,9,1.24,,,,,
QM25,express,X,2026-W35,5,0,true,false,13.59,11.69,0.1167,14.23,13.01,12.5,13.81,12.02,,9,1.26,,,,,
QM25,express,X,2026-W36,5,0,true,false,13.6,11.62,0.1163,13.77,12,13.61,12.74,10.65,,9,1.28,,,,,
QM25,express,X,2026-W37,4,0,true,false,9.7,8.39,0.1551,9.3,8.54,4.34,9.98,8.34,,9,1.26,1.42,,,,
QM25,express,X,2026-W38,5,0,true,false,11.94,10.84,0.08,12.9,12.13,9.29,12.17,10.87,,9,1.32,1.42,,,,
QM25,express,X,2026-W39,5,0,true,false,12.63,11.01,0.0871,13.78,12.09,8.09,12.4,10.47,,9,1.31,1.42,,,,
QM25,express,X,2026-W40,5,0,true,false,12.5,11.77,0.0524,12.32,11.54,10.55,13.19,12.17,10.82,10,1.42,1.42,,,,
QM25,express,X,2026-W41,4,0,true,false,11.02,9.64,0.1143,12.4,11.2,11.47,9.96,8.56,9.52,10,1.29,1.42,15.5,,,
QM31,express,X,2026-W18,5,0,false,false,9.88,9.23,0.0228,,,,9.81,8.94,,6,0.76,,,,,
QM31,express,X,2026-W19,4,0,false,false,16.64,15.06,0.0667,,,,16.82,15.05,,4,0.64,,,,,
QM31,express,X,2026-W20,5,0,false,false,12.81,11.41,0.0782,,,,11.51,10.49,,6,0.72,,,,,
QM31,express,X,2026-W21,5,0,false,false,11.79,10.85,0.0469,,,,12.55,11.7,,6,0.77,,,,,
QM31,express,X,2026-W22,4,0,false,false,14.61,13.42,0.0638,16.34,15.43,,14.65,13.32,,7,0.61,,,,,
QM31,express,X,2026-W27,3,0,true,false,15.81,13.56,0.0673,18.35,15.31,,14.13,12.88,,7,0.62,,,,,
QM31,express,X,2026-W28,5,0,true,false,14.14,12.68,0.0881,15.14,13.83,,14.86,12.94,,7,0.6,,,,,
QM31,express,X,2026-W29,5,0,true,false,16.32,14.27,0.0694,20.35,17.68,,15.22,13.51,15.84,8,0.61,,,,,
QM31,express,X,2026-W30,5,0,true,false,18.24,16.96,0.0342,26.91,25.44,,13.67,12.39,,7,0.52,,,,,
QM31,express,X,2026-W31,5,0,true,false,14.51,13.15,0.0462,17.68,16.05,,13.9,13.11,,7,0.55,,,,,
QM31,express,X,2026-W32,5,0,false,false,14.23,11.03,0.1565,16.93,11.87,,13.95,12.68,,7,0.54,,,,,
QM31,express,X,2026-W33,5,0,true,false,15.26,13.61,0.0703,17.89,16.06,,13.97,12.32,,7,0.58,,,,,
QM31,express,X,2026-W34,5,0,true,false,12.21,11.09,0.0643,14.34,13.16,,10.68,9.64,,7,0.7,,,,,
QM31,express,X,2026-W35,5,0,true,false,16.83,14.39,0.0774,22,18.87,,13.32,11.55,,7,0.63,,,,,
QM31,express,X,2026-W36,5,0,true,false,14.95,13.84,0.0567,22.14,21.57,,10.38,9.16,,7,0.63,,,,,
QM31,express,X,2026-W37,4,0,true,false,10.34,9.28,0.0685,12.14,11.42,,10.03,8.89,,7,0.69,0.61,,,,
QM31,express,X,2026-W38,5,0,true,false,11.41,10.06,0.0716,14.66,12.89,,9.78,8.95,,7,0.8,0.61,,,,
QM31,express,X,2026-W39,5,0,true,false,10.65,9.41,0.1367,13.41,12.07,4.68,10.11,8.37,,8,0.74,0.61,,,,
QM31,express,X,2026-W40,5,0,true,false,12.88,11.82,0.0538,14.5,13.49,,13,11.84,13.29,8,0.71,0.61,,,,
QM31,express,X,2026-W41,4,0,true,false,12.41,10.65,0.0675,13.93,12.65,10.73,11.53,10.61,,8,0.73,0.61,7.9,,,
QM32,express,X,2026-W18,5,0,false,false,12.46,11.42,0.0732,,,,10.91,10.11,13.06,7,1.26,,,,,
QM32,express,X,2026-W19,5,0,false,false,14.04,12.34,0.0822,,,,12.7,11.8,14.06,7,1.35,,,,,
QM32,express,X,2026-W20,5,0,false,false,11.86,10.92,0.0941,12.92,11.57,,12.62,11.87,12.81,9,1.25,,,,,
QM32,express,X,2026-W21,5,0,false,false,13.98,12.46,0.0888,,,,13.06,11.53,15.81,7,1.29,,,,,
QM32,express,X,2026-W22,4,0,false,false,16.47,14.73,0.0915,17.21,15.69,,13.91,12.98,,8,1.08,,,,,
QM32,express,X,2026-W23,1,0,false,false,14.02,12.74,0.05,,,,,,,1,1.1,,,,,
QM32,express,X,2026-W27,3,0,true,false,15.15,13.91,0.0843,17.98,16.5,,12.38,11.12,13.98,9,1.12,,,,,
QM32,express,X,2026-W28,5,0,true,false,15.24,14.1,0.0679,18.95,18.11,,12.03,10.62,15.96,9,1.19,,,,,
QM32,express,X,2026-W29,5,0,true,false,12.3,11.06,0.1162,14.01,13.04,,12.12,10.74,13.22,10,1.22,,,,,
QM32,express,X,2026-W30,5,0,true,false,12.6,10.96,0.1034,12.79,12.12,,12.39,11.15,12.06,9,1.27,,,,,
QM32,express,X,2026-W31,5,0,true,false,15.25,14.01,0.0882,13.7,12.43,,13.26,11.98,13.04,10,1.32,,,,,
QM32,express,X,2026-W32,5,0,false,false,13.72,12.17,0.0892,13.81,12.64,,12.43,10.99,,9,1.08,,,,,
QM32,express,X,2026-W33,5,0,true,false,14.02,12.89,0.0802,18.38,17.46,,12.39,10.67,15.11,9,1.17,,,,,
QM32,express,X,2026-W34,5,0,true,false,13.1,11.38,0.109,15.19,13.99,,13.14,11.96,,9,1.25,,,,,
QM32,express,X,2026-W35,5,0,true,false,13.9,11.36,0.1569,15.6,14.32,9.54,12.74,10.79,,10,1.26,,,,,
QM32,express,X,2026-W36,5,0,true,false,11.92,10.66,0.1023,15.78,14.46,,12.79,11.66,,9,1.2,,,,,
QM32,express,X,2026-W37,4,0,true,false,10.75,9.58,0.0971,14.4,12.97,,11.37,9.94,,9,1.26,1.48,,,,
QM32,express,X,2026-W38,5,0,true,false,10.97,10.01,0.0858,15.29,13.7,,11.71,10.57,,9,1.34,1.48,,,,
QM32,express,X,2026-W39,5,0,true,false,11.19,9.97,0.1136,13.62,12.42,6.93,11.88,10.12,,10,1.25,1.48,,,,
QM32,express,X,2026-W40,5,0,true,false,11.13,10.07,0.0855,14.99,13.48,,11.77,10.08,,9,1.3,1.48,,,,
QM32,express,X,2026-W41,4,0,true,false,13.07,12.31,0.0638,15.57,14.37,,11.69,10.46,11.37,10,1.36,1.48,8.1,,,
QM34,express,X,2026-W18,4,0,false,false,14.31,13.75,0.0558,,,,9.26,8.52,,6,0.83,,,,,
QM34,express,X,2026-W19,5,0,false,false,10.23,10.68,0.0054,,,,9.04,8.85,,6,0.9,,,,,
QM34,express,X,2026-W20,5,0,false,false,15.52,14.6,0.0889,,,,11.63,10.49,,7,1.1,,,,,
QM34,express,X,2026-W21,5,0,false,false,14.7,13.41,0.0808,,,,12.02,10.29,,7,1.23,,,,,
QM34,express,X,2026-W22,4,0,false,false,16.74,15.81,0.0636,14.95,13.98,,12.41,11.52,,8,1.05,,,,,
QM34,express,X,2026-W27,3,0,true,false,15.66,14.69,0.0822,13.79,12.95,,10.81,10.05,,8,1.13,,,,,
QM34,express,X,2026-W28,5,0,true,false,16.99,16.08,0.0888,15.73,14.91,,10.78,9.71,,8,1.07,,,,,
QM34,express,X,2026-W29,5,0,true,false,14.8,13.69,0.0872,10.98,9.91,,9.85,8.62,,9,1.21,,,,,
QM34,express,X,2026-W30,5,0,true,false,14.42,13.4,0.1015,11.07,9.68,,10.86,9.88,,9,1.19,,,,,
QM34,express,X,2026-W31,5,0,true,false,14.23,13.69,0.0754,8.75,7.57,,11.35,10.54,,9,1.2,,,,,
QM34,express,X,2026-W32,5,0,false,false,14.87,13.72,0.1062,11.28,9.39,,11.46,10.8,,9,1.16,,,,,
QM34,express,X,2026-W33,5,0,true,false,17.57,16.46,0.0708,17.12,15.9,,11.76,10.68,,9,1.24,,,,,
QM34,express,X,2026-W34,5,0,true,false,19.53,18.1,0.0567,14.39,13.04,32.95,10.49,9.84,,10,1.12,,,,,
QM34,express,X,2026-W35,5,0,true,false,17.69,16.73,0.0693,16.74,15.67,,10.13,9.12,,9,1.09,,,,,
QM34,express,X,2026-W36,5,0,true,false,15.62,14.58,0.0676,12.67,10.87,,11.13,10.21,,9,1.13,,,,,
QM34,express,X,2026-W37,4,0,true,false,14.77,13.73,0.0774,12.26,10.84,,10.81,9.71,,9,1.18,1.31,,,,
QM34,express,X,2026-W38,5,0,true,false,13.43,12.66,0.0769,10.73,9.57,,10.09,9.44,,9,1.25,1.31,,,,
QM34,express,X,2026-W39,5,0,true,false,12.36,11.43,0.1516,10.1,8.91,5.62,9.85,8.61,22.15,12,1.36,1.31,,,,
QM34,express,X,2026-W40,5,0,true,false,16.01,15.31,0.0666,14.54,13.46,,10.48,9.64,,9,1.25,1.31,,,,
QM34,express,X,2026-W41,4,0,true,false,14.18,13.61,0.0616,12.03,11.5,,10.38,9.64,,9,1.3,1.31,16.7,,,
QM35,express,X,2026-W18,5,0,false,false,14.13,12.53,0.0794,,,,14.52,13.4,12.75,7,1.43,,,,,
QM35,express,X,2026-W19,5,0,false,false,17.69,16.17,0.0678,,,,,,14.42,6,1.35,,,,,
QM35,express,X,2026-W20,5,0,false,false,12.94,11.84,0.0735,8.85,8.48,,13.24,12.29,11.71,9,1.6,,,,,
QM35,express,X,2026-W21,5,0,false,false,13.02,11.27,0.102,,,,11.43,10.1,12.54,7,1.58,,,,,
QM35,express,X,2026-W22,4,0,false,false,14.11,12.23,0.1208,16.1,15.03,,12.4,11.01,,7,1.45,,,,,
QM35,express,X,2026-W23,1,0,false,false,12.57,9.99,0.2948,,,,,,,1,1.14,,,,,
QM35,express,X,2026-W27,3,0,true,false,14.37,13.03,0.0837,17.8,17.15,,14.68,14.08,,8,1.49,,,,,
QM35,express,X,2026-W28,5,0,true,false,14.39,12.97,0.0911,18.36,17.39,,13.15,12.29,,8,1.37,,,,,
QM35,express,X,2026-W29,5,0,true,false,17.58,15.3,0.126,22.52,21.61,,12.3,10.19,19.92,10,1.5,,,,,
QM35,express,X,2026-W30,5,0,true,false,16.01,14.51,0.1021,20.24,19.98,,12.03,10.65,,8,1.44,,,,,
QM35,express,X,2026-W31,5,0,true,false,14.42,12.12,0.1352,17.48,16.44,,12.43,11.21,11.76,11,1.41,,,,,
QM35,express,X,2026-W32,5,0,false,false,15.95,14.46,0.0943,24.22,23.15,,14.28,12.97,13.66,10,1.24,,,,,
QM35,express,X,2026-W33,5,0,true,false,14.42,12.36,0.1283,16.55,15.21,,12.83,11.27,,8,1.46,,,,,
QM35,express,X,2026-W34,5,0,true,false,15.17,12.62,0.1498,16.09,15.09,18.65,14.64,13.84,11.72,11,1.52,,,,,
QM35,express,X,2026-W35,5,0,true,false,19.37,17.47,0.0865,17.64,16.07,,15.4,13.95,,9,1.42,,,,,
QM35,express,X,2026-W36,5,0,true,false,14.91,14.26,0.04,17.05,16.02,12.6,14.71,14.14,,10,1.44,,,,,
QM35,express,X,2026-W37,4,0,true,false,13.11,10.99,0.1207,15.53,14.39,,13.01,12.21,9.93,10,1.58,1.48,,,,
QM35,express,X,2026-W38,5,0,true,false,13.46,11.63,0.1078,15.31,14.14,,12.86,11.64,,8,1.6,1.48,,,,
QM35,express,X,2026-W39,5,0,true,false,12.67,10.61,0.1325,14.39,12.52,,12.86,11.48,,9,1.58,1.48,,,,
QM35,express,X,2026-W40,5,0,true,false,12.58,10.76,0.1228,13.33,12.24,,12.92,11.94,13.79,10,1.64,1.48,,,,
QM35,express,X,2026-W41,4,0,true,false,12.03,10.14,0.1209,13.82,12.94,,11.29,10.08,13.65,10,1.74,1.48,9.2,,,
QM36,express,X,2026-W18,4,0,false,false,14.95,13.71,0.0578,,,,14.69,13.68,,4,0.7,,,,,
QM36,express,X,2026-W19,3,0,false,false,17.16,12.87,0.2398,,,,17.52,14.27,,3,0.66,,,,,
QM36,express,X,2026-W20,5,0,false,false,12.27,11.2,0.0919,,,,9.94,8.86,,5,0.86,,,,,
QM36,express,X,2026-W21,5,0,false,false,12.65,10.69,0.1407,,,,11.25,9.66,,4,0.75,,,,,
QM36,express,X,2026-W22,4,0,false,false,13.67,12.08,0.1075,12.67,11.12,,12.74,11.89,,6,0.7,,,,,
QM36,express,X,2026-W27,3,0,true,false,14.1,12.64,0.1036,,,,12.77,10.95,,5,0.66,,,,,
QM36,express,X,2026-W28,5,0,true,false,15.98,14.14,0.1157,,,,18.21,16.68,,5,0.67,,,,,
QM36,express,X,2026-W29,5,0,true,false,13.33,11.54,0.1247,,,,10.77,9.61,12.35,7,0.64,,,,,
QM36,express,X,2026-W30,5,0,true,false,13.96,12.33,0.101,,,,14.59,13.38,,6,0.76,,,,,
QM36,express,X,2026-W31,5,0,true,false,12.86,11.44,0.0797,,,,13.5,11.66,,6,0.65,,,,,
QM36,express,X,2026-W32,5,0,false,false,14.98,13.36,0.0767,17.81,16.49,,13.31,12.35,,6,0.51,,,,,
QM36,express,X,2026-W33,5,0,true,false,16.75,12.23,0.1967,,,,13.69,12.11,,6,0.64,,,,,
QM36,express,X,2026-W34,5,0,true,false,15.76,13.9,0.1119,,,,14.53,12.47,,6,0.69,,,,,
QM36,express,X,2026-W35,4,0,true,false,16.47,15.41,0.0628,,,,16.16,14.44,,6,0.63,,,,,
QM36,express,X,2026-W36,5,0,true,false,15.75,14.28,0.0659,21.63,19.57,,12.78,11.91,,7,0.59,,,,,
QM36,express,X,2026-W37,4,0,true,false,12.98,12.57,0.0488,,,,11.73,10.92,,6,0.63,0.79,,,,
QM36,express,X,2026-W38,5,0,true,false,12.9,10.62,0.1511,12.62,10.02,,12.55,11.15,,7,0.78,0.79,,,,
QM36,express,X,2026-W39,5,0,true,false,12.73,11.16,0.1267,11.46,9.46,,10.52,9.69,,7,0.7,0.79,,,,
QM36,express,X,2026-W40,5,0,true,false,13.96,12.82,0.0681,11.93,10.82,,12.75,11.63,17.4,8,0.74,0.79,,,,
QM36,express,X,2026-W41,4,0,true,false,13.51,10.7,0.1823,13.75,12.22,,11.2,9.91,,7,0.75,0.79,5.5,,,
QM4,express,X,2026-W17,0,2,false,true,,,,,,,,,,,,,,17.61,16.48,1.39
QM4,express,X,2026-W18,5,2,false,false,10.02,7.56,0.2254,,,,11.15,7.8,,13,2.41,,,13.16,11.04,1.41
QM4,express,X,2026-W19,5,2,false,true,10.08,8.19,0.1683,,,,10.32,9.4,,12,2.16,,,12.46,10.61,1.49
QM4,express,X,2026-W20,5,2,false,true,9.85,8.32,0.1487,9.71,9.17,8.14,11.48,9.65,,15,2.29,,,8.23,7.05,1.41
QM4,express,X,2026-W21,5,2,false,false,10.95,8.55,0.2241,,,,12.85,10.26,,13,2.37,,,13.27,11.4,1.45
QM4,express,X,2026-W22,4,2,false,true,15.05,13.51,0.0874,11.1,9.94,16.36,14.08,12.35,,15,2.07,,,13.17,10.8,1.45
QM4,express,X,2026-W23,5,2,false,true,11.16,9.79,0.1059,,,,,,12.37,4,2.11,,,11.36,9.48,1.54
QM4,express,X,2026-W24,5,1,false,false,15.13,12.58,0.1189,,,,,,,2,2.02,,,11.9,12.34,0.81
QM4,express,X,2026-W25,3,2,false,false,13.02,8.95,0.2858,,,,,,,2,2.06,,,16.97,15.23,1.54
QM4,express,X,2026-W26,5,2,false,false,11.47,10.71,0.1163,,,,,,,1,1.72,,,10.28,9.84,0.81
QM4,express,X,2026-W27,3,2,true,true,15.29,13.39,0.1283,14.46,13.91,13.33,17.54,15.09,16.84,16,1.99,,,13.94,10.15,1.55
QM4,express,X,2026-W28,5,2,true,true,11.81,10.56,0.0953,9.81,8.85,11.08,12.78,11.61,13.35,16,2.06,,,12.24,10.22,1.4
QM4,express,X,2026-W29,5,2,true,true,11.54,10.22,0.1072,10.11,9.2,11.72,10.46,8.94,,16,2.17,,,14.74,11.98,1.39
QM4,express,X,2026-W30,5,2,true,true,11.77,9.68,0.1591,11.6,10.38,12.09,11.2,9.89,,16,1.99,,,19.82,17.02,1.35
QM4,express,X,2026-W31,5,2,true,true,10.95,9.27,0.1329,9.61,8.74,11.31,10.31,8.86,,16,2.02,,,19.34,17.17,1.16
QM4,express,X,2026-W32,5,2,false,true,11.67,9.88,0.1431,8.66,7.76,10.72,12.53,10.75,14.79,17,2.1,,,14.49,12.36,1.28
QM4,express,X,2026-W33,5,2,true,true,16,14.17,0.1124,15.71,14.5,15.42,15.54,13.71,16.04,17,2.02,,,12.27,10.68,1.33
QM4,express,X,2026-W34,5,2,true,true,14.29,12.24,0.1344,16.24,15.03,11.7,13.84,10.97,17.84,17,1.97,,,12.09,10.42,1.39
QM4,express,X,2026-W35,5,2,true,true,14.61,12.49,0.1275,15.83,15,14.58,14.83,12.73,14.7,17,2.01,,,13.42,11.25,1.45
QM4,express,X,2026-W36,5,2,true,true,14.42,12.09,0.1512,13.72,12.06,14.58,14.57,11.43,14.14,17,1.99,,,14.41,11.7,1.41
QM4,express,X,2026-W37,4,2,true,true,12.08,10.4,0.1337,12.24,11.31,12.19,9.69,8.25,13.46,17,2.12,2.72,,13.47,10.79,1.57
QM4,express,X,2026-W38,5,2,true,true,12.98,11.18,0.1129,10.63,10.07,13.03,11.36,9.64,15.97,17,2.15,2.72,,13.11,11.46,1.64
QM4,express,X,2026-W39,5,2,true,true,11.77,9.25,0.1965,9.11,7.72,12.92,10.16,7.51,13.67,17,2.4,2.72,,11.78,10.01,1.58
QM4,express,X,2026-W40,5,2,true,false,12.83,11.1,0.1229,12.76,11.42,13.12,14.69,13.11,11.85,17,2.35,2.72,,12.85,10.5,2
QM4,express,X,2026-W41,5,0,true,false,11.9,10.36,0.1213,10.42,9.25,10.53,9.41,8.29,11.1,17,2.48,2.72,7.7,,,
QM40,express,X,2026-W18,4,0,false,false,8.23,7.49,0.1119,,,,9.06,8.32,,6,0.41,,,,,
QM40,express,X,2026-W19,4,0,false,false,7.54,6.69,0.1079,,,,,,,3,0.28,,,,,
QM40,express,X,2026-W20,5,0,false,false,9.19,8.49,0.0621,,,5.81,11.58,11,,7,0.43,,,,,
QM40,express,X,2026-W21,5,0,false,false,10.61,9.91,0.0818,,,,12.34,11.95,,5,0.43,,,,,
QM40,express,X,2026-W22,4,0,false,false,12.52,11.41,0.0994,17.56,16.93,,11.03,9.88,,7,0.47,,,,,
QM40,express,X,2026-W27,3,0,true,false,10.4,9.17,0.1572,14.91,14.69,,10.56,10.04,,7,0.45,,,,,
QM40,express,X,2026-W28,5,0,true,false,11.67,10.45,0.1109,15.8,14.96,,9.73,9.45,,7,0.43,,,,,
QM40,express,X,2026-W29,5,0,true,false,12.67,11.3,0.1163,17.91,16.79,,10.7,10.24,12.3,9,0.49,,,,,
QM40,express,X,2026-W30,5,0,true,false,8.29,7.58,0.0944,8.39,8.28,,10.42,9.81,,8,0.51,,,,,
QM40,express,X,2026-W31,5,0,true,false,9.9,6.8,0.2257,14.66,7.95,,10.23,9.65,,8,0.46,,,,,
QM40,express,X,2026-W32,5,0,false,false,9.43,8.7,0.1076,11.22,11.1,,10.35,9.79,,7,0.38,,,,,
QM40,express,X,2026-W33,5,0,true,false,14.41,13.4,0.0875,20.85,20.12,,11.88,11.16,12.02,10,0.39,,,,,
QM40,express,X,2026-W34,5,0,true,false,10.34,9.89,0.0996,11.25,10.51,,12.05,11.37,,8,0.5,,,,,
QM40,express,X,2026-W35,5,0,true,false,8.23,7.44,0.0921,8.95,8.25,,8.88,8.24,,8,0.37,,,,,
QM40,express,X,2026-W36,5,0,true,false,9.23,8.32,0.1195,10.37,9.73,,10.48,9.68,,8,0.47,,,,,
QM40,express,X,2026-W37,4,0,true,false,9.59,8.99,0.0872,10.59,10.3,,10.96,10.23,,8,0.47,0.55,,,,
QM40,express,X,2026-W38,5,0,true,false,9.38,8.65,0.0844,11.03,10.61,,10.63,9.77,,8,0.49,0.55,,,,
QM40,express,X,2026-W39,5,0,true,false,8.38,7,0.2107,8.61,6.92,,10.14,9.19,,9,0.55,0.55,,,,
QM40,express,X,2026-W40,5,0,true,false,11.25,10.44,0.1011,12.21,11.94,,10.96,10.48,,8,0.46,0.55,,,,
QM40,express,X,2026-W41,4,0,true,false,13.75,13,0.0932,20.07,20.01,,11.33,10.47,,8,0.44,0.55,10,,,
QM42,express,X,2026-W18,5,0,false,false,13.67,13.24,0.0834,,,,10.96,10.32,6.76,7,0.5,,,,,
QM42,express,X,2026-W19,5,0,false,false,15.2,15.2,0.0026,,,,13.72,13.34,7.88,5,0.52,,,,,
QM42,express,X,2026-W20,5,0,false,false,14.1,13.45,0.0809,,,,,,8.71,6,0.58,,,,,
QM42,express,X,2026-W21,5,0,false,false,14.03,13.72,0.0549,,,,10.4,9.64,10.27,6,0.49,,,,,
QM42,express,X,2026-W22,4,0,false,false,15.37,14.62,0.0728,13.71,12.25,,11.85,10.59,,7,0.6,,,,,
QM42,express,X,2026-W23,1,0,false,false,36.52,37.79,-0.0489,,,,,,,1,0.35,,,,,
QM42,express,X,2026-W27,3,0,true,false,17.42,16.62,0.0452,12.97,12.24,,14.14,12.39,,7,0.4,,,,,
QM42,express,X,2026-W28,5,0,true,false,19.23,18.57,0.0531,13.96,13.23,,16.47,14.75,24.42,8,0.41,,,,,
QM42,express,X,2026-W29,5,0,true,false,14.72,13.84,0.0907,9.66,8.37,,12.25,10.94,,8,0.46,,,,,
QM42,express,X,2026-W30,5,0,true,false,15.55,15.03,0.0599,16.07,14.43,,9.51,8.84,,7,0.45,,,,,
QM42,express,X,2026-W31,5,0,true,false,15.65,15.87,0.0309,15.16,14.4,,10.75,10.08,,7,0.41,,,,,
QM42,express,X,2026-W32,5,0,false,false,15.98,15.49,0.0645,14.51,13.38,,12.4,11.37,,8,0.46,,,,,
QM42,express,X,2026-W33,5,0,true,false,17.03,16.6,0.0373,11.13,10.1,,14.4,13.85,17.12,8,0.47,,,,,
QM42,express,X,2026-W34,5,0,true,false,15.44,15.11,0.0647,13.52,13.02,,12.96,11.88,,7,0.45,,,,,
QM42,express,X,2026-W35,5,0,true,false,18.25,17.83,0.0194,13.4,12.59,,13.79,13,,7,0.46,,,,,
QM42,express,X,2026-W36,5,0,true,false,16.66,15.64,0.0822,18.11,16.46,,10.04,8.98,,7,0.45,,,,,
QM42,express,X,2026-W37,4,0,true,false,14.42,13.9,0.0573,15.42,13.98,,8.41,7.41,,7,0.53,0.55,,,,
QM42,express,X,2026-W38,5,0,true,false,15.11,14.74,0.0613,16.28,15.08,,8.81,8.1,,7,0.54,0.55,,,,
QM42,express,X,2026-W39,5,0,true,false,15.19,14.6,0.0797,16.26,14.81,,8.91,7.88,,8,0.56,0.55,,,,
QM42,express,X,2026-W40,5,0,true,false,14.89,14.33,0.0651,9.9,9.04,,8.99,8.23,,7,0.48,0.55,,,,
QM42,express,X,2026-W41,4,0,true,false,11.91,11.5,0.0759,8.5,7.68,,9.53,8.41,,7,0.54,0.55,8.3,,,
QM44,express,X,2026-W18,4,0,false,false,10.61,10.3,0.0476,,,,11.01,10.6,,5,0.51,,,,,
QM44,express,X,2026-W19,4,0,false,false,13.1,11.33,0.0919,,,5.09,14,11.82,,6,0.5,,,,,
QM44,express,X,2026-W20,5,0,false,false,10.87,9.95,0.022,,,9.18,10.68,10.04,11.27,7,0.36,,,,,
QM44,express,X,2026-W21,5,0,false,false,11.85,11.46,0.0582,,,,11.27,10.48,,5,0.61,,,,,
QM44,express,X,2026-W22,4,0,false,false,9.7,8.71,0.0899,12.45,11.15,,10.37,9.27,,6,0.51,,,,,
QM44,express,X,2026-W27,3,0,true,false,12.79,11.62,0.0762,15.09,13.48,7.41,13.31,11.9,13.03,8,0.51,,,,,
QM44,express,X,2026-W28,5,0,true,false,11.9,11.3,0.0757,12.83,11.42,,14.38,13.03,,7,0.49,,,,,
QM44,express,X,2026-W29,5,0,true,false,13.36,12.24,0.0774,19.95,18.77,,10.9,9.8,10.33,8,0.41,,,,,
QM44,express,X,2026-W30,5,0,true,false,15.12,14.24,0.071,27.15,26.1,,9.64,8.61,7.65,8,0.5,,,,,
QM44,express,X,2026-W31,5,0,true,false,13.25,12.2,0.0799,19.79,18.83,,9.93,8.53,,7,0.54,,,,,
QM44,express,X,2026-W32,5,0,false,false,16.29,15.04,0.0787,22.49,21.93,5.1,13.14,11.95,21.58,8,0.51,,,,,
QM44,express,X,2026-W33,5,0,true,false,11.97,10.77,0.07,14.91,13.7,,13,11.6,8.91,8,0.47,,,,,
QM44,express,X,2026-W34,5,0,true,false,15.48,14.29,0.081,18.2,17.1,15.45,15.31,14.17,,8,0.51,,,,,
QM44,express,X,2026-W35,5,0,true,false,14.93,13.8,0.0843,18.3,17.18,,14.76,12.96,,8,0.55,,,,,
QM44,express,X,2026-W36,5,0,true,false,14.12,12.61,0.0944,18.38,16.92,,13.28,11.88,,7,0.48,,,,,
QM44,express,X,2026-W37,4,0,true,false,11.97,10.73,0.0825,16.9,15.27,5.53,10.73,9.5,,8,0.58,0.66,,,,
QM44,express,X,2026-W38,5,0,true,false,11.56,10.59,0.0932,15.91,14.48,,10.74,9.38,,7,0.55,0.66,,,,
QM44,express,X,2026-W39,5,0,true,false,11.85,9.87,0.1488,14.66,12.51,3.84,14.21,11.1,7.62,9,0.6,0.66,,,,
QM44,express,X,2026-W40,5,0,true,false,12.26,10.8,0.0994,15.04,13.38,,13.42,11.29,,7,0.53,0.66,,,,
QM44,express,X,2026-W41,4,0,true,false,7.9,6.78,0.1202,9.13,8.2,4.72,8.27,6.93,9.55,8,0.53,0.66,8,,,
QM5,express,X,2026-W17,0,2,false,true,,,,,,,,,,,,,,15.32,13.77,2.3
QM5,express,X,2026-W18,5,2,false,false,13.94,12.55,0.0815,,,,13.26,11.7,,13,4.97,,,13.61,12.59,2.3
QM5,express,X,2026-W19,5,2,false,true,13.26,12.19,0.056,,,,13.16,11.86,,12,5.01,,,12.4,10.9,2.22
QM5,express,X,2026-W20,5,2,false,true,13.1,11.76,0.0793,10.94,10.05,13.43,12.19,10.64,,15,4.92,,,11.38,9.94,2.42
QM5,express,X,2026-W21,5,2,false,false,13.84,12.71,0.0753,,,,10.63,9.25,,13,5.34,,,15.65,13.6,2.07
QM5,express,X,2026-W22,4,2,false,true,14.03,12.46,0.1002,14.82,13.9,13.18,11.91,10.63,,15,4.87,,,13.04,10.66,2.37
QM5,express,X,2026-W23,5,2,false,true,16.43,14.74,0.0894,,,,,,18.04,4,4.21,,,13.11,11.18,2.23
QM5,express,X,2026-W24,5,1,false,false,15.16,12.16,0.1741,,,,,,,2,4.89,,,15.76,14.57,1.58
QM5,express,X,2026-W25,3,2,false,false,16.35,14.39,0.1117,,,,,,,2,4.53,,,15.36,14.76,1.78
QM5,express,X,2026-W26,5,2,false,false,14.95,15.09,0.028,,,,,,,1,4.68,,,14.19,12.82,1.83
QM5,express,X,2026-W27,3,2,true,true,14.15,12.88,0.0773,14.6,13.73,12.91,13.27,11.92,15.73,16,4.53,,,14.09,11.88,2.11
QM5,express,X,2026-W28,5,2,true,true,14.63,13.07,0.0953,14.98,13.74,14.79,13.29,11.69,14.54,16,4.65,,,14.54,12.52,2.18
QM5,express,X,2026-W29,5,2,true,true,13.8,12.15,0.0995,13.25,12.22,12.61,11.96,10.03,,16,4.82,,,14.7,12.87,2.3
QM5,express,X,2026-W30,5,2,true,true,13.87,12.08,0.1022,13.47,12.28,12.64,12.58,11.31,,16,4.79,,,15.21,13.37,2.39
QM5,express,X,2026-W31,5,2,true,true,14.24,12.71,0.0886,13.24,12.13,13.91,13.29,11.83,,16,4.52,,,15.36,13.55,2.35
QM5,express,X,2026-W32,5,2,false,true,14.55,13.12,0.0877,15.29,14.2,13.33,13.65,12.22,15.9,17,4.71,,,14.7,12.89,1.86
QM5,express,X,2026-W33,5,2,true,true,14.96,13.45,0.091,14.85,13.89,15.23,13.89,12.26,14.82,17,4.7,,,15.22,13.45,1.97
QM5,express,X,2026-W34,5,2,true,true,14.6,12.95,0.0985,15.38,14.23,13.29,13.14,11.32,16.18,17,4.56,,,15.33,13.74,2.05
QM5,express,X,2026-W35,5,2,true,true,14.95,13.57,0.0838,15.03,14.26,15.34,13.7,12.23,14.82,17,4.43,,,14.82,13.42,2.19
QM5,express,X,2026-W36,5,2,true,true,13.79,12.47,0.0846,14.99,14.14,12.14,12.49,11.08,14.68,17,4.83,,,15.49,13.48,2.22
QM5,express,X,2026-W37,4,2,true,true,12.8,11.49,0.0864,14.67,13.36,10.96,10.62,9.21,15.29,17,5.35,4.58,,14.68,13.26,2.23
QM5,express,X,2026-W38,5,2,true,true,12,10.78,0.0848,12.16,11.21,11.16,11.38,10.25,12.75,17,5.22,4.58,,14.68,11.81,2.35
QM5,express,X,2026-W39,5,2,true,true,12.24,10.42,0.1357,12.38,11.2,10.94,10.78,8.21,14.58,17,5.58,4.58,,14.3,12.31,2.36
QM5,express,X,2026-W40,5,2,true,false,12.55,11.09,0.0975,12.65,11.66,11.26,11.27,9.96,14.51,17,5.34,4.58,,13.87,12.54,2.53
QM5,express,X,2026-W41,5,0,true,false,13.02,11.83,0.0768,13.18,12.23,11.92,11.92,10.61,14.67,17,5.25,4.58,11.3,,,
QM6,express,X,2026-W17,0,2,false,true,,,,,,,,,,,,,,15.51,12.52,2.33
QM6,express,X,2026-W18,5,2,false,false,14.12,12.34,0.1103,,,,13.52,12.4,,13,3.56,,,15.81,12.18,2.04
QM6,express,X,2026-W19,5,2,false,true,15.43,13.69,0.1073,,,,13.55,12.87,,12,3.84,,,15.95,12.69,2.05
QM6,express,X,2026-W20,5,2,false,true,13.96,11.38,0.1618,11.54,10.29,13.32,13.47,11.54,,15,3.33,,,18.62,13.55,2.33
QM6,express,X,2026-W21,5,2,false,false,14.91,11.9,0.1766,,,,13.36,11.44,,13,3.8,,,19.07,16.15,1.72
QM6,express,X,2026-W22,4,2,false,true,16.21,13.56,0.1425,16.49,14.97,15.31,13.29,12.04,,15,3.45,,,15.11,11.57,2.33
QM6,express,X,2026-W23,5,2,false,true,12.7,10.84,0.1782,,,,,,13.44,4,3.24,,,18.36,14.89,2.01
QM6,express,X,2026-W24,5,1,false,false,13.48,11.12,0.1596,,,,,,,2,3.73,,,23.65,19.52,1.93
QM6,express,X,2026-W25,3,2,false,false,12.4,10.37,0.212,,,,,,,2,3.54,,,18.18,14.7,2.18
QM6,express,X,2026-W26,5,2,false,false,12.07,13.38,-0.0973,,,,,,,1,3.1,,,21.64,20.61,1.75
QM6,express,X,2026-W27,3,2,true,true,15.88,13.69,0.1298,17.11,15.2,13.71,15.73,13.62,17.22,16,3.33,,,18.16,14.17,1.87
QM6,express,X,2026-W28,5,2,true,true,15.88,13.58,0.1336,16.15,14.41,13.86,13.87,12.28,19.12,16,3.45,,,15.47,12.56,2.18
QM6,express,X,2026-W29,5,2,true,true,14.88,12.75,0.1367,16.64,14.42,13.81,13.02,11.1,,16,3.42,,,16.88,13.96,1.86
QM6,express,X,2026-W30,5,2,true,true,15.01,12.88,0.1341,14.56,12.49,15.72,12.82,11.49,,16,3.62,,,16.64,13.89,2.18
QM6,express,X,2026-W31,5,2,true,true,14.77,12.82,0.1193,12.88,11.75,14.53,13.67,12.04,,16,3.33,,,17.68,14.19,1.88
QM6,express,X,2026-W32,5,2,false,true,14.88,13.28,0.0988,14.46,12.99,14.7,14.76,13.16,15.28,17,3.5,,,16.46,13.24,1.99
QM6,express,X,2026-W33,5,2,true,true,15.97,14.23,0.0936,16.32,14.6,14.65,16.64,15.36,15.84,17,3.29,,,15.14,12.24,2.11
QM6,express,X,2026-W34,5,2,true,true,16.17,14.36,0.1115,15.75,14.54,16.47,16.49,14.28,14.89,17,3.25,,,15.17,12.93,1.95
QM6,express,X,2026-W35,5,2,true,true,16.32,14.22,0.115,15.12,13.92,16.06,14.64,12.78,17.07,17,3.17,,,15.57,12.41,2.27
QM6,express,X,2026-W36,5,2,true,true,16.19,14.19,0.111,15.85,13.84,16.05,15.33,13.88,16.43,17,3.17,,,16.87,13.58,2.14
QM6,express,X,2026-W37,4,2,true,true,14.29,12.46,0.1158,13.91,12.69,13.02,12.08,10.28,16.24,17,3.73,3.94,,14.52,11.13,2.47
QM6,express,X,2026-W38,5,2,true,true,14.45,12.9,0.0893,14.61,13.33,13.95,12.86,11.5,14.95,17,3.38,3.94,,14.05,11.51,2.39
QM6,express,X,2026-W39,5,2,true,true,13.45,11.53,0.1345,12.71,11.3,12.77,11.93,9,14.72,17,3.94,3.94,,15.37,12.14,2.27
QM6,express,X,2026-W40,5,2,true,false,14.99,13.08,0.1092,13.91,12.46,14.36,14.4,12.77,17,17,3.71,3.94,,12.78,8.37,2.3
QM6,express,X,2026-W41,5,0,true,false,14.35,12.58,0.1007,13.53,12.4,14.85,11.53,10.21,15.06,17,3.62,3.94,6.7,,,
QM63,express,X,2026-W18,5,0,false,false,11.66,9.6,0.1863,,,,10.85,9.61,,7,2.38,,,,,
QM63,express,X,2026-W19,5,0,false,false,11.67,8.52,0.2868,,,,11.16,9.71,,6,2.29,,,,,
QM63,express,X,2026-W20,5,0,false,false,10.64,8.91,0.1627,10,9.67,,10.61,9.24,,10,2.49,,,,,
QM63,express,X,2026-W21,5,0,false,false,10.74,8.13,0.2246,,,,10.6,9.11,,7,2.8,,,,,
QM63,express,X,2026-W22,4,0,false,false,11.76,9.71,0.1867,13.01,11.94,,11.45,9.82,,9,2.3,,,,,
QM63,express,X,2026-W23,2,0,false,false,11.6,10.03,0.1369,,,,,,,2,2.02,,,,,
QM63,express,X,2026-W27,3,0,true,false,11.89,8.9,0.2458,13.11,10.82,,12.54,11.01,,10,2.2,,,,,
QM63,express,X,2026-W28,5,0,true,false,13.27,10.89,0.1856,16.76,14.65,,11.59,10.1,,8,2.19,,,,,
QM63,express,X,2026-W29,5,0,true,false,10.56,8.34,0.2049,10.1,8.62,,11.24,9.35,,10,2.39,,,,,
QM63,express,X,2026-W30,5,0,true,false,11.26,9.21,0.1825,10.95,9.34,,11.37,10.38,,10,2.24,,,,,
QM63,express,X,2026-W31,5,0,true,false,11.8,9.16,0.2132,11.91,10.66,,11.6,10.16,,11,2.35,,,,,
QM63,express,X,2026-W32,5,0,false,false,11.71,9.75,0.1798,12.06,10.98,,11.32,10.29,,10,2.24,,,,,
QM63,express,X,2026-W33,5,0,true,false,12.5,10.07,0.1908,13.6,11.97,,11.27,10.11,,10,2.28,,,,,
QM63,express,X,2026-W34,5,0,true,false,12.23,10.22,0.1531,13.73,12.6,,12.72,11.42,,11,2.22,,,,,
QM63,express,X,2026-W35,5,0,true,false,12.24,9.87,0.204,13.65,12.3,,12.58,11.25,,11,2.13,,,,,
QM63,express,X,2026-W36,5,0,true,false,13.21,10.39,0.1924,14.29,12.09,,10.91,9.48,,10,2.16,,,,,
QM63,express,X,2026-W37,4,0,true,false,10.94,9.43,0.1505,12.49,11.01,,10.65,9.45,,10,2.29,2.61,,,,
QM63,express,X,2026-W38,5,0,true,false,11.51,9.68,0.1524,12.99,11.91,,10.24,9.06,,10,2.18,2.61,,,,
QM63,express,X,2026-W39,5,0,true,false,10.47,7.93,0.2679,12.69,10.02,3.76,8.63,6.34,13.08,13,2.63,2.61,,,,
QM63,express,X,2026-W40,5,0,true,false,11.52,9.58,0.1613,11.59,10.6,,9.92,8.99,,10,2.35,2.61,,,,
QM63,express,X,2026-W41,4,0,true,false,10.99,9.17,0.1569,11.73,10.85,,10.11,8.8,,10,2.33,2.61,9.4,,,
QM64,express,X,2026-W18,5,0,false,false,10.78,9.58,0.106,,,,9.69,8.58,,7,1.15,,,,,
QM64,express,X,2026-W19,5,0,false,false,10.01,9.08,0.081,,,,9.56,9.18,,7,1.28,,,,,
QM64,express,X,2026-W20,5,0,false,false,10.17,8.96,0.1161,10.06,9.26,8.15,8.49,7.2,,9,1.35,,,,,
QM64,express,X,2026-W21,5,0,false,false,10.47,9.13,0.1134,,,,10.2,8.67,,7,1.43,,,,,
QM64,express,X,2026-W22,4,0,false,false,13.18,11.64,0.1054,14.1,12.49,,11.72,10.3,,7,1.19,,,,,
QM64,express,X,2026-W27,3,0,true,false,11.54,10.25,0.0939,12.28,10.91,,10.41,9.29,,9,1.22,,,,,
QM64,express,X,2026-W28,5,0,true,false,11.74,9.93,0.1354,12.63,10.79,,9.76,8.76,,9,1.25,,,,,
QM64,express,X,2026-W29,5,0,true,false,10.18,8.6,0.1326,9.61,8.27,,8.95,7.52,,10,1.25,,,,,
QM64,express,X,2026-W30,5,0,true,false,10.81,9.25,0.1097,10.01,8.37,,11.09,10.04,,9,1.26,,,,,
QM64,express,X,2026-W31,5,0,true,false,11.08,9.4,0.1227,12.74,11.24,,9.98,8.05,,10,1.24,,,,,
QM64,express,X,2026-W32,5,0,false,false,12.63,10.99,0.0858,14.59,12.95,,10.53,8.96,,9,1.15,,,,,
QM64,express,X,2026-W33,5,0,true,false,12.94,11.47,0.0907,15.95,13.68,,9.71,8.5,,9,1.22,,,,,
QM64,express,X,2026-W34,5,0,true,false,11.17,9.94,0.09,12.47,11.03,,10.19,9.2,,9,1.35,,,,,
QM64,express,X,2026-W35,5,0,true,false,13.11,11.72,0.076,14.77,13.14,,11.27,10.02,,8,1.24,,,,,
QM64,express,X,2026-W36,5,0,true,false,12.2,10.86,0.0817,12.91,10.89,,11.26,10.48,,8,1.12,,,,,
QM64,express,X,2026-W37,4,0,true,false,10.39,9.13,0.084,10.55,9.24,,10.12,9,,8,1.26,1.46,,,,
QM64,express,X,2026-W38,5,0,true,false,11.57,10.05,0.0976,12.67,11.26,,10.28,8.86,11.93,10,1.24,1.46,,,,
QM64,express,X,2026-W39,5,0,true,false,10.59,8.77,0.169,12.61,10.46,1.99,7.89,6.09,13.93,11,1.42,1.46,,,,
QM64,express,X,2026-W40,5,0,true,false,11.64,10.2,0.1067,13.25,11.67,,9.95,8.66,,9,1.35,1.46,,,,
QM64,express,X,2026-W41,4,0,true,false,11.17,9.8,0.1084,11.54,10.18,,10.43,8.83,,10,1.32,1.46,8.3,,,
QM65,express,X,2026-W18,5,0,false,false,11.47,9.57,0.142,,,,10.07,9.24,11.93,7,1.19,,,,,
QM65,express,X,2026-W19,5,0,false,false,12.13,10.02,0.1907,,,,15.72,13.74,11.12,7,1.35,,,,,
QM65,express,X,2026-W20,5,0,false,false,10.51,8.2,0.2159,13.01,10.97,,10.62,9.52,10.84,10,1.49,,,,,
QM65,express,X,2026-W21,5,0,false,false,10.71,9.03,0.1543,,,,10.31,9.87,13.25,7,1.5,,,,,
QM65,express,X,2026-W22,4,0,false,false,12.37,10.43,0.1789,16.12,15.23,,12.49,11.26,,9,1.2,,,,,
QM65,express,X,2026-W23,1,0,false,false,11.92,9.52,0.1409,,,,,,,1,0.98,,,,,
QM65,express,X,2026-W27,3,0,true,false,13.45,11.43,0.1374,17.58,15.88,,12.05,11.36,,9,1.18,,,,,
QM65,express,X,2026-W28,5,0,true,false,14.26,10.38,0.205,14.83,13.59,,12.13,10.61,13.9,10,1.31,,,,,
QM65,express,X,2026-W29,5,0,true,false,13.74,11.24,0.1796,19.94,17.38,,10.4,9.43,15.64,10,1.27,,,,,
QM65,express,X,2026-W30,5,0,true,false,11.4,9.42,0.1913,16.32,15.54,,9.42,8.72,12.28,11,1.39,,,,,
QM65,express,X,2026-W31,5,0,true,false,10.67,8.59,0.2208,11.79,10.76,12.36,10.77,10.01,12.86,12,1.48,,,,,
QM65,express,X,2026-W32,5,0,false,false,12.64,10.69,0.1803,16.11,14.73,,11.87,10.55,11.38,11,1.23,,,,,
QM65,express,X,2026-W33,5,0,true,false,13.87,11.5,0.1709,15.98,14.41,,15.65,14.06,15.54,11,1.17,,,,,
QM65,express,X,2026-W34,5,0,true,false,13.43,11.59,0.1522,14.26,12.69,,13.38,12.54,,10,1.21,,,,,
QM65,express,X,2026-W35,5,0,true,false,13.26,10.52,0.2009,15.36,13.5,,14.93,12.69,,10,1.3,,,,,
QM65,express,X,2026-W36,5,0,true,false,12.43,10.01,0.2119,15.56,13.77,,13.29,11.19,,9,1.31,,,,,
QM65,express,X,2026-W37,4,0,true,false,10.62,8.27,0.2134,12.12,10.3,,10.18,8.54,13.87,12,1.43,1.33,,,,
QM65,express,X,2026-W38,5,0,true,false,10.72,8.76,0.1701,12.65,11.22,,10.09,8.91,,10,1.4,1.33,,,,
QM65,express,X,2026-W39,5,0,true,false,11.37,9.27,0.1718,13.06,11.29,6.24,11.5,9.91,,11,1.38,1.33,,,,
QM65,express,X,2026-W40,5,0,true,false,11.18,9.5,0.2136,12.16,10.99,,12.11,11.22,15.3,10,1.35,1.33,,,,
QM65,express,X,2026-W41,4,0,true,false,9.87,8.39,0.1493,10.63,9.73,,8.71,7.87,12.11,11,1.48,1.33,7.4,,,
QM68,express,X,2026-W18,5,0,false,false,13.98,11.83,0.1611,,,,10.64,9.6,,7,1.74,,,,,
QM68,express,X,2026-W19,5,0,false,false,13.67,11.66,0.1266,,,,11.81,11.08,,7,1.67,,,,,
QM68,express,X,2026-W20,5,0,false,false,16.3,11.1,0.1785,23.4,13.2,,9.6,8.44,,9,1.81,,,,,
QM68,express,X,2026-W21,5,0,false,false,13.06,10.69,0.1862,,,,10.25,9.18,,7,1.94,,,,,
QM68,express,X,2026-W22,4,0,false,false,15.88,13.28,0.1586,18.05,16.92,,11.79,10.69,,8,1.75,,,,,
QM68,express,X,2026-W23,2,0,false,false,15.56,11.59,0.244,,,,,,,2,1.58,,,,,
QM68,express,X,2026-W27,3,0,true,false,14.01,11.17,0.195,15.51,13.46,10.98,11.34,9.26,,10,1.63,,,,,
QM68,express,X,2026-W28,5,0,true,false,13.34,10.62,0.176,15.25,13.38,,10.13,9,13.76,10,1.72,,,,,
QM68,express,X,2026-W29,5,0,true,false,14.94,12.16,0.192,18.16,16.58,,11.48,9.59,,10,1.67,,,,,
QM68,express,X,2026-W30,5,0,true,false,14.6,12.18,0.1686,15.72,14.27,,11.67,10.29,,9,1.77,,,,,
QM68,express,X,2026-W31,5,0,true,false,17.8,15.48,0.155,16.5,15.32,,11.96,10.65,,11,1.71,,,,,
QM68,express,X,2026-W32,5,0,false,false,15.96,14.09,0.1943,19.69,17.98,,12.46,10.62,,10,1.61,,,,,
QM68,express,X,2026-W33,5,0,true,false,13.78,11.07,0.1996,13.68,12.26,,11.5,10.14,,10,1.54,,,,,
QM68,express,X,2026-W34,5,0,true,false,14.77,12.62,0.1679,15.66,13.09,,12.8,11.54,,10,1.69,,,,,
QM68,express,X,2026-W35,5,0,true,false,15.46,12.68,0.1733,16.81,14.95,,13.36,12.12,,10,1.7,,,,,
QM68,express,X,2026-W36,5,0,true,false,13.05,10.33,0.2024,17.27,15.14,,10.61,9.58,11.87,11,1.63,,,,,
QM68,express,X,2026-W37,4,0,true,false,13.02,10.54,0.1846,13.9,12.72,,10.39,9.35,17.9,11,1.69,2.08,,,,
QM68,express,X,2026-W38,5,0,true,false,12.33,10.07,0.1842,13.32,12.05,,10.04,8.89,15.67,11,1.74,2.08,,,,
QM68,express,X,2026-W39,5,0,true,false,12.06,9.16,0.2576,13.64,11.82,,8.43,6.59,15.63,11,1.86,2.08,,,,
QM68,express,X,2026-W40,5,0,true,false,12.08,9.47,0.2308,12.71,10.84,,10.46,9.32,,10,1.67,2.08,,,,
QM68,express,X,2026-W41,4,0,true,false,11.87,8.95,0.2031,12.17,10.94,,10.87,9.95,14.7,11,1.69,2.08,9.3,,,
QM7,express,X,2026-W18,5,0,false,false,12.5,9.81,0.2315,,,,11.06,9.15,,7,2.15,,,,,
QM7,express,X,2026-W19,5,0,false,false,15.27,12.69,0.1813,,,,15.57,14.27,,8,2.25,,,,,
QM7,express,X,2026-W20,5,0,false,false,12.91,10.77,0.1881,16.03,15.76,,12.43,10.92,,12,2.1,,,,,
QM7,express,X,2026-W21,5,0,false,false,12.03,9.23,0.2304,,,,11.5,10.01,,9,2.34,,,,,
QM7,express,X,2026-W22,4,0,false,false,15.28,12.3,0.1994,16.97,14.74,,14.87,12.72,,10,1.95,,,,,
QM7,express,X,2026-W23,2,0,false,false,14.78,13.85,0.1274,,,,,,,2,2.02,,,,,
QM7,express,X,2026-W27,3,0,true,false,15.08,12.82,0.1898,16.16,14.79,,12.6,11.01,,11,2.07,,,,,
QM7,express,X,2026-W28,5,0,true,false,16.31,12.14,0.2435,15.85,14.16,,13.69,12.22,,11,2.09,,,,,
QM7,express,X,2026-W29,5,0,true,false,15.75,11.96,0.2228,17.26,15.69,,16.12,14.59,,12,1.91,,,,,
QM7,express,X,2026-W30,5,0,true,false,14.16,11.72,0.188,17.76,16.43,,15.39,14.39,,12,2.01,,,,,
QM7,express,X,2026-W31,5,0,true,false,13.46,11.55,0.1876,17.44,15.76,,15.16,13.19,,12,1.95,,,,,
QM7,express,X,2026-W32,5,0,false,false,14.47,12.2,0.1689,17.42,16.02,9.32,14.52,12.94,,14,1.9,,,,,
QM7,express,X,2026-W33,5,0,true,false,15.7,13.25,0.163,17.09,15.45,,14.46,12.87,,12,1.93,,,,,
QM7,express,X,2026-W34,5,0,true,false,13.71,11.6,0.1636,16.94,15.78,,14.56,13.42,,12,2.19,,,,,
QM7,express,X,2026-W35,5,0,true,false,14.84,12.64,0.155,18.32,17.11,,12.31,11.27,,12,2.08,,,,,
QM7,express,X,2026-W36,5,0,true,false,13.75,11.26,0.1705,18.06,16.52,,13.93,12.77,,11,2.09,,,,,
QM7,express,X,2026-W37,4,0,true,false,11.3,8.84,0.211,16.99,15.09,,9.78,8.24,,12,2.21,2.34,,,,
QM7,express,X,2026-W38,5,0,true,false,11.23,9.23,0.2085,14.67,13.3,,10.68,9.89,11.44,13,2.44,2.34,,,,
QM7,express,X,2026-W39,5,0,true,false,11.98,10.01,0.1699,14.9,13.61,,12.57,11.26,,11,2.25,2.34,,,,
QM7,express,X,2026-W40,5,0,true,false,11.88,9.82,0.1787,12.41,11.44,,11.42,10.4,,12,2.54,2.34,,,,
QM7,express,X,2026-W41,5,0,true,false,12.99,10.88,0.1629,15,13.8,,13.38,12.1,,12,2.39,2.34,14.1,,,
QM8,express,X,2026-W18,5,0,false,false,12.79,10.84,0.2063,,,,10.01,7.53,,7,1.89,,,,,
QM8,express,X,2026-W19,5,0,false,false,15.13,13.53,0.0955,,,,11.7,10.05,,5,1.78,,,,,
QM8,express,X,2026-W20,5,0,false,false,13.19,11.55,0.1249,,,,12.51,10.93,,7,1.93,,,,,
QM8,express,X,2026-W21,5,0,false,false,13.66,12.18,0.1018,,,,12.15,10.25,,7,2.08,,,,,
QM8,express,X,2026-W22,4,0,false,false,13.88,11.76,0.1365,11.55,9.3,,12.29,10.67,,7,1.81,,,,,
QM8,express,X,2026-W23,2,0,false,false,14.95,12.53,0.1384,,,,,,,2,1.53,,,,,
QM8,express,X,2026-W27,3,0,true,false,15.15,12.75,0.1338,16.58,15.8,,15.06,11.25,,8,1.89,,,,,
QM8,express,X,2026-W28,5,0,true,false,13.92,12.45,0.1139,11.94,11.13,,12.26,10.66,,8,1.84,,,,,
QM8,express,X,2026-W29,5,0,true,false,14.88,13.28,0.0783,14.66,12.96,,11.69,10.74,,9,1.74,,,,,
QM8,express,X,2026-W30,5,0,true,false,14.79,13.39,0.0901,,,,11.32,10.29,,8,1.81,,,,,
QM8,express,X,2026-W31,5,0,true,false,14.08,12.59,0.075,11.86,11.08,,11,10.29,18.95,10,1.79,,,,,
QM8,express,X,2026-W32,5,0,false,false,14.11,12.13,0.1539,13.91,12.95,,11.38,9.22,17.77,10,1.68,,,,,
QM8,express,X,2026-W33,5,0,true,false,15.28,13.56,0.1083,11.99,11.29,,15.77,13.79,,9,1.72,,,,,
QM8,express,X,2026-W34,5,0,true,false,14.66,13.52,0.0578,13.87,13.14,,12.92,12.25,15.64,10,1.91,,,,,
QM8,express,X,2026-W35,5,0,true,false,15.5,13.19,0.1322,15.81,14.79,,13,9.84,,9,1.84,,,,,
QM8,express,X,2026-W36,5,0,true,false,13.41,10.59,0.1591,13.5,12.27,,11.05,9.35,16.11,10,1.72,,,,,
QM8,express,X,2026-W37,4,0,true,false,13.77,10.7,0.1959,16.96,14.65,,8.33,6.8,15.79,10,1.9,2.06,,,,
QM8,express,X,2026-W38,5,0,true,false,12.53,11.39,0.0999,12.57,11.4,,10.46,9.2,14.39,10,1.93,2.06,,,,
QM8,express,X,2026-W39,5,0,true,false,12.74,11.03,0.1384,11.24,10.35,,10.65,8.62,,9,1.89,2.06,,,,
QM8,express,X,2026-W40,5,0,true,false,14.5,12.35,0.152,14.78,12.48,,12.64,8.9,16.2,10,2.01,2.06,,,,
QM8,express,X,2026-W41,4,0,true,false,13.18,12.17,0.0776,13.81,12.78,,11.05,9.53,14.3,10,2.09,2.06,11.7,,,
S40,local,S,2026-W17,0,2,false,true,,,,,,,,,,,,,,14.35,13.65,3.51
S40,local,S,2026-W18,5,2,false,false,13.35,12.58,0.0477,,,,12.15,11.24,,13,4.7,,,14.59,13.71,2.95
S40,local,S,2026-W19,5,2,false,true,13.43,12.8,0.0304,,,,12.67,12.39,,12,4.65,,,14.51,13.7,3.73
S40,local,S,2026-W20,5,2,false,true,12.99,12.36,0.044,10.93,9.84,13.38,12.32,11.77,,15,4.74,,,14.2,13.3,3.64
S40,local,S,2026-W21,5,2,false,false,12.96,12.39,0.0372,,,,12.42,11.82,,13,4.3,,,15.01,14.37,3.79
S40,local,S,2026-W22,4,2,false,true,12.63,11.94,0.0479,12.01,11.38,12.13,12.49,11.71,,15,4.46,,,14.56,13.95,3.67
S40,local,S,2026-W23,5,2,false,true,12.92,12.14,0.0569,,,,,,14,4,4.7,,,13.83,13.13,3.92
S40,local,S,2026-W24,5,1,false,false,12.59,11.22,0.0883,,,,,,,2,4.31,,,13.23,12.26,3.21
S40,local,S,2026-W25,3,2,false,false,11.34,10.39,0.0635,,,,,,,2,4.41,,,13.25,12.77,3.59
S40,local,S,2026-W26,5,2,false,false,14.09,11.63,0.1284,,,,,,,1,4.5,,,13.18,12.64,3.81
S40,local,S,2026-W27,3,2,true,true,12.86,12.05,0.0584,13.55,12.46,11.39,12.89,12.15,14.35,16,4.48,,,15.18,14.14,3.16
S40,local,S,2026-W28,5,2,true,true,13.76,12.99,0.0412,13.11,12.45,13.45,13.35,12.49,14.89,16,4.7,,,14.41,13.6,3.56
S40,local,S,2026-W29,5,2,true,true,13.19,12.45,0.0476,13.07,12.44,12.1,12.81,12.01,,16,4.09,,,15.03,14.44,3.51
S40,local,S,2026-W30,5,2,true,true,13.48,12.71,0.0486,13.74,13.04,13.39,12.38,11.74,,16,4.58,,,13.77,13.04,3.89
S40,local,S,2026-W31,5,2,true,true,13.63,12.88,0.045,13.55,12.93,13.54,12.9,12.31,,16,4.48,,,14.42,13.72,3.79
S40,local,S,2026-W32,5,2,false,true,13.86,13.06,0.0475,13.31,12.35,13.5,13.47,13.03,14.53,17,4.49,,,14.14,13.32,3.34
S40,local,S,2026-W33,5,2,true,true,13.77,12.97,0.0464,13.72,12.96,13.06,13.18,12.27,14.99,17,4.37,,,14.78,13.94,3.43
S40,local,S,2026-W34,5,2,true,true,13.86,13.01,0.0477,13.96,13.21,13.51,13.41,12.75,14.25,17,4.49,,,14.73,13.8,3.66
S40,local,S,2026-W35,5,2,true,true,13.89,13.19,0.0389,14.04,13.27,13.86,12.79,12,14.44,17,4.23,,,14,13.17,3.59
S40,local,S,2026-W36,5,2,true,true,13.94,13.1,0.0383,14.11,13.04,13.68,13.36,12.37,14.35,17,4.22,,,14.12,13.42,3.63
S40,local,S,2026-W37,4,2,true,true,13.28,12.59,0.038,12.98,12.27,12.73,12.87,12.13,14.36,17,4.34,4.88,,14.26,13.62,3.47
S40,local,S,2026-W38,5,2,true,true,12.66,11.76,0.055,11.37,10.54,11.74,13.34,12.66,14.33,17,4.5,4.88,,14.98,14.29,3.41
S40,local,S,2026-W39,5,2,true,true,12.89,12.18,0.0465,12.16,11.45,12.46,12.68,11.64,13.99,17,4.67,4.88,,15.5,14.89,3.63
S40,local,S,2026-W40,5,2,true,false,13.38,12.65,0.0431,12.08,11.38,13.55,12.77,12.22,14.7,17,4.84,4.88,,14.54,13.94,3.99
S40,local,S,2026-W41,5,0,true,false,12.92,12.29,0.0366,11.98,11.36,12.67,12.24,11.41,14.45,17,4.79,4.88,21.1,,,
S42,local,S,2026-W18,5,0,false,false,9.73,9.37,0.0249,,,,8.33,8.12,,9,0.66,,,,,
S42,local,S,2026-W19,5,0,false,false,10.19,9.64,0.0412,,,,7.93,7.81,,9,0.75,,,,,
S42,local,S,2026-W20,5,0,false,false,10.16,9.49,0.0525,,,9.42,9.36,8.6,,10,0.62,,,,,
S42,local,S,2026-W21,5,0,false,false,9.4,8.87,0.0615,,,,9.66,9.17,,9,0.7,,,,,
S42,local,S,2026-W22,4,0,false,false,11.69,9.77,0.0773,13.1,9.55,12.35,9.85,8.91,,13,0.66,,,,,
S42,local,S,2026-W23,5,0,false,false,12.04,11.12,0.0261,,,,,,12.42,4,0.81,,,,,
S42,local,S,2026-W24,5,0,false,false,10.68,9.93,0.0236,,,,,,,2,0.92,,,,,
S42,local,S,2026-W25,3,0,false,false,13.12,12.38,0.0566,,,,,,,2,0.81,,,,,
S42,local,S,2026-W26,5,0,false,false,10.36,9.79,0.0381,,,,,,,1,0.81,,,,,
S42,local,S,2026-W27,3,0,true,false,9.41,8.15,0.1031,8.55,7.41,10.47,9.53,9.08,8.85,13,0.63,,,,,
S42,local,S,2026-W28,5,0,true,false,10.15,9.39,0.0619,10.3,9.55,10.8,8.85,8.34,10.33,13,0.66,,,,,
S42,local,S,2026-W29,5,0,true,false,10.14,8.48,0.0833,11.01,10.13,,8.22,7.64,,12,0.7,,,,,
S42,local,S,2026-W30,5,0,true,false,11.24,9.94,0.0673,11.08,9.57,,10.34,8.27,,12,0.66,,,,,
S42,local,S,2026-W31,5,0,true,false,10.54,9.86,0.0429,10.64,10.38,10.78,10.27,8.3,,13,0.68,,,,,
S42,local,S,2026-W32,5,0,false,false,10.91,10.26,0.0472,11.35,10,13.6,9.84,9.38,10.38,14,0.72,,,,,
S42,local,S,2026-W33,5,0,true,false,9.76,9.09,0.0476,9.26,8.12,,9.47,8.62,10.24,13,0.63,,,,,
S42,local,S,2026-W34,5,0,true,false,10.26,9.37,0.0851,11.47,9.93,8.29,10.59,9.18,10.45,14,0.63,,,,,
S42,local,S,2026-W35,5,0,true,false,10.11,9.47,0.0464,10.53,9.82,8.85,10.35,10.35,9.95,14,0.55,,,,,
S42,local,S,2026-W36,5,0,true,false,10.89,10.11,0.0334,10.86,10.12,,10.67,10.09,9.74,13,0.65,,,,,
S42,local,S,2026-W37,4,0,true,false,9.93,8.89,0.0768,9.86,9.33,,9.42,8.47,10.26,13,0.71,0.71,,,,
S42,local,S,2026-W38,5,0,true,false,9.7,9.13,0.0536,8.75,8.46,10.27,9.66,8.98,9.93,14,0.75,0.75,,,,
S42,local,S,2026-W39,5,0,true,false,9.68,8.92,0.0434,9.42,8.26,9.04,9.92,8.8,10.23,14,0.77,0.74,,,,
S42,local,S,2026-W40,5,0,true,false,10.22,9.84,0.0377,10.14,9.69,,9.35,9.01,,13,0.8,0.75,,,,
S42,local,S,2026-W41,5,0,true,false,10.6,9.89,0.0436,9.61,8.94,10.15,9.74,8.84,11.46,14,0.87,0.75,8.9,,,
S44,local,S,2026-W17,0,2,false,true,,,,,,,,,,,,,,11.58,10.68,5.61
S44,local,S,2026-W18,5,2,false,false,10.92,9.77,0.0841,,,,10.68,9.34,,13,7.34,,,11.29,10.31,5.24
S44,local,S,2026-W19,5,2,false,true,10.44,9.29,0.0939,,,,9.98,8.81,,12,7.23,,,12.02,10.43,5.77
S44,local,S,2026-W20,5,2,false,true,10.7,9.73,0.0718,9.73,9.15,10.73,9.85,8.98,,15,7.41,,,11.26,9.89,5.71
S44,local,S,2026-W21,5,2,false,false,10.5,9.5,0.0773,,,,10.31,9.31,,13,7.41,,,11.81,10.76,5.79
S44,local,S,2026-W22,4,2,false,true,10.55,9.52,0.0803,10.29,9.23,10.23,10.01,9.1,,15,7.09,,,11.03,9.64,6.01
S44,local,S,2026-W23,5,2,false,true,10.5,9.72,0.0645,,,,,,11.2,4,6.58,,,11.35,10.41,6.29
S44,local,S,2026-W24,5,1,false,false,10.44,9.97,0.0435,,,,,,,2,6.71,,,11.68,10.75,5.21
S44,local,S,2026-W25,3,2,false,false,10.74,9.38,0.1328,,,,,,,2,5.69,,,11.09,10.48,5.73
S44,local,S,2026-W26,5,2,false,false,10.71,9.95,0.0586,,,,,,,1,6.89,,,11.76,11.18,5.96
S44,local,S,2026-W27,3,2,true,true,10.73,9.92,0.0566,10.85,10.09,10.36,9.88,8.99,11.58,16,6.67,,,11.7,10.56,5.76
S44,local,S,2026-W28,5,2,true,true,10.8,9.87,0.0708,10.75,9.92,10.54,10.34,9.1,11.3,16,7.22,,,11.41,10.32,6.15
S44,local,S,2026-W29,5,2,true,true,10.65,9.87,0.0546,10.55,9.72,10.37,9.91,9.16,,16,6.58,,,11.2,10.21,5.86
S44,local,S,2026-W30,5,2,true,true,10.68,9.76,0.0676,10.7,9.58,10.4,9.85,9.11,,16,6.5,,,11.33,10.33,5.61
S44,local,S,2026-W31,5,2,true,true,10.83,10.02,0.0534,10.88,10,10.56,10.05,9.39,,16,6.67,,,11.18,10.23,5.85
S44,local,S,2026-W32,5,2,false,true,10.86,10.1,0.0523,10.58,9.85,10.48,10.32,9.48,11.48,17,6.94,,,11.2,10.29,5.78
S44,local,S,2026-W33,5,2,true,true,10.63,9.87,0.0577,10.75,9.93,10.28,10.11,9.44,11.06,17,6.95,,,11.09,10.28,6.29
S44,local,S,2026-W34,5,2,true,true,10.77,9.92,0.0626,11.15,10.18,10.36,10.14,9.42,11.27,17,7.01,,,11.5,10.77,5.64
S44,local,S,2026-W35,5,2,true,true,10.64,9.79,0.0644,10.72,9.86,10.52,10.09,9.22,10.97,17,7.07,,,11.33,10.32,5.95
S44,local,S,2026-W36,5,2,true,true,10.89,9.96,0.0604,10.92,9.98,10.72,10.12,9.38,11.34,17,6.55,,,11.27,10.41,5.58
S44,local,S,2026-W37,4,2,true,true,10.53,9.68,0.0611,10.77,9.89,10.22,9.76,9,11.12,17,6.83,7.49,,11.36,10.45,6.02
S44,local,S,2026-W38,5,2,true,true,10.33,9.56,0.0595,10.31,9.55,10.23,9.62,8.99,10.94,17,7.33,7.63,,11.34,10.5,5.95
S44,local,S,2026-W39,5,2,true,true,10.53,9.73,0.0558,10.33,9.44,10.23,9.6,9.06,11.66,17,7.43,7.57,,11.94,11.16,5.82
S44,local,S,2026-W40,5,2,true,false,10.56,9.81,0.058,10.36,9.77,10.22,9.91,9.19,11.59,17,7.4,7.63,,11.78,11.15,5.82
S44,local,S,2026-W41,5,0,true,false,10.45,9.62,0.0622,10.25,9.36,10.13,9.49,8.88,11.59,17,7.48,7.63,16.6,,,
S46,local,S,2026-W17,0,2,false,true,,,,,,,,,,,,,,11.3,10.36,5.04
S46,local,S,2026-W18,5,2,false,false,10.07,9.19,0.0756,,,,9.71,9.29,,13,7.45,,,10.72,9.94,4.92
S46,local,S,2026-W19,5,2,false,true,9.91,9.23,0.0608,,,,9.25,8.78,,12,8.11,,,11.6,10.27,5.68
S46,local,S,2026-W20,5,2,false,true,9.58,8.74,0.0767,8.94,8.4,9.49,9.36,8.7,,15,8.07,,,10.88,9.91,4.68
S46,local,S,2026-W21,5,2,false,false,9.99,8.97,0.0851,,,,9.54,8.28,,13,8.29,,,11.4,10.49,5.53
S46,local,S,2026-W22,4,2,false,true,10.08,9.19,0.0734,10.13,9.15,9.57,9.75,8.81,,15,8.12,,,11.2,10.49,5.53
S46,local,S,2026-W23,5,2,false,true,9.45,8.7,0.0777,,,,,,10.39,4,7.23,,,10.98,10.21,5.77
S46,local,S,2026-W24,5,1,false,false,10,9.18,0.0799,,,,,,,2,7.79,,,11.06,10.37,4.25
S46,local,S,2026-W25,3,2,false,false,10.51,9.57,0.0735,,,,,,,2,8,,,11.36,10.68,5.21
S46,local,S,2026-W26,5,2,false,false,12.31,11,0.0834,,,,,,,1,7.61,,,11.74,11.19,5.53
S46,local,S,2026-W27,3,2,true,true,10.09,9.13,0.0722,10.01,9.07,9.52,9.84,8.97,11.17,16,7.21,,,11.11,9.83,4.84
S46,local,S,2026-W28,5,2,true,true,10.26,9.19,0.0798,9.72,8.88,9.85,10.1,9.01,11.41,16,7.25,,,11.16,10.16,5.18
S46,local,S,2026-W29,5,2,true,true,10.25,9.38,0.0678,10.13,9.33,9.76,9.84,8.86,,16,7.48,,,10.61,9.72,5.31
S46,local,S,2026-W30,5,2,true,true,9.97,9.16,0.0688,9.7,8.99,9.51,9.46,8.57,,16,7.39,,,11.01,9.89,4.72
S46,local,S,2026-W31,5,2,true,true,10.26,9.46,0.0683,9.98,9.23,9.77,10.03,9.19,,16,7.19,,,10.76,9.79,5.52
S46,local,S,2026-W32,5,2,false,true,10.25,9.39,0.0678,9.82,9.1,9.73,10.11,9.21,11.23,17,7.25,,,10.69,9.59,5.02
S46,local,S,2026-W33,5,2,true,true,10.11,9.15,0.0822,9.73,8.86,10,10.1,9.16,10.33,17,6.83,,,10.98,10.09,5.23
S46,local,S,2026-W34,5,2,true,true,10.04,9.23,0.058,10.08,9.21,9.86,9.86,9.15,10.41,17,7.05,,,11.02,9.9,5.2
S46,local,S,2026-W35,5,2,true,true,10.33,9.44,0.0688,10.1,9.38,10.28,10.11,9.34,10.83,17,7.13,,,11.05,9.9,5.39
S46,local,S,2026-W36,5,2,true,true,10.5,9.51,0.0766,10.41,9.31,10.17,10.16,9.33,11.31,17,7.41,,,11.14,10.34,5.23
S46,local,S,2026-W37,4,2,true,true,9.84,8.96,0.0682,9.99,9.01,9.43,9.82,9.07,10.34,17,7.64,8.1,,10.98,9.95,5.56
S46,local,S,2026-W38,5,2,true,true,9.67,8.82,0.072,9.19,8.4,9.25,9.78,8.87,10.59,17,8.61,8.52,,10.78,10.05,5.07
S46,local,S,2026-W39,5,2,true,true,9.93,9.05,0.0676,9.52,8.67,9.58,9.52,8.78,11.05,17,8.4,8.35,,11.66,10.81,5.4
S46,local,S,2026-W40,5,2,true,false,9.83,8.98,0.0705,9.2,8.46,9.57,9.5,8.84,11.01,17,8.64,8.52,,11,10.26,4.95
S46,local,S,2026-W41,5,0,true,false,9.66,8.96,0.0562,9.1,8.47,9.45,9.2,8.37,10.47,17,8.38,8.52,18.7,,,
S48,local,S,2026-W17,0,2,false,true,,,,,,,,,,,,,,10.66,9.74,4.09
S48,local,S,2026-W18,5,2,false,false,9.23,8.48,0.0623,,,,8.97,8.3,,13,5.96,,,9.99,9.23,4.18
S48,local,S,2026-W19,5,2,false,true,9.18,8.31,0.0881,,,,8.79,8.42,,12,6.09,,,10,8.49,4.94
S48,local,S,2026-W20,5,2,false,true,9.09,8.22,0.075,9.54,8.03,8.73,8.29,7.6,,15,6.01,,,9.86,8.87,4.48
S48,local,S,2026-W21,5,2,false,false,8.78,8.1,0.0701,,,,8.51,7.66,,13,5.58,,,10.52,9.45,4.87
S48,local,S,2026-W22,4,2,false,true,9.23,8.48,0.0631,9.58,8.94,8.46,8.87,7.93,,15,5.78,,,9.89,8.91,4.81
S48,local,S,2026-W23,5,2,false,true,9.42,8.76,0.0632,,,,,,10.4,4,6.2,,,10.14,9.31,4.9
S48,local,S,2026-W24,5,1,false,false,9.27,8.39,0.0919,,,,,,,2,5.99,,,9.18,8.6,3.08
S48,local,S,2026-W25,3,2,false,false,9.93,9.12,0.0367,,,,,,,2,6.47,,,9.69,8.84,4.8
S48,local,S,2026-W26,5,2,false,false,10.1,9.29,0.0645,,,,,,,1,5.61,,,10.06,9.42,4.56
S48,local,S,2026-W27,3,2,true,true,9.47,8.53,0.08,9.9,8.91,8.69,8.8,7.77,10.46,16,5.79,,,10.23,9.26,4.15
S48,local,S,2026-W28,5,2,true,true,9.6,8.76,0.0744,9.66,8.6,9.11,8.86,7.98,10.49,16,5.91,,,10.3,9.38,4.8
S48,local,S,2026-W29,5,2,true,true,9.32,8.51,0.0714,9.29,8.72,8.53,8.96,7.98,,16,5.83,,,10.02,9.33,4.55
S48,local,S,2026-W30,5,2,true,true,9.37,8.49,0.0757,9.45,8.4,8.43,8.6,7.87,,16,6.02,,,10.01,8.94,4.46
S48,local,S,2026-W31,5,2,true,true,9.36,8.51,0.0744,9.15,8.41,8.97,8.81,7.88,,16,5.57,,,9.87,8.88,4.35
S48,local,S,2026-W32,5,2,false,true,9.16,8.55,0.056,9.64,8.91,8.56,8.36,7.74,10.07,17,5.72,,,10.09,9.15,4.49
S48,local,S,2026-W33,5,2,true,true,9.4,8.57,0.0731,9.9,9,8.7,8.89,8.19,9.99,17,5.6,,,10.13,9.34,4.5
S48,local,S,2026-W34,5,2,true,true,9.67,8.86,0.0689,10.14,9.13,9.1,9.33,8.57,10.06,17,5.68,,,10.12,9.29,4.4
S48,local,S,2026-W35,5,2,true,true,9.77,8.91,0.0623,10.29,9.32,9.13,8.63,7.88,10.64,17,5.67,,,10.09,9.06,4.66
S48,local,S,2026-W36,5,2,true,true,9.53,8.73,0.0609,9.97,9.18,8.9,8.99,8.38,10.16,17,5.74,,,9.78,8.95,4.5
S48,local,S,2026-W37,4,2,true,true,8.93,8.24,0.0606,9.13,8.42,8.26,8.74,7.97,9.63,17,5.75,6.19,,9.99,9.2,4.85
S48,local,S,2026-W38,5,2,true,true,9.02,8.24,0.0711,8.86,8.09,8.26,8.74,8.06,10.27,17,6.22,6.23,,9.98,9.21,4.84
S48,local,S,2026-W39,5,2,true,true,9.03,8.34,0.0573,9.18,8.4,8.15,8.49,7.9,10.33,17,5.96,6.21,,10.72,9.82,4.56
S48,local,S,2026-W40,5,2,true,false,9.13,8.54,0.0527,8.82,8.32,8.35,8.54,8.03,10.72,17,6.18,6.23,,9.85,9.09,4.99
S48,local,S,2026-W41,5,0,true,false,9.23,8.55,0.0594,9.25,8.74,8.56,8.07,7.41,10.65,17,6.17,6.23,17.8,,,
S51,local,S,2026-W17,0,2,false,true,,,,,,,,,,,,,,12.7,11.7,2.05
S51,local,S,2026-W18,5,2,false,false,11.89,10.95,0.0611,,,,10.81,9.76,,13,3.73,,,13.22,12.09,1.79
S51,local,S,2026-W19,5,2,false,true,11.55,10.71,0.0548,,,,9.46,8.78,,12,4.12,,,12.62,11.37,2.5
S51,local,S,2026-W20,5,2,false,true,11.77,10.96,0.0617,10.83,9.9,11.17,11.83,11.09,,15,4.27,,,12.36,11.53,2.59
S51,local,S,2026-W21,5,2,false,false,11.79,10.85,0.0671,,,,10.57,9.55,,13,3.86,,,13.15,12.47,2.39
S51,local,S,2026-W22,4,2,false,true,11.88,11.01,0.0617,11.85,11.19,11.37,11.82,10.81,,15,3.95,,,12.47,11.39,2.19
S51,local,S,2026-W23,5,2,false,true,11.09,9.95,0.086,,,,,,12.3,4,4.39,,,12.06,11.03,2.48
S51,local,S,2026-W24,5,1,false,false,11.03,9.54,0.146,,,,,,,2,3.81,,,11.67,10.37,2.43
S51,local,S,2026-W25,3,2,false,false,9.25,7.93,0.0954,,,,,,,2,3.75,,,12.8,12.37,3
S51,local,S,2026-W26,5,2,false,false,10.73,9.58,0.1028,,,,,,,1,4.17,,,11.37,10.2,2.4
S51,local,S,2026-W27,3,2,true,true,11.64,10.72,0.061,11.57,10.47,11.2,11.62,10.71,12.18,16,4.24,,,11.9,10.64,2.17
S51,local,S,2026-W28,5,2,true,true,11.84,10.87,0.0617,11.58,10.85,11.72,11.61,10.84,12.22,16,4.25,,,11.92,10.58,2.46
S51,local,S,2026-W29,5,2,true,true,11.52,10.63,0.0646,11.64,10.67,11.06,11.34,10.22,,16,4.35,,,12.03,11.25,2.36
S51,local,S,2026-W30,5,2,true,true,12.05,11.07,0.0679,11.28,10.54,11.38,12.03,11.06,,16,4.07,,,11.97,10.81,2.54
S51,local,S,2026-W31,5,2,true,true,11.92,10.99,0.06,12,11.17,11.14,11.81,10.82,,16,3.95,,,12.41,11.05,2.56
S51,local,S,2026-W32,5,2,false,true,12.16,11.11,0.0711,11.93,11.33,11.8,11.41,10.13,13.28,17,4.05,,,12.41,11.48,2.43
S51,local,S,2026-W33,5,2,true,true,12.16,11.23,0.0636,11.76,10.68,11.75,11.25,10.22,13.78,17,4.07,,,12.45,11.37,2.52
S51,local,S,2026-W34,5,2,true,true,12.11,11.21,0.0609,12.42,11.63,11.25,11.99,11.29,12.76,17,4.13,,,12.8,11.88,2.28
S51,local,S,2026-W35,5,2,true,true,12.21,11.42,0.0523,12.89,12.29,11.6,11.37,10.43,12.69,17,3.75,,,11.84,10.91,2.37
S51,local,S,2026-W36,5,2,true,true,12.33,11.37,0.0643,12.19,11.14,11.22,12.11,11.5,14.39,17,3.9,,,11.82,10.59,2.43
S51,local,S,2026-W37,4,2,true,true,12.02,11.08,0.0611,11.31,10.56,11.28,11.85,10.8,13.47,17,4.01,4.31,,11.71,10.8,2.49
S51,local,S,2026-W38,5,2,true,true,12.07,11.25,0.0553,11.32,10.73,11.25,11.89,11.06,13.96,17,3.92,4.32,,12.22,11.39,2.42
S51,local,S,2026-W39,5,2,true,true,12.35,11.52,0.0507,11.61,10.97,11.36,11.9,10.99,14.72,17,3.94,4.32,,13.38,12.29,2.4
S51,local,S,2026-W40,5,2,true,false,11.63,10.72,0.0634,11.68,10.46,11.1,11.55,10.43,12.45,17,4.1,4.32,,12.25,11.16,2.66
S51,local,S,2026-W41,5,0,true,false,11.81,10.9,0.0663,11.76,11.18,11.4,11.98,10.9,12.26,17,4.1,4.32,11.8,,,
S52,local,S,2026-W17,0,2,false,true,,,,,,,,,,,,,,11.61,10.61,2.91
S52,local,S,2026-W18,5,2,false,false,10.15,9.26,0.07,,,,10.23,8.97,,13,4.84,,,10.55,9.43,2.63
S52,local,S,2026-W19,5,2,false,true,9.78,8.69,0.0818,,,,9.26,8.05,,12,4.86,,,10.63,9.71,2.88
S52,local,S,2026-W20,5,2,false,true,10.4,9.63,0.0673,9.97,9.55,10.27,10.38,9.64,,15,4.47,,,10.68,9.78,3
S52,local,S,2026-W21,5,2,false,false,9.85,8.92,0.0785,,,,9.73,8.59,,13,4.5,,,11.34,10.21,2.89
S52,local,S,2026-W22,4,2,false,true,10.02,9.12,0.0769,8.98,8.41,10.06,9.81,8.88,,15,4.65,,,11.29,10.14,3
S52,local,S,2026-W23,5,2,false,true,10.51,9.4,0.0783,,,,,,11.43,4,5.3,,,10.45,9.5,3.18
S52,local,S,2026-W24,5,1,false,false,10.77,9.99,0.0585,,,,,,,2,5.08,,,12.71,10.56,2.75
S52,local,S,2026-W25,3,2,false,false,11.06,10.36,0.0562,,,,,,,2,4.64,,,12.07,10.75,3.45
S52,local,S,2026-W26,5,2,false,false,11.62,10.64,0.0542,,,,,,,1,5.2,,,12.01,11.25,3.12
S52,local,S,2026-W27,3,2,true,true,10.39,9.4,0.0718,9.95,9.06,9.88,10.22,9.26,11.45,16,4.86,,,10.85,9.94,3.2
S52,local,S,2026-W28,5,2,true,true,10.37,9.52,0.0675,9.77,8.98,10.16,9.97,9.17,11.27,16,4.88,,,10.46,9.53,3.21
S52,local,S,2026-W29,5,2,true,true,10.41,9.5,0.0699,10.03,9.04,9.95,10.14,9.18,,16,4.82,,,11.36,10.47,3.15
S52,local,S,2026-W30,5,2,true,true,10.28,9.44,0.0717,10.21,9.3,9.8,9.81,9.16,,16,4.73,,,11.12,10.21,3.43
S52,local,S,2026-W31,5,2,true,true,10.41,9.37,0.0846,10.33,9.28,10.44,9.88,9.02,,16,4.61,,,11.54,10.52,3.45
S52,local,S,2026-W32,5,2,false,true,10.5,9.59,0.062,10.36,9.73,10.47,10.11,9.04,10.68,17,4.54,,,10.59,9.57,2.78
S52,local,S,2026-W33,5,2,true,true,10.69,9.78,0.0658,10.45,9.46,10.48,10.41,9.53,11.14,17,4.84,,,10.78,9.85,3.18
S52,local,S,2026-W34,5,2,true,true,10.35,9.45,0.0712,10.3,9.44,9.9,10.22,9.34,10.91,17,4.78,,,10.65,9.79,3.16
S52,local,S,2026-W35,5,2,true,true,10.52,9.56,0.0707,10.41,9.78,9.7,10.67,9.82,11.51,17,4.37,,,10.78,9.57,3.47
S52,local,S,2026-W36,5,2,true,true,10.29,9.43,0.0588,10.18,9.04,10.03,10.43,9.71,10.33,17,4.57,,,10.97,9.97,3.23
S52,local,S,2026-W37,4,2,true,true,10.32,9.38,0.0603,9.83,8.78,9.51,9.84,8.88,12.03,17,4.57,5.28,,11.01,9.88,3.14
S52,local,S,2026-W38,5,2,true,true,10.11,9.17,0.0677,9.58,8.67,9.46,9.99,9.07,11.55,17,4.7,5.28,,11.01,10.19,2.84
S52,local,S,2026-W39,5,2,true,true,10.19,9.24,0.0667,9.94,8.81,9.36,9.93,9.19,11.69,17,4.62,5.28,,11.33,10.42,2.87
S52,local,S,2026-W40,5,2,true,false,9.71,9.05,0.0574,9.11,8.49,9.26,10.06,9.45,10.53,17,4.86,5.28,,10.41,9.58,3.08
S52,local,S,2026-W41,5,0,true,false,10.52,9.71,0.0588,9.74,9.03,10.16,9.64,8.79,12.04,17,5.21,5.28,13.3,,,
S53,local,S,2026-W17,0,2,false,true,,,,,,,,,,,,,,11.91,10.79,7.29
S53,local,S,2026-W18,5,2,false,false,10.44,9.21,0.1001,,,,9.25,8.24,,13,9.75,,,11.09,9.63,6.93
S53,local,S,2026-W19,5,2,false,true,10.61,9.69,0.0734,,,,10.18,9.48,,12,9.82,,,11.23,10.1,7.05
S53,local,S,2026-W20,5,2,false,true,10.79,9.8,0.0851,10.26,9.42,10.42,9.88,8.67,,15,9.94,,,11.32,9.83,7.67
S53,local,S,2026-W21,5,2,false,false,10.71,9.37,0.1091,,,,9.67,8.21,,13,9.89,,,12.37,11.26,7.22
S53,local,S,2026-W22,4,2,false,true,10.22,8.89,0.1056,9.24,8.02,10.25,9.08,8.08,,15,9.82,,,11.92,10.51,7.53
S53,local,S,2026-W23,5,2,false,true,10.82,9.86,0.0911,,,,,,11.82,4,9.38,,,11.48,10.28,7.86
S53,local,S,2026-W24,5,1,false,false,11.06,9.65,0.1099,,,,,,,2,9.56,,,12.3,11.07,6.28
S53,local,S,2026-W25,3,2,false,false,10.2,8.86,0.0997,,,,,,,2,9.72,,,10.55,9.57,7.68
S53,local,S,2026-W26,5,2,false,false,9.68,8.34,0.1061,,,,,,,1,9.85,,,10.52,9.05,7.37
S53,local,S,2026-W27,3,2,true,true,11,9.61,0.1124,11,9.56,10.57,10.95,9.69,11.28,16,8.79,,,11.76,10.43,6.81
S53,local,S,2026-W28,5,2,true,true,11.16,9.91,0.094,10.71,9.13,10.8,10.17,9.32,12.38,16,9.48,,,12,10.41,7.52
S53,local,S,2026-W29,5,2,true,true,11.12,9.83,0.094,11.01,10.1,10.86,10.85,9.72,,16,9.16,,,11.75,10.42,7.64
S53,local,S,2026-W30,5,2,true,true,11.16,9.92,0.0925,10.85,9.51,10.91,10.65,9.59,,16,8.98,,,11.83,10.67,6.75
S53,local,S,2026-W31,5,2,true,true,11.48,10.15,0.1007,11.13,9.93,11.02,10.5,9.2,,16,9.02,,,12.36,10.65,7.47
S53,local,S,2026-W32,5,2,false,true,11.08,9.68,0.1089,10.71,9.38,11.08,10.14,8.95,11.67,17,8.99,,,12.6,11.32,7.61
S53,local,S,2026-W33,5,2,true,true,11.14,9.85,0.0976,11.33,9.87,10.7,10.54,9.38,11.67,17,9.24,,,11.74,10.48,8.1
S53,local,S,2026-W34,5,2,true,true,11.1,9.84,0.0976,11.38,9.97,10.74,10.88,9.65,11.11,17,9.68,,,11.88,10.36,7.6
S53,local,S,2026-W35,5,2,true,true,11.46,10.23,0.0911,11.36,10.29,11.3,10.87,9.81,11.9,17,9.03,,,11.87,10.6,7.69
S53,local,S,2026-W36,5,2,true,true,11.27,9.92,0.0969,11.32,9.97,10.7,10.56,9.5,12.15,17,9.28,,,11.9,10.54,7.76
S53,local,S,2026-W37,4,2,true,true,11,9.75,0.0894,10.47,9.33,10.52,10.22,9.25,12.68,17,9.35,9.91,,11.25,10.06,7.51
S53,local,S,2026-W38,5,2,true,true,11.14,9.95,0.095,10.43,9.34,10.5,10.22,9.04,13.35,17,9.79,9.95,,12.43,11.12,7.66
S53,local,S,2026-W39,5,2,true,true,11.1,10.01,0.0876,10.14,9.25,10.5,10.33,9.45,13.16,17,9.96,9.94,,12.64,11.3,7.61
S53,local,S,2026-W40,5,2,true,false,10.91,9.72,0.0946,10.37,9.37,10.76,9.79,8.77,12.2,17,10,9.95,,12.32,11.2,8.05
S53,local,S,2026-W41,5,0,true,false,10.56,9.36,0.1009,9.92,8.62,10.09,9.38,8.25,12.1,17,10.36,9.95,18.9,,,
S54,local,S,2026-W18,5,0,false,false,12.25,11.23,0.0626,,,,11.69,10.67,,13,4.14,,,,,
S54,local,S,2026-W19,5,0,false,false,12,11.21,0.0525,,,,12.1,11.47,,11,4.79,,,,,
S54,local,S,2026-W20,5,0,false,false,11.79,10.63,0.0938,10.72,9.32,11.57,10.85,9.77,,14,4.12,,,,,
S54,local,S,2026-W21,5,0,false,false,12.02,11.07,0.0641,,,,12.08,11.56,,12,3.78,,,,,
S54,local,S,2026-W22,4,0,false,false,11.98,10.98,0.065,11.14,10.06,11.93,10.88,10.02,,15,4.1,,,,,
S54,local,S,2026-W23,5,0,false,false,11.87,10.56,0.0652,,,,,,13.36,4,3.61,,,,,
S54,local,S,2026-W24,3,0,false,false,12.72,11.99,0.047,,,,,,,1,3.96,,,,,
S54,local,S,2026-W25,3,0,false,false,9.31,8.9,0.0266,,,,,,,2,3.96,,,,,
S54,local,S,2026-W26,1,0,false,false,,,,,,,,,,1,3.4,,,,,
S54,local,S,2026-W27,3,0,true,false,12.5,11.72,0.0541,12.27,11.31,12.4,12.12,11.39,12.93,16,3.69,,,,,
S54,local,S,2026-W28,5,0,true,false,12.93,11.72,0.0767,11.75,10.9,12.78,11.49,10.24,14.93,16,4.05,,,,,
S54,local,S,2026-W29,5,0,true,false,12.39,11.1,0.0873,11.03,9.88,12.06,10.61,9.31,,16,3.89,,,,,
S54,local,S,2026-W30,5,0,true,false,12.75,11.56,0.0783,12.1,11.19,12.3,11.41,10.31,,16,3.75,,,,,
S54,local,S,2026-W31,5,0,true,false,12.76,11.52,0.0761,12.3,11.34,12.39,12.07,10.68,,16,3.69,,,,,
S54,local,S,2026-W32,5,0,false,false,13.16,11.88,0.0495,12.1,11.16,12.2,11.69,11.12,15.95,17,3.47,,,,,
S54,local,S,2026-W33,5,0,true,false,12.79,11.81,0.0567,12.32,11.27,12.38,11.56,10.61,14.64,17,3.77,,,,,
S54,local,S,2026-W34,5,0,true,false,13.04,11.87,0.0695,12.4,11.19,12.85,12.22,10.69,14.21,17,3.47,,,,,
S54,local,S,2026-W35,5,0,true,false,13.25,12,0.0775,12.69,11.44,13.24,12.22,10.53,14.19,17,3.6,,,,,
S54,local,S,2026-W36,5,0,true,false,12.94,11.8,0.0667,12.61,11.17,12.26,12.24,10.94,14.44,17,3.55,,,,,
S54,local,S,2026-W37,4,0,true,false,11.84,10.8,0.0755,11.19,10.34,11.45,11.74,10.79,12.9,17,3.93,4.15,,,,
S54,local,S,2026-W38,5,0,true,false,11.78,10.77,0.0706,10.85,9.98,11.49,10.56,9.74,14.04,17,4.54,4.38,,,,
S54,local,S,2026-W39,5,0,true,false,12.13,11.14,0.0637,11.45,10.54,11.57,11,10.34,14.53,17,4.2,4.29,,,,
S54,local,S,2026-W40,5,0,true,false,12.22,11.23,0.0704,11.33,10.44,11.31,10.65,9.97,15.59,17,4.32,4.38,,,,
S54,local,S,2026-W41,5,0,true,false,11.99,10.98,0.0758,11.33,10.58,11.38,10.61,9.43,14.4,17,4.85,4.38,9.2,,,
S55,local,S,2026-W18,5,0,false,false,14.23,12.97,0.0791,,,,13.48,13.23,14.56,12,2.32,,,,,
S55,local,S,2026-W19,5,0,false,false,13.26,12.69,0.0375,,,,12.87,12.68,14.15,11,2.35,,,,,
S55,local,S,2026-W20,5,0,false,false,14.11,13.53,0.0397,16.07,15.67,13.99,13.5,13.02,12.29,14,2.38,,,,,
S55,local,S,2026-W21,5,0,false,false,13.55,11.83,0.0972,,,,13.73,13.33,15.07,12,2.58,,,,,
S55,local,S,2026-W22,4,0,false,false,13.8,12.32,0.0875,13.42,12.44,13.8,14.31,12.35,,13,2.25,,,,,
S55,local,S,2026-W23,1,0,false,false,14.56,14.01,0.0005,,,,,,,1,1.95,,,,,
S55,local,S,2026-W27,3,0,true,false,13.77,12.93,0.0569,12.57,11.46,14.71,13.66,12.94,,13,1.86,,,,,
S55,local,S,2026-W28,5,0,true,false,14.87,13.94,0.0452,15.25,14.39,15.14,14.33,13.61,,13,1.93,,,,,
S55,local,S,2026-W29,5,0,true,false,13.65,12.57,0.0717,14.86,13.77,13.57,13.67,12.66,11.47,15,1.98,,,,,
S55,local,S,2026-W30,5,0,true,false,13.67,12.94,0.0392,13.62,13.1,13.53,13.72,13.18,14.83,15,2.1,,,,,
S55,local,S,2026-W31,5,0,true,false,14.18,13.15,0.0455,14.33,13.17,14.14,14.56,13.73,12.85,15,2.25,,,,,
S55,local,S,2026-W32,5,0,false,false,14.31,13.77,0.0337,14.45,13.55,14.05,13.86,13.12,14.08,15,1.98,,,,,
S55,local,S,2026-W33,5,0,true,false,13.99,13.12,0.0465,13.91,13.33,14.4,13.37,12.57,13.76,15,1.91,,,,,
S55,local,S,2026-W34,5,0,true,false,13.82,13.05,0.0442,14.22,13.77,13.63,13.35,12.57,,14,1.92,,,,,
S55,local,S,2026-W35,5,0,true,false,13.9,13.1,0.0451,14.23,13.38,13.74,14.29,13.39,,14,2.05,,,,,
S55,local,S,2026-W36,5,0,true,false,13.77,12.72,0.049,14.02,12.32,13.68,13.51,12.76,,14,2.27,,,,,
S55,local,S,2026-W37,4,0,true,false,13.39,12.45,0.0477,14.39,13.18,13.24,13.12,12.43,,14,2.4,2.42,,,,
S55,local,S,2026-W38,5,0,true,false,13.05,12.32,0.0419,13.31,12.85,13.11,12.68,11.89,,14,2.45,2.6,,,,
S55,local,S,2026-W39,5,0,true,false,13.5,12.63,0.0379,14.11,13.13,13.67,13.13,12.33,,14,2.46,2.53,,,,
S55,local,S,2026-W40,5,0,true,false,13.39,12.52,0.0442,14.26,13.4,13.58,12.59,12.14,,14,2.43,2.6,,,,
S55,local,S,2026-W41,5,0,true,false,13.26,12.51,0.0445,12.8,12.33,13.43,13.54,13.13,,14,2.33,2.6,8,,,
S56,local,S,2026-W18,5,0,false,false,14.2,13.42,0.0472,,,,13.66,12.81,17.1,11,2.18,,,,,
S56,local,S,2026-W19,5,0,false,false,13.83,13.28,0.0204,,,,13.64,13.09,13.7,10,2.06,,,,,
S56,local,S,2026-W20,5,0,false,false,14.15,13.53,0.0424,14.06,13.32,14.34,13.52,13.04,14.26,13,2.52,,,,,
S56,local,S,2026-W21,5,0,false,false,13.16,12.22,0.0664,,,,13.44,12.54,14.44,11,2.44,,,,,
S56,local,S,2026-W22,4,0,false,false,13.52,12.72,0.051,14.38,13.92,13.17,12.2,11.61,16.07,13,2.02,,,,,
S56,local,S,2026-W27,3,0,true,false,13.87,13.64,0.0211,14.98,14.47,13.9,13.29,13.07,11.18,13,1.64,,,,,
S56,local,S,2026-W28,5,0,true,false,14.33,13.42,0.0492,15.11,13.87,14.32,13.79,12.99,12.71,13,1.74,,,,,
S56,local,S,2026-W29,5,0,true,false,13.68,12.88,0.0439,13.5,12.63,13.49,14.06,13.48,11.74,14,1.72,,,,,
S56,local,S,2026-W30,5,0,true,false,14.11,13.26,0.0419,13.78,12.94,14.16,13.09,12.4,15.18,14,1.64,,,,,
S56,local,S,2026-W31,5,0,true,false,14.35,13.36,0.047,14.52,13.29,13.83,14.11,13.05,15.18,14,1.75,,,,,
S56,local,S,2026-W32,5,0,false,false,14.07,13.27,0.047,14.24,13.21,13.57,14.02,13.33,15.78,14,1.65,,,,,
S56,local,S,2026-W33,5,0,true,false,13.89,12.85,0.0591,14.12,13.43,13.69,13.54,12.68,13.53,14,1.72,,,,,
S56,local,S,2026-W34,5,0,true,false,13.67,12.64,0.0668,14.32,13.57,14.19,12.71,12.03,10.08,14,1.87,,,,,
S56,local,S,2026-W35,5,0,true,false,14.13,13.36,0.0465,14.39,13.85,14.77,13.02,12.49,10.63,14,1.67,,,,,
S56,local,S,2026-W36,5,0,true,false,13.65,12.6,0.0564,14.1,13,14.16,12.64,11.78,11.68,14,1.72,,,,,
S56,local,S,2026-W37,4,0,true,false,13.31,12.47,0.0461,13.43,12.91,13.26,13.3,12.44,13.8,14,1.95,2.06,,,,
S56,local,S,2026-W38,5,0,true,false,13.32,12.45,0.053,13.3,12.52,13.46,13.17,12.46,12.93,14,2.44,2.39,,,,
S56,local,S,2026-W39,5,0,true,false,13.19,12.48,0.0376,13.38,12.39,13.55,12.59,12.08,11.9,14,2.3,2.26,,,,
S56,local,S,2026-W40,5,0,true,false,12.87,12.08,0.0473,13.12,12.81,12.97,13.46,12.66,10.61,14,2.12,2.39,,,,
S56,local,S,2026-W41,5,0,true,false,13.64,12.79,0.0432,13.49,12.55,13.68,13.52,12.91,14.6,14,2.16,2.39,9.3,,,
S57,local,S,2026-W17,0,2,false,true,,,,,,,,,,,,,,12.35,11.57,3.27
S57,local,S,2026-W18,5,2,false,false,10.76,10.08,0.0426,,,,9.34,9.11,,13,3.68,,,12.25,11.19,2.8
S57,local,S,2026-W19,5,2,false,true,10.61,9.56,0.074,,,,10.12,8.29,,12,4.15,,,11.89,10.96,2.79
S57,local,S,2026-W20,5,2,false,true,11.36,10.26,0.0684,11.17,9.51,11.21,10.12,9.4,,15,3.85,,,12.41,10.87,3.09
S57,local,S,2026-W21,5,2,false,false,11.17,10.27,0.0688,,,,9.68,9.08,,13,4.16,,,12.7,11.94,2.97
S57,local,S,2026-W22,4,2,false,true,11.14,10.02,0.0799,11.02,9.94,10.9,9.85,9,,15,3.85,,,12.06,10.73,2.76
S57,local,S,2026-W23,5,2,false,true,10.82,10.3,0.0395,,,,,,12.21,4,3.99,,,12.57,11.52,2.59
S57,local,S,2026-W24,5,1,false,false,11.49,11,0.0065,,,,,,,2,3.83,,,12.62,11.21,1.45
S57,local,S,2026-W25,3,2,false,false,11,9.71,0.1028,,,,,,,2,4.72,,,12.2,11.35,2.82
S57,local,S,2026-W26,5,2,false,false,11.39,10.97,0.025,,,,,,,1,3.95,,,11.6,10.9,3.01
S57,local,S,2026-W27,3,2,true,true,12,11.34,0.0393,11.86,11.27,11.44,10.86,10.42,13.81,16,3.14,,,12.73,11.94,2.32
S57,local,S,2026-W28,5,2,true,true,11.56,10.51,0.0734,11.6,10.82,11.37,10.95,10.4,12.28,16,3.45,,,12.24,10.86,2.5
S57,local,S,2026-W29,5,2,true,true,11.28,10.48,0.0528,10.87,9.86,10.92,10.3,9.59,,16,3.4,,,12.17,11.6,3.02
S57,local,S,2026-W30,5,2,true,true,11.22,10.48,0.0438,10.86,10.01,11.02,10.35,9.62,,16,3.77,,,12.44,11.64,3
S57,local,S,2026-W31,5,2,true,true,11.48,10.72,0.0546,11.07,10.35,11.23,10.76,10.28,,16,3.45,,,12.06,11.37,3.38
S57,local,S,2026-W32,5,2,false,true,11.38,10.72,0.0411,10.84,10.45,11.35,10.71,9.7,12.91,17,3.29,,,12.71,11.89,2.4
S57,local,S,2026-W33,5,2,true,true,11.59,10.76,0.0457,11.6,10.87,11.07,10.65,9.95,12.93,17,3.4,,,12.72,11.81,2.24
S57,local,S,2026-W34,5,2,true,true,11.49,10.65,0.0524,11.54,10.58,11.1,10.58,10,12.55,17,3.78,,,12.23,11.27,2.26
S57,local,S,2026-W35,5,2,true,true,11.66,10.92,0.0422,11.41,10.63,11.05,10.83,10.33,13.19,17,3.62,,,12.24,11.22,2.58
S57,local,S,2026-W36,5,2,true,true,11.55,10.82,0.0367,11.58,10.37,11.15,10.46,9.86,12.76,17,3.5,,,11.98,11.09,2.54
S57,local,S,2026-W37,4,2,true,true,10.98,10.19,0.0468,10.75,9.9,10.69,9.93,9.32,12.47,17,3.69,3.69,,12.04,10.87,2.8
S57,local,S,2026-W38,5,2,true,true,10.64,9.99,0.0452,10.17,9.52,10.52,9.49,8.94,12.25,17,4.09,3.82,,12.19,11.07,2.62
S57,local,S,2026-W39,5,2,true,true,10.91,10.18,0.0443,10.6,9.99,10.75,9.5,9.1,12.39,17,4.01,3.77,,12.97,11.93,2.49
S57,local,S,2026-W40,5,2,true,false,10.85,10.22,0.045,10.6,10.22,10.47,9.78,9.12,12.38,17,4.26,3.82,,12.28,10.89,2.75
S57,local,S,2026-W41,5,0,true,false,10.81,10.04,0.0545,10.45,9.71,10.66,9.46,8.96,12.72,17,4.16,3.82,12,,,
S59,local,S,2026-W17,0,2,false,true,,,,,,,,,,,,,,12.53,11.65,3.59
S59,local,S,2026-W18,5,2,false,false,12.4,11.18,0.0971,,,,12.93,11.57,,13,6.65,,,12.01,10.97,3.67
S59,local,S,2026-W19,5,2,false,true,12.62,11.65,0.0595,,,,12.14,11.49,,12,6.4,,,12.1,10.81,3.86
S59,local,S,2026-W20,5,2,false,true,12.81,11.96,0.0588,13.09,12.69,11.65,13.48,12.83,,15,6.81,,,12.05,10.75,3.99
S59,local,S,2026-W21,5,2,false,false,13,12.11,0.0564,,,,13.67,12.79,,13,7.11,,,12.74,11.45,3.82
S59,local,S,2026-W22,4,2,false,true,12.32,11.3,0.0681,13.08,11.99,11.58,12.76,11.79,,15,6.57,,,12.16,10.41,3.88
S59,local,S,2026-W23,5,2,false,true,12.22,11.35,0.0577,,,,,,12.28,4,6.8,,,12.32,10.62,3.91
S59,local,S,2026-W24,5,1,false,false,12.49,11.37,0.0693,,,,,,,2,6.47,,,12.24,11.11,2.83
S59,local,S,2026-W25,3,2,false,false,11.84,10.8,0.0434,,,,,,,2,6.97,,,12.8,11.36,4.45
S59,local,S,2026-W26,5,2,false,false,12.65,11.61,0.0441,,,,,,,1,6.7,,,12.2,11.48,3.78
S59,local,S,2026-W27,3,2,true,true,13.19,12.2,0.0533,14.26,13.49,12.36,13.72,12.86,12.8,16,6.09,,,12.43,11.22,3.42
S59,local,S,2026-W28,5,2,true,true,13.31,12.41,0.0561,14.72,13.81,12.28,13.79,12.96,13.02,16,5.91,,,12.37,11.16,3.73
S59,local,S,2026-W29,5,2,true,true,12.93,12.18,0.0519,13.63,12.97,11.64,13.19,12.37,,16,6.11,,,12.32,11.59,3.77
S59,local,S,2026-W30,5,2,true,true,12.86,11.97,0.0565,14.16,13.32,11.65,13.07,12.26,,16,6.23,,,12.21,11.67,3.85
S59,local,S,2026-W31,5,2,true,true,12.96,12.08,0.05,14.3,13.37,11.73,13.14,12.54,,16,6.33,,,12.26,11.27,3.94
S59,local,S,2026-W32,5,2,false,true,13.07,12.28,0.0523,13.83,13.2,12.06,13.28,12.5,13.38,17,5.91,,,11.97,10.86,3.4
S59,local,S,2026-W33,5,2,true,true,12.84,11.95,0.0596,14.23,13.47,11.8,13.13,12.1,12.58,17,6.32,,,12.13,10.95,3.6
S59,local,S,2026-W34,5,2,true,true,12.86,11.93,0.0579,14.13,13.18,11.73,13.38,12.59,12.74,17,5.81,,,12.3,11.12,3.72
S59,local,S,2026-W35,5,2,true,true,13.06,12.21,0.0497,14.02,13.1,11.98,13.55,12.73,12.95,17,6.45,,,12.35,11.17,3.66
S59,local,S,2026-W36,5,2,true,true,13.12,12.12,0.059,14.39,13.29,12.08,13.22,12.48,12.98,17,6.18,,,12.32,11.33,3.92
S59,local,S,2026-W37,4,2,true,true,12.64,11.76,0.0562,13.75,12.71,11.67,12.98,12.25,12.52,17,6.28,6.93,,12.4,11.43,3.78
S59,local,S,2026-W38,5,2,true,true,12.74,11.95,0.0548,13.72,13.12,11.86,13.13,12.39,12.77,17,6.66,7.22,,12.2,11.2,3.5
S59,local,S,2026-W39,5,2,true,true,12.66,11.86,0.0458,13.54,12.56,11.7,12.91,12.34,12.92,17,6.68,7.1,,12.98,12.07,3.54
S59,local,S,2026-W40,5,2,true,false,12.63,11.8,0.053,13.92,13.25,11.44,12.95,12.24,13.2,17,7.2,7.22,,12.29,11.19,3.82
S59,local,S,2026-W41,5,0,true,false,12.59,11.66,0.0601,12.87,12.34,11.74,12.91,11.82,13.13,17,6.75,7.22,12.5,,,
S61,local,S,2026-W17,0,2,false,true,,,,,,,,,,,,,,11.01,10.22,4.03
S61,local,S,2026-W18,5,2,false,false,11.07,10.2,0.0625,,,,10.3,9.61,,13,5.86,,,12.09,10.66,4.3
S61,local,S,2026-W19,5,2,false,true,10.81,10.18,0.0531,,,,9.91,9.74,,12,5.62,,,12.05,10.79,4.45
S61,local,S,2026-W20,5,2,false,true,10.8,9.75,0.0812,8.98,8.48,10.72,10.08,9.06,,15,5.61,,,11.31,10.12,4.6
S61,local,S,2026-W21,5,2,false,false,10.45,9.46,0.0851,,,,9.73,8.56,,13,5.8,,,11.54,10.78,4.59
S61,local,S,2026-W22,4,2,false,true,11.08,10.14,0.0774,10.51,9.65,10.74,10.23,9.55,,15,5.69,,,11.79,10.47,4.76
S61,local,S,2026-W23,5,2,false,true,10.75,10.07,0.0495,,,,,,11.97,4,5.72,,,10.52,9.77,4.47
S61,local,S,2026-W24,5,1,false,false,10.5,9.3,0.0912,,,,,,,2,5.69,,,12.2,11.43,3.67
S61,local,S,2026-W25,3,2,false,false,11.01,10.34,0.0758,,,,,,,2,5.05,,,10.96,10.48,4.78
S61,local,S,2026-W26,5,2,false,false,11.15,9.9,0.0895,,,,,,,1,5.23,,,11.54,10,3.87
S61,local,S,2026-W27,3,2,true,true,10.76,10.05,0.053,10.84,10.09,10.44,10.11,9.44,11.45,16,5.39,,,11.98,11.19,4.48
S61,local,S,2026-W28,5,2,true,true,10.86,9.98,0.0605,11.06,10.36,10.65,9.71,8.82,11.65,16,5.23,,,11.6,10.57,4.33
S61,local,S,2026-W29,5,2,true,true,10.82,9.84,0.0748,10.59,9.76,10.29,10.12,8.97,,16,4.85,,,11.55,10.7,4.75
S61,local,S,2026-W30,5,2,true,true,11.03,10.34,0.0519,10.76,10.21,10.83,10.79,10.12,,16,5.01,,,11.41,10.48,4.91
S61,local,S,2026-W31,5,2,true,true,10.83,10.17,0.0503,10.55,9.99,10.63,10.2,9.49,,16,5.28,,,11.16,10.06,4.7
S61,local,S,2026-W32,5,2,false,true,11.13,10.43,0.0495,10.74,9.83,10.55,10.87,10.19,11.92,17,5.38,,,11.41,10.61,3.78
S61,local,S,2026-W33,5,2,true,true,10.69,9.89,0.0619,11.1,9.93,10.36,9.79,9.1,11.3,17,5.16,,,11.52,10.65,4.37
S61,local,S,2026-W34,5,2,true,true,10.96,10.12,0.0593,10.47,9.74,10.51,10.44,9.65,12.31,17,4.76,,,11.3,10.44,4.63
S61,local,S,2026-W35,5,2,true,true,10.99,10.28,0.0541,10.92,10.18,10.73,10.07,9.58,11.87,17,5.42,,,11.41,10.51,4.38
S61,local,S,2026-W36,5,2,true,true,10.93,10.09,0.0555,10.86,9.9,10.43,10.54,9.86,11.33,17,5.24,,,11.66,10.81,4.6
S61,local,S,2026-W37,4,2,true,true,10.59,9.73,0.0617,10.38,9.27,9.96,10.12,9.55,11.79,17,5.65,5.67,,12.06,11.31,4.41
S61,local,S,2026-W38,5,2,true,true,10.7,9.94,0.0543,9.7,9.05,10.11,10.31,9.56,12.27,17,5.81,5.75,,11.63,10.92,4.54
S61,local,S,2026-W39,5,2,true,true,10.91,10.25,0.0409,10.41,9.72,10.11,10.47,9.94,12.47,17,5.89,5.72,,12.07,11.28,4.15
S61,local,S,2026-W40,5,2,true,false,10.79,10.01,0.0562,10.2,9.4,10.32,9.63,8.97,12.64,17,5.93,5.75,,11.54,10.99,3.98
S61,local,S,2026-W41,5,0,true,false,10.87,10.1,0.0525,10.08,9.36,10.39,9.6,8.97,12.74,17,5.7,5.75,14.2,,,
S62,local,S,2026-W17,0,2,false,true,,,,,,,,,,,,,,12.54,11.58,2.95
S62,local,S,2026-W18,5,2,false,false,11.12,10.46,0.0557,,,,10.89,10.57,,13,4.5,,,12.2,11.01,3.5
S62,local,S,2026-W19,5,2,false,true,11.63,10.27,0.0962,,,,11.48,9.87,,12,4.45,,,12.35,11.29,3.35
S62,local,S,2026-W20,5,2,false,true,11.53,10.73,0.0646,10.28,9.86,10.9,11.07,10.28,,15,4.61,,,12.64,11.2,3.27
S62,local,S,2026-W21,5,2,false,false,11.69,10.82,0.058,,,,10.91,10.08,,13,4.45,,,12.49,11.11,2.99
S62,local,S,2026-W22,4,2,false,true,11.53,10.51,0.0798,11.72,9.91,10.51,10.71,9.86,,15,4.38,,,12.18,11.11,3.35
S62,local,S,2026-W23,5,2,false,true,12.38,10.7,0.1095,,,,,,13.85,4,4.76,,,11.41,10.42,3.53
S62,local,S,2026-W24,5,1,false,false,9.5,8.51,0.1037,,,,,,,2,4.43,,,11.91,11.03,2.79
S62,local,S,2026-W25,3,2,false,false,11.94,9.56,0.1754,,,,,,,2,4.97,,,12.07,10.72,3.29
S62,local,S,2026-W26,5,2,false,false,11.68,11.47,0.0193,,,,,,,1,4.55,,,12.25,11.26,3.08
S62,local,S,2026-W27,3,2,true,true,11.18,10.36,0.0672,11.04,10.36,11.02,10.78,9.85,11.38,16,4.32,,,12.47,11.52,2.66
S62,local,S,2026-W28,5,2,true,true,11.45,10.44,0.0696,11.07,10.3,11.04,11.2,9.94,12.07,16,4.55,,,12.3,11.5,3.52
S62,local,S,2026-W29,5,2,true,true,11.79,10.78,0.0699,11.54,10.66,10.75,10.49,9.66,,16,4.57,,,12.25,11.1,3.13
S62,local,S,2026-W30,5,2,true,true,11.29,10.22,0.0799,10.4,9.56,10.74,10.48,9.46,,16,4.62,,,11.28,10.7,3.24
S62,local,S,2026-W31,5,2,true,true,11.57,10.81,0.0556,11.35,10.65,10.91,10.61,9.9,,16,4.56,,,11.93,11.09,3.38
S62,local,S,2026-W32,5,2,false,true,11.8,10.86,0.0684,11.06,10.37,10.83,11.35,10.38,12.9,17,4.51,,,12.29,11.5,3.02
S62,local,S,2026-W33,5,2,true,true,11.43,10.38,0.076,11.84,10.92,10.44,11.13,10.09,12.91,17,4.45,,,12.49,11.79,2.78
S62,local,S,2026-W34,5,2,true,true,11.58,10.69,0.0672,10.96,10.07,11.09,11.56,10.46,12.55,17,4.5,,,12.12,11.21,3.01
S62,local,S,2026-W35,5,2,true,true,11.97,11.23,0.0546,11.42,10.98,11.42,11.77,10.87,13.16,17,4.28,,,12.1,11.24,3.34
S62,local,S,2026-W36,5,2,true,true,11.74,10.63,0.0842,11.33,10.2,11.02,11.33,10.09,12.77,17,4.65,,,12.57,11.57,3.24
S62,local,S,2026-W37,4,2,true,true,11.43,10.51,0.0565,10.92,10.01,10.34,10.41,9.6,13.4,17,4.73,4.67,,12.54,11.66,3.25
S62,local,S,2026-W38,5,2,true,true,11.44,10.76,0.0495,10.33,9.8,10.52,10.82,10.32,13.52,17,4.73,4.69,,12.6,11.6,3.38
S62,local,S,2026-W39,5,2,true,true,11.63,10.88,0.0532,11.13,10.05,10.4,11.2,10.7,13.71,17,4.82,4.68,,13.22,12.18,3.08
S62,local,S,2026-W40,5,2,true,false,11.39,10.57,0.0633,10.64,9.48,10.32,10.96,10.35,13.76,17,4.91,4.69,,11.4,10.06,3.5
S62,local,S,2026-W41,5,0,true,false,11.22,10.38,0.063,11.04,10.38,10.93,9.63,8.88,12.65,17,4.91,4.69,13,,,
S66,local,S,2026-W18,5,0,false,false,10.56,9.49,0.0869,,,,8.96,8.61,,13,2.73,,,,,
S66,local,S,2026-W19,5,0,false,false,11.11,10.24,0.0669,,,,10.54,9.46,,12,3.24,,,,,
S66,local,S,2026-W20,5,0,false,false,10.4,9.44,0.0808,9.83,8.93,9.42,9.38,8.35,,15,3.13,,,,,
S66,local,S,2026-W21,5,0,false,false,10.82,9.85,0.0761,,,,10.38,9.7,,13,3.07,,,,,
S66,local,S,2026-W22,4,0,false,false,11.02,10.19,0.0645,9.74,8.68,10.66,10.57,9.79,,15,3.11,,,,,
S66,local,S,2026-W23,5,0,false,false,11.6,10.17,0.0901,,,,,,13,4,3.2,,,,,
S66,local,S,2026-W24,5,0,false,false,10.38,9.44,0.0684,,,,,,,2,2.76,,,,,
S66,local,S,2026-W25,3,0,false,false,9.52,8.77,0.0826,,,,,,,2,3.4,,,,,
S66,local,S,2026-W26,5,0,false,false,11.45,10.29,0.0711,,,,,,,1,3.03,,,,,
S66,local,S,2026-W27,3,0,true,false,10.62,9.4,0.0943,10.25,9.33,10.76,9.7,8.86,11.16,16,3.1,,,,,
S66,local,S,2026-W28,5,0,true,false,10.87,9.92,0.0803,10.42,9.87,10.57,9.91,9.36,12.17,16,3.17,,,,,
S66,local,S,2026-W29,5,0,true,false,11.15,10.26,0.0671,10.9,10.15,11.09,10.39,9.34,,16,3.06,,,,,
S66,local,S,2026-W30,5,0,true,false,11.51,10.4,0.0743,10.74,9.8,11.28,10.8,9.81,,16,3.1,,,,,
S66,local,S,2026-W31,5,0,true,false,11.2,10.23,0.0723,11.12,9.91,11.16,10.14,9.47,,16,3.15,,,,,
S66,local,S,2026-W32,5,0,false,false,11.35,10.39,0.0714,10.66,9.48,11.25,10.57,9.85,12.55,17,3.23,,,,,
S66,local,S,2026-W33,5,0,true,false,10.9,10.03,0.0645,11.02,10.14,10.1,10.21,9.36,12.39,17,3.02,,,,,
S66,local,S,2026-W34,5,0,true,false,11.03,10.17,0.066,10.92,9.88,10.5,10.4,9.83,12.16,17,2.95,,,,,
S66,local,S,2026-W35,5,0,true,false,11.14,10.19,0.0671,11.51,10.38,10.32,10.31,9.44,12.29,17,2.99,,,,,
S66,local,S,2026-W36,5,0,true,false,11.39,10.28,0.0713,10.8,9.76,10.98,10.75,10.05,12.69,17,3.25,,,,,
S66,local,S,2026-W37,4,0,true,false,11.1,10.14,0.0633,11.04,9.46,10.7,10.11,9.33,12.2,17,3.27,3.48,,,,
S66,local,S,2026-W38,5,0,true,false,11.09,10.08,0.0785,10.83,9.38,10.56,10.18,9.42,12.46,17,3.3,3.49,,,,
S66,local,S,2026-W39,5,0,true,false,11.1,10.16,0.0679,10.48,9.44,10.58,10.34,9.57,12.72,17,3.38,3.48,,,,
S66,local,S,2026-W40,5,0,true,false,10.88,10.17,0.0553,10.63,9.84,10.21,10.14,9.37,12.4,17,3.41,3.49,,,,
S66,local,S,2026-W41,5,0,true,false,10.84,10.01,0.0565,10.05,9.34,10.65,9.48,8.73,12.41,17,3.47,3.49,7,,,
S74,local,S,2026-W17,0,2,false,true,,,,,,,,,,,,,,13.57,12.61,5.19
S74,local,S,2026-W18,5,2,false,false,12.49,11.57,0.0629,,,,11.35,10.17,,13,8.06,,,13.21,12.34,6
S74,local,S,2026-W19,5,2,false,true,12.02,11.11,0.0696,,,,11.59,10.52,,12,8.44,,,12.88,11.93,6.45
S74,local,S,2026-W20,5,2,false,true,12.19,11.32,0.0606,11.3,10.36,12.05,11.04,10,,15,8.75,,,12.81,11.89,6.27
S74,local,S,2026-W21,5,2,false,false,11.77,10.83,0.0666,,,,10.36,9.22,,13,9.15,,,13.96,13.09,6.07
S74,local,S,2026-W22,4,2,false,true,12.26,11.21,0.0736,12.13,11.02,11.93,10.62,9.57,,15,8.27,,,12.92,12.11,6.33
S74,local,S,2026-W23,5,2,false,true,12.24,11.06,0.0719,,,,,,13.68,4,8.87,,,12.68,11.86,5.7
S74,local,S,2026-W24,5,1,false,false,11.77,10.62,0.0826,,,,,,,2,8.42,,,12.4,11.23,5.82
S74,local,S,2026-W25,3,2,false,false,12,10.95,0.0728,,,,,,,2,8.04,,,13.73,12.58,5.76
S74,local,S,2026-W26,5,2,false,false,11.3,10.34,0.0767,,,,,,,1,8.08,,,13.24,12.83,5.43
S74,local,S,2026-W27,3,2,true,true,12.06,11.27,0.0501,11.69,10.78,11.84,10.66,9.83,13.46,16,7.78,,,13.12,12.24,5.17
S74,local,S,2026-W28,5,2,true,true,12.68,11.69,0.0584,12.09,10.92,12.73,11.23,10.36,13.87,16,7.69,,,12.59,11.81,6.12
S74,local,S,2026-W29,5,2,true,true,11.9,11.18,0.0505,11.43,10.64,11.44,10.99,10,,16,8.28,,,13.3,12.61,5.73
S74,local,S,2026-W30,5,2,true,true,12.07,11.27,0.0499,11.67,10.91,11.88,10.79,9.95,,16,8.04,,,13.12,12.39,5.55
S74,local,S,2026-W31,5,2,true,true,12.33,11.56,0.0507,12.05,11.42,12.22,10.96,10.23,,16,7.71,,,12.96,12.26,6.6
S74,local,S,2026-W32,5,2,false,true,12.01,11.32,0.0482,12.04,11.53,11.5,10.91,10.17,12.88,17,7.37,,,13.4,12.76,6.02
S74,local,S,2026-W33,5,2,true,true,12.48,11.62,0.0534,12.02,11.2,11.9,11.47,10.56,14.13,17,8.08,,,13.3,12.64,5.95
S74,local,S,2026-W34,5,2,true,true,12.53,11.71,0.0507,12.23,11.57,12.32,11.42,10.55,13.63,17,8.02,,,13.23,12.52,5.89
S74,local,S,2026-W35,5,2,true,true,12.48,11.65,0.0564,12.46,11.74,12.11,11.48,10.33,13.52,17,8.39,,,13.46,12.67,6.21
S74,local,S,2026-W36,5,2,true,true,12.39,11.58,0.0501,12.16,11.22,11.68,11.46,10.63,14.01,17,8.15,,,13.14,12.17,5.66
S74,local,S,2026-W37,4,2,true,true,11.96,11.08,0.0515,11.79,10.9,11.52,10.9,10.03,13.16,17,8.14,9.21,,13.06,12.33,6.17
S74,local,S,2026-W38,5,2,true,true,12,11.25,0.0473,11.72,10.99,11.37,10.6,9.74,14.04,17,8.54,9.29,,13.32,12.38,5.7
S74,local,S,2026-W39,5,2,true,true,12.04,11.39,0.0446,11.96,11.04,11.24,11.08,10.29,13.87,17,8.54,9.26,,13.55,12.79,4.69
S74,local,S,2026-W40,5,2,true,false,12.05,11.43,0.0462,11.53,10.86,11.77,10.8,10.15,13.62,17,8.56,9.29,,13.06,12.54,6.01
S74,local,S,2026-W41,5,0,true,false,11.64,10.8,0.0552,11.4,10.67,11.41,10.31,9.34,12.97,17,7.98,9.29,12.1,,,
S76,local,S,2026-W17,0,2,false,true,,,,,,,,,,,,,,12.03,11.14,2.9
S76,local,S,2026-W18,5,2,false,false,10.83,9.9,0.0787,,,,10.05,8.93,,13,5.88,,,12.13,10.63,2.49
S76,local,S,2026-W19,5,2,false,true,10.58,9.58,0.077,,,,9.35,8.36,,12,6.48,,,11.73,10.48,3.19
S76,local,S,2026-W20,5,2,false,true,10.66,9.85,0.0659,10.08,9.52,9.98,9.91,9.11,,15,6.38,,,11.35,10.17,2.99
S76,local,S,2026-W21,5,2,false,false,10.47,9.44,0.0786,,,,10.1,8.94,,13,6.19,,,13.5,12,2.67
S76,local,S,2026-W22,4,2,false,true,10.78,9.77,0.0787,10.59,9.64,10.22,9.86,8.85,,15,6.25,,,11.74,10.77,3.08
S76,local,S,2026-W23,5,2,false,true,11.14,9.7,0.1059,,,,,,12.41,4,6.43,,,11.22,9.87,3.06
S76,local,S,2026-W24,5,1,false,false,11.1,10.45,0.0531,,,,,,,2,6.07,,,13.05,11.58,2.52
S76,local,S,2026-W25,3,2,false,false,11.11,9.9,0.0993,,,,,,,2,6.39,,,11.24,10.41,2.83
S76,local,S,2026-W26,5,2,false,false,11.26,10.65,0.0579,,,,,,,1,5.79,,,11.47,9.83,2.9
S76,local,S,2026-W27,3,2,true,true,10.72,9.68,0.0848,10.61,9.59,10.23,10.29,9.22,11.38,16,6.09,,,12.52,10.8,2.43
S76,local,S,2026-W28,5,2,true,true,11.23,10.29,0.0689,11.46,10.4,10.93,10.49,9.68,11.59,16,6.09,,,12.04,10.86,2.85
S76,local,S,2026-W29,5,2,true,true,11.27,10.08,0.0833,11.09,10.03,10.32,10.47,9.23,,16,5.93,,,12.14,11.13,2.82
S76,local,S,2026-W30,5,2,true,true,11.08,9.97,0.0849,10.9,10.05,10.42,10.13,8.89,,16,5.68,,,12.01,10.9,3
S76,local,S,2026-W31,5,2,true,true,11.09,10.14,0.071,11.16,10.29,10.52,10.09,9.22,,16,5.71,,,12.17,10.85,3.11
S76,local,S,2026-W32,5,2,false,true,11.44,10.51,0.0666,11.15,10.3,10.9,10.14,9.15,12.78,17,5.63,,,12.39,11.04,2.51
S76,local,S,2026-W33,5,2,true,true,11.41,10.35,0.0735,11.37,10.22,10.58,10.43,9.36,12.93,17,5.92,,,12.34,11.28,2.92
S76,local,S,2026-W34,5,2,true,true,11.16,10.18,0.0745,11.57,10.61,10.67,10.26,9.2,11.87,17,5.91,,,11.92,10.97,2.64
S76,local,S,2026-W35,5,2,true,true,11.55,10.43,0.0747,11.92,10.83,11.06,10.63,9.56,12.27,17,5.68,,,12.18,10.8,2.9
S76,local,S,2026-W36,5,2,true,true,11.49,10.39,0.0711,11.65,10.3,10.91,10.43,9.51,12.59,17,5.7,,,12.13,10.85,2.85
S76,local,S,2026-W37,4,2,true,true,10.94,9.91,0.0721,11.39,10.15,10.1,9.95,8.94,12.13,17,5.91,6.26,,12.28,11.17,2.73
S76,local,S,2026-W38,5,2,true,true,10.89,9.8,0.0795,11.01,9.99,10.16,9.62,8.66,12.4,17,6.4,6.33,,12.47,11.41,2.75
S76,local,S,2026-W39,5,2,true,true,10.91,9.99,0.0681,11.03,9.82,10.13,9.89,9.12,12.37,17,5.99,6.3,,12.92,11.81,2.53
S76,local,S,2026-W40,5,2,true,false,10.64,9.6,0.0813,10.45,9.49,10.03,9.91,8.85,11.79,17,6.35,6.33,,11.09,10.02,3.1
S76,local,S,2026-W41,5,0,true,false,10.55,9.51,0.0832,10.68,9.67,9.96,9.36,8.33,11.74,17,6.43,6.33,12.9,,,
S78,local,S,2026-W17,0,2,false,true,,,,,,,,,,,,,,14.06,13.01,4.19
S78,local,S,2026-W18,5,2,false,false,12.66,11.78,0.0629,,,,11.47,10.93,,13,10.5,,,13.55,12.52,5.88
S78,local,S,2026-W19,5,2,false,true,13.07,12.28,0.0401,,,,12.01,11.68,,12,10.51,,,13.62,12.29,6.23
S78,local,S,2026-W20,5,2,false,true,13.03,12.19,0.062,12.29,11.29,12.34,12.19,11.18,,15,11.98,,,13.15,12.1,6.08
S78,local,S,2026-W21,5,2,false,false,13.23,12.07,0.0688,,,,12.97,12.07,,13,12.16,,,14.33,12.99,6
S78,local,S,2026-W22,4,2,false,true,13.14,11.91,0.0799,12.46,11.25,12.75,12.69,11.67,,15,10.31,,,13.53,12.13,6.33
S78,local,S,2026-W23,5,2,false,true,12.18,10.92,0.0721,,,,,,13.1,4,10.36,,,13.48,12.37,6.18
S78,local,S,2026-W24,5,1,false,false,12.55,11.38,0.0748,,,,,,,2,9.87,,,12.47,11.73,4.95
S78,local,S,2026-W25,3,2,false,false,13.23,12.78,0.0243,,,,,,,2,10.99,,,13.72,12.8,6.48
S78,local,S,2026-W26,5,2,false,false,12.69,11.45,0.0714,,,,,,,1,10.26,,,14.61,13.81,5.95
S78,local,S,2026-W27,3,2,true,true,12.81,12.01,0.049,13.09,12.18,12.24,13.05,12.35,12.95,16,10.13,,,14.03,12.86,5.46
S78,local,S,2026-W28,5,2,true,true,13.24,12.36,0.0562,12.76,11.74,13.07,12.92,11.93,13.78,16,10.4,,,14.01,13.01,6.38
S78,local,S,2026-W29,5,2,true,true,13.04,12.24,0.0486,12.89,12.18,12.32,12.71,11.86,,16,10.28,,,13.95,13.18,5.46
S78,local,S,2026-W30,5,2,true,true,12.99,12.16,0.0524,13.01,12.02,12.22,12.96,12.1,,16,10.26,,,13.62,12.81,6.14
S78,local,S,2026-W31,5,2,true,true,13.28,12.49,0.0444,13.67,12.93,12.53,12.95,12.07,,16,9.75,,,14.03,13.25,6.64
S78,local,S,2026-W32,5,2,false,true,13.33,12.5,0.05,13.27,12.42,12.72,12.85,12.06,14.01,17,9.57,,,14.25,13.39,5.61
S78,local,S,2026-W33,5,2,true,true,13.48,12.59,0.0533,13.22,12.37,12.91,13.27,12.5,14.23,17,9.76,,,14.44,13.31,5.99
S78,local,S,2026-W34,5,2,true,true,13.34,12.51,0.049,13.32,12.48,12.77,13.55,12.83,13.68,17,10.05,,,13.94,13.24,5.61
S78,local,S,2026-W35,5,2,true,true,13.36,12.48,0.0499,13.65,12.74,12.94,13.06,12.36,13.56,17,9.73,,,13.8,12.91,5.99
S78,local,S,2026-W36,5,2,true,true,13.32,12.42,0.0509,13.48,12.28,12.86,13.4,12.58,13.49,17,10.25,,,13.54,12.45,5.78
S78,local,S,2026-W37,4,2,true,true,13.13,12.33,0.0442,13.06,12.15,12.21,12.89,12.23,14.53,17,10.65,11.94,,13.46,12.48,5.96
S78,local,S,2026-W38,5,2,true,true,12.89,12.11,0.0529,12.47,11.75,12.1,12.42,11.77,14.57,17,11.8,12.62,,13.44,12.55,5.76
S78,local,S,2026-W39,5,2,true,true,13.16,12.34,0.0467,12.77,11.95,12.69,12.84,12.14,14.33,17,11.5,12.35,,14.4,13.64,4.93
S78,local,S,2026-W40,5,2,true,false,12.85,12,0.0515,12.5,11.64,12.21,12.85,12.08,14,17,11.67,12.62,,13.44,12.69,6.07
S78,local,S,2026-W41,5,0,true,false,12.76,11.91,0.0499,12.54,11.65,12.22,12.34,11.66,13.66,17,10.49,12.62,13.4,,,
S79+,sbs,S,2026-W17,0,2,false,true,,,,,,,,,,,,,,15.66,14.67,10.63
S79+,sbs,S,2026-W18,5,2,false,false,14.72,13.97,0.0396,,,,15.09,14.3,,13,14.43,,,14.65,13.73,10.61
S79+,sbs,S,2026-W19,5,2,false,true,14.2,13.48,0.0464,,,,13.16,12.59,,12,15.27,,,14.61,13.47,10.91
S79+,sbs,S,2026-W20,5,2,false,true,14.63,13.81,0.042,14.34,13.67,14.56,14.28,13.48,,15,14.98,,,14.82,13.91,11.21
S79+,sbs,S,2026-W21,5,2,false,false,14.25,13.4,0.0484,,,,13.51,12.5,,13,14.85,,,15.25,14.32,10.57
S79+,sbs,S,2026-W22,4,2,false,true,13.95,13.09,0.0509,13.61,13.08,13.62,13.41,12.64,,15,14.88,,,14.97,14.09,11.66
S79+,sbs,S,2026-W23,5,2,false,true,14.82,14.05,0.0398,,,,,,15.22,4,14.11,,,15.34,14.32,11.15
S79+,sbs,S,2026-W24,5,1,false,false,14.91,14.05,0.0319,,,,,,,2,13.97,,,14.83,13.94,9.4
S79+,sbs,S,2026-W25,3,2,false,false,15.16,14.68,0.0304,,,,,,,2,14.17,,,14.32,13.64,11.28
S79+,sbs,S,2026-W26,5,2,false,false,13.94,13.18,0.0506,,,,,,,1,14.68,,,16.04,14.92,9.7
S79+,sbs,S,2026-W27,3,2,true,true,14.7,13.84,0.049,15.13,14.15,13.84,14.59,14.02,15.37,16,14.21,,,15.48,14.4,9.78
S79+,sbs,S,2026-W28,5,2,true,true,14.96,14.01,0.0519,15.26,14.19,14.63,14.68,13.65,15.09,16,13.89,,,15.11,14,10.46
S79+,sbs,S,2026-W29,5,2,true,true,14.66,13.81,0.0457,15.25,14.3,14.16,14.45,13.43,,16,13.74,,,15.04,14.18,10.27
S79+,sbs,S,2026-W30,5,2,true,true,14.79,13.89,0.0494,15.35,14.49,14.46,14.36,13.44,,16,13.97,,,15.12,14.15,10.17
S79+,sbs,S,2026-W31,5,2,true,true,14.57,13.82,0.0462,15.08,14.39,14.52,14.09,13.34,,16,13.95,,,15.24,14.27,11.02
S79+,sbs,S,2026-W32,5,2,false,true,14.71,13.87,0.0475,15.05,14.26,14.2,14.31,13.71,14.91,17,13.75,,,14.9,13.91,10.06
S79+,sbs,S,2026-W33,5,2,true,true,14.66,13.76,0.0454,15.49,14.4,13.94,14.52,13.71,14.64,17,14.04,,,15.06,14.22,10.11
S79+,sbs,S,2026-W34,5,2,true,true,14.94,14.16,0.045,15.34,14.4,14.19,14.94,14.31,15.37,17,14.17,,,15.14,14.21,10.57
S79+,sbs,S,2026-W35,5,2,true,true,14.79,13.91,0.0464,14.99,14.23,14.55,14.77,14.05,14.56,17,13.78,,,15.14,14.07,11.13
S79+,sbs,S,2026-W36,5,2,true,true,14.97,13.94,0.0547,15.12,14.12,14.52,14.72,14.01,15.36,17,13.62,,,14.93,13.92,10.99
S79+,sbs,S,2026-W37,4,2,true,true,14.35,13.5,0.0432,14.39,13.44,14.38,13.9,13.26,14.39,17,14.08,14.63,,14.74,13.86,11.37
S79+,sbs,S,2026-W38,5,2,true,true,14.24,13.47,0.0443,14,13.37,14.03,13.88,13.19,14.66,17,14.42,14.73,,15.1,14.16,10.52
S79+,sbs,S,2026-W39,5,2,true,true,14.46,13.67,0.0411,14.21,13.5,14.33,14.3,13.5,14.61,17,14.56,14.69,,15.74,14.81,10.95
S79+,sbs,S,2026-W40,5,2,true,false,14.34,13.59,0.0423,14.05,13.44,13.82,13.97,13.34,15.29,17,14.94,14.73,,14.33,13.76,11.48
S79+,sbs,S,2026-W41,5,0,true,false,14.34,13.58,0.0416,13.95,13.25,13.7,13.45,12.76,15.92,17,15.26,14.73,23.6,,,
S81,limited,S,2026-W18,4,0,false,false,10.98,10.78,0.0302,,,,11.05,10.69,,4,0.25,,,,,
S81,limited,S,2026-W19,3,0,false,false,13.33,11.04,0.152,,,,14.05,11.86,,4,0.45,,,,,
S81,limited,S,2026-W20,5,0,false,false,11.63,11.08,0.0488,,,,13.38,12.51,,4,0.24,,,,,
S81,limited,S,2026-W21,4,0,false,false,11.74,11.36,0.0581,,,,12.53,11.59,,4,0.26,,,,,
S81,limited,S,2026-W22,4,0,false,false,13.4,12.55,0.0541,,,,12.82,12.02,,4,0.3,,,,,
S81,limited,S,2026-W23,4,0,false,false,13.07,9.95,0.2608,,,,,,,1,0.3,,,,,
S81,limited,S,2026-W24,3,0,false,false,10.91,10.52,0.0621,,,,,,,1,0.42,,,,,
S81,limited,S,2026-W25,0,0,false,false,,,,,,,,,,,,,,,,
S81,limited,S,2026-W27,3,0,true,false,11.53,10.48,0.1403,,,,13.2,11.38,9.03,5,0.33,,,,,
S81,limited,S,2026-W28,5,0,true,false,13.06,11.79,0.0908,,,,11.72,9.99,15.08,5,0.28,,,,,
S81,limited,S,2026-W29,5,0,true,false,11.8,10.62,0.0703,,,,12.01,11,,4,0.3,,,,,
S81,limited,S,2026-W30,5,0,true,false,11.4,10.6,0.0611,,,,11.95,10.87,,4,0.27,,,,,
S81,limited,S,2026-W31,5,0,true,false,12.06,10.48,0.1291,,,,12.4,10.52,,4,0.29,,,,,
S81,limited,S,2026-W32,5,0,false,false,13.11,11.84,0.0933,,,,13.17,11.46,13,5,0.26,,,,,
S81,limited,S,2026-W33,5,0,true,false,12.03,11.07,0.0466,,,,13.15,12.18,10.37,5,0.26,,,,,
S81,limited,S,2026-W34,5,0,true,false,10.9,9.68,0.1066,,,,12.54,11.28,,4,0.26,,,,,
S81,limited,S,2026-W35,5,0,true,false,11.88,11.46,0.0675,,,,13.52,13.16,,4,0.27,,,,,
S81,limited,S,2026-W36,5,0,true,false,11.46,10.38,0.1027,,,,11.51,10.25,,4,0.29,,,,,
S81,limited,S,2026-W37,4,0,true,false,13.07,11.27,0.1242,,,,12.97,10.76,,4,0.31,0.35,,,,
S81,limited,S,2026-W38,5,0,true,false,12.26,9.45,0.2042,,,,12.59,10.49,11.77,6,0.34,0.35,,,,
S81,limited,S,2026-W39,5,0,true,false,11.35,9.02,0.1373,,,,11.8,9.03,10.68,5,0.31,0.35,,,,
S81,limited,S,2026-W40,5,0,true,false,11.65,9.46,0.1527,,,,12.42,10.49,,4,0.28,0.35,,,,
S81,limited,S,2026-W41,5,0,true,false,10.77,9.6,0.1004,,,,10.98,10.4,10.45,5,0.35,0.35,10.8,,,
S84,limited,S,2026-W18,3,0,false,false,13.64,12.73,0.0401,,,,13.39,13.2,,4,0.45,,,,,
S84,limited,S,2026-W19,3,0,false,false,12.6,11.29,0.0414,,,,,,,3,0.13,,,,,
S84,limited,S,2026-W20,5,0,false,false,13.41,12.03,0.0665,,,12.91,10.91,10.75,,5,0.59,,,,,
S84,limited,S,2026-W21,5,0,false,false,12.81,11.28,0.0638,,,8.65,10.43,9.82,,5,0.69,,,,,
S84,limited,S,2026-W22,4,0,false,false,14.51,13.01,0.0703,,,9.96,12.56,11.6,,6,0.59,,,,,
S84,limited,S,2026-W23,4,0,false,false,12.92,12.07,0.0618,,,,,,,1,0.39,,,,,
S84,limited,S,2026-W24,3,0,false,false,14.03,12.35,0.0866,,,,,,,2,0.55,,,,,
S84,limited,S,2026-W25,1,0,false,false,11.06,10.69,0.0603,,,,,,,1,0.78,,,,,
S84,limited,S,2026-W26,1,0,false,false,,,,,,,,,,1,0.4,,,,,
S84,limited,S,2026-W27,3,0,true,false,14.91,12.66,0.0858,,,9.09,12.27,11.28,,7,0.58,,,,,
S84,limited,S,2026-W28,5,0,true,false,13.64,11.43,0.1169,,,7.94,13,11.83,15.59,8,0.47,,,,,
S84,limited,S,2026-W29,5,0,true,false,14.5,13.06,0.0595,,,8.75,12.18,11.25,,7,0.66,,,,,
S84,limited,S,2026-W30,5,0,true,false,15.22,14.73,0.017,,,14.1,13.3,12.77,,7,0.68,,,,,
S84,limited,S,2026-W31,5,0,true,false,14.54,13.11,0.0559,,,13.23,12.1,11.48,,7,0.66,,,,,
S84,limited,S,2026-W32,5,0,false,false,15.42,13.8,0.0664,,,13.63,13.49,12.59,17.35,8,0.56,,,,,
S84,limited,S,2026-W33,5,0,true,false,14.47,12.95,0.0631,,,10.36,12.82,11.97,,6,0.46,,,,,
S84,limited,S,2026-W34,5,0,true,false,15.46,13.09,0.0691,,,16.05,14.21,13.14,,6,0.49,,,,,
S84,limited,S,2026-W35,5,0,true,false,12.79,11.65,0.1823,,,16.31,14.04,13.54,9.78,8,0.64,,,,,
S84,limited,S,2026-W36,5,0,true,false,14.02,12.54,0.0783,,,10.14,12.45,11.72,,7,0.53,,,,,
S84,limited,S,2026-W37,4,0,true,false,13.12,11.43,0.0929,,,11.74,12.02,11.47,14.23,8,0.55,0.69,,,,
S84,limited,S,2026-W38,5,0,true,false,14.55,12.55,0.1284,,,12.03,11.83,11.17,17.51,8,0.55,0.69,,,,
S84,limited,S,2026-W39,5,0,true,false,13.82,12.35,0.0673,,,12.2,12.01,11.43,,7,0.56,0.69,,,,
S84,limited,S,2026-W40,5,0,true,false,13.58,11.18,0.1622,,,13.23,11.99,11.29,,6,0.56,0.69,,,,
S84,limited,S,2026-W41,5,0,true,false,12.81,10.74,0.0868,,,10.41,10.48,9.56,15.34,8,0.59,0.69,8.9,,,
S86,limited,S,2026-W18,2,0,false,false,10.28,9.6,0.0309,,,,10.22,9.02,10.45,4,0.15,,,,,
S86,limited,S,2026-W19,2,0,false,false,11.51,10.63,0.0639,,,,11.23,10.04,,3,0.14,,,,,
S86,limited,S,2026-W20,5,0,false,false,10.62,9.8,0.0803,,,,10.34,9.21,,4,0.23,,,,,
S86,limited,S,2026-W21,5,0,false,false,12.02,10.53,0.1234,,,,11.74,9.94,,4,0.27,,,,,
S86,limited,S,2026-W22,4,0,false,false,11.78,10.84,0.1322,,,,11.5,10.25,,3,0.27,,,,,
S86,limited,S,2026-W27,3,0,true,false,11.25,10.79,0.0538,,,,10.94,9.88,12.18,4,0.24,,,,,
S86,limited,S,2026-W28,5,0,true,false,11.53,10.95,0.0699,,,,11.25,10.36,,3,0.22,,,,,
S86,limited,S,2026-W29,5,0,true,false,11.38,10.78,0.0893,,,,11.1,10.18,,3,0.23,,,,,
S86,limited,S,2026-W30,5,0,true,false,11.51,10.52,0.1197,,,,11.49,10.88,11.6,4,0.28,,,,,
S86,limited,S,2026-W31,5,0,true,false,13.05,12.36,0.0522,,,,11.91,10.76,16.47,4,0.26,,,,,
S86,limited,S,2026-W32,5,0,false,false,13.31,12.81,0.0537,,,,13.03,12.22,,3,0.22,,,,,
S86,limited,S,2026-W33,5,0,true,false,11.88,11.01,0.089,,,,11.6,10.42,,4,0.2,,,,,
S86,limited,S,2026-W34,5,0,true,false,14.08,13.11,0.0609,,,,13.79,12.51,,3,0.21,,,,,
S86,limited,S,2026-W35,5,0,true,false,14.2,13.45,0.0598,,,,13.92,12.86,,3,0.21,,,,,
S86,limited,S,2026-W36,5,0,true,false,11.99,11.36,0.0685,,,,11.7,10.77,,3,0.2,,,,,
S86,limited,S,2026-W37,4,0,true,false,11.57,10.9,0.0777,,,,11.29,10.3,,3,0.24,0.27,,,,
S86,limited,S,2026-W38,5,0,true,false,11.11,10.48,0.0667,,,,10.83,9.89,,3,0.26,0.27,,,,
S86,limited,S,2026-W39,5,0,true,false,11.48,10.99,0.0585,,,,11.2,10.4,,4,0.25,0.27,,,,
S86,limited,S,2026-W40,5,0,true,false,12.23,11.53,0.0658,,,,11.95,10.94,,3,0.26,0.27,,,,
S86,limited,S,2026-W41,4,0,true,false,10.25,9.61,0.0804,,,,9.97,9.02,,3,0.23,0.27,19.1,,,
S89,limited,S,2026-W18,5,0,false,false,15.14,14.23,0.0605,,,,14.16,13.8,17.25,7,1.58,,,,,
S89,limited,S,2026-W19,5,0,false,false,17.49,17.04,0.0083,,,,16.85,15.81,19.76,7,1.63,,,,,
S89,limited,S,2026-W20,5,0,false,false,16.53,14.92,0.078,15.6,14.4,15.82,17.4,15.84,16.68,10,1.69,,,,,
S89,limited,S,2026-W21,5,0,false,false,15.66,14.49,0.0751,,,,16.56,15.29,15.82,7,1.52,,,,,
S89,limited,S,2026-W22,4,0,false,false,15.86,14.64,0.0443,14.47,13.48,18.53,15.26,13.98,,9,1.43,,,,,
S89,limited,S,2026-W23,2,0,false,false,21.09,16.3,0.1167,,,,,,22.25,2,1.4,,,,,
S89,limited,S,2026-W27,3,0,true,false,14.8,14.15,0.037,16.32,15.83,10.14,14.31,12.98,15.23,10,1.47,,,,,
S89,limited,S,2026-W28,5,0,true,false,17.52,16.57,0.0321,16.94,15.79,,16.95,15.88,17.59,9,1.55,,,,,
S89,limited,S,2026-W29,5,0,true,false,16.26,15.25,0.053,15.09,14.42,,15.69,14.34,18.11,11,1.62,,,,,
S89,limited,S,2026-W30,5,0,true,false,16.21,13.22,0.1723,15.43,12.92,15.06,16.07,14.62,17.37,12,1.63,,,,,
S89,limited,S,2026-W31,5,0,true,false,15.98,15.2,0.0434,14.95,13.84,16.07,15.62,14.83,17.54,11,1.43,,,,,
S89,limited,S,2026-W32,5,0,false,false,16.53,15.68,0.0375,15.52,14.23,17.87,15.92,14.84,17.55,11,1.38,,,,,
S89,limited,S,2026-W33,5,0,true,false,16.96,14.37,0.1424,16.63,15.15,19.05,17.39,16.67,15.54,12,1.56,,,,,
S89,limited,S,2026-W34,5,0,true,false,15.75,15,0.0535,17.1,16.6,14.55,15.31,14.24,15.55,11,1.51,,,,,
S89,limited,S,2026-W35,5,0,true,false,16.08,15.24,0.0454,16.17,15.2,14.31,15.7,15.25,,10,1.42,,,,,
S89,limited,S,2026-W36,5,0,true,false,17.09,15.53,0.0686,15.92,14.16,,16.11,15.14,,9,1.4,,,,,
S89,limited,S,2026-W37,4,0,true,false,15.78,14.79,0.0503,15.24,14.33,,15.54,14.62,,9,1.35,1.6,,,,
S89,limited,S,2026-W38,5,0,true,false,15.83,15.11,0.0402,16.06,15.12,,15.01,14.33,,9,1.4,1.6,,,,
S89,limited,S,2026-W39,5,0,true,false,16.19,15.01,0.0675,15.89,14.86,,15.36,14.39,,9,1.35,1.6,,,,
S89,limited,S,2026-W40,5,0,true,false,16.57,15.52,0.0535,16.57,15.67,,15.27,14.7,,9,1.51,1.6,,,,
S89,limited,S,2026-W41,4,0,true,false,15.69,14.73,0.0409,15.36,14.3,15.94,15.29,14.08,14.75,11,1.51,1.6,6.7,,,
S90,limited,S,2026-W18,5,0,false,false,11.46,9.8,0.1733,,,,11.44,10.83,,7,0.86,,,,,
S90,limited,S,2026-W19,4,0,false,false,15.51,13.47,0.1267,,,,15.84,15.2,,6,0.84,,,,,
S90,limited,S,2026-W20,5,0,false,false,13.13,11.16,0.1336,,,,12.98,12.5,,7,1.19,,,,,
S90,limited,S,2026-W21,5,0,false,false,14.35,12.17,0.1409,,,,14.79,14.17,,7,0.97,,,,,
S90,limited,S,2026-W22,4,0,false,false,14.16,11.71,0.1735,10.33,8,,14.25,13.36,,9,1.19,,,,,
S90,limited,S,2026-W23,4,0,false,false,15.62,14.25,0.0798,,,,,,,1,0.6,,,,,
S90,limited,S,2026-W24,3,0,false,false,18.22,14.11,0.179,,,,,,,2,1.01,,,,,
S90,limited,S,2026-W25,3,0,false,false,8,7.97,0.0638,,,,,,,1,0.82,,,,,
S90,limited,S,2026-W26,0,0,false,false,,,,,,,,,,,,,,,,
S90,limited,S,2026-W27,3,0,true,false,15.87,13.63,0.139,,,,14.55,12.95,,9,0.87,,,,,
S90,limited,S,2026-W28,5,0,true,false,14.97,13.15,0.1221,,,,15.42,14.21,15.85,10,1.16,,,,,
S90,limited,S,2026-W29,5,0,true,false,15.59,13.62,0.13,,,,15.64,14.57,,9,1,,,,,
S90,limited,S,2026-W30,5,0,true,false,15.34,13.67,0.1067,,,,15.28,14.78,,10,1.17,,,,,
S90,limited,S,2026-W31,5,0,true,false,13.93,11.94,0.1745,12.6,10.98,,16.17,15.59,,11,1.11,,,,,
S90,limited,S,2026-W32,5,0,false,false,15.78,14.42,0.0974,,,,15.07,14.33,17.27,11,1.1,,,,,
S90,limited,S,2026-W33,5,0,true,false,15.92,13.61,0.1189,,,,14.65,13.9,17.31,11,1.05,,,,,
S90,limited,S,2026-W34,5,0,true,false,16.44,12.61,0.1799,15.97,15.26,,15.57,14.97,18.41,12,1.14,,,,,
S90,limited,S,2026-W35,5,0,true,false,15.92,14.37,0.1086,,,,15.94,15.76,15.8,11,1.12,,,,,
S90,limited,S,2026-W36,5,0,true,false,16.04,14.54,0.1056,,,,15.17,14.65,18.23,11,1.02,,,,,
S90,limited,S,2026-W37,4,0,true,false,15.28,13.48,0.1068,,,,14.97,14.28,18.11,11,1.06,1.3,,,,
S90,limited,S,2026-W38,5,0,true,false,13.91,12.4,0.1008,11.7,11.89,,14.42,13.96,16.9,12,1.15,1.3,,,,
S90,limited,S,2026-W39,5,0,true,false,14.24,12.3,0.1339,12.87,12.46,,14.47,12.71,16.11,12,1.25,1.3,,,,
S90,limited,S,2026-W40,5,0,true,false,14.36,11.83,0.1495,12.66,12.66,,14.42,13.5,17.01,12,1.15,1.3,,,,
S90,limited,S,2026-W41,5,0,true,false,13.8,12.11,0.1193,13.28,11.91,,14.61,13.89,14.86,12,1.21,1.3,21.4,,,
S91,limited,S,2026-W18,5,0,false,false,10.5,9.88,0.0505,,,,10.17,9.92,12.04,6,1.42,,,,,
S91,limited,S,2026-W19,5,0,false,false,10.96,9.41,0.1218,,,,9.69,9.52,13.26,5,1.21,,,,,
S91,limited,S,2026-W20,5,0,false,false,11.04,10.25,0.0663,,,,10.6,9.8,12.09,7,1.5,,,,,
S91,limited,S,2026-W21,5,0,false,false,11.79,10.6,0.0685,,,,11.26,9.97,13.05,6,1.29,,,,,
S91,limited,S,2026-W22,4,0,false,false,11.69,10.37,0.1266,10.77,8.2,,10.82,10.31,,7,1.21,,,,,
S91,limited,S,2026-W23,1,0,false,false,9.56,8.5,0.1116,,,,,,,1,0.8,,,,,
S91,limited,S,2026-W27,3,0,true,false,11.27,10.27,0.0645,,,,10.86,10.18,,6,1.21,,,,,
S91,limited,S,2026-W28,5,0,true,false,11.79,10.63,0.0723,11.25,10.42,,10.96,10.63,13.05,8,1.23,,,,,
S91,limited,S,2026-W29,5,0,true,false,11.71,10.53,0.0876,,,,11.83,11.03,12.03,8,1.16,,,,,
S91,limited,S,2026-W30,5,0,true,false,11.69,10.91,0.0513,,,,11.55,10.89,12.57,8,1.18,,,,,
S91,limited,S,2026-W31,5,0,true,false,12.36,11.77,0.0395,,,,12.01,11.41,13.68,8,1.15,,,,,
S91,limited,S,2026-W32,5,0,false,false,12.29,11.49,0.0556,11.74,11.08,,12.18,11.17,13.25,10,1.1,,,,,
S91,limited,S,2026-W33,5,0,true,false,11.46,10.65,0.0677,10.52,9.34,,10,9.12,13.04,9,1.28,,,,,
S91,limited,S,2026-W34,5,0,true,false,11.91,10.45,0.0892,10.73,8.34,13.13,11.4,10.58,,10,1.28,,,,,
S91,limited,S,2026-W35,5,0,true,false,11.87,10.68,0.0763,10.68,9.66,,11.17,10.44,,8,1.23,,,,,
S91,limited,S,2026-W36,5,0,true,false,11.99,10.87,0.079,,,,10.93,9.9,,7,1.19,,,,,
S91,limited,S,2026-W37,4,0,true,false,11.02,10.1,0.0783,,,,10.31,9.41,,7,1.2,1.35,,,,
S91,limited,S,2026-W38,5,0,true,false,10.87,10.02,0.0601,9.92,9.06,,10.01,9.42,,8,1.27,1.35,,,,
S91,limited,S,2026-W39,5,0,true,false,10.97,10.45,0.0371,9.01,8.92,,10.52,9.6,,8,1.29,1.35,,,,
S91,limited,S,2026-W40,5,0,true,false,11.1,10.18,0.0712,10.36,9.8,,9.98,9.02,,8,1.3,1.35,,,,
S91,limited,S,2026-W41,4,0,true,false,11.88,11.03,0.0523,10.06,9.29,,11.8,11.04,13.33,9,1.31,1.35,14.5,,,
S92,limited,S,2026-W18,3,0,false,false,11.68,8.31,0.2127,,,,11.58,10.94,,6,1.06,,,,,
S92,limited,S,2026-W19,3,0,false,false,11.46,8.97,0.1556,,,,10.66,10.17,,4,0.92,,,,,
S92,limited,S,2026-W20,5,0,false,false,12,9.96,0.1297,,,,11.15,11.17,,6,1.03,,,,,
S92,limited,S,2026-W21,5,0,false,false,11.35,7.97,0.2775,,,,9.91,8.27,,5,0.99,,,,,
S92,limited,S,2026-W22,4,0,false,false,13.08,10.51,0.1434,12.14,10.93,,11.95,11.38,,7,0.91,,,,,
S92,limited,S,2026-W27,3,0,true,false,11.66,9.12,0.1659,11.74,11.07,,10.91,10.28,,7,0.94,,,,,
S92,limited,S,2026-W28,5,0,true,false,12.56,11.43,0.0741,11.52,8.8,,11.36,10.95,14.89,9,0.91,,,,,
S92,limited,S,2026-W29,5,0,true,false,12.26,8.79,0.1958,,,,11.53,10.67,,8,0.83,,,,,
S92,limited,S,2026-W30,5,0,true,false,12.35,9.45,0.1683,,,,11.39,10.9,,8,0.91,,,,,
S92,limited,S,2026-W31,5,0,true,false,13.23,11,0.1265,12.7,12.35,,12.32,11.69,,8,0.83,,,,,
S92,limited,S,2026-W32,5,0,false,false,14.31,10.76,0.1783,,,,13.03,12.57,,8,0.8,,,,,
S92,limited,S,2026-W33,5,0,true,false,12.62,10.23,0.1498,11.51,10.64,,11.16,10.51,,8,0.78,,,,,
S92,limited,S,2026-W34,5,0,true,false,13.05,10.22,0.1631,11.29,9.92,,12.09,11.42,,8,0.97,,,,,
S92,limited,S,2026-W35,5,0,true,false,13.46,10.84,0.1431,12.27,11.35,,11.33,10.84,,8,0.92,,,,,
S92,limited,S,2026-W36,5,0,true,false,13.54,9.49,0.2369,12.5,11.1,,11.88,11.42,,8,0.85,,,,,
S92,limited,S,2026-W37,4,0,true,false,11.67,8.85,0.1908,,,,11.33,10.89,,7,0.92,0.98,,,,
S92,limited,S,2026-W38,5,0,true,false,12.08,8.64,0.2187,9.1,7.98,,12.14,11.31,,8,0.98,0.98,,,,
S92,limited,S,2026-W39,5,0,true,false,12.03,9.09,0.1981,10.37,8.41,,11.17,10.82,,8,0.95,0.98,,,,
S92,limited,S,2026-W40,5,0,true,false,11.9,9.99,0.1076,11.05,10.55,,11.24,11,,8,0.92,0.98,,,,
S92,limited,S,2026-W41,4,0,true,false,12.38,10.08,0.1268,9.99,9.16,,12.32,11.51,,8,0.99,0.98,13,,,
S93,limited,S,2026-W18,5,0,false,false,12.66,11.36,0.0793,,,,11.13,9.87,,13,6.31,,,,,
S93,limited,S,2026-W19,5,0,false,false,11.97,10.98,0.0785,,,,11.28,10.32,,12,6.22,,,,,
S93,limited,S,2026-W20,5,0,false,false,12.28,11.25,0.0801,12.48,11.69,11.66,11.27,10.08,,15,6.72,,,,,
S93,limited,S,2026-W21,5,0,false,false,12.72,11.26,0.1161,,,,10.92,9.2,,13,6.24,,,,,
S93,limited,S,2026-W22,4,0,false,false,12.65,11.24,0.099,12.28,10.38,12.62,10.96,9.97,,15,6.76,,,,,
S93,limited,S,2026-W23,5,0,false,false,12.43,10.54,0.1157,,,,,,13.85,4,6.83,,,,,
S93,limited,S,2026-W24,5,0,false,false,14.17,12.57,0.0986,,,,,,,2,6.7,,,,,
S93,limited,S,2026-W25,3,0,false,false,14.03,12.22,0.0769,,,,,,,2,6.92,,,,,
S93,limited,S,2026-W26,5,0,false,false,11.57,8.91,0.2018,,,,,,,1,6.85,,,,,
S93,limited,S,2026-W27,3,0,true,false,13.35,12.22,0.0784,14.06,12.57,12.86,12.4,11.03,14.07,16,6.39,,,,,
S93,limited,S,2026-W28,5,0,true,false,13.6,12.21,0.0849,13.85,12.31,12.63,12.87,11.52,15.22,16,6.46,,,,,
S93,limited,S,2026-W29,5,0,true,false,13.39,12.07,0.0852,13.08,11.51,12.87,12.4,11.12,,16,6.21,,,,,
S93,limited,S,2026-W30,5,0,true,false,13.32,12.16,0.0716,13.11,11.74,12.53,13.25,11.98,,16,6.32,,,,,
S93,limited,S,2026-W31,5,0,true,false,12.89,11.7,0.0779,13.74,12.1,12.17,11.77,10.62,,16,6.36,,,,,
S93,limited,S,2026-W32,5,0,false,false,13.6,12.14,0.0945,14.43,12.66,12.66,12.4,10.76,14.43,17,6.05,,,,,
S93,limited,S,2026-W33,5,0,true,false,13.67,12.44,0.0786,14.15,12.7,13.14,12.03,10.65,15.33,17,6.11,,,,,
S93,limited,S,2026-W34,5,0,true,false,13.9,12.65,0.081,14.52,12.83,12.95,13.16,11.99,14.97,17,6.36,,,,,
S93,limited,S,2026-W35,5,0,true,false,14.07,12.71,0.0902,13.71,12.43,13.4,12.64,11.35,16.16,17,6.4,,,,,
S93,limited,S,2026-W36,5,0,true,false,13.52,12.15,0.0855,13.42,11.73,12.88,13.19,11.49,14.5,17,6.46,,,,,
S93,limited,S,2026-W37,4,0,true,false,13.05,12.06,0.0626,12.64,11.57,12.88,11.63,10.69,14.75,17,6.53,6.95,,,,
S93,limited,S,2026-W38,5,0,true,false,12.42,11.3,0.0783,12.22,10.98,12.39,11.08,10.08,13.56,17,6.92,6.95,,,,
S93,limited,S,2026-W39,5,0,true,false,12.82,11.83,0.0605,12.71,11.63,12.66,12.11,11.24,13.61,17,6.67,6.95,,,,
S93,limited,S,2026-W40,5,0,true,false,12.87,11.78,0.0757,12.56,11.93,12.65,11.86,10.89,14.18,17,7.07,6.95,,,,
S93,limited,S,2026-W41,5,0,true,false,12.86,11.65,0.0775,12.78,11.55,12.17,11.45,10.63,14.82,17,7.27,6.95,21.9,,,
S94,limited,S,2026-W18,4,0,false,false,10.22,9.39,0.0665,,,,10.27,9.63,,6,0.92,,,,,
S94,limited,S,2026-W19,5,0,false,false,10.56,9.57,0.0837,,,,11.05,10.31,,5,1.03,,,,,
S94,limited,S,2026-W20,5,0,false,false,11.78,10.88,0.0797,10.76,9.28,,11.81,11.31,,6,1,,,,,
S94,limited,S,2026-W21,5,0,false,false,10.88,9.85,0.0861,,,,10.85,10.27,,5,0.97,,,,,
S94,limited,S,2026-W22,4,0,false,false,11.7,10.52,0.0922,,,,11.74,10.11,,7,1.02,,,,,
S94,limited,S,2026-W23,5,0,false,false,10.58,10.15,0.0479,,,,,,,2,0.83,,,,,
S94,limited,S,2026-W24,3,0,false,false,9.94,11.28,0.0305,,,,,,,2,1.01,,,,,
S94,limited,S,2026-W25,2,0,false,false,5.49,,,,,,,,,2,0.55,,,,,
S94,limited,S,2026-W26,3,0,false,false,9.8,8.17,0.1221,,,,,,,1,0.94,,,,,
S94,limited,S,2026-W27,3,0,true,false,12.38,11.47,0.0575,12.39,11.36,,11.85,10.86,,8,0.94,,,,,
S94,limited,S,2026-W28,5,0,true,false,11.75,10.7,0.0807,9.89,8.68,,12.36,11.28,,8,1.08,,,,,
S94,limited,S,2026-W29,5,0,true,false,11.01,10.61,0.0571,9.99,11.1,,12.29,11.2,,9,1,,,,,
S94,limited,S,2026-W30,5,0,true,false,10.74,9.92,0.0841,10.15,8.8,,12.1,11.08,,9,0.94,,,,,
S94,limited,S,2026-W31,5,0,true,false,11.34,10.68,0.0462,11.96,11.08,,12.22,11.44,,8,1,,,,,
S94,limited,S,2026-W32,5,0,false,false,12.1,11.52,0.0556,11.74,11.4,8.93,10.49,9.63,13.9,12,0.97,,,,,
S94,limited,S,2026-W33,5,0,true,false,11.67,10.89,0.0583,11.94,10.91,,11.48,10.71,,9,1,,,,,
S94,limited,S,2026-W34,5,0,true,false,11.62,10.64,0.069,11.3,9.95,,11.72,10.78,,9,0.92,,,,,
S94,limited,S,2026-W35,5,0,true,false,11.93,11.06,0.0517,10.81,9.35,,11.8,11.11,,9,0.86,,,,,
S94,limited,S,2026-W36,5,0,true,false,12.34,11.26,0.0783,12.22,10.87,,11.33,10.59,13.69,10,0.85,,,,,
S94,limited,S,2026-W37,4,0,true,false,10.76,10.07,0.0632,10.59,10.39,,10.63,9.59,,9,0.88,1.09,,,,
S94,limited,S,2026-W38,5,0,true,false,10.94,9.84,0.0953,10.18,9.41,,10.93,9.42,11.81,11,1.01,1.09,,,,
S94,limited,S,2026-W39,5,0,true,false,11.17,10.3,0.0637,10.66,9.88,,10.83,9.99,,9,1.01,1.09,,,,
S94,limited,S,2026-W40,5,0,true,false,11.87,11.04,0.0628,10.28,9.54,,10.56,9.78,,9,1.01,1.09,,,,
S94,limited,S,2026-W41,5,0,true,false,11.55,10.47,0.0744,10.49,9.32,,10.63,9.72,13.29,10,1.1,1.09,14.4,,,
S96,limited,S,2026-W18,5,0,false,false,10.49,10.14,0.0377,,,,10.07,9.5,,7,1.39,,,,,
S96,limited,S,2026-W19,5,0,false,false,11.32,10.73,0.0558,,,,10.73,9.94,,6,1.43,,,,,
S96,limited,S,2026-W20,5,0,false,false,10.27,9.74,0.0355,,,,10.22,9.75,,8,1.37,,,,,
S96,limited,S,2026-W21,5,0,false,false,10.45,9.37,0.0946,,,,11.4,10.15,,6,1.41,,,,,
S96,limited,S,2026-W22,4,0,false,false,10.44,9.87,0.0574,8.64,7.63,,10.4,10,,9,1.28,,,,,
S96,limited,S,2026-W23,5,0,false,false,10.76,10.46,0.0261,,,,,,12.71,4,1.04,,,,,
S96,limited,S,2026-W24,4,0,false,false,12.64,11.56,0.0333,,,,,,,2,1.55,,,,,
S96,limited,S,2026-W25,3,0,false,false,11.06,9.78,0.0493,,,,,,,2,1.04,,,,,
S96,limited,S,2026-W26,2,0,false,false,17.21,,,,,,,,,1,0.99,,,,,
S96,limited,S,2026-W27,3,0,true,false,10.77,10.06,0.0589,10.63,9.53,,9.92,9.04,12.93,10,1.37,,,,,
S96,limited,S,2026-W28,5,0,true,false,10.33,9.53,0.0776,9.49,8.01,,9.86,8.76,12.72,10,1.45,,,,,
S96,limited,S,2026-W29,5,0,true,false,10.44,9.83,0.054,,,,10.24,9.71,,9,1.3,,,,,
S96,limited,S,2026-W30,5,0,true,false,10.51,9.54,0.0832,,,,11.04,10.25,,9,1.21,,,,,
S96,limited,S,2026-W31,5,0,true,false,11.2,10.69,0.0536,10.64,10.04,,12.3,11.51,,10,1.22,,,,,
S96,limited,S,2026-W32,5,0,false,false,10.75,10.09,0.0487,9.55,9.11,,12.02,11.17,12.25,11,1.23,,,,,
S96,limited,S,2026-W33,5,0,true,false,10.64,9.83,0.0771,10.91,9.33,,10.21,9.3,12.19,12,1.32,,,,,
S96,limited,S,2026-W34,5,0,true,false,11.42,10.64,0.06,11.06,9.26,,10.47,10.07,13.76,12,1.4,,,,,
S96,limited,S,2026-W35,5,0,true,false,10.64,9.92,0.0706,9.69,8.58,,11.17,10.19,12.87,13,1.47,,,,,
S96,limited,S,2026-W36,5,0,true,false,10.51,10.05,0.0495,10.49,9.28,,11.1,10.71,11.5,11,1.36,,,,,
S96,limited,S,2026-W37,4,0,true,false,10.99,9.44,0.0932,,,,11.31,10.31,12.52,10,1.28,1.62,,,,
S96,limited,S,2026-W38,5,0,true,false,10.41,9.37,0.0681,9.43,8.73,9.29,10.91,10.3,11.49,14,1.51,1.62,,,,
S96,limited,S,2026-W39,5,0,true,false,10.93,9.82,0.0838,11.37,9.5,,10.99,10.12,12.02,11,1.39,1.62,,,,
S96,limited,S,2026-W40,5,0,true,false,10.91,9.83,0.0755,9.29,7.92,,10.82,10.14,13.66,11,1.49,1.62,,,,
S96,limited,S,2026-W41,5,0,true,false,10.62,10.07,0.0448,9.98,9.87,,9.9,9.2,13.05,11,1.51,1.62,16.3,,,
S98,limited,S,2026-W18,5,0,false,false,10.53,9.45,0.0762,,,,10.69,9.71,,7,1.56,,,,,
S98,limited,S,2026-W19,5,0,false,false,11.7,10.57,0.0591,,,,10.48,9.71,,6,1.68,,,,,
S98,limited,S,2026-W20,5,0,false,false,10.65,9.67,0.0793,,,,9.5,8.79,,8,1.54,,,,,
S98,limited,S,2026-W21,5,0,false,false,11.05,9.8,0.0887,,,,10.39,9.35,,6,1.28,,,,,
S98,limited,S,2026-W22,4,0,false,false,11.09,9.49,0.0962,,,,10.51,9.22,,8,1.45,,,,,
S98,limited,S,2026-W23,5,0,false,false,11.08,10.09,0.0893,,,,,,10.81,4,1.95,,,,,
S98,limited,S,2026-W24,3,0,false,false,11.52,5.89,0.5297,,,,,,,2,1.47,,,,,
S98,limited,S,2026-W25,2,0,false,false,11.47,9.81,0.1078,,,,,,,2,1.11,,,,,
S98,limited,S,2026-W26,2,0,false,false,,,,,,,,,,1,1.12,,,,,
S98,limited,S,2026-W27,3,0,true,false,11.44,10.34,0.1153,,,,10.37,8.93,11.11,9,1.6,,,,,
S98,limited,S,2026-W28,5,0,true,false,11.89,10.59,0.0834,,,,10.6,9.62,11.97,9,1.5,,,,,
S98,limited,S,2026-W29,5,0,true,false,10.9,9.83,0.0928,11.29,10.28,,9.73,8.72,,10,1.31,,,,,
S98,limited,S,2026-W30,5,0,true,false,11.31,9.86,0.1038,,,,9.97,9.13,,10,1.43,,,,,
S98,limited,S,2026-W31,5,0,true,false,11.32,10.43,0.0667,,,,10.17,9.31,,10,1.24,,,,,
S98,limited,S,2026-W32,5,0,false,false,11.94,10.75,0.0724,,,,10.8,10.05,11.73,11,1.32,,,,,
S98,limited,S,2026-W33,5,0,true,false,11.63,10.38,0.0852,,,,10.13,9.38,11.17,11,1.32,,,,,
S98,limited,S,2026-W34,5,0,true,false,12.12,11.01,0.0692,,,,11.91,10.79,11.57,10,1.47,,,,,
S98,limited,S,2026-W35,5,0,true,false,11.74,10.59,0.0781,,,,10.37,9.88,11.2,11,1.43,,,,,
S98,limited,S,2026-W36,5,0,true,false,11.75,10.75,0.0623,,,,11.81,10.95,10.21,11,1.28,,,,,
S98,limited,S,2026-W37,4,0,true,false,10.84,9.55,0.0957,,,,10.11,8.92,10.09,11,1.4,1.67,,,,
S98,limited,S,2026-W38,5,0,true,false,11.12,9.43,0.1129,13.17,9.53,,9.67,8.87,10.39,11,1.56,1.67,,,,
S98,limited,S,2026-W39,5,0,true,false,10.63,9.75,0.0607,10.7,9.9,,9.82,9.03,9.89,12,1.48,1.67,,,,
S98,limited,S,2026-W40,5,0,true,false,11.15,10.27,0.0531,11.46,10.65,,10.05,9.14,11.53,12,1.6,1.67,,,,
S98,limited,S,2026-W41,5,0,true,false,10.54,9.8,0.0651,9.99,8.88,,9.46,8.79,11.35,11,1.61,1.67,15.7,,,
SIM1,express,X,2026-W18,5,0,false,false,15.24,13.87,0.101,,,,17.51,15.99,,7,4.68,,,,,
SIM1,express,X,2026-W19,5,0,false,false,17.09,16.23,0.0596,,,,18.33,17.63,,6,3.76,,,,,
SIM1,express,X,2026-W20,5,0,false,false,14.69,13.36,0.0995,,,6.72,17.53,16.34,,10,4.67,,,,,
SIM1,express,X,2026-W21,5,0,false,false,14.04,13.07,0.0769,,,,15.67,14.88,,7,4.32,,,,,
SIM1,express,X,2026-W22,4,0,false,false,14.94,14,0.058,14.59,13.59,,16.97,15.99,,8,4.46,,,,,
SIM1,express,X,2026-W23,2,0,false,false,17.84,16.26,0.0485,,,,,,,2,3.75,,,,,
SIM1,express,X,2026-W27,3,0,true,false,17.68,16.55,0.0582,16.16,15.41,,17.8,16.64,,10,4.35,,,,,
SIM1,express,X,2026-W28,5,0,true,false,15.98,14.49,0.096,14.89,14.07,,18.65,17.11,,10,4.35,,,,,
SIM1,express,X,2026-W29,5,0,true,false,14.55,13.68,0.0644,13.79,13.09,,16.85,15.74,,10,4.26,,,,,
SIM1,express,X,2026-W30,5,0,true,false,15.28,14.46,0.0634,13.75,13.02,,19,18.23,,11,4.29,,,,,
SIM1,express,X,2026-W31,5,0,true,false,16.06,15.18,0.0627,17.41,16.65,,16.38,15.44,,11,4.44,,,,,
SIM1,express,X,2026-W32,5,0,false,false,16.97,16.19,0.0586,20.28,19.57,,17.67,16.99,18.46,12,4.18,,,,,
SIM1,express,X,2026-W33,5,0,true,false,15.42,14.49,0.0684,15.95,15.1,,18.29,17.27,,10,4.3,,,,,
SIM1,express,X,2026-W34,5,0,true,false,16.68,15.99,0.0541,17.1,16.51,,19.05,18.37,,11,4.45,,,,,
SIM1,express,X,2026-W35,5,0,true,false,16.77,15.99,0.0588,16.11,15.28,,18.93,18.29,,10,4.37,,,,,
SIM1,express,X,2026-W36,5,0,true,false,15.39,14.49,0.053,15.11,13.91,,17.75,16.82,16.85,12,4.07,,,,,
SIM1,express,X,2026-W37,4,0,true,false,13.41,12.26,0.0798,12.13,11.25,,14.57,13.25,16.61,12,4.16,4.92,,,,
SIM1,express,X,2026-W38,5,0,true,false,13.73,12.57,0.0916,12.2,11.26,,16.77,15.81,,11,4.73,4.92,,,,
SIM1,express,X,2026-W39,5,0,true,false,15.26,14.36,0.058,14.58,13.31,,17.35,16.62,,10,4.48,4.92,,,,
SIM1,express,X,2026-W40,5,0,true,false,13.9,13.15,0.0695,12.52,11.56,,17.19,16.22,,11,4.9,4.92,,,,
SIM1,express,X,2026-W41,5,0,true,false,13.7,12.65,0.0662,13.18,12.36,,15.66,14.68,,10,5.05,4.92,17.5,,,
SIM10,express,X,2026-W18,5,0,false,false,14.27,13.39,0.0706,,,,16.9,16.07,,8,5.04,,,,,
SIM10,express,X,2026-W19,5,0,false,false,14.95,13.2,0.1154,,,,16.97,16.46,,7,4.68,,,,,
SIM10,express,X,2026-W20,5,0,false,false,14.47,13.38,0.0717,,,10.5,15.01,14.04,,11,5.28,,,,,
SIM10,express,X,2026-W21,5,0,false,false,14.59,13.33,0.0921,,,,15.53,14.39,,8,4.77,,,,,
SIM10,express,X,2026-W22,4,0,false,false,15.06,13.76,0.0891,16.51,15.87,12.02,15,14.15,,10,4.95,,,,,
SIM10,express,X,2026-W23,1,0,false,false,12.41,11.38,0.0759,,,,,,,1,3.63,,,,,
SIM10,express,X,2026-W27,3,0,true,false,15.54,14.1,0.1107,15.05,14.36,,17.17,15.93,,9,4.9,,,,,
SIM10,express,X,2026-W28,5,0,true,false,14.01,11.91,0.1638,12.88,12.03,,16.25,14.98,,10,5.1,,,,,
SIM10,express,X,2026-W29,5,0,true,false,14.83,13.4,0.1094,12.19,11.45,,16.14,14.37,,11,4.82,,,,,
SIM10,express,X,2026-W30,5,0,true,false,15.17,12.8,0.1356,13.2,12.72,,16.27,15.02,,11,4.84,,,,,
SIM10,express,X,2026-W31,5,0,true,false,14.53,13.51,0.0769,13.52,13.11,,14.65,13.61,,11,4.88,,,,,
SIM10,express,X,2026-W32,5,0,false,false,13.98,12.99,0.0806,12.92,11.95,10.4,14.75,13.85,,12,4.95,,,,,
SIM10,express,X,2026-W33,5,0,true,false,15.46,14.21,0.0946,16.14,15.02,,16.96,15.94,,12,5.04,,,,,
SIM10,express,X,2026-W34,5,0,true,false,16.44,15.19,0.0599,15.64,15.22,11.95,17.35,16.42,,12,4.83,,,,,
SIM10,express,X,2026-W35,5,0,true,false,16.79,15.26,0.0919,16.59,15.5,,16.88,15.92,,11,5.04,,,,,
SIM10,express,X,2026-W36,5,0,true,false,15.43,13.99,0.0912,14.07,12.88,15.35,16.33,15.52,,11,4.91,,,,,
SIM10,express,X,2026-W37,4,0,true,false,13.14,11.62,0.1655,11.07,10.02,11.12,16.41,15.01,15.11,13,4.75,5.77,,,,
SIM10,express,X,2026-W38,5,0,true,false,14.2,12.66,0.1112,12.44,11.69,10.36,15.62,14.72,,11,5.27,5.77,,,,
SIM10,express,X,2026-W39,5,0,true,false,13.71,11.81,0.1588,13.24,12.07,7.23,16.23,14.16,,12,5.32,5.77,,,,
SIM10,express,X,2026-W40,5,0,true,false,14.01,12.82,0.0891,13.15,12.54,,14.48,13.63,,11,5.61,5.77,,,,
SIM10,express,X,2026-W41,5,0,true,false,14.15,12.91,0.0778,13.87,13.2,10.02,15.7,14.59,16.77,13,5.51,5.77,15.6,,,
SIM11,express,X,2026-W18,5,0,false,false,15.49,11.66,0.2344,,,,17.1,16.09,20.18,7,2.48,,,,,
SIM11,express,X,2026-W19,5,0,false,false,13.88,12.15,0.1134,,,,15.36,14.12,16.39,8,2.06,,,,,
SIM11,express,X,2026-W20,5,0,false,false,14.77,11.12,0.2032,14.78,10.23,,15.92,15.23,15.73,10,2.58,,,,,
SIM11,express,X,2026-W21,5,0,false,false,14.89,12.83,0.1343,,,,18.39,17.4,14.57,8,2.48,,,,,
SIM11,express,X,2026-W22,4,0,false,false,15.71,13,0.1676,14.63,13.82,,16.77,15.27,,9,2.48,,,,,
SIM11,express,X,2026-W23,1,0,false,false,4.29,-0.31,0.46,,,,,,,1,1.98,,,,,
SIM11,express,X,2026-W27,3,0,true,false,16.67,13.52,0.1779,18.33,16.03,,16.7,15.49,,9,2.51,,,,,
SIM11,express,X,2026-W28,5,0,true,false,15.96,12.87,0.2013,19.32,17.58,,15.81,14.03,22.21,10,2.56,,,,,
SIM11,express,X,2026-W29,5,0,true,false,16.12,13.57,0.1622,16.61,15.45,,17.9,16.27,18.47,11,2.3,,,,,
SIM11,express,X,2026-W30,5,0,true,false,18.38,16.34,0.1148,17.98,16.66,,17.42,16.53,26.9,10,2.23,,,,,
SIM11,express,X,2026-W31,5,0,true,false,15.85,12.82,0.1696,16.28,14.87,,14.67,13.68,19.36,11,2.59,,,,,
SIM11,express,X,2026-W32,5,0,false,false,16.93,13.47,0.201,16.09,15.11,,17.46,16.23,26.34,11,2.4,,,,,
SIM11,express,X,2026-W33,5,0,true,false,17.51,14.36,0.193,19.45,18.06,,19.66,18.23,17.68,10,2.34,,,,,
SIM11,express,X,2026-W34,5,0,true,false,16.99,14.41,0.1577,18.4,17.64,,17.66,16.53,,11,2.29,,,,,
SIM11,express,X,2026-W35,5,0,true,false,18.06,15.02,0.1662,20.71,18.79,,17.84,17.08,22.65,12,2.25,,,,,
SIM11,express,X,2026-W36,5,0,true,false,17.18,14.58,0.1508,17.79,16.02,,18.86,17.75,,9,2.18,,,,,
SIM11,express,X,2026-W37,4,0,true,false,14.02,11.38,0.1703,13.5,12.47,,15.53,14.45,,10,2.33,2.74,,,,
SIM11,express,X,2026-W38,5,0,true,false,14.29,11.7,0.1735,13.24,12.27,,15.69,14.45,,10,2.69,2.74,,,,
SIM11,express,X,2026-W39,5,0,true,false,14.27,11.1,0.2188,15.52,13.68,,16.04,14.61,19.43,11,2.63,2.74,,,,
SIM11,express,X,2026-W40,5,0,true,false,14.84,12.23,0.1657,15.53,14.79,,16.18,15.37,,9,2.73,2.74,,,,
SIM11,express,X,2026-W41,5,0,true,false,14.65,12.62,0.1231,15.12,14.73,,15.58,14.82,16.3,11,2.56,2.74,14.8,,,
SIM15,express,X,2026-W18,5,0,false,false,13.23,11.02,0.1453,,,,14.15,12.86,,7,2.62,,,,,
SIM15,express,X,2026-W19,5,0,false,false,13.48,10.18,0.2158,,,,16.22,13.36,,8,2.72,,,,,
SIM15,express,X,2026-W20,5,0,false,false,17.94,15.5,0.1823,25.07,24.82,,14.17,12.46,,11,2.77,,,,,
SIM15,express,X,2026-W21,5,0,false,false,12.15,10.37,0.1453,,,,10.99,10.04,,8,2.62,,,,,
SIM15,express,X,2026-W22,4,0,false,false,15.44,13.57,0.14,18.6,17.97,,12.21,11.12,,9,2.93,,,,,
SIM15,express,X,2026-W23,2,0,false,false,14.23,12.68,0.118,,,,,,,2,2.21,,,,,
SIM15,express,X,2026-W27,3,0,true,false,17.42,15.22,0.1528,16.1,14.39,,12.37,10.83,,10,2.56,,,,,
SIM15,express,X,2026-W28,5,0,true,false,17.37,13.92,0.2032,16.25,14.09,,14.54,12.96,16.05,11,2.63,,,,,
SIM15,express,X,2026-W29,5,0,true,false,14.44,12.24,0.1623,15.17,13.7,,15.58,14.32,,11,2.54,,,,,
SIM15,express,X,2026-W30,5,0,true,false,13.48,11.24,0.1528,14.14,13.12,,15.11,13.71,,11,2.44,,,,,
SIM15,express,X,2026-W31,5,0,true,false,15.58,12.82,0.1595,17.79,15.75,,13.36,12.2,,11,2.46,,,,,
SIM15,express,X,2026-W32,5,0,false,false,16.32,13.68,0.1478,15.95,14.63,,16.91,15.05,,12,2.43,,,,,
SIM15,express,X,2026-W33,5,0,true,false,15.22,13.23,0.1367,16.65,15.55,,14.55,13.58,,12,2.33,,,,,
SIM15,express,X,2026-W34,5,0,true,false,16.7,14.11,0.1587,18.11,17.17,16.46,14.93,13.64,,13,2.44,,,,,
SIM15,express,X,2026-W35,5,0,true,false,16.03,14.08,0.1484,17.82,16.21,,15.62,14.32,,12,2.44,,,,,
SIM15,express,X,2026-W36,5,0,true,false,14.96,12.92,0.1439,16.46,15.44,,15.34,14.46,,10,2.37,,,,,
SIM15,express,X,2026-W37,4,0,true,false,12.45,10.2,0.1783,13.08,12.31,,12.56,10.82,,10,2.39,2.92,,,,
SIM15,express,X,2026-W38,5,0,true,false,12.53,10.51,0.1511,12.67,11.9,,12.6,11.8,,11,2.74,2.92,,,,
SIM15,express,X,2026-W39,5,0,true,false,12.82,10.53,0.1796,14.54,12.82,,14.22,13.14,,11,2.73,2.92,,,,
SIM15,express,X,2026-W40,5,0,true,false,12.96,10.74,0.1651,14.5,13.36,,12.39,11.13,,11,2.83,2.92,,,,
SIM15,express,X,2026-W41,4,0,true,false,12.5,10.81,0.1364,14.24,13.61,,13.66,12.48,,12,2.76,2.92,12.7,,,
SIM1C,express,X,2026-W17,0,2,false,true,,,,,,,,,,,,,,15.6,14.21,9.51
SIM1C,express,X,2026-W18,5,2,false,false,13.36,12.47,0.0637,,,,9.42,9.72,,13,8.64,,,16.55,15.04,8.51
SIM1C,express,X,2026-W19,5,2,false,true,13.54,12.55,0.0634,,,,10.82,9.76,,12,8.54,,,16.46,14.98,9.7
SIM1C,express,X,2026-W20,5,2,false,true,13.05,12.22,0.0652,12.39,11.87,12.25,13,12.24,,15,8.79,,,14.67,13.36,9.62
SIM1C,express,X,2026-W21,5,2,false,false,13.69,12.41,0.0823,,,,10.08,8.39,,13,10.27,,,17.41,16.09,9.17
SIM1C,express,X,2026-W22,4,2,false,true,13.36,12.19,0.0712,14.02,13,13.3,11.02,10.06,,15,9.02,,,16.99,15.77,9.56
SIM1C,express,X,2026-W23,5,2,false,true,13.86,12.66,0.0668,,,,,,15.13,4,9.47,,,15.93,14.66,9.79
SIM1C,express,X,2026-W24,5,1,false,false,14.95,13.47,0.0753,,,,,,,2,9.38,,,18.04,16.26,6.73
SIM1C,express,X,2026-W25,3,2,false,false,14.18,13.2,0.0661,,,,,,,2,9.44,,,18.28,17.23,9.42
SIM1C,express,X,2026-W26,5,2,false,false,13.96,12.92,0.0763,,,,,,,1,9.23,,,17.27,16,8.05
SIM1C,express,X,2026-W27,3,2,true,true,14.78,13.7,0.0662,14.64,13.76,14.35,15.06,14.16,14.79,16,8.73,,,17.75,16.46,8.16
SIM1C,express,X,2026-W28,5,2,true,true,14,12.98,0.0593,14.43,13.49,14.06,11.88,10.97,14.67,16,8.87,,,16.41,15.19,8.88
SIM1C,express,X,2026-W29,5,2,true,true,13.66,12.72,0.0693,15.85,15.34,13.39,9.36,8.26,,16,9.11,,,16.99,15.62,9.09
SIM1C,express,X,2026-W30,5,2,true,true,13.56,12.51,0.0569,14.95,14.32,13.64,11.31,10.36,,16,8.42,,,15.46,14.23,9.94
SIM1C,express,X,2026-W31,5,2,true,true,13.24,12.19,0.0606,13.91,12.9,13,10.71,9.83,,16,9.01,,,15.5,14.13,9.8
SIM1C,express,X,2026-W32,5,2,false,true,14.37,13.32,0.0557,14.86,13.89,13.81,10.56,9.82,16.34,17,8.45,,,15.41,14.13,9.39
SIM1C,express,X,2026-W33,5,2,true,true,14.37,13.46,0.0549,13.9,13.22,13.51,12.76,11.99,15.26,17,8.37,,,16.37,15.06,8.06
SIM1C,express,X,2026-W34,5,2,true,true,14.77,13.75,0.0589,16.47,15.8,13.89,13.85,12.42,15.6,17,8.6,,,16.28,15.15,8.69
SIM1C,express,X,2026-W35,5,2,true,true,14.83,13.86,0.0497,15.75,15.19,14.74,13.27,12.31,15.99,17,8.38,,,15.39,13.95,9.61
SIM1C,express,X,2026-W36,5,2,true,true,14.59,13.5,0.059,16.65,15.51,13.73,13.47,12.25,14.84,17,8.86,,,16.54,15.36,8.62
SIM1C,express,X,2026-W37,4,2,true,true,12.83,11.76,0.0747,14.09,13.36,11.77,11.56,10.15,14.05,17,8.44,9.62,,15.44,14.25,10
SIM1C,express,X,2026-W38,5,2,true,true,13.73,12.74,0.0604,15.45,14.8,12.09,11.29,10.49,15.98,17,9.1,9.62,,15.75,14.45,9.77
SIM1C,express,X,2026-W39,5,2,true,true,13.41,12.1,0.0862,15.32,14.11,12.25,12.04,10.12,14.99,17,9.58,9.62,,15.64,14.48,8.64
SIM1C,express,X,2026-W40,5,2,true,false,13.85,12.78,0.0643,14.5,13.89,12.85,12.77,11.34,15.8,17,9.66,9.62,,14.84,13.74,10.34
SIM1C,express,X,2026-W41,5,0,true,false,14.06,12.95,0.0689,15.91,15.08,12.36,11.98,10.89,14.27,17,9.36,9.62,16.5,,,
SIM2,express,X,2026-W18,5,0,false,false,16.82,14.32,0.1206,,,,21.69,19.69,,8,3.34,,,,,
SIM2,express,X,2026-W19,5,0,false,false,20.57,18.96,0.0589,,,,24.28,23.52,,8,2.55,,,,,
SIM2,express,X,2026-W20,5,0,false,false,19.17,17.2,0.083,17.03,17.1,,22.94,21.37,,11,3.08,,,,,
SIM2,express,X,2026-W21,5,0,false,false,20.28,18.37,0.0587,,,,20.33,19.9,,10,3.26,,,,,
SIM2,express,X,2026-W22,4,0,false,false,20.45,18.42,0.0714,20.4,18.99,,21.36,20.62,,11,3.46,,,,,
SIM2,express,X,2026-W23,2,0,false,false,21.69,18.31,0.1376,,,,,,24.69,3,3.39,,,,,
SIM2,express,X,2026-W24,1,0,false,false,40.56,30.04,0.3711,,,,,,,1,2.97,,,,,
SIM2,express,X,2026-W25,1,0,false,false,15.37,14.75,0.0139,,,,,,,1,3.31,,,,,
SIM2,express,X,2026-W27,3,0,true,false,19.41,17.44,0.0704,26.69,25.79,,20.9,20.46,17.35,11,2.9,,,,,
SIM2,express,X,2026-W28,5,0,true,false,19.32,17.36,0.0699,25.14,24.59,,22.23,20.51,21.1,12,3.12,,,,,
SIM2,express,X,2026-W29,5,0,true,false,21.98,19.94,0.0753,25.17,24.4,,22.08,21.39,,12,2.77,,,,,
SIM2,express,X,2026-W30,5,0,true,false,23.13,21.19,0.0669,25.84,25.18,,22.98,22.29,30.29,12,2.7,,,,,
SIM2,express,X,2026-W31,5,0,true,false,22.04,18.81,0.11,24.57,23.89,,19.5,18.67,30.44,13,2.92,,,,,
SIM2,express,X,2026-W32,5,0,false,false,24.82,22.53,0.0724,30.49,29.5,,21.36,20.42,26.93,14,2.7,,,,,
SIM2,express,X,2026-W33,5,0,true,false,22.28,20.33,0.0719,30.43,29.2,,21.51,20.76,24.02,13,2.71,,,,,
SIM2,express,X,2026-W34,5,0,true,false,20.78,19.15,0.054,24.8,23.35,,22.6,21.98,17.03,13,2.97,,,,,
SIM2,express,X,2026-W35,5,0,true,false,22.93,21.06,0.0544,29.59,28.87,,22.64,21.97,22.24,13,2.73,,,,,
SIM2,express,X,2026-W36,5,0,true,false,21.14,18.66,0.0877,23.69,21.86,,22.87,22.05,20.75,13,2.67,,,,,
SIM2,express,X,2026-W37,4,0,true,false,17.62,15.47,0.102,19.54,18.45,,19.42,18,18.89,13,2.85,3.38,,,,
SIM2,express,X,2026-W38,5,0,true,false,18.89,17.61,0.0641,17.36,16.79,,19.66,18.93,22.94,13,3.32,3.38,,,,
SIM2,express,X,2026-W39,5,0,true,false,19.78,18.26,0.0516,19.86,19.47,,21.6,21.15,22.53,13,2.98,3.38,,,,
SIM2,express,X,2026-W40,5,0,true,false,18.93,17.08,0.0714,20.02,19.09,,20.28,19.4,21.35,12,3.37,3.38,,,,
SIM2,express,X,2026-W41,5,0,true,false,18.24,16.45,0.0625,19.81,19.2,,18.75,18.11,25.26,13,3.45,3.38,13,,,
SIM22,express,X,2026-W18,5,0,false,false,19.97,17.12,0.1173,,,,20.48,19.38,,7,2.28,,,,,
SIM22,express,X,2026-W19,5,0,false,false,21.34,19.23,0.0611,,,,21.52,21.21,,8,2.35,,,,,
SIM22,express,X,2026-W20,5,0,false,false,19.05,17.72,0.1117,16.03,21.27,,20.85,20.04,,10,2.35,,,,,
SIM22,express,X,2026-W21,5,0,false,false,17.32,14.58,0.1246,,,,19.95,18.97,,8,2.59,,,,,
SIM22,express,X,2026-W22,4,0,false,false,20.48,17.76,0.1091,18.88,17.32,,22.6,21.61,,9,2.68,,,,,
SIM22,express,X,2026-W23,2,0,false,false,20.61,19.23,0.1088,,,,,,,2,2.29,,,,,
SIM22,express,X,2026-W27,3,0,true,false,20.03,17.47,0.0894,19.52,18.25,15.42,19.35,18.39,,11,2.4,,,,,
SIM22,express,X,2026-W28,5,0,true,false,19.19,16.38,0.105,21.71,20.25,8.41,18.95,17.68,,12,2.41,,,,,
SIM22,express,X,2026-W29,5,0,true,false,19.97,17.44,0.1042,20.74,18.82,,19.05,17.55,,11,2.3,,,,,
SIM22,express,X,2026-W30,5,0,true,false,20.17,17.7,0.1053,20.19,18.48,,21.53,20.64,,11,2.22,,,,,
SIM22,express,X,2026-W31,5,0,true,false,18.36,15.89,0.0967,17.93,16.02,,21.03,20.07,,11,2.55,,,,,
SIM22,express,X,2026-W32,5,0,false,false,20.99,18.4,0.0964,20.06,19.19,,22.59,21.47,,11,2.21,,,,,
SIM22,express,X,2026-W33,5,0,true,false,20.12,17.31,0.1018,20.71,18.61,15.95,21.04,19.54,,12,2.33,,,,,
SIM22,express,X,2026-W34,5,0,true,false,20.4,17.87,0.0946,19.99,18.24,14.05,22.17,21.25,,12,2.43,,,,,
SIM22,express,X,2026-W35,5,0,true,false,20.68,17.47,0.1232,20.13,17.98,17.21,20.49,19.35,,11,2.46,,,,,
SIM22,express,X,2026-W36,5,0,true,false,21.36,18.93,0.0781,22.68,21.2,,20.76,19.72,,10,2.24,,,,,
SIM22,express,X,2026-W37,4,0,true,false,18.77,16.16,0.1035,19.51,17.59,,20.25,19.25,,10,2.4,2.72,,,,
SIM22,express,X,2026-W38,5,0,true,false,19.94,17.59,0.0971,20.34,19.27,12.27,19.68,18.95,23.78,13,2.48,2.72,,,,
SIM22,express,X,2026-W39,5,0,true,false,18.15,14.8,0.1556,17.9,15.97,,20.59,18.76,21.94,12,2.49,2.72,,,,
SIM22,express,X,2026-W40,5,0,true,false,18.59,16.38,0.0957,15.8,14.8,11.93,20.31,19.39,,11,2.54,2.72,,,,
SIM22,express,X,2026-W41,5,0,true,false,18.49,15.78,0.1087,19.64,17.1,,18.27,17.62,,11,2.62,2.72,16,,,
SIM23,express,X,2026-W18,5,0,false,false,15.11,14.59,0.0809,,,,20.08,19.47,,6,0.89,,,,,
SIM23,express,X,2026-W19,5,0,false,false,12.13,11.55,0.0814,,,,15.04,14.19,,7,1.06,,,,,
SIM23,express,X,2026-W20,5,0,false,false,19.49,18.66,0.0857,,,,21.04,20.1,23.75,9,1.16,,,,,
SIM23,express,X,2026-W21,5,0,false,false,17.33,16.06,0.0973,,,,18.94,16.57,26.23,7,1.19,,,,,
SIM23,express,X,2026-W22,4,0,false,false,16.99,15.92,0.1004,16.5,15.75,,21.12,20.02,,8,1.09,,,,,
SIM23,express,X,2026-W27,3,0,true,false,19.48,18.21,0.0924,28.92,27.98,,19.72,18.15,,9,1.1,,,,,
SIM23,express,X,2026-W28,5,0,true,false,17.94,16.78,0.1024,16.75,15.49,,19.13,18.27,,9,1.17,,,,,
SIM23,express,X,2026-W29,5,0,true,false,17.44,16.67,0.1122,17.19,16.26,,18.18,17.05,25.65,10,1.02,,,,,
SIM23,express,X,2026-W30,5,0,true,false,17.87,16.21,0.1077,,,,20.2,19,21.7,9,1.05,,,,,
SIM23,express,X,2026-W31,5,0,true,false,14.22,13.29,0.1102,21.42,19.21,,17.76,16.77,16.92,10,1.27,,,,,
SIM23,express,X,2026-W32,5,0,false,false,17.65,16.3,0.0831,15.69,14.62,,22.3,20.47,,10,1.03,,,,,
SIM23,express,X,2026-W33,5,0,true,false,18.86,17.91,0.0873,18.76,17.33,,22.87,21.61,32.04,11,1,,,,,
SIM23,express,X,2026-W34,5,0,true,false,18.79,17.69,0.1027,19.92,18.19,,20.11,18.7,,10,1.09,,,,,
SIM23,express,X,2026-W35,5,0,true,false,20.13,18.83,0.0693,18.43,17.66,,21.46,20.31,,10,1.04,,,,,
SIM23,express,X,2026-W36,5,0,true,false,18.84,17.06,0.1019,18.61,16.41,,19.08,18.03,,9,1,,,,,
SIM23,express,X,2026-W37,4,0,true,false,15.34,14.39,0.1245,11.71,10.82,,21.53,20.33,,10,0.98,1.17,,,,
SIM23,express,X,2026-W38,5,0,true,false,17.44,16.5,0.1204,16.07,14.86,,17.2,16.49,,10,1.07,1.17,,,,
SIM23,express,X,2026-W39,5,0,true,false,16.29,15.12,0.0971,14.34,13.32,12.45,18,17.41,,11,1.08,1.17,,,,
SIM23,express,X,2026-W40,5,0,true,false,16.58,15.63,0.0841,15.07,14.39,,18.08,16.97,,10,1.15,1.17,,,,
SIM23,express,X,2026-W41,5,0,true,false,15.28,14.15,0.1335,17.07,15.99,,18.76,17.69,22.77,11,1.3,1.17,12.8,,,
SIM24,express,X,2026-W18,5,0,false,false,12.87,11.9,0.0644,,,,14.29,12.69,,6,0.9,,,,,
SIM24,express,X,2026-W19,5,0,false,false,18.34,18.09,0.0439,,,,24.11,23.5,17.44,6,0.63,,,,,
SIM24,express,X,2026-W20,5,0,false,false,17.87,17.24,0.0443,,,,16.35,15.26,19.73,8,1.06,,,,,
SIM24,express,X,2026-W21,5,0,false,false,17.32,16.05,0.1349,,,,15.54,14.93,21.92,7,1.1,,,,,
SIM24,express,X,2026-W22,4,0,false,false,21.79,20.83,0.0459,18.19,17.05,,27.14,25.66,,8,1.04,,,,,
SIM24,express,X,2026-W23,1,0,false,false,,,,,,,,,,1,0.72,,,,,
SIM24,express,X,2026-W27,3,0,true,false,17.1,16.7,0.0406,19.05,18.82,,19.62,18.7,13.95,9,0.9,,,,,
SIM24,express,X,2026-W28,5,0,true,false,20.5,18.65,0.0879,18.63,14.99,,22.44,20.93,34.49,9,0.96,,,,,
SIM24,express,X,2026-W29,5,0,true,false,17.62,16.29,0.0996,20.59,18.94,,19.64,17.81,24.46,10,0.93,,,,,
SIM24,express,X,2026-W30,5,0,true,false,17.27,16.18,0.0751,20.67,19.79,,21.91,20.41,18.45,10,0.96,,,,,
SIM24,express,X,2026-W31,5,0,true,false,18.44,17.65,0.0467,22.09,19.46,9.47,23.75,22.33,19.17,11,1.06,,,,,
SIM24,express,X,2026-W32,5,0,false,false,23.45,20.86,0.0928,18.71,17.51,,26.26,24.97,32.85,10,0.86,,,,,
SIM24,express,X,2026-W33,5,0,true,false,19.4,18.64,0.0533,19.31,18.29,,20.13,19.05,20.45,11,0.94,,,,,
SIM24,express,X,2026-W34,5,0,true,false,23.63,22.41,0.0453,22,20.78,19.99,21.65,20.49,29.85,11,0.96,,,,,
SIM24,express,X,2026-W35,5,0,true,false,21.32,20.25,0.0565,20.32,18.29,,21.06,19.55,,9,1,,,,,
SIM24,express,X,2026-W36,5,0,true,false,20.45,20.3,0.0423,17.57,16.43,,21.57,20.97,,9,0.95,,,,,
SIM24,express,X,2026-W37,4,0,true,false,18.9,17.43,0.0792,14.72,12.5,,19.15,17.45,,9,1.01,1.07,,,,
SIM24,express,X,2026-W38,5,0,true,false,20.1,19.62,0.044,17.41,16.47,,20.41,20.14,,9,1.01,1.07,,,,
SIM24,express,X,2026-W39,5,0,true,false,20.23,18.61,0.0932,16.9,15.54,13.13,21.88,20.08,,10,1.05,1.07,,,,
SIM24,express,X,2026-W40,5,0,true,false,20.35,19.66,0.0412,14.79,13.65,,23.81,22.89,,9,1.08,1.07,,,,
SIM24,express,X,2026-W41,5,0,true,false,19.05,17.95,0.0709,15.21,13.69,7.97,19.49,18.08,31.9,11,1.12,1.07,12.7,,,
SIM25,express,X,2026-W18,5,0,false,false,19.46,18.2,0.0717,,,,19.07,18.37,,7,2.61,,,,,
SIM25,express,X,2026-W19,5,0,false,false,21.18,20.43,0.0481,,,,22.08,21.23,,8,2.59,,,,,
SIM25,express,X,2026-W20,5,0,false,false,17.22,17.33,0.0872,16.61,20.11,,20.15,19.45,,10,2.95,,,,,
SIM25,express,X,2026-W21,5,0,false,false,15.59,13.95,0.1307,,,,19.57,18.65,,8,3.07,,,,,
SIM25,express,X,2026-W22,4,0,false,false,18.45,17.64,0.0658,20.78,20.15,,20.52,19.67,,10,2.67,,,,,
SIM25,express,X,2026-W23,2,0,false,false,14,13.54,0.0745,,,,,,,2,2.46,,,,,
SIM25,express,X,2026-W24,1,0,false,false,15.8,17.06,0.0268,,,,,,,1,2.68,,,,,
SIM25,express,X,2026-W27,3,0,true,false,18.78,18.14,0.0513,22.56,21.4,,21.94,21.07,,10,2.61,,,,,
SIM25,express,X,2026-W28,5,0,true,false,18.25,17.18,0.0781,22.91,21.21,,22.52,21,22.57,11,2.76,,,,,
SIM25,express,X,2026-W29,5,0,true,false,18.95,16.37,0.172,23.31,20.78,,19.97,18.58,,11,2.39,,,,,
SIM25,express,X,2026-W30,5,0,true,false,18.94,17.71,0.0707,23.25,22.45,,21.5,20.19,23.95,11,2.62,,,,,
SIM25,express,X,2026-W31,5,0,true,false,17.7,16.43,0.0795,19.95,18.02,,21.17,19.59,24.93,12,2.85,,,,,
SIM25,express,X,2026-W32,5,0,false,false,22.05,19.46,0.1065,24.85,22.76,,20.97,19.95,23.29,12,2.48,,,,,
SIM25,express,X,2026-W33,5,0,true,false,19.88,17.65,0.1319,22.92,20.58,,21.81,20.25,24.47,13,2.71,,,,,
SIM25,express,X,2026-W34,5,0,true,false,18.91,17.87,0.0774,19.14,17.59,,21.37,20.29,28.63,12,2.91,,,,,
SIM25,express,X,2026-W35,5,0,true,false,19.07,17.43,0.1075,21.58,19.34,,21.12,19.85,24.74,12,2.75,,,,,
SIM25,express,X,2026-W36,5,0,true,false,18.65,17.23,0.0734,22.36,20.62,,21.61,20.78,24.58,13,2.52,,,,,
SIM25,express,X,2026-W37,4,0,true,false,16.56,15.3,0.0807,19.22,17.39,,20.1,19.07,22.62,12,2.7,3.14,,,,
SIM25,express,X,2026-W38,5,0,true,false,16.36,15.43,0.0818,20.05,19.01,,18.74,18.07,21.49,13,2.78,3.14,,,,
SIM25,express,X,2026-W39,5,0,true,false,18.39,17.06,0.1022,18.38,16.5,,23.44,21.55,27.48,12,2.71,3.14,,,,
SIM25,express,X,2026-W40,5,0,true,false,18.25,17.31,0.0699,17.27,15.9,,22.12,21.1,28.21,12,3.03,3.14,,,,
SIM25,express,X,2026-W41,5,0,true,false,16.56,15.76,0.0654,19.92,18.05,,18.42,17.77,23.96,13,3.18,3.14,12.7,,,
SIM26,express,X,2026-W18,5,0,false,false,19.57,18.54,0.0592,,,,18.77,18.28,,7,2.78,,,,,
SIM26,express,X,2026-W19,5,0,false,false,21.59,20.79,0.0521,,,,21.24,20.48,,8,2.86,,,,,
SIM26,express,X,2026-W20,5,0,false,false,20.78,19.05,0.0977,22.52,20.35,,21.18,20.3,,11,2.92,,,,,
SIM26,express,X,2026-W21,5,0,false,false,16.9,15.98,0.0758,,,,19.7,18.83,,9,3.09,,,,,
SIM26,express,X,2026-W22,4,0,false,false,18.37,17.52,0.0439,18.03,16.96,,23.26,22.33,,11,2.87,,,,,
SIM26,express,X,2026-W23,2,0,false,false,11.95,9.76,0.1286,,,,,,19.88,3,2.43,,,,,
SIM26,express,X,2026-W24,1,0,false,false,8.09,5.53,0.0505,,,,,,,1,2.8,,,,,
SIM26,express,X,2026-W27,3,0,true,false,22.63,21.66,0.0474,28.01,26.65,,21.84,20.8,31.34,12,2.77,,,,,
SIM26,express,X,2026-W28,5,0,true,false,19.93,19,0.0611,21.94,21.33,,20.16,19.26,26.13,12,2.97,,,,,
SIM26,express,X,2026-W29,5,0,true,false,18.96,18.11,0.0679,22.94,22.13,,19.08,18.48,,12,2.57,,,,,
SIM26,express,X,2026-W30,5,0,true,false,20.4,19.25,0.0537,18.46,16.96,,21.99,21.21,26.15,13,2.67,,,,,
SIM26,express,X,2026-W31,5,0,true,false,19.64,18.82,0.0504,18.39,16.28,,20.77,20.19,28.2,13,3.05,,,,,
SIM26,express,X,2026-W32,5,0,false,false,20.61,19.66,0.049,20.06,19.46,,21.97,20.9,24.3,13,2.82,,,,,
SIM26,express,X,2026-W33,5,0,true,false,20.44,19.04,0.0667,21.32,19.68,,20.85,19.74,29,13,2.89,,,,,
SIM26,express,X,2026-W34,5,0,true,false,21.84,20.67,0.0529,20.39,18.26,14.32,22.19,20.89,31.07,14,2.97,,,,,
SIM26,express,X,2026-W35,5,0,true,false,21.49,20.47,0.0399,21.5,19.71,,22.97,21.97,28.5,13,2.72,,,,,
SIM26,express,X,2026-W36,5,0,true,false,21.31,20.4,0.0519,21.89,20.77,,21.59,20.41,31.19,13,2.79,,,,,
SIM26,express,X,2026-W37,4,0,true,false,19.67,19.16,0.0654,18.25,16.49,,19.53,17.96,30.96,13,2.7,3.45,,,,
SIM26,express,X,2026-W38,5,0,true,false,19.18,18.28,0.0526,18.82,17.7,,17.96,17.47,31.35,13,3.11,3.45,,,,
SIM26,express,X,2026-W39,5,0,true,false,18.74,17.03,0.1115,17.38,15.51,,18.51,16.53,30.65,13,3.2,3.45,,,,
SIM26,express,X,2026-W40,5,0,true,false,18.86,18.06,0.0481,16.16,14.77,,20.96,20.52,27.35,13,3.3,3.45,,,,
SIM26,express,X,2026-W41,5,0,true,false,19.47,18.42,0.0537,19.89,17.75,,19.29,18.05,31.46,13,3.3,3.45,15.4,,,
SIM3,express,X,2026-W18,5,0,false,false,10.67,9.45,0.1537,,,,15.34,14.51,,6,2.59,,,,,
SIM3,express,X,2026-W19,5,0,false,false,11.88,11.56,0.1028,,,,13.55,13.05,,7,2.52,,,,,
SIM3,express,X,2026-W20,5,0,false,false,13.4,12.02,0.109,15.31,13.45,8.46,15.15,14.19,,11,2.95,,,,,
SIM3,express,X,2026-W21,5,0,false,false,13.16,12.58,0.0528,,,,15.03,14.1,13.91,8,2.88,,,,,
SIM3,express,X,2026-W22,4,0,false,false,13.05,11.8,0.1282,16.91,15.83,,14.08,13.17,,9,2.87,,,,,
SIM3,express,X,2026-W23,1,0,false,false,,9.44,0.4847,,,,,,,1,2.5,,,,,
SIM3,express,X,2026-W27,3,0,true,false,15.45,13.71,0.1548,21.11,19.94,,15.56,14.7,18.75,11,2.56,,,,,
SIM3,express,X,2026-W28,5,0,true,false,13.51,11.86,0.1809,18.17,17.41,,15.47,14.02,19.41,11,2.59,,,,,
SIM3,express,X,2026-W29,5,0,true,false,14.01,12.02,0.1755,18.57,17.15,,15.5,14.03,,10,2.52,,,,,
SIM3,express,X,2026-W30,5,0,true,false,14.37,12.88,0.1386,18.51,16.78,,14.94,14.04,,10,2.46,,,,,
SIM3,express,X,2026-W31,5,0,true,false,14.59,13.33,0.0821,17.03,16.37,,13.99,13.22,15.01,13,2.5,,,,,
SIM3,express,X,2026-W32,5,0,false,false,14.62,12.61,0.1985,18.03,17.22,,14.4,13.55,20.76,11,2.52,,,,,
SIM3,express,X,2026-W33,5,0,true,false,14.7,12.74,0.2009,20.52,19.33,,15.36,14.42,19.68,11,2.46,,,,,
SIM3,express,X,2026-W34,5,0,true,false,13.66,12.84,0.0408,19.51,18.54,8.65,16.91,15.8,6.76,13,2.54,,,,,
SIM3,express,X,2026-W35,5,0,true,false,13.5,12.03,0.1159,17.6,16.66,,15.93,14.95,10.7,12,2.61,,,,,
SIM3,express,X,2026-W36,5,0,true,false,13.28,12.04,0.1385,17.99,16.86,,15.53,14.84,,12,2.48,,,,,
SIM3,express,X,2026-W37,4,0,true,false,10.52,9.26,0.1619,12.49,11.54,,13.93,12.61,,11,2.58,3.02,,,,
SIM3,express,X,2026-W38,5,0,true,false,11.03,9.88,0.1769,14.55,13.6,,14.29,13.44,,11,3.03,3.02,,,,
SIM3,express,X,2026-W39,5,0,true,false,11.86,9.92,0.19,15.46,14.39,,16.75,13.57,,11,2.86,3.02,,,,
SIM3,express,X,2026-W40,5,0,true,false,10.92,9.99,0.126,15.07,14.2,,12.91,12.24,,11,3.02,3.02,,,,
SIM3,express,X,2026-W41,5,0,true,false,11.48,10.34,0.1777,14.99,14,,13.87,13.25,,11,2.98,3.02,13.5,,,
SIM30,express,X,2026-W18,5,0,false,false,13.35,12.12,0.1448,,,,17.91,16.22,,7,2.5,,,,,
SIM30,express,X,2026-W19,5,0,false,false,13.13,11.11,0.1813,,,,15.21,14.14,,7,2.27,,,,,
SIM30,express,X,2026-W20,5,0,false,false,13.25,12.29,0.0856,,,5.45,14.03,13.01,,9,2.58,,,,,
SIM30,express,X,2026-W21,5,0,false,false,13.51,12.23,0.1698,,,,16.36,14.8,,7,2.47,,,,,
SIM30,express,X,2026-W22,4,0,false,false,14.88,13.86,0.1226,18.01,16.16,6.02,15.56,14.49,,9,2.75,,,,,
SIM30,express,X,2026-W23,2,0,false,false,10.07,10.1,0.0885,,,,,,,2,1.88,,,,,
SIM30,express,X,2026-W27,3,0,true,false,15.7,14.77,0.1077,15.16,14.43,,19.77,18.31,,9,2.49,,,,,
SIM30,express,X,2026-W28,5,0,true,false,14.55,13.38,0.0943,16.19,14.91,,16.47,15,,9,2.56,,,,,
SIM30,express,X,2026-W29,5,0,true,false,15.08,13.52,0.1234,16.31,14.54,,17.15,15.28,,10,2.41,,,,,
SIM30,express,X,2026-W30,5,0,true,false,14.53,13.74,0.0702,17.07,16.04,,19.17,18.04,15.05,11,2.48,,,,,
SIM30,express,X,2026-W31,5,0,true,false,14.99,12.69,0.1488,17.26,12.41,,15.31,14.25,,11,2.54,,,,,
SIM30,express,X,2026-W32,5,0,false,false,16.89,15.84,0.0838,25.32,24.77,5.65,16.86,15.98,14.45,12,2.34,,,,,
SIM30,express,X,2026-W33,5,0,true,false,13.48,12.22,0.1619,13.66,12.41,,15.32,14.37,,10,2.6,,,,,
SIM30,express,X,2026-W34,5,0,true,false,15.52,13.76,0.1073,14.7,13.35,8.19,17.8,16.71,17.25,12,2.8,,,,,
SIM30,express,X,2026-W35,5,0,true,false,14.16,11.98,0.1628,16.05,14.74,5.48,16.33,15.17,,11,2.43,,,,,
SIM30,express,X,2026-W36,5,0,true,false,13.98,12.67,0.194,15.25,14.85,,15.24,13.98,,10,2.35,,,,,
SIM30,express,X,2026-W37,4,0,true,false,13.75,12.74,0.1175,13.07,11.68,4.47,14.36,12.03,18.13,12,2.55,2.88,,,,
SIM30,express,X,2026-W38,5,0,true,false,15.01,14.64,0.0997,14.04,13.15,,13.44,12.17,22.32,12,2.53,2.88,,,,
SIM30,express,X,2026-W39,5,0,true,false,12.53,10.95,0.1859,13.09,11.58,2.41,15.44,13.09,13.42,12,2.64,2.88,,,,
SIM30,express,X,2026-W40,5,0,true,false,14.04,12.82,0.123,15.41,13.84,,15.16,13.67,,9,2.74,2.88,,,,
SIM30,express,X,2026-W41,5,0,true,false,12.5,11.74,0.0774,14.12,12.62,,13.65,12.95,14.22,11,2.81,2.88,11.8,,,
SIM31,express,X,2026-W18,5,0,false,false,15.65,15.01,0.0537,,,,16.36,15.65,,7,2.44,,,,,
SIM31,express,X,2026-W19,5,0,false,false,15.27,14.98,0.0397,,,,13.03,12.29,,7,1.91,,,,,
SIM31,express,X,2026-W20,5,0,false,false,14.1,13.57,0.0576,,,4.77,13.39,12.42,,9,2.39,,,,,
SIM31,express,X,2026-W21,5,0,false,false,14.78,14,0.0549,,,,15.18,14.01,,8,2.33,,,,,
SIM31,express,X,2026-W22,4,0,false,false,16.71,16.21,0.0256,17.64,17.18,7,15.52,14.55,,9,2.27,,,,,
SIM31,express,X,2026-W23,2,0,false,false,6.69,6.53,0.0446,,,,,,,2,1.96,,,,,
SIM31,express,X,2026-W27,3,0,true,false,16.44,15.75,0.0399,15.68,14.62,8.26,17.43,16.38,,10,2.04,,,,,
SIM31,express,X,2026-W28,5,0,true,false,15.46,14.5,0.067,14.79,14.01,7.64,16.32,14.31,,10,2.27,,,,,
SIM31,express,X,2026-W29,5,0,true,false,16.38,15.65,0.0754,18.37,17.83,,13.84,12.21,,10,2.05,,,,,
SIM31,express,X,2026-W30,5,0,true,false,18.66,17.68,0.0492,17.09,15.64,,16.46,15.52,,10,2.01,,,,,
SIM31,express,X,2026-W31,5,0,true,false,15.88,15.18,0.0675,14.83,13.68,7.05,15.4,14.32,,11,2.37,,,,,
SIM31,express,X,2026-W32,5,0,false,false,15.65,14.95,0.0275,15.73,15.01,6.67,15.02,13.94,,11,2.17,,,,,
SIM31,express,X,2026-W33,5,0,true,false,16.08,14.56,0.0879,16.58,15.5,,14.56,13.16,,10,2.17,,,,,
SIM31,express,X,2026-W34,5,0,true,false,16.73,15.32,0.0663,17.95,16.72,10.99,16.33,14.94,17.75,12,2.23,,,,,
SIM31,express,X,2026-W35,5,0,true,false,16.05,15,0.0783,17.99,16.9,7.37,16.45,15.13,,11,2.09,,,,,
SIM31,express,X,2026-W36,5,0,true,false,15.45,14.52,0.0702,16.64,15.75,,14.81,13.14,,10,2.12,,,,,
SIM31,express,X,2026-W37,4,0,true,false,14.05,13.31,0.0545,13.57,12.15,6,14.47,13.29,,11,2.08,2.68,,,,
SIM31,express,X,2026-W38,5,0,true,false,13.39,12.84,0.0505,14.02,13.14,5.26,13.24,12.62,,11,2.45,2.68,,,,
SIM31,express,X,2026-W39,5,0,true,false,14.38,13.47,0.0925,14.54,12.79,2.61,16.61,15.23,18.27,12,2.08,2.68,,,,
SIM31,express,X,2026-W40,5,0,true,false,14.83,14.17,0.0466,14.34,13.64,,15.23,13.91,,10,2.48,2.68,,,,
SIM31,express,X,2026-W41,4,0,true,false,14.22,13.37,0.0694,15.16,14.41,5.4,14.65,13.35,16.84,12,2.53,2.68,13.8,,,
SIM32,express,X,2026-W18,5,0,false,false,15.4,13.28,0.1671,,,,18.84,17.05,,6,1.63,,,,,
SIM32,express,X,2026-W19,4,0,false,false,17.24,16.16,0.0643,,,,15.64,14.92,25.44,5,1.29,,,,,
SIM32,express,X,2026-W20,5,0,false,false,13.26,12.33,0.054,,,2.83,13.82,12.17,18.49,9,1.55,,,,,
SIM32,express,X,2026-W21,5,0,false,false,12.79,11.33,0.1201,,,,14.97,14.49,15.21,7,1.51,,,,,
SIM32,express,X,2026-W22,4,0,false,false,15.62,13.74,0.1604,15.14,14.07,,18.95,17.73,,8,1.49,,,,,
SIM32,express,X,2026-W27,3,0,true,false,17.29,15.99,0.0986,19.73,18.35,,15.94,15.26,,8,1.47,,,,,
SIM32,express,X,2026-W28,5,0,true,false,16.99,15.09,0.1278,21.01,19.45,,15.19,13.5,,7,1.41,,,,,
SIM32,express,X,2026-W29,5,0,true,false,17.37,16.84,0.0814,21.72,20.77,,18.23,17.18,20.96,9,1.34,,,,,
SIM32,express,X,2026-W30,5,0,true,false,17.08,15.14,0.1511,13.92,13.14,,22.48,20.27,,8,1.46,,,,,
SIM32,express,X,2026-W31,5,0,true,false,16.05,14.07,0.1336,18.54,17.33,,16.43,15.47,17.25,9,1.43,,,,,
SIM32,express,X,2026-W32,5,0,false,false,16.14,14.49,0.1575,13.91,12.93,,16.68,15.51,,9,1.23,,,,,
SIM32,express,X,2026-W33,5,0,true,false,20.32,18.79,0.0648,24.23,22.63,10.89,16.28,15.28,30.17,11,1.34,,,,,
SIM32,express,X,2026-W34,5,0,true,false,18.99,16.91,0.091,21.95,20.33,,20.51,19.43,,9,1.28,,,,,
SIM32,express,X,2026-W35,5,0,true,false,18.23,16.97,0.1016,20.52,19.77,,19.45,18.71,,9,1.32,,,,,
SIM32,express,X,2026-W36,5,0,true,false,18.03,16.54,0.0998,18.41,17.33,,20.9,19.6,,8,1.25,,,,,
SIM32,express,X,2026-W37,4,0,true,false,13.17,11.62,0.1239,12.96,12.5,,15.16,13.04,,8,1.47,1.62,,,,
SIM32,express,X,2026-W38,5,0,true,false,14.51,13.1,0.1065,12.74,11.85,,18.84,17.44,,9,1.57,1.62,,,,
SIM32,express,X,2026-W39,5,0,true,false,15.62,14.37,0.0975,14.73,13.65,,17.59,16.47,,9,1.46,1.62,,,,
SIM32,express,X,2026-W40,5,0,true,false,15.44,14.17,0.1153,14.03,12.98,,18.16,17.55,,8,1.52,1.62,,,,
SIM32,express,X,2026-W41,4,0,true,false,15,13.33,0.1533,17.11,16.6,,14.57,13.67,,9,1.66,1.62,11,,,
SIM33,express,X,2026-W18,5,0,false,false,16.26,15.11,0.0552,,,,17.02,15.73,24.25,7,2.03,,,,,
SIM33,express,X,2026-W19,5,0,false,false,16,15.24,0.0385,,,,18.42,17.24,20.71,8,1.9,,,,,
SIM33,express,X,2026-W20,5,0,false,false,14.17,13.61,0.0396,16.31,15.62,8.09,14.62,13.73,20,11,2.4,,,,,
SIM33,express,X,2026-W21,5,0,false,false,14.47,13.3,0.1008,,,,14.83,13.62,26.27,8,2.24,,,,,
SIM33,express,X,2026-W22,4,0,false,false,14.87,13.95,0.0663,14.02,12.88,11.49,15.02,14.06,,10,2.25,,,,,
SIM33,express,X,2026-W23,1,0,false,false,34.04,30.95,0.1083,,,,,,,1,1.85,,,,,
SIM33,express,X,2026-W27,3,0,true,false,15.99,14.45,0.1135,18.42,16.6,8.38,17.17,15.36,,10,1.99,,,,,
SIM33,express,X,2026-W28,5,0,true,false,16.9,15.9,0.0558,16.08,15.34,10.78,19.27,17.87,,10,1.79,,,,,
SIM33,express,X,2026-W29,5,0,true,false,15.79,14.62,0.0602,15.79,14.93,,15.19,13.74,20.58,11,1.8,,,,,
SIM33,express,X,2026-W30,5,0,true,false,15.91,14.62,0.0796,15.94,15.07,,15.54,14.33,21.24,11,1.91,,,,,
SIM33,express,X,2026-W31,5,0,true,false,14.96,14.18,0.0465,16.61,15.34,8.77,14.64,13.65,20.09,13,1.97,,,,,
SIM33,express,X,2026-W32,5,0,false,false,15.76,14.32,0.1019,15.94,14.95,11.28,15.73,14.44,21.26,13,1.8,,,,,
SIM33,express,X,2026-W33,5,0,true,false,17.42,16.42,0.0559,18.83,18.03,,16.44,14.99,21.49,11,1.78,,,,,
SIM33,express,X,2026-W34,5,0,true,false,16.99,15.94,0.0559,19.07,17.81,11.92,17.01,15.96,19.92,12,1.87,,,,,
SIM33,express,X,2026-W35,5,0,true,false,15.86,15.26,0.0487,18.5,17.76,8.05,17.58,16.86,,11,1.79,,,,,
SIM33,express,X,2026-W36,5,0,true,false,17.05,15.91,0.0617,19.87,18.73,,16.5,15.23,,10,1.77,,,,,
SIM33,express,X,2026-W37,4,0,true,false,13.77,13.15,0.0424,13.36,12.55,7.68,14.12,13.23,21.21,13,1.86,2.33,,,,
SIM33,express,X,2026-W38,5,0,true,false,13.9,12.88,0.0671,13.41,12.29,9.15,16.03,14.51,16.79,13,2.1,2.33,,,,
SIM33,express,X,2026-W39,5,0,true,false,14.69,13.88,0.0591,15.91,15.33,,15.39,14.35,,10,1.95,2.33,,,,
SIM33,express,X,2026-W40,5,0,true,false,14.36,13.39,0.0671,14.27,13.34,,15.34,14.27,19.41,11,2.2,2.33,,,,
SIM33,express,X,2026-W41,5,0,true,false,14.16,13.08,0.0589,14.95,13.7,10.67,11.83,10.79,18.82,12,2.39,2.33,8.8,,,
SIM33C,express,X,2026-W17,0,2,false,true,,,,,,,,,,,,,,16.16,14.95,4.61
SIM33C,express,X,2026-W18,5,2,false,false,17.92,16.95,0.0444,,,,18.28,17.3,,13,4.91,,,16.9,15.73,3.96
SIM33C,express,X,2026-W19,5,2,false,true,16.38,15.54,0.0477,,,,12.81,12.18,,12,5,,,15.43,14.41,4.55
SIM33C,express,X,2026-W20,5,2,false,true,18.06,16.91,0.0604,18.71,17.64,14.07,15.44,13.96,,15,4.5,,,15.98,14.65,4.9
SIM33C,express,X,2026-W21,5,2,false,false,16.52,15.31,0.0722,,,,13.15,11.65,,13,5.11,,,17.66,16.05,4.54
SIM33C,express,X,2026-W22,4,2,false,true,16.21,15.16,0.0559,12.87,12.12,14.74,11.06,10.36,,15,4.77,,,17.01,15.65,4.74
SIM33C,express,X,2026-W23,5,2,false,true,17.69,16.44,0.0622,,,,,,17.09,4,5.51,,,16.77,15.46,4.63
SIM33C,express,X,2026-W24,5,1,false,false,18.21,17.09,0.0595,,,,,,,2,5.5,,,21.02,18.73,3.12
SIM33C,express,X,2026-W25,3,2,false,false,19.73,18.56,0.0527,,,,,,,2,4.34,,,18.61,17.67,4.8
SIM33C,express,X,2026-W26,5,2,false,false,17.78,16.8,0.0499,,,,,,,1,4.29,,,18.06,15.79,4.45
SIM33C,express,X,2026-W27,3,2,true,true,17.59,16.58,0.0484,13.28,12.54,14.69,17.83,16.11,16.06,16,4.32,,,16.64,15.35,4.27
SIM33C,express,X,2026-W28,5,2,true,true,16.8,15.59,0.0604,14.15,12.9,13.87,14.79,13.5,15.74,16,4.82,,,16.58,15.31,5.01
SIM33C,express,X,2026-W29,5,2,true,true,16.09,14.86,0.0783,10.94,9.8,14.25,12.56,11.05,,15,4.62,,,16.07,14.98,5.07
SIM33C,express,X,2026-W30,5,2,true,true,17.96,16.7,0.0615,18.1,17.16,14.52,13.78,13.02,,15,4.37,,,15.9,14.92,5.1
SIM33C,express,X,2026-W31,5,2,true,true,16.53,15.31,0.064,15.76,14,13.57,11.48,10.58,,15,4.56,,,14.86,13.57,5.23
SIM33C,express,X,2026-W32,5,2,false,true,17.84,16.91,0.0433,20.27,19.17,14.21,13.01,12.03,16.39,17,4.24,,,15.07,13.81,4.78
SIM33C,express,X,2026-W33,5,2,true,true,18.49,17.21,0.0574,17.89,16.75,16.35,15.52,14.44,15.45,16,4.52,,,17.08,15.93,5.14
SIM33C,express,X,2026-W34,5,2,true,true,17.88,16.66,0.0527,17.08,15.29,15.22,14.42,13.44,16.11,16,4.76,,,17.16,16.07,4.74
SIM33C,express,X,2026-W35,5,2,true,true,18.08,17.13,0.0479,17.19,16.28,15.76,14.99,14.4,15.61,16,4.64,,,15.71,14.25,5.02
SIM33C,express,X,2026-W36,5,2,true,true,17.17,16.05,0.0576,13.57,12.55,14.46,12.01,10.89,18.87,16,4.66,,,17.46,16.54,4.83
SIM33C,express,X,2026-W37,4,2,true,true,15.22,14.02,0.07,12.63,11.92,12.56,12.18,10.9,14.51,16,4.78,4.71,,16.65,15.37,5.05
SIM33C,express,X,2026-W38,5,2,true,true,15.62,14.69,0.0526,14.91,14.43,12.25,11.46,10.55,15.39,16,4.95,4.71,,16.84,15.46,5.04
SIM33C,express,X,2026-W39,5,2,true,true,15.32,13.75,0.1035,12.46,11.36,13.06,11.32,9.56,14.91,16,5.16,4.71,,16.36,15.02,4.25
SIM33C,express,X,2026-W40,5,2,true,false,17.25,16.1,0.0606,16.04,15.43,13.77,13.32,12.32,17.37,16,5.08,4.71,,17.71,16.06,4.66
SIM33C,express,X,2026-W41,5,0,true,false,14.87,13.67,0.071,12.83,11.94,12.07,10.1,9.08,15.22,16,4.9,4.71,14.3,,,
SIM34,express,X,2026-W18,5,0,false,false,11.69,10.77,0.0894,,,,14.77,13.87,,6,2.75,,,,,
SIM34,express,X,2026-W19,5,0,false,false,11.04,10.24,0.0719,,,,12.91,11.72,18.62,9,2.2,,,,,
SIM34,express,X,2026-W20,5,0,false,false,14.48,13.44,0.1077,13.38,12.53,,14.82,13.75,21.93,11,2.98,,,,,
SIM34,express,X,2026-W21,5,0,false,false,13.29,12.27,0.0846,,,,14.52,13.03,20.01,7,2.5,,,,,
SIM34,express,X,2026-W22,4,0,false,false,13.33,12.27,0.0812,14.98,14.02,,15.74,14.41,,9,2.86,,,,,
SIM34,express,X,2026-W23,1,0,false,false,6.74,6.88,0.0425,,,,,,,1,1.98,,,,,
SIM34,express,X,2026-W27,3,0,true,false,15.17,13.99,0.0881,18.99,18.13,,16.93,15.21,,10,2.55,,,,,
SIM34,express,X,2026-W28,5,0,true,false,14.97,13.93,0.1041,18.89,18.13,,15.82,14.39,,9,2.48,,,,,
SIM34,express,X,2026-W29,5,0,true,false,13.24,12.29,0.0866,15.17,14.55,,16.22,14.81,16.16,11,2.28,,,,,
SIM34,express,X,2026-W30,5,0,true,false,14.2,13.41,0.0657,14.91,14.4,,16.3,15.15,17.09,10,2.42,,,,,
SIM34,express,X,2026-W31,5,0,true,false,13.25,12.18,0.0818,16.62,15.45,,14.94,14.05,16.1,11,2.53,,,,,
SIM34,express,X,2026-W32,5,0,false,false,14.75,13.41,0.1305,14.79,13.68,,13.81,12.91,18.46,11,2.36,,,,,
SIM34,express,X,2026-W33,5,0,true,false,15.51,14.61,0.0801,18.41,17.87,,17.22,15.87,20.27,10,2.38,,,,,
SIM34,express,X,2026-W34,5,0,true,false,16.38,15.58,0.0589,18.37,17.78,,17.16,16.25,,11,2.47,,,,,
SIM34,express,X,2026-W35,5,0,true,false,16.53,15.76,0.0497,18.75,17.9,,18.33,17.38,,11,2.48,,,,,
SIM34,express,X,2026-W36,5,0,true,false,16.65,15.58,0.066,19.37,17.79,,16.43,15.52,,9,2.29,,,,,
SIM34,express,X,2026-W37,4,0,true,false,10.54,9.56,0.1079,11.77,11.21,,12.97,11.39,,11,2.61,3.01,,,,
SIM34,express,X,2026-W38,5,0,true,false,12.12,11.28,0.0868,13.67,12.78,,13.17,12.19,,11,2.84,3.01,,,,
SIM34,express,X,2026-W39,5,0,true,false,15.36,14.47,0.0719,15.42,14.62,13.91,17.07,16.13,,12,2.79,3.01,,,,
SIM34,express,X,2026-W40,5,0,true,false,13.45,12.53,0.085,13.51,12.36,,14.87,14.12,,10,3.04,3.01,,,,
SIM34,express,X,2026-W41,4,0,true,false,13.27,12.57,0.079,15.8,15.08,,12.84,12.1,16.82,11,2.92,3.01,15.2,,,
SIM35,express,X,2026-W18,5,0,false,false,16.84,16.18,0.0469,,,,17.88,17.3,,6,1.39,,,,,
SIM35,express,X,2026-W19,5,0,false,false,13.73,12.09,0.1329,,,5.05,20.02,18.32,,7,1.36,,,,,
SIM35,express,X,2026-W20,5,0,false,false,12.78,11.12,0.1089,15.95,10.8,9.35,11.97,10.81,12.64,10,1.55,,,,,
SIM35,express,X,2026-W21,5,0,false,false,16.55,15.78,0.0474,,,,18.67,17.69,16.97,8,1.72,,,,,
SIM35,express,X,2026-W22,4,0,false,false,16.94,15.96,0.0413,17.51,16.56,19.53,16.36,15.1,,9,1.77,,,,,
SIM35,express,X,2026-W23,1,0,false,false,8.8,9.32,0.0152,,,,,,,1,1.45,,,,,
SIM35,express,X,2026-W27,3,0,true,false,14.85,14.04,0.0364,18.07,17.08,7.23,14.88,14.02,,9,1.7,,,,,
SIM35,express,X,2026-W28,5,0,true,false,15.4,13.71,0.1271,18.32,16.38,9.49,14.9,13.07,,9,1.66,,,,,
SIM35,express,X,2026-W29,5,0,true,false,18.93,17.94,0.0558,14.75,13.7,43.11,16.62,15.5,,10,1.45,,,,,
SIM35,express,X,2026-W30,5,0,true,false,15.66,14.15,0.0737,15.37,14.29,,17.22,15.69,,9,1.57,,,,,
SIM35,express,X,2026-W31,5,0,true,false,16.27,14.79,0.0967,17.13,16.62,16.8,12.71,11.65,15.89,11,1.51,,,,,
SIM35,express,X,2026-W32,5,0,false,false,17.56,16.93,0.046,14.05,13.02,18.11,20.72,19.76,,10,1.43,,,,,
SIM35,express,X,2026-W33,5,0,true,false,17.36,15.96,0.0711,18.02,16.79,,15.54,14.41,,9,1.52,,,,,
SIM35,express,X,2026-W34,5,0,true,false,15.45,14.46,0.0649,17.67,16.42,7.51,16.4,15.3,,10,1.43,,,,,
SIM35,express,X,2026-W35,5,0,true,false,16.45,15.29,0.055,19.08,18.11,11.14,15.83,14.67,,10,1.51,,,,,
SIM35,express,X,2026-W36,5,0,true,false,18.15,17.01,0.063,19.8,18.67,,16.63,15.61,,9,1.42,,,,,
SIM35,express,X,2026-W37,4,0,true,false,14.35,13.12,0.069,15.04,13.76,11.47,14.81,13.41,,10,1.51,1.74,,,,
SIM35,express,X,2026-W38,5,0,true,false,14.92,13.9,0.0572,14.46,13.25,16.63,13.84,13.07,,10,1.76,1.74,,,,
SIM35,express,X,2026-W39,5,0,true,false,14.95,13.98,0.0457,15.91,14.92,,14.75,13.91,,10,1.54,1.74,,,,
SIM35,express,X,2026-W40,5,0,true,false,13.28,12.5,0.0567,15.39,14.42,11.03,12.29,11.47,,10,1.69,1.74,,,,
SIM35,express,X,2026-W41,4,0,true,false,16.19,15.28,0.055,14.91,13.97,21.41,16.44,15.47,14.4,11,1.74,1.74,12.4,,,
SIM3C,express,X,2026-W17,0,2,false,true,,,,,,,,,,,,,,17.79,16.56,4.33
SIM3C,express,X,2026-W18,5,2,false,false,12.78,11.42,0.0777,10.16,9.11,,11.02,10.41,,12,4.46,,,16.28,15.06,4.41
SIM3C,express,X,2026-W19,5,2,false,true,12.7,11.53,0.0568,9.82,8.73,,8.99,8.04,,12,3.99,,,19.29,17.88,3.69
SIM3C,express,X,2026-W20,5,2,false,true,11.98,11.09,0.0652,5.7,6.48,12.68,10.26,9.23,,13,4.22,,,14,12.48,5.28
SIM3C,express,X,2026-W21,5,2,false,false,12.55,11.19,0.089,,,,10.15,9.24,,12,4.36,,,18.5,16.62,4.22
SIM3C,express,X,2026-W22,4,2,false,true,13.43,12,0.085,11.6,8.04,12.4,13.77,12.4,,13,4,,,16.74,15.48,4.87
SIM3C,express,X,2026-W23,5,2,false,true,12.87,12.07,0.0476,,,,,,14.75,4,5.06,,,15.66,14.12,4.71
SIM3C,express,X,2026-W24,5,1,false,false,13.43,12.41,0.0674,,,,,,,2,4.19,,,14.46,12.01,2.95
SIM3C,express,X,2026-W25,3,2,false,false,12.74,12.29,0.0349,,,,,,,2,5.03,,,17.37,16.33,4.26
SIM3C,express,X,2026-W26,5,2,false,false,12.13,11.67,0.0347,,,,,,,1,3.6,,,18.16,16.67,3.63
SIM3C,express,X,2026-W27,3,2,true,true,14.1,12.79,0.0697,13.67,11.29,14.87,10.64,9.75,15.66,14,4.22,,,17.3,15.85,4.17
SIM3C,express,X,2026-W28,5,2,true,true,14.58,12.91,0.1007,12.93,11.41,13.6,14.6,12.37,16.47,14,4.33,,,16.89,15.7,4.49
SIM3C,express,X,2026-W29,5,2,true,true,13.99,12.76,0.08,10.84,9.58,14.06,13.59,12.61,,13,4.32,,,16.13,14.92,4.74
SIM3C,express,X,2026-W30,5,2,true,true,14.32,13.15,0.0645,11.58,11.26,13.95,14.23,13.28,,13,4.04,,,14.16,13.09,5.03
SIM3C,express,X,2026-W31,5,2,true,true,13.21,12.39,0.0563,9.11,9.23,12.49,12.81,12.06,,13,4.09,,,15.17,13.86,4.85
SIM3C,express,X,2026-W32,5,2,false,true,14.61,13.56,0.0653,11.8,11.04,14.68,14.78,13.75,15.07,14,4.02,,,15.06,13.51,4.83
SIM3C,express,X,2026-W33,5,2,true,true,13,11.89,0.0704,12.69,12.35,12.16,12.18,10.87,14.95,14,4.19,,,15.42,14.11,4.95
SIM3C,express,X,2026-W34,5,2,true,true,12.78,11.59,0.0773,9.62,7.72,12.26,12.05,11.14,14.92,14,4.16,,,15.75,14.62,4.47
SIM3C,express,X,2026-W35,5,2,true,true,13.8,12.64,0.0722,15.35,13.37,13.26,11.94,10.56,15.6,14,3.84,,,15.85,14.29,4.84
SIM3C,express,X,2026-W36,5,2,true,true,13.75,12.62,0.0677,12.18,11.64,13.47,11.95,11.4,15.93,14,3.97,,,16.49,15.38,4.44
SIM3C,express,X,2026-W37,4,2,true,true,11.84,10.74,0.0732,12.23,11.89,10.62,11.65,10.62,13.71,14,4.3,4.55,,15.79,14.71,4.95
SIM3C,express,X,2026-W38,5,2,true,true,11.97,11.06,0.0662,10.53,10.39,11.25,11.39,10.77,13.84,14,4.66,4.55,,15.93,14.55,5.26
SIM3C,express,X,2026-W39,5,2,true,true,12.51,11.03,0.0993,12.73,12.56,11.87,12.65,10.99,13.31,14,4.64,4.55,,15.35,14.18,4.26
SIM3C,express,X,2026-W40,5,2,true,false,13.57,12.36,0.0707,11.09,10.15,12.14,11.68,10.87,17.77,14,4.13,4.55,,16.9,14.97,4.94
SIM3C,express,X,2026-W41,5,0,true,false,13.11,12.07,0.0747,10.17,10.17,12.99,12.31,11.07,14.63,14,4.64,4.55,11,,,
SIM4,express,X,2026-W18,5,0,false,false,14.59,13.58,0.0973,,,,18.2,16.74,,6,3.49,,,,,
SIM4,express,X,2026-W19,3,0,false,false,13.12,12.04,0.0877,,,,14.93,14.11,,4,2.8,,,,,
SIM4,express,X,2026-W20,5,0,false,false,14.68,13.89,0.0837,,,3.2,17.07,16.47,17.4,9,3.14,,,,,
SIM4,express,X,2026-W21,5,0,false,false,12.84,11.8,0.0958,,,,15.87,14.5,,6,2.94,,,,,
SIM4,express,X,2026-W22,4,0,false,false,14.03,12.85,0.1133,14.51,13.39,,19.52,18.19,,8,3.29,,,,,
SIM4,express,X,2026-W23,1,0,false,false,34.6,36.12,0.0284,,,,,,,1,2.84,,,,,
SIM4,express,X,2026-W27,3,0,true,false,16.87,15.08,0.1241,21.55,19.84,,18.54,17.25,,8,3.04,,,,,
SIM4,express,X,2026-W28,5,0,true,false,16.2,14.61,0.123,21.34,19.57,,17.2,15.75,,7,3.09,,,,,
SIM4,express,X,2026-W29,5,0,true,false,14.5,13.59,0.0769,16.48,15.71,,18.05,16.52,,9,2.82,,,,,
SIM4,express,X,2026-W30,5,0,true,false,14.74,14.03,0.0886,15.56,14.99,,20.39,19.25,11.93,10,2.96,,,,,
SIM4,express,X,2026-W31,5,0,true,false,16.77,15.29,0.1053,19.19,17.89,,16.74,15.54,,9,2.87,,,,,
SIM4,express,X,2026-W32,5,0,false,false,16.09,14.74,0.0798,19.24,18.13,5.22,16.5,15.24,,10,2.65,,,,,
SIM4,express,X,2026-W33,5,0,true,false,16.7,15.5,0.0743,23.4,21.56,,17.86,16.8,,9,2.78,,,,,
SIM4,express,X,2026-W34,5,0,true,false,17.07,15.31,0.1355,19.91,18.48,,21.1,19.26,,9,3,,,,,
SIM4,express,X,2026-W35,5,0,true,false,16.48,15.12,0.0966,21.22,19.02,,20.14,19.09,,9,2.94,,,,,
SIM4,express,X,2026-W36,5,0,true,false,15.19,14.15,0.0849,17.47,16.24,,20.51,18.99,,10,2.56,,,,,
SIM4,express,X,2026-W37,4,0,true,false,12.73,11.78,0.09,13.59,12.49,,15.49,13.82,,9,2.82,3.45,,,,
SIM4,express,X,2026-W38,5,0,true,false,13.14,12.43,0.0982,14.01,13.01,,18.1,16.62,,9,3.22,3.45,,,,
SIM4,express,X,2026-W39,5,0,true,false,15.4,14.46,0.0831,16.74,15.73,,19.25,18.07,,8,2.93,3.45,,,,
SIM4,express,X,2026-W40,5,0,true,false,15.04,14.11,0.0797,15.22,14.3,,17.49,16.49,,9,3.46,3.45,,,,
SIM4,express,X,2026-W41,4,0,true,false,15.34,14.67,0.0626,16.09,15.59,21.85,17.23,16.14,,10,3.5,3.45,19.2,,,
SIM4C,express,X,2026-W17,0,2,false,true,,,,,,,,,,,,,,18.09,16.93,4.13
SIM4C,express,X,2026-W18,5,2,false,false,15.04,13.84,0.0824,,,,17.26,16.65,,12,5.36,,,17.3,16.03,5.47
SIM4C,express,X,2026-W19,5,2,false,true,15.49,14.2,0.0847,,,,12.53,11.78,,12,5.76,,,18.32,17.03,5.18
SIM4C,express,X,2026-W20,5,2,false,true,15.21,13.66,0.1266,14.44,12.82,13.93,15.96,14.59,,14,5.78,,,17.81,16.41,5.24
SIM4C,express,X,2026-W21,5,2,false,false,15.89,14.32,0.092,15.06,14.65,,16.24,14.06,,13,6,,,18.32,16.97,5.03
SIM4C,express,X,2026-W22,4,2,false,true,14.93,13.62,0.0779,13.48,12.96,15.28,15.15,14.26,,14,5.36,,,18.1,16.58,5.31
SIM4C,express,X,2026-W23,5,2,false,true,17.09,15.55,0.0937,,,,,,18.67,4,5.58,,,16.68,15.2,5.11
SIM4C,express,X,2026-W24,5,1,false,false,13.67,12.43,0.0761,,,,,,,2,5.83,,,20.16,17.4,3.99
SIM4C,express,X,2026-W25,3,2,false,false,18.97,17.87,0.0668,,,,,,,2,6.36,,,15.72,14.58,5.3
SIM4C,express,X,2026-W26,5,2,false,false,14.92,13.93,0.0598,,,,,,,1,5.52,,,17.6,15.55,5.27
SIM4C,express,X,2026-W27,3,2,true,true,16.27,14.55,0.0998,18.4,17.78,15.58,17.22,15.09,16.29,16,5.08,,,18.36,16.63,4.62
SIM4C,express,X,2026-W28,5,2,true,true,16.4,14.83,0.0897,17.67,17.05,15.28,16.47,15.16,18.16,15,5.47,,,16.82,15.47,5.57
SIM4C,express,X,2026-W29,5,2,true,true,16.24,14.71,0.0916,19,18.31,14.25,17.72,15.73,,14,5.41,,,17.41,16.28,5.49
SIM4C,express,X,2026-W30,5,2,true,true,15.78,14.29,0.0886,19.9,19.12,14.03,15.16,13.81,,14,5.35,,,16.87,15.59,5.71
SIM4C,express,X,2026-W31,5,2,true,true,15.27,13.97,0.0844,18.42,17.33,14.18,14.39,12.99,,14,5.55,,,16.72,15.44,5.81
SIM4C,express,X,2026-W32,5,2,false,true,15.35,13.82,0.0925,19.71,18.04,14.68,14.77,13.16,15.38,15,5.38,,,15.04,13.53,5.41
SIM4C,express,X,2026-W33,5,2,true,true,16.1,14.48,0.098,,,14.92,17.99,16.12,16.57,14,5.42,,,15.95,14.75,5.69
SIM4C,express,X,2026-W34,5,2,true,true,15.86,14.04,0.1191,19.69,18.85,16.22,13.27,12.16,17.15,16,5.28,,,17.16,15.71,5.08
SIM4C,express,X,2026-W35,5,2,true,true,16.27,15.04,0.0749,,,15.6,15.27,14.28,17.63,14,5.04,,,18.5,16.56,4.58
SIM4C,express,X,2026-W36,5,2,true,true,15.58,14.25,0.0784,18.47,17.3,14.46,13.29,12.18,18.3,15,5.5,,,17.74,16.76,5.01
SIM4C,express,X,2026-W37,4,2,true,true,13.74,12.67,0.0688,18,17.14,12.52,11.88,11.11,14.82,16,5.25,6.12,,16.7,15.46,5.9
SIM4C,express,X,2026-W38,5,2,true,true,13.73,12.58,0.086,18.03,17.72,12.34,11.45,10.25,16.13,15,5.93,6.12,,17.34,15.98,5.04
SIM4C,express,X,2026-W39,5,2,true,true,14.24,12.84,0.0964,18.37,17.66,13.05,12.76,11.12,15.83,16,6,6.12,,17.21,15.79,4.87
SIM4C,express,X,2026-W40,5,2,true,false,16.1,14.89,0.081,18.94,18.33,13.78,16.17,14.89,18.85,15,5.96,6.12,,18.03,17.66,5.95
SIM4C,express,X,2026-W41,5,0,true,false,13.98,13.07,0.0696,16.57,15.93,12.72,11.45,10.34,17.23,16,6.1,6.12,13.8,,,
SIM5,express,X,2026-W18,5,0,false,false,16.76,15.54,0.0847,,,,16.69,15.8,20.67,7,2.2,,,,,
SIM5,express,X,2026-W19,5,0,false,false,14.41,12.27,0.1626,,,,15.71,14.91,13.86,8,2.17,,,,,
SIM5,express,X,2026-W20,5,0,false,false,16.04,14.84,0.064,12.49,12.01,,17.31,16.49,,9,2.37,,,,,
SIM5,express,X,2026-W21,5,0,false,false,15.47,13.4,0.1547,,,,16.76,15.48,17.16,9,2.39,,,,,
SIM5,express,X,2026-W22,4,0,false,false,14.82,13.53,0.0752,14.31,13.53,,16.6,15.31,,9,2.51,,,,,
SIM5,express,X,2026-W23,1,0,false,false,14.12,11.42,0.1536,,,,,,,1,1.95,,,,,
SIM5,express,X,2026-W27,3,0,true,false,17.21,15.94,0.0903,18.54,17.61,,17.37,15.82,,9,2.28,,,,,
SIM5,express,X,2026-W28,5,0,true,false,17.68,16.18,0.1008,19.76,18.49,,19.56,17.95,22.79,10,2.27,,,,,
SIM5,express,X,2026-W29,5,0,true,false,16.21,15.31,0.0661,16.08,15.27,9.07,19.47,18.22,18.67,12,2.06,,,,,
SIM5,express,X,2026-W30,5,0,true,false,17.17,14.86,0.0887,17.27,16.43,,17.76,16.63,,10,2.16,,,,,
SIM5,express,X,2026-W31,5,0,true,false,17.33,15.94,0.0899,17.86,16.32,,16.1,15.38,19.3,11,2.13,,,,,
SIM5,express,X,2026-W32,5,0,false,false,17.26,15.92,0.07,19.24,18.07,10.67,19.14,18.29,,11,2.07,,,,,
SIM5,express,X,2026-W33,5,0,true,false,17.36,16.03,0.0659,19.03,17.91,,16.66,15.78,22.56,10,2.21,,,,,
SIM5,express,X,2026-W34,5,0,true,false,19.49,17.97,0.0759,19.2,18.07,,19.44,18.42,,10,2.1,,,,,
SIM5,express,X,2026-W35,5,0,true,false,18.33,16.9,0.0902,18.4,17.46,14.14,19.09,17.78,,11,2.2,,,,,
SIM5,express,X,2026-W36,5,0,true,false,20.71,19.15,0.0809,19.62,18.42,,19.22,18.23,,10,2.06,,,,,
SIM5,express,X,2026-W37,4,0,true,false,17.65,16.72,0.1131,15.84,15,19.01,16.69,14.9,,11,2.18,2.51,,,,
SIM5,express,X,2026-W38,5,0,true,false,16.44,15.1,0.0712,14.78,14.2,13.65,16.91,15.77,,11,2.41,2.51,,,,
SIM5,express,X,2026-W39,5,0,true,false,17.5,16.15,0.0738,16.98,16.32,,17.53,16.56,,10,2.27,2.51,,,,
SIM5,express,X,2026-W40,5,0,true,false,18.13,16.49,0.0932,17.2,16.28,,17.51,16.13,,10,2.25,2.51,,,,
SIM5,express,X,2026-W41,5,0,true,false,15.83,14.69,0.0615,15.96,15.17,,15.69,14.38,17.37,11,2.5,2.51,12,,,
SIM6,express,X,2026-W18,5,0,false,false,14.71,12.56,0.1243,,,,17.94,16.39,,8,4.91,,,,,
SIM6,express,X,2026-W19,5,0,false,false,16.61,14.44,0.0974,,,,19.06,17.55,,8,4.76,,,,,
SIM6,express,X,2026-W20,5,0,false,false,14.73,12.64,0.1277,13.3,12.55,13.14,15.74,14.81,,12,5.02,,,,,
SIM6,express,X,2026-W21,5,0,false,false,16.33,13.53,0.1228,,,,18.07,16.86,,9,4.69,,,,,
SIM6,express,X,2026-W22,4,0,false,false,16.72,14.59,0.1235,15.1,13.7,,15.68,14.54,,11,5.04,,,,,
SIM6,express,X,2026-W23,2,0,false,false,24.13,21.46,0.091,,,,,,,2,4.16,,,,,
SIM6,express,X,2026-W25,1,0,false,false,13.08,11.82,0.1141,,,,,,,1,5.1,,,,,
SIM6,express,X,2026-W27,3,0,true,false,16.49,14.38,0.1027,17.98,17.35,,17.06,15.89,16.94,12,4.78,,,,,
SIM6,express,X,2026-W28,5,0,true,false,16.79,14.31,0.1385,17.49,16.27,,16.69,15.21,17.65,12,5.15,,,,,
SIM6,express,X,2026-W29,5,0,true,false,16.64,14.33,0.1268,16.99,16.16,,17.03,15.61,,12,4.63,,,,,
SIM6,express,X,2026-W30,5,0,true,false,17.71,15.27,0.1004,18.02,17.17,,17.71,16.61,16.35,12,4.42,,,,,
SIM6,express,X,2026-W31,5,0,true,false,16.92,14.6,0.1062,16.68,16,15.52,15.25,14.23,19,14,4.73,,,,,
SIM6,express,X,2026-W32,5,0,false,false,15.9,13.68,0.1379,15.6,14.86,,17.39,16.27,15.45,13,4.54,,,,,
SIM6,express,X,2026-W33,5,0,true,false,16.53,14.36,0.1086,17.76,16.74,,18.36,17.22,17,12,4.55,,,,,
SIM6,express,X,2026-W34,5,0,true,false,18.12,16.03,0.0985,17.47,16.74,,18.08,16.88,19.95,13,4.66,,,,,
SIM6,express,X,2026-W35,5,0,true,false,17.78,15.83,0.1116,18.43,17.81,,18.47,17.66,16.83,13,4.58,,,,,
SIM6,express,X,2026-W36,5,0,true,false,16.63,14.64,0.1089,17.51,16.47,18.74,18.25,17.2,14.13,14,4.55,,,,,
SIM6,express,X,2026-W37,4,0,true,false,15.03,12.86,0.1032,13.2,12.23,,15.34,14.5,16.91,13,4.51,5.34,,,,
SIM6,express,X,2026-W38,5,0,true,false,15.2,13.23,0.1098,13.76,13.06,12.52,15.95,14.73,17.57,14,5.11,5.34,,,,
SIM6,express,X,2026-W39,5,0,true,false,15.1,12.81,0.1374,15.36,13.59,,17.25,15.63,14.69,13,4.88,5.34,,,,
SIM6,express,X,2026-W40,5,0,true,false,16.43,14.26,0.1057,14.85,13.83,,16.35,15.37,20.33,12,5.2,5.34,,,,
SIM6,express,X,2026-W41,5,0,true,false,15.77,13.53,0.1213,15.58,14.67,,15.23,14.16,17.44,14,5.42,5.34,14,,,
SIM7,express,X,2026-W18,5,0,false,false,15.59,14.26,0.0846,,,,17.14,15.93,,7,2.35,,,,,
SIM7,express,X,2026-W19,5,0,false,false,15.17,13.98,0.0611,,,,19.17,18.19,,8,2.41,,,,,
SIM7,express,X,2026-W20,5,0,false,false,15.13,14.07,0.0687,,,11.82,15.18,13.8,,10,2.51,,,,,
SIM7,express,X,2026-W21,5,0,false,false,15.28,13.96,0.0732,,,,17.58,16.35,,9,2.52,,,,,
SIM7,express,X,2026-W22,4,0,false,false,15.97,15.07,0.0492,14.78,14.2,,17.09,16.05,,10,2.57,,,,,
SIM7,express,X,2026-W23,2,0,false,false,12.17,11.17,0.0465,,,,,,,2,2.69,,,,,
SIM7,express,X,2026-W27,3,0,true,false,16.3,14.77,0.0794,15.9,14.98,,15.85,13.9,,10,2.38,,,,,
SIM7,express,X,2026-W28,5,0,true,false,15.07,13.62,0.0692,13.9,13.03,,16.02,14.32,,10,2.48,,,,,
SIM7,express,X,2026-W29,5,0,true,false,16.4,15.08,0.0775,14.76,13.56,,17.2,15.99,,11,2.39,,,,,
SIM7,express,X,2026-W30,5,0,true,false,16.65,15.5,0.0591,13.64,12.8,,16.51,15.41,,11,2.46,,,,,
SIM7,express,X,2026-W31,5,0,true,false,14.93,13.87,0.0704,13.78,13.05,,14.89,13.69,21,12,2.43,,,,,
SIM7,express,X,2026-W32,5,0,false,false,16.85,15.57,0.0613,13.93,12.88,13.63,17.44,16.52,,12,2.32,,,,,
SIM7,express,X,2026-W33,5,0,true,false,17.04,16.07,0.0452,17.51,16.51,,17.37,16.26,,11,2.31,,,,,
SIM7,express,X,2026-W34,5,0,true,false,16.07,15.07,0.0564,17.47,16.81,8.52,17.24,16.18,,12,2.21,,,,,
SIM7,express,X,2026-W35,5,0,true,false,16.62,15.45,0.0573,17.2,16.46,,17.19,16.17,,11,2.35,,,,,
SIM7,express,X,2026-W36,5,0,true,false,16.88,15.15,0.0634,15.78,14.98,,17.95,16.81,22.03,12,2.22,,,,,
SIM7,express,X,2026-W37,4,0,true,false,14.12,13.23,0.0482,12.29,11.71,,14.92,13.74,18.68,12,2.11,2.77,,,,
SIM7,express,X,2026-W38,5,0,true,false,14.24,13.15,0.0689,13.43,12.53,8.52,15.15,14.07,,11,2.46,2.77,,,,
SIM7,express,X,2026-W39,5,0,true,false,15.14,14.33,0.0433,13.96,13.56,,15.27,14.44,,10,2.36,2.77,,,,
SIM7,express,X,2026-W40,5,0,true,false,14.67,13.57,0.0628,14.26,13.13,,15.94,14.85,,11,2.72,2.77,,,,
SIM7,express,X,2026-W41,5,0,true,false,13.15,12.07,0.0972,15.02,14.47,,13.95,12.44,14.29,12,2.61,2.77,12.1,,,
SIM8,express,X,2026-W18,5,0,false,false,16.17,14.83,0.0696,,,,19.11,17.99,,10,4.45,,,,,
SIM8,express,X,2026-W19,5,0,false,false,17.16,15.19,0.1322,,,,18.86,17.57,,11,5.3,,,,,
SIM8,express,X,2026-W20,5,0,false,false,16.66,15.57,0.0839,18.87,17.94,,16.3,15.23,,12,4.82,,,,,
SIM8,express,X,2026-W21,5,0,false,false,16.56,15.11,0.1132,,,,16.96,15.89,,10,5.09,,,,,
SIM8,express,X,2026-W22,4,0,false,false,16.2,15.25,0.0757,17.97,16.95,,19.72,18.89,,12,4.99,,,,,
SIM8,express,X,2026-W23,5,0,false,false,18.73,17.35,0.0934,,,,,,,3,4.24,,,,,
SIM8,express,X,2026-W24,3,0,false,false,8.12,6.88,0.2371,,,,,,,2,4.41,,,,,
SIM8,express,X,2026-W25,1,0,false,false,24.33,25.54,0.0493,,,,,,,1,4.73,,,,,
SIM8,express,X,2026-W26,1,0,false,false,,,,,,,,,,1,4.75,,,,,
SIM8,express,X,2026-W27,3,0,true,false,17.53,15.7,0.0949,18.22,17.23,,18.49,17.8,22,15,4.59,,,,,
SIM8,express,X,2026-W28,5,0,true,false,17.67,16.22,0.071,18.96,17.64,,18.47,17.22,19.04,14,5.05,,,,,
SIM8,express,X,2026-W29,5,0,true,false,17.23,15.91,0.117,20.67,18.94,,18.43,16.58,,14,4.61,,,,,
SIM8,express,X,2026-W30,5,0,true,false,17.05,15.67,0.0827,18.98,17.52,,18.19,17.07,,14,4.81,,,,,
SIM8,express,X,2026-W31,5,0,true,false,16.43,15.18,0.0849,17.53,15.37,,17.85,16.64,,14,5.17,,,,,
SIM8,express,X,2026-W32,5,0,false,false,17.16,15.79,0.0809,18.69,17,,19.33,18.35,19.55,16,4.75,,,,,
SIM8,express,X,2026-W33,5,0,true,false,16.21,14.58,0.0993,17.62,15.82,,18.46,17.34,,14,5,,,,,
SIM8,express,X,2026-W34,5,0,true,false,17.18,15.64,0.093,16.61,14.95,,19.44,18.54,22.65,15,5.03,,,,,
SIM8,express,X,2026-W35,5,0,true,false,18.1,16.72,0.0807,17.48,16.03,,19.51,18.45,20.24,15,5.04,,,,,
SIM8,express,X,2026-W36,5,0,true,false,17.6,15.36,0.1099,18.68,16.7,,18.03,16.88,23.43,15,4.65,,,,,
SIM8,express,X,2026-W37,4,0,true,false,15.92,14.38,0.1006,15.84,14.18,,15.81,14.7,22.95,16,4.79,5.52,,,,
SIM8,express,X,2026-W38,5,0,true,false,15.5,14.77,0.0785,16.49,15.17,,16.1,15.22,20.82,16,5.02,5.52,,,,
SIM8,express,X,2026-W39,5,0,true,false,16.32,14.61,0.1153,15.48,13.53,,19.26,17.22,21.75,15,4.97,5.52,,,,
SIM8,express,X,2026-W40,5,0,true,false,15.4,13.95,0.0966,16,14.37,,16.79,15.67,17.2,15,5.21,5.52,,,,
SIM8,express,X,2026-W41,5,0,true,false,16,14.6,0.0946,16.7,14.69,,17.22,16.03,19.49,15,5.64,5.52,16.1,,,
SIM9,express,X,2026-W18,5,0,false,false,15.97,13.34,0.1465,,,,18.51,15.4,,7,1.68,,,,,
SIM9,express,X,2026-W19,5,0,false,false,17.74,15.87,0.1141,,,,20.15,19.24,,8,1.62,,,,,
SIM9,express,X,2026-W20,5,0,false,false,14.47,12.56,0.1025,,,,16.71,15.51,,9,1.96,,,,,
SIM9,express,X,2026-W21,5,0,false,false,13.39,11.56,0.1135,,,,17.68,16.75,,9,1.71,,,,,
SIM9,express,X,2026-W22,4,0,false,false,14.8,12.77,0.1239,15.34,14.59,,14.22,13.14,,9,1.88,,,,,
SIM9,express,X,2026-W23,2,0,false,false,12.36,10.46,0.1528,,,,,,,2,1.65,,,,,
SIM9,express,X,2026-W27,3,0,true,false,17.28,15.14,0.1241,17.96,17.33,,18.29,16.58,,10,1.79,,,,,
SIM9,express,X,2026-W28,5,0,true,false,15.35,13.07,0.1311,15.87,15.05,11.34,16.25,14.74,,11,1.81,,,,,
SIM9,express,X,2026-W29,5,0,true,false,14.69,12.39,0.1428,16.19,15.18,,15.35,14.16,,10,1.61,,,,,
SIM9,express,X,2026-W30,5,0,true,false,15.59,13.42,0.1279,16.26,14.74,,15.12,13.87,,11,1.59,,,,,
SIM9,express,X,2026-W31,5,0,true,false,16.48,14.64,0.1154,17.49,16.88,,14.32,13.29,22.35,12,1.47,,,,,
SIM9,express,X,2026-W32,5,0,false,false,14.83,13.31,0.1203,16.5,16,,14.89,13.95,,11,1.61,,,,,
SIM9,express,X,2026-W33,5,0,true,false,16.1,13.87,0.1217,22.62,21.22,,17.55,16.15,,10,1.58,,,,,
SIM9,express,X,2026-W34,5,0,true,false,17.93,15.98,0.1191,18.49,17.48,,21.27,19.73,,11,1.8,,,,,
SIM9,express,X,2026-W35,5,0,true,false,16.7,14.53,0.1313,17.98,17.11,,18.79,17.76,,11,1.7,,,,,
SIM9,express,X,2026-W36,5,0,true,false,16.73,14.72,0.1291,16.04,15.2,,18.15,17.16,,11,1.48,,,,,
SIM9,express,X,2026-W37,4,0,true,false,14.53,12.43,0.1121,13.63,12.65,,15.06,13.74,22.84,12,1.52,2.07,,,,
SIM9,express,X,2026-W38,5,0,true,false,14.23,12.24,0.114,13.75,12.83,,15.7,14.41,,11,1.8,2.07,,,,
SIM9,express,X,2026-W39,5,0,true,false,15.01,11.53,0.1929,14.67,13.84,,16.35,15.24,20.85,12,1.69,2.07,,,,
SIM9,express,X,2026-W40,5,0,true,false,15.03,12.95,0.1268,14.8,14.14,,16.08,14.44,,11,2,2.07,,,,
SIM9,express,X,2026-W41,4,0,true,false,14.07,11.9,0.1372,16.79,16.21,,13.3,11.85,,11,2,2.07,8.8,,,
T102,shuttle,,2026-W33,3,0,true,false,3.75,2.55,0.4333,,,,,,3.75,3,0.13,,,,,
T102,shuttle,,2026-W35,3,0,true,false,8.31,6.88,0.2077,,,,,,9.48,2,0.25,,,,,
T102,shuttle,,2026-W37,4,2,true,true,8.17,7.32,0.061,,,,,,8.17,2,0.61,,,8.61,7.29,8.25
T102,shuttle,,2026-W38,1,2,false,true,7.92,3.86,0.4154,,,,,,9.09,2,0.13,,,8.69,7.54,5.94
T102,shuttle,,2026-W39,5,2,true,true,9.44,8.58,0.0804,,,,,,9.44,3,0.42,,,9.05,8.09,5.79
T102,shuttle,,2026-W40,3,2,true,false,8.25,7.2,0.1421,,,,,,,1,0.31,,,8.36,7.23,5.4
T102,shuttle,,2026-W41,4,0,true,false,8.68,8.41,0.035,,,,,,8.68,2,0.4,,34.3,,,
T113,shuttle,,2026-W23,0,1,false,true,,,,,,,,,,,,,,13.5,11.95,0.01
T127,shuttle,,2026-W18,3,0,false,false,9.04,5.04,0.3414,,,,,,9.04,1,0.09,,,,,
T204,shuttle,,2026-W27,0,2,false,true,,,,,,,,,,,,,,9.15,7.34,3.02
T204,shuttle,,2026-W36,0,2,false,true,,,,,,,,,,,,,,8.89,7.26,4.15
T204,shuttle,,2026-W37,0,0,false,false,,,,,,,,,,,,,,,,
T300,shuttle,,2026-W38,0,2,false,true,,,,,,,,,,,,,,9.2,6.93,4.36
T320,shuttle,,2026-W19,0,2,false,true,,,,,,,,,,,,,,6.94,5.13,10.3
T320,shuttle,,2026-W21,0,2,false,false,,,,,,,,,,,,,,6.73,5,7.92
T320,shuttle,,2026-W22,0,0,false,false,,,,,,,,,,,,,,,,
T321,shuttle,,2026-W25,0,0,false,false,,,,,,,,,,,,,,,,
T321,shuttle,,2026-W38,0,0,false,false,,,,,,,,,,,,,,,,
T323,shuttle,,2026-W19,0,2,false,true,,,,,,,,,,,,,,7.22,5.76,3.6
T323,shuttle,,2026-W21,0,2,false,false,,,,,,,,,,,,,,7.59,5.98,3.36
T354,shuttle,,2026-W38,0,2,false,true,,,,,,,,,,,,,,9.38,6.49,3.16
T354,shuttle,,2026-W40,0,2,false,false,,,,,,,,,,,,,,9.67,6.66,4.62
T403,shuttle,,2026-W22,1,0,false,false,8.93,7.45,0.1432,,,,,,,1,0.11,,,,,
T403,shuttle,,2026-W23,0,0,false,false,,,,,,,,,,,,,,,,
T403,shuttle,,2026-W25,3,2,false,false,7.1,5.94,0.1358,,,,,,7.1,2,2.68,,,7.8,6.27,11.42
T403,shuttle,,2026-W28,1,2,false,true,8.59,6.79,0.1974,,,,,,,1,0.02,,,7.8,6.32,12.65
T403,shuttle,,2026-W29,3,0,true,false,,,,,,,,,,2,0.35,,,,,
T403,shuttle,,2026-W32,1,2,false,true,8.94,7.75,0.1085,,,,,,,1,0.18,,,8.16,6.73,11.22
T403,shuttle,,2026-W34,5,2,true,true,7.32,5.33,0.2444,,,,,,7.32,2,0.85,,,7.75,6.56,12.32
T403,shuttle,,2026-W37,1,2,false,true,8.27,6.77,0.1266,,,,,,8.27,2,0.18,,,7.75,6.41,12.72
T403,shuttle,,2026-W38,4,0,true,false,7.78,6.73,0.1249,,,,,,7.78,2,0.74,,,,,
T403,shuttle,,2026-W39,1,2,false,true,9.67,8.66,0.0722,,,,,,9.67,2,0.12,,,8.02,6.74,11.28
T410,shuttle,,2026-W29,0,2,false,true,,,,,,,,,,,,,,7.25,6.24,9.22
T422,shuttle,,2026-W40,0,2,false,false,,,,,,,,,,,,,,7,4.57,4.63
T426,shuttle,,2026-W17,0,2,false,true,,,,,,,,,,,,,,4.12,1.48,0.53
T426,shuttle,,2026-W21,0,1,false,false,,,,,,,,,,,,,,,,0.49
T426,shuttle,,2026-W22,0,2,false,true,,,,,,,,,,,,,,8.25,6.41,6.58
T426,shuttle,,2026-W34,0,2,false,true,,,,,,,,,,,,,,8.38,7.2,10.48
T426,shuttle,,2026-W35,0,2,false,true,,,,,,,,,,,,,,8.29,6.98,10.72
T430,shuttle,,2026-W23,0,2,false,true,,,,,,,,,,,,,,7.42,6.25,12.54
T430,shuttle,,2026-W25,0,2,false,false,,,,,,,,,,,,,,7.47,6.07,14
T430,shuttle,,2026-W28,0,2,false,true,,,,,,,,,,,,,,7.71,6.55,13.38
T430,shuttle,,2026-W33,0,2,false,true,,,,,,,,,,,,,,7.47,6.41,15.82
T430,shuttle,,2026-W37,0,2,false,true,,,,,,,,,,,,,,7.36,6.22,14.26
T433,shuttle,,2026-W29,0,2,false,true,,,,,,,,,,,,,,7.1,6.28,9.03
T434,shuttle,,2026-W26,0,1,false,false,,,,,,,,,,,,,,7.2,6.05,3.33
T434,shuttle,,2026-W28,0,1,false,true,,,,,,,,,,,,,,,,0
T434,shuttle,,2026-W30,0,2,false,true,,,,,,,,,,,,,,7,5.43,8.01
T434,shuttle,,2026-W32,0,2,false,true,,,,,,,,,,,,,,7.1,5.57,8.38
T434,shuttle,,2026-W33,0,1,false,true,,,,,,,,,,,,,,6.25,5.57,0.02
T434,shuttle,,2026-W36,0,2,false,true,,,,,,,,,,,,,,7.36,5.69,6.86
T434,shuttle,,2026-W37,1,2,false,true,5.08,3.89,0.125,5.08,3.89,,,,,1,0,,,5.16,3.09,0.05
T464,shuttle,,2026-W41,0,0,false,false,,,,,,,,,,,,,,,,
X27,express,X,2026-W17,0,2,false,true,,,,,,,,,,,,,,13.62,12.02,3
X27,express,X,2026-W18,5,2,false,false,11.51,9.92,0.1322,,,,12.85,10.15,,13,4.96,,,15.6,13.96,2.46
X27,express,X,2026-W19,5,2,false,true,12.55,11.64,0.0639,,,,13.9,12.49,,12,4.98,,,13.7,12.89,2.78
X27,express,X,2026-W20,5,2,false,true,11.99,10.72,0.1104,14.65,14.11,10.2,10.89,9.22,,15,5.09,,,12.38,9.34,2.66
X27,express,X,2026-W21,5,2,false,false,11.54,10.36,0.0984,,,,11.71,9.03,,13,4.72,,,13.89,12.49,2.25
X27,express,X,2026-W22,4,2,false,true,12.05,10.56,0.1199,13.54,12.29,10.95,12.1,10.02,,15,4.8,,,12.96,11.72,3.01
X27,express,X,2026-W23,5,2,false,true,11.81,10.7,0.0765,,,,,,12.6,4,5.33,,,12.74,11.6,3.06
X27,express,X,2026-W24,5,1,false,false,11.7,10.36,0.1026,,,,,,,2,4.68,,,16.88,16.04,1.46
X27,express,X,2026-W25,3,2,false,false,9.51,8.73,0.0723,,,,,,,2,5.12,,,13.43,12.31,3.58
X27,express,X,2026-W26,5,2,false,false,12.17,11.13,0.092,,,,,,,1,4.91,,,10.16,8.96,2.7
X27,express,X,2026-W27,3,2,true,true,12.21,11.13,0.0817,13.45,12.92,11.34,11.32,9.36,12.8,16,4.36,,,16.4,14.82,2.67
X27,express,X,2026-W28,5,2,true,true,11.52,10.4,0.0865,13,12.36,10.58,12.46,10.49,10.64,16,4.27,,,14.91,13.35,3.02
X27,express,X,2026-W29,5,2,true,true,11.98,10.66,0.0978,12,11.54,11.77,11.77,9.61,,16,4.45,,,13.13,12.08,2.85
X27,express,X,2026-W30,5,2,true,true,11.57,10.41,0.0968,12.39,11.77,10.87,11.17,9.33,,16,4.23,,,12.09,10.54,3.19
X27,express,X,2026-W31,5,2,true,true,11.08,9.92,0.0959,11.86,11.06,10.12,11.14,9.56,,16,4.44,,,11.27,10.07,3.26
X27,express,X,2026-W32,5,2,false,true,11.72,10.31,0.1088,11.46,10.33,9.85,11.16,9.3,15.12,17,4.54,,,13.09,11.57,3.35
X27,express,X,2026-W33,5,2,true,true,11.9,10.54,0.0974,13.41,12.67,10.62,12.09,9.73,12.34,17,4.34,,,14.27,12.66,3.11
X27,express,X,2026-W34,5,2,true,true,12.33,11.04,0.0893,14.49,13.12,10.75,11.74,10.11,12.79,17,4.45,,,16.3,14.36,2.57
X27,express,X,2026-W35,5,2,true,true,11.52,10.54,0.0801,14.44,13.51,9.76,11.1,10.17,11.57,17,4.38,,,13.07,11.66,3.22
X27,express,X,2026-W36,5,2,true,true,12.07,11.1,0.0717,12.6,11.88,9.94,11.55,10.14,14.96,17,4.34,,,15.28,14.17,2.71
X27,express,X,2026-W37,4,2,true,true,10.2,9.02,0.102,10.7,9.9,8.7,10.34,8.69,11.08,17,4.49,5.01,,15.69,13.58,3.15
X27,express,X,2026-W38,5,2,true,true,10.78,9.76,0.0825,10.56,9.88,8.82,11.11,9.64,12.49,17,4.68,5.01,,14.93,13.02,3.06
X27,express,X,2026-W39,5,2,true,true,11.16,10.11,0.075,12.59,11.41,8.95,12.36,10.94,12.1,17,4.58,5.01,,16,13.47,2.65
X27,express,X,2026-W40,5,2,true,false,11.73,10.49,0.0848,12.09,11.25,9.8,11.04,9.35,14.49,17,4.66,5.01,,13.4,11.85,3.37
X27,express,X,2026-W41,5,0,true,false,11.06,9.82,0.0916,11.28,10.56,10.2,11.63,9.77,11.39,17,4.66,5.01,14.3,,,
X28,express,X,2026-W17,0,2,false,true,,,,,,,,,,,,,,14.36,13.26,3.16
X28,express,X,2026-W18,5,2,false,false,12.87,11.27,0.1097,,,,11.17,9.71,,13,5.36,,,15.38,14.01,2.79
X28,express,X,2026-W19,5,2,false,true,11.51,10.62,0.0703,,,,13.6,12.12,,12,5.41,,,13.41,12.2,3.26
X28,express,X,2026-W20,5,2,false,true,13.42,12.46,0.0623,16.86,16.24,10.17,11.68,10.48,,15,5.22,,,12.94,9.73,3.38
X28,express,X,2026-W21,5,2,false,false,13.93,12.09,0.0988,,,,11.5,10.42,,13,4.77,,,14.59,12.56,3.3
X28,express,X,2026-W22,4,2,false,true,12.02,10.86,0.0913,12.03,10.84,12,11.78,10.62,,15,5.12,,,12.75,11.42,3.11
X28,express,X,2026-W23,5,2,false,true,11.93,10.9,0.0851,,,,,,12.64,4,4.46,,,12.37,10.75,3.32
X28,express,X,2026-W24,5,1,false,false,9.68,7.99,0.1255,,,,,,,2,4.79,,,13.58,11.92,2.25
X28,express,X,2026-W25,3,2,false,false,14.68,13.89,0.0469,,,,,,,2,4.62,,,20.77,19.37,2.98
X28,express,X,2026-W26,4,2,false,false,8.93,9.11,0.0449,,,,,,,1,4.58,,,9.61,8.93,2.85
X28,express,X,2026-W27,3,2,true,true,13.29,11.32,0.1159,13.55,11.35,14.18,11.39,10.39,12.69,16,4.4,,,13.13,11.75,2.98
X28,express,X,2026-W28,5,2,true,true,12.61,10.95,0.1183,14.83,13.68,10.04,12.41,10.7,14.44,16,4.65,,,12.87,11.65,3.07
X28,express,X,2026-W29,5,2,true,true,11.14,9.99,0.0959,11.76,10.47,9.28,12.4,11.18,,16,4.63,,,17.54,16.56,3.16
X28,express,X,2026-W30,5,2,true,true,11.87,10.7,0.0793,12.09,10.89,10.29,13.28,12.18,,16,4.34,,,14.7,13.38,3.93
X28,express,X,2026-W31,5,2,true,true,12.63,11.35,0.079,13.98,12.84,12.75,12.02,10.85,,16,4.58,,,12.72,11.49,3.72
X28,express,X,2026-W32,5,2,false,true,11.72,10.87,0.064,12.69,11.57,11.59,11.06,9.59,10.86,17,4.47,,,12.21,10.79,3.35
X28,express,X,2026-W33,5,2,true,true,13.41,12.26,0.077,13.67,12.55,11.94,13.15,11.6,15.11,17,4.45,,,11.77,10.67,3.3
X28,express,X,2026-W34,5,2,true,true,12.31,11.23,0.0719,14.39,13.45,10.83,12.11,10.93,12.41,17,4.54,,,13.21,11.52,3
X28,express,X,2026-W35,5,2,true,true,13.09,11.99,0.0688,14.25,13.26,12.43,12.26,11.2,13.36,17,4.6,,,12.05,10.55,3.45
X28,express,X,2026-W36,5,2,true,true,13.09,11.84,0.0715,13.79,11.96,11.84,13.57,12.35,13.47,17,4.51,,,12.92,11.68,3.06
X28,express,X,2026-W37,4,2,true,true,10.67,9.47,0.0927,10.34,9.41,9.02,11.3,9.71,12.24,17,4.62,5.18,,13.24,12.05,3.55
X28,express,X,2026-W38,5,2,true,true,10.66,9.59,0.0903,10.03,9.14,9.74,11.41,10.16,10.9,17,5.01,5.18,,13.6,12.28,3.21
X28,express,X,2026-W39,5,2,true,true,11.48,10.08,0.1098,11.55,10.5,9.94,12.87,11.07,12.3,17,4.89,5.18,,15.3,13.31,3.14
X28,express,X,2026-W40,5,2,true,false,11.8,10.55,0.0841,10.44,9.36,10.68,11.95,10.91,13.4,17,4.99,5.18,,14.33,13.82,3.67
X28,express,X,2026-W41,5,0,true,false,10.87,9.92,0.0781,11.17,10.53,9.7,10.97,9.73,11.52,17,5.15,5.18,13.2,,,
X37,express,X,2026-W18,5,0,false,false,13,12.12,0.0437,,,,14.45,13.03,,7,2.35,,,,,
X37,express,X,2026-W19,5,0,false,false,10.79,10.55,0.0407,,,,11.05,10.05,,7,2,,,,,
X37,express,X,2026-W20,5,0,false,false,11.76,11.16,0.0455,,,7.02,10.32,9.7,,9,2.3,,,,,
X37,express,X,2026-W21,5,0,false,false,11.73,10.24,0.1232,,,,11.48,10.27,,7,2.24,,,,,
X37,express,X,2026-W22,4,0,false,false,13.35,12.25,0.0684,13.07,12.19,,12.53,11.41,,8,2.32,,,,,
X37,express,X,2026-W23,2,0,false,false,3.9,2.81,0.1312,,,,,,,2,1.82,,,,,
X37,express,X,2026-W27,3,0,true,false,14.33,12.96,0.0959,15.25,14.62,,14.48,12.91,,8,2.09,,,,,
X37,express,X,2026-W28,5,0,true,false,11.06,10.5,0.0411,11.23,10.32,,9.99,9.11,,8,1.84,,,,,
X37,express,X,2026-W29,5,0,true,false,12.92,12.05,0.0643,13.04,12.1,,11.55,9.92,,10,2.14,,,,,
X37,express,X,2026-W30,5,0,true,false,13.32,12.36,0.0835,12.8,11.76,,12.94,11.85,,10,2.09,,,,,
X37,express,X,2026-W31,5,0,true,false,13.29,12.26,0.0713,11.82,11.31,,12.29,11.19,,10,2.22,,,,,
X37,express,X,2026-W32,5,0,false,false,12.7,11.81,0.0607,13.6,12.92,,13.63,12.44,,10,1.87,,,,,
X37,express,X,2026-W33,5,0,true,false,13.96,12.91,0.0821,15.18,14.28,,12.59,11.46,,10,2.05,,,,,
X37,express,X,2026-W34,5,0,true,false,13.07,11.49,0.1443,13.55,12.82,,12.65,11.69,,10,2.1,,,,,
X37,express,X,2026-W35,5,0,true,false,14.24,13.07,0.0826,16.26,15.09,,12.92,12.06,,9,2.08,,,,,
X37,express,X,2026-W36,5,0,true,false,14.35,13.4,0.0636,12.34,11.29,,12.62,11.73,,10,1.99,,,,,
X37,express,X,2026-W37,4,0,true,false,11.6,10.5,0.0896,11.37,10.24,,12.33,10.95,,9,1.92,2.39,,,,
X37,express,X,2026-W38,5,0,true,false,12.57,11.82,0.0605,11.21,10.61,,13.22,12.46,,9,2.06,2.39,,,,
X37,express,X,2026-W39,5,0,true,false,12.65,11.61,0.0769,12.45,10.25,4.47,13.26,12.3,16.32,12,2.04,2.39,,,,
X37,express,X,2026-W40,5,0,true,false,12.35,11.27,0.1136,11.94,10.61,,13.36,12.4,,9,2.13,2.39,,,,
X37,express,X,2026-W41,4,0,true,false,12.35,11.47,0.0739,11.34,10.78,,12.79,11.52,,10,2.16,2.39,15.7,,,
X38,express,X,2026-W18,4,0,false,false,13.12,11.93,0.0824,,,,14.18,13.35,,6,2.27,,,,,
X38,express,X,2026-W19,5,0,false,false,9.86,10.31,-0.004,,,,11.34,10.96,11.06,5,2.02,,,,,
X38,express,X,2026-W20,5,0,false,false,10.75,9.43,0.1027,,,5.92,10.81,9.83,,8,2.28,,,,,
X38,express,X,2026-W21,5,0,false,false,12.53,11.94,0.0516,,,,14.75,13.79,13.9,8,2.23,,,,,
X38,express,X,2026-W22,4,0,false,false,12.49,11.08,0.1006,13.25,12.14,,12.95,11.93,,8,2.43,,,,,
X38,express,X,2026-W27,3,0,true,false,13.6,11.64,0.158,13.91,12.91,,15.41,14.84,,8,2.05,,,,,
X38,express,X,2026-W28,5,0,true,false,11.9,10.82,0.0837,13.47,12.44,,12.13,11.36,,8,2.03,,,,,
X38,express,X,2026-W29,5,0,true,false,11.34,10.37,0.0917,10.85,9.72,,11.99,10.82,15.07,10,2.27,,,,,
X38,express,X,2026-W30,5,0,true,false,11.64,10.69,0.0787,10.58,9.92,,13.07,12.15,,9,2.22,,,,,
X38,express,X,2026-W31,5,0,true,false,10.94,9.36,0.1293,13.47,12.3,,11.84,11.09,14,10,2.23,,,,,
X38,express,X,2026-W32,5,0,false,false,11.27,9.82,0.1074,13.7,11.6,,11.22,10.07,,9,2.03,,,,,
X38,express,X,2026-W33,5,0,true,false,13.1,10.86,0.1753,14.39,12.97,,13.72,12.47,14.59,10,2.03,,,,,
X38,express,X,2026-W34,5,0,true,false,12.67,11.58,0.0836,14.19,13.1,6.86,13.74,12.79,,10,2.12,,,,,
X38,express,X,2026-W35,5,0,true,false,12.54,11.21,0.0811,14.39,13.52,,14.2,12.98,,9,2.16,,,,,
X38,express,X,2026-W36,5,0,true,false,12.84,11.49,0.0809,12.91,11.48,,15.57,14.4,,9,2.1,,,,,
X38,express,X,2026-W37,4,0,true,false,11.44,10.15,0.0993,10.85,10.08,7.51,13.86,12.52,,10,2.28,2.39,,,,
X38,express,X,2026-W38,5,0,true,false,11.17,10.29,0.0994,11.49,10.61,5.17,13.5,12.45,,10,2.33,2.39,,,,
X38,express,X,2026-W39,5,0,true,false,11.65,10.1,0.1302,12.15,10.33,6.26,13.18,11.83,,11,2.24,2.39,,,,
X38,express,X,2026-W40,5,0,true,false,11.63,10.54,0.084,12.64,11.44,,13.14,12.15,,9,2.28,2.39,,,,
X38,express,X,2026-W41,4,0,true,false,11.3,9.89,0.1109,10.92,9.84,7.19,12.6,11.44,,10,2.23,2.39,17.4,,,
