{"type":"FeatureCollection","features":[{"type":"Feature","properties":{"route":"B1","routeId":"B1","short":"B1","color":"#00AEEF","longName":"Bay Ridge - Manhattan Beach","kind":"local"},"geometry":{"type":"LineString","coordinates":[[-74.02854,40.62189],[-74.02869,40.62201],[-74.02836,40.62277],[-73.97421,40.59009],[-73.96542,40.59105],[-73.96725,40.58317],[-73.9673,40.58288],[-73.96708,40.58252],[-73.96853,40.57631],[-73.96738,40.57635],[-73.96158,40.57758],[-73.95991,40.57801],[-73.95963,40.57796],[-73.95826,40.57825],[-73.95777,40.57824],[-73.95466,40.57732],[-73.954,40.5774],[-73.95382,40.57671],[-73.95289,40.57687],[-73.95098,40.57701],[-73.9407,40.57815],[-73.94019,40.57802],[-73.93999,40.57805]]}},{"type":"Feature","properties":{"route":"B100","routeId":"B100","short":"B100","color":"#B933AD","longName":"Mill Basin - Midwood","kind":"local"},"geometry":{"type":"LineString","coordinates":[[-73.91605,40.60686],[-73.9164,40.60718],[-73.91636,40.60729],[-73.91389,40.60886],[-73.91085,40.60614],[-73.90931,40.60713],[-73.90857,40.6078],[-73.90746,40.60913],[-73.90697,40.61002],[-73.90677,40.61064],[-73.90664,40.61185],[-73.90688,40.61294],[-73.90707,40.61342],[-73.90756,40.6142],[-73.90802,40.61471],[-73.91096,40.61736],[-73.91384,40.61548],[-73.914,40.61555],[-73.9157,40.6171],[-73.91897,40.615],[-73.92776,40.61442],[-73.92808,40.61469],[-73.94051,40.60668],[-73.94284,40.60885],[-73.94358,40.60944],[-73.94364,40.60989],[-73.95313,40.60886],[-73.95347,40.61071],[-73.9556,40.60997],[-73.95742,40.60918],[-73.95736,40.60894]]}},{"type":"Feature","properties":{"route":"B103","routeId":"B103","short":"B103","color":"#FAA61A","longName":"Canarsie - Downtown Brooklyn Ltd","kind":"limited"},"geometry":{"type":"LineString","coordinates":[[-73.99101,40.69597],[-73.9911,40.69624],[-73.98895,40.69615],[-73.98912,40.69315],[-73.98905,40.69235],[-73.98943,40.69106],[-73.97999,40.68748],[-73.97844,40.68534],[-73.97803,40.6849],[-73.97843,40.68447],[-73.98388,40.67631],[-73.99269,40.66574],[-73.99344,40.66505],[-73.99256,40.66446],[-73.99215,40.66462],[-73.99182,40.66455],[-73.9909,40.66411],[-73.98956,40.66321],[-73.98877,40.66239],[-73.98711,40.6601],[-73.98646,40.65946],[-73.98344,40.65755],[-73.98122,40.65586],[-73.98181,40.65529],[-73.97942,40.64283],[-73.9709,40.64637],[-73.96885,40.63926],[-73.95875,40.64381],[-73.95809,40.64409],[-73.95791,40.64408],[-73.95772,40.64307],[-73.95748,40.6424],[-73.95269,40.63756],[-73.94648,40.63174],[-73.92076,40.63333],[-73.92038,40.6335],[-73.91496,40.63705],[-73.90886,40.63158],[-73.90484,40.62974],[-73.88738,40.64102],[-73.89464,40.64752],[-73.89232,40.64905],[-73.89121,40.65002],[-73.89154,40.65032]]}},{"type":"Feature","properties":{"route":"B11","routeId":"B11","short":"B11","color":"#006CB7","longName":"Sunset Park - Midwood","kind":"local"},"geometry":{"type":"LineString","coordinates":[[-73.94676,40.63196],[-73.94943,40.6345],[-73.95083,40.63365],[-73.95297,40.63341],[-73.9516,40.62627],[-73.96515,40.62477],[-73.96561,40.62713],[-73.97625,40.62597],[-73.97671,40.62836],[-73.97749,40.62798],[-73.97986,40.62943],[-73.98099,40.62829],[-74.01204,40.64704],[-74.01555,40.6437],[-74.01987,40.64626],[-74.01868,40.64739],[-74.02087,40.64872],[-74.02382,40.64589],[-74.02313,40.64549]]}},{"type":"Feature","properties":{"route":"B12","routeId":"B12","short":"B12","color":"#6CBE45","longName":"Lefferts Gardens - East New York","kind":"local"},"geometry":{"type":"LineString","coordinates":[[-73.96115,40.65516],[-73.95987,40.65565],[-73.95639,40.65585],[-73.95629,40.65504],[-73.93955,40.65604],[-73.93968,40.65735],[-73.93954,40.65819],[-73.93997,40.66221],[-73.93734,40.66238],[-73.9374,40.66291],[-73.9373,40.66317],[-73.93068,40.66359],[-73.92103,40.66784],[-73.92002,40.66835],[-73.91965,40.66835],[-73.91073,40.66968],[-73.91132,40.67192],[-73.91107,40.67476],[-73.90582,40.67447],[-73.90442,40.67517],[-73.90224,40.67592],[-73.90001,40.67683],[-73.89922,40.67691]]}},{"type":"Feature","properties":{"route":"B13","routeId":"B13","short":"B13","color":"#FAA61A","longName":"Spring Creek - Wyckoff Hospital","kind":"local"},"geometry":{"type":"LineString","coordinates":[[-73.87667,40.65289],[-73.87671,40.65294],[-73.87703,40.65284],[-73.87596,40.6519],[-73.87528,40.65048],[-73.87489,40.64999],[-73.8739,40.64942],[-73.87311,40.64926],[-73.87256,40.64925],[-73.87161,40.64943],[-73.87101,40.6497],[-73.86668,40.65288],[-73.86757,40.65413],[-73.8679,40.65673],[-73.8686,40.65771],[-73.8659,40.65883],[-73.8672,40.66044],[-73.86577,40.66065],[-73.86678,40.66241],[-73.86753,40.66546],[-73.86348,40.66603],[-73.86321,40.6647],[-73.86269,40.66477],[-73.86288,40.66505],[-73.86331,40.66522],[-73.86348,40.66603],[-73.86205,40.66624],[-73.86287,40.66961],[-73.86888,40.66874],[-73.86945,40.66858],[-73.8701,40.66812],[-73.87131,40.67286],[-73.86853,40.67326],[-73.86814,40.67173],[-73.86905,40.67159],[-73.87037,40.67691],[-73.86886,40.67714],[-73.87055,40.67763],[-73.87155,40.68168],[-73.87402,40.6893],[-73.87571,40.68856],[-73.87774,40.69071],[-73.87817,40.69102],[-73.87872,40.6912],[-73.87983,40.69111],[-73.88043,40.69117],[-73.88098,40.69135],[-73.88222,40.69202],[-73.88449,40.69382],[-73.88471,40.69407],[-73.88502,40.6947],[-73.88592,40.69582],[-73.88625,40.69637],[-73.887,40.6968],[-73.88755,40.69726],[-73.88781,40.69772],[-73.88814,40.69887],[-73.88847,40.69871],[-73.89289,40.69771],[-73.89335,40.70088],[-73.89456,40.70078],[-73.89569,40.70395],[-73.89692,40.70648],[-73.89993,40.70577],[-73.90212,40.70514],[-73.9024,40.70576],[-73.90368,40.7079],[-73.91181,40.69993],[-73.9156,40.70203],[-73.91923,40.7043],[-73.91808,40.70542],[-73.91884,40.70586],[-73.91997,40.70476],[-73.91943,40.70442]]}},{"type":"Feature","properties":{"route":"B14","routeId":"B14","short":"B14","color":"#00AEEF","longName":"Spring Creek - Crown Heights","kind":"local"},"geometry":{"type":"LineString","coordinates":[[-73.86274,40.66476],[-73.86273,40.66492],[-73.86288,40.66505],[-73.86331,40.66522],[-73.86348,40.66603],[-73.86205,40.66624],[-73.86287,40.66961],[-73.86556,40.66921],[-73.86666,40.67352],[-73.90262,40.66825],[-73.90183,40.66521],[-73.90557,40.66466],[-73.90703,40.67022],[-73.91979,40.66833],[-73.92002,40.66835],[-73.91991,40.66954],[-73.92192,40.66871],[-73.92261,40.66854],[-73.93385,40.66912],[-73.9339,40.66871],[-73.93151,40.66859]]}},{"type":"Feature","properties":{"route":"B15","routeId":"B15","short":"B15","color":"#B933AD","longName":"Bedford Stuyvesant - JFK AirTrain","kind":"local"},"geometry":{"type":"LineString","coordinates":[[-73.82465,40.66155],[-73.8253,40.66162],[-73.8254,40.66178],[-73.82536,40.662],[-73.8252,40.66205],[-73.82357,40.66186],[-73.82224,40.66606],[-73.82321,40.66612],[-73.82903,40.66607],[-73.83081,40.66616],[-73.83168,40.6663],[-73.83464,40.66713],[-73.83745,40.66739],[-73.83982,40.66803],[-73.84028,40.66837],[-73.84082,40.66908],[-73.84122,40.66931],[-73.8416,40.66939],[-73.84253,40.66927],[-73.84321,40.66934],[-73.84865,40.67097],[-73.85075,40.67167],[-73.85185,40.67175],[-73.85289,40.67162],[-73.85348,40.67142],[-73.85463,40.67086],[-73.85541,40.67063],[-73.86911,40.66869],[-73.86961,40.66849],[-73.87193,40.66681],[-73.87379,40.66932],[-73.87673,40.66892],[-73.8945,40.66122],[-73.90456,40.65671],[-73.912,40.65556],[-73.91238,40.65556],[-73.92203,40.66421],[-73.92275,40.66708],[-73.92246,40.67012],[-73.92543,40.67028],[-73.925,40.67473],[-73.93608,40.67533],[-73.9357,40.67868],[-73.9356,40.67888],[-73.93466,40.67978],[-73.93449,40.68021],[-73.93815,40.69859],[-73.94111,40.70028],[-73.94142,40.6999],[-73.9414,40.69976]]}},{"type":"Feature","properties":{"route":"B16","routeId":"B16","short":"B16","color":"#FAA61A","longName":"Bay Ridge - Lefferts Gardens","kind":"local"},"geometry":{"type":"LineString","coordinates":[[-74.03521,40.61171],[-74.03641,40.61287],[-74.03691,40.61355],[-74.03796,40.61585],[-74.04041,40.61996],[-74.0405,40.62053],[-74.04042,40.621],[-74.04018,40.62158],[-74.04016,40.62281],[-74.03912,40.62538],[-74.0288,40.62293],[-74.02836,40.62277],[-74.02444,40.62042],[-74.02192,40.62211],[-74.02009,40.62243],[-74.01975,40.62256],[-74.0194,40.6229],[-74.01882,40.62433],[-74.01819,40.62461],[-74.00267,40.635],[-73.99399,40.62975],[-73.98234,40.64095],[-73.98318,40.64138],[-73.98671,40.64353],[-73.98105,40.64573],[-73.98133,40.64714],[-73.97565,40.6478],[-73.97489,40.64778],[-73.9732,40.64757],[-73.9614,40.65215],[-73.96306,40.66204],[-73.96301,40.66244],[-73.96242,40.66315],[-73.96087,40.66089],[-73.96113,40.66084]]}},{"type":"Feature","properties":{"route":"B17","routeId":"B17","short":"B17","color":"#B933AD","longName":"Canarsie - Crown Heights","kind":"local"},"geometry":{"type":"LineString","coordinates":[[-73.88169,40.63905],[-73.89504,40.63041],[-73.93091,40.6626],[-73.93132,40.66276],[-73.93734,40.66238],[-73.9374,40.66291],[-73.93715,40.66376],[-73.93668,40.66887],[-73.93162,40.6686]]}},{"type":"Feature","properties":{"route":"B2","routeId":"B2","short":"B2","color":"#006CB7","longName":"Kings Hwy Station - Kings Plaza","kind":"local"},"geometry":{"type":"LineString","coordinates":[[-73.95708,40.60739],[-73.9568,40.60588],[-73.94168,40.60754],[-73.94156,40.60758],[-73.94227,40.60826],[-73.93498,40.61299],[-73.93133,40.60974],[-73.92621,40.61305],[-73.92607,40.61283],[-73.92081,40.60813],[-73.92061,40.60826],[-73.92185,40.60937]]}},{"type":"Feature","properties":{"route":"B20","routeId":"B20","short":"B20","color":"#6CBE45","longName":"Ridgewood - Spring Creek","kind":"local"},"geometry":{"type":"LineString","coordinates":[[-73.86324,40.66484],[-73.86321,40.6647],[-73.86269,40.66477],[-73.86288,40.66505],[-73.86331,40.66522],[-73.86348,40.66603],[-73.86205,40.66624],[-73.86287,40.66961],[-73.86929,40.66864],[-73.86961,40.66849],[-73.87136,40.66718],[-73.87228,40.66662],[-73.88093,40.6629],[-73.87857,40.65969],[-73.88826,40.65552],[-73.8934,40.6623],[-73.89723,40.6772],[-73.89753,40.67809],[-73.89773,40.67813],[-73.89828,40.67774],[-73.90016,40.67693],[-73.90056,40.67715],[-73.90119,40.67719],[-73.90245,40.67764],[-73.9033,40.67786],[-73.90779,40.67811],[-73.90543,40.68001],[-73.91231,40.68393],[-73.90294,40.69344],[-73.9019,40.69429],[-73.90182,40.69424],[-73.89599,40.69998],[-73.8961,40.70065],[-73.89456,40.70078],[-73.89569,40.70395],[-73.89692,40.70648],[-73.90121,40.7054]]}},{"type":"Feature","properties":{"route":"B24","routeId":"B24","short":"B24","color":"#FAA61A","longName":"Williamsburg - Greenpoint","kind":"local"},"geometry":{"type":"LineString","coordinates":[[-73.95941,40.70956],[-73.95921,40.70949],[-73.95945,40.70898],[-73.95672,40.70799],[-73.95291,40.71405],[-73.94935,40.71403],[-73.94208,40.71472],[-73.94216,40.71505],[-73.94121,40.71549],[-73.94003,40.71579],[-73.94104,40.7219],[-73.94001,40.72262],[-73.93831,40.72354],[-73.93755,40.7238],[-73.93453,40.72459],[-73.93419,40.72475],[-73.93249,40.72513],[-73.93143,40.72558],[-73.93093,40.72588],[-73.9301,40.72644],[-73.92742,40.72878],[-73.92671,40.72955],[-73.92466,40.73248],[-73.92412,40.73287],[-73.9233,40.73289],[-73.92112,40.73253],[-73.9204,40.73233],[-73.92007,40.73215],[-73.91986,40.73191],[-73.91922,40.73145],[-73.91919,40.73203],[-73.91886,40.7328],[-73.91724,40.74093],[-73.91817,40.74104],[-73.91788,40.7425],[-73.91936,40.74203],[-73.92304,40.74044],[-73.92411,40.7399],[-73.93121,40.737],[-73.93267,40.73633],[-73.93628,40.73499],[-73.93678,40.73573],[-73.93789,40.73461],[-73.93802,40.73432],[-73.93982,40.73345],[-73.94132,40.73293],[-73.94332,40.73251],[-73.94811,40.73081],[-73.95925,40.72971],[-73.95936,40.73042],[-73.95771,40.73057],[-73.95758,40.72986],[-73.95458,40.73015]]}},{"type":"Feature","properties":{"route":"B25","routeId":"B25","short":"B25","color":"#6CBE45","longName":"Dwntn Bklyn & DUMBO - Broadway Junction","kind":"local"},"geometry":{"type":"LineString","coordinates":[[-73.99204,40.70261],[-73.99239,40.70262],[-73.99329,40.70242],[-73.99266,40.70205],[-73.99129,40.701],[-73.99087,40.70047],[-73.99094,40.70007],[-73.99133,40.69925],[-73.99146,40.69843],[-73.99136,40.6968],[-73.99116,40.69624],[-73.98897,40.69611],[-73.98912,40.69289],[-73.98901,40.69239],[-73.98908,40.69213],[-73.96796,40.6837],[-73.95319,40.68059],[-73.9033,40.67786],[-73.90245,40.67764],[-73.90119,40.67719],[-73.90097,40.67704],[-73.90082,40.67652],[-73.90017,40.67676]]}},{"type":"Feature","properties":{"route":"B26","routeId":"B26","short":"B26","color":"#006CB7","longName":"Downtown Brooklyn - Ridgewood","kind":"local"},"geometry":{"type":"LineString","coordinates":[[-73.99102,40.69576],[-73.99116,40.69624],[-73.98714,40.69605],[-73.98733,40.69143],[-73.96796,40.6837],[-73.95858,40.68172],[-73.95884,40.683],[-73.95029,40.68398],[-73.94986,40.68178],[-73.91559,40.68578],[-73.91533,40.68563],[-73.90502,40.69612],[-73.90877,40.69824],[-73.90952,40.69747],[-73.91177,40.69876],[-73.91107,40.69954],[-73.91071,40.69934]]}},{"type":"Feature","properties":{"route":"B3","routeId":"B3","short":"B3","color":"#EE352E","longName":"Bensonhurst - Bergen Beach","kind":"local"},"geometry":{"type":"LineString","coordinates":[[-73.90777,40.61962],[-73.90969,40.61838],[-73.91026,40.61778],[-73.91613,40.614],[-73.91967,40.6116],[-73.91986,40.61157],[-73.9212,40.61074],[-73.92241,40.60987],[-73.92843,40.60593],[-73.93618,40.60105],[-73.98369,40.59582],[-73.98528,40.59676],[-73.98576,40.59931],[-73.9925,40.59282]]}},{"type":"Feature","properties":{"route":"B31","routeId":"B31","short":"B31","color":"#FAA61A","longName":"Gerritsen Beach - Kings Hwy Station","kind":"local"},"geometry":{"type":"LineString","coordinates":[[-73.95712,40.60836],[-73.95726,40.60834],[-73.9568,40.60588],[-73.94156,40.60758],[-73.91885,40.58719]]}},{"type":"Feature","properties":{"route":"B32","routeId":"B32","short":"B32","color":"#006CB7","longName":"Williamsburg - Long Island City","kind":"local"},"geometry":{"type":"LineString","coordinates":[[-73.96052,40.70933],[-73.96313,40.7102],[-73.96852,40.7108],[-73.96849,40.71091],[-73.96603,40.71627],[-73.95777,40.72404],[-73.95719,40.72733],[-73.95817,40.7334],[-73.95217,40.73398],[-73.95255,40.73539],[-73.95288,40.73749],[-73.95287,40.7382],[-73.95138,40.74269],[-73.95098,40.74433],[-73.94961,40.74853],[-73.94735,40.74809],[-73.94741,40.74792]]}},{"type":"Feature","properties":{"route":"B35","routeId":"B35","short":"B35","color":"#EE352E","longName":"Brownsville - Sunset Park","kind":"local"},"geometry":{"type":"LineString","coordinates":[[-74.00854,40.65404],[-74.01045,40.65523],[-74.00938,40.65634],[-74.00507,40.65377],[-74.00624,40.65266],[-73.98408,40.63929],[-73.98125,40.64202],[-73.97514,40.64462],[-73.96932,40.64698],[-73.96219,40.64979],[-73.96116,40.65006],[-73.9585,40.65041],[-73.9438,40.65109],[-73.9433,40.65105],[-73.93041,40.65171],[-73.92849,40.65217],[-73.92751,40.65231],[-73.92368,40.65254],[-73.9227,40.65244],[-73.92078,40.65254],[-73.92013,40.65266],[-73.91378,40.65678],[-73.91238,40.65556],[-73.91225,40.65554],[-73.90357,40.65682],[-73.90365,40.65713],[-73.9043,40.65683]]}},{"type":"Feature","properties":{"route":"B36","routeId":"B36","short":"B36","color":"#FAA61A","longName":"Sheepshead Bay - Coney Island","kind":"local"},"geometry":{"type":"LineString","coordinates":[[-74.00224,40.57325],[-74.00258,40.5733],[-74.00396,40.58081],[-74.00124,40.58109],[-74.00071,40.58104],[-73.99919,40.57281],[-73.99662,40.57274],[-73.99537,40.57281],[-73.99382,40.573],[-73.99176,40.57341],[-73.98554,40.57514],[-73.9828,40.57547],[-73.9799,40.57556],[-73.97786,40.57545],[-73.97566,40.57518],[-73.97345,40.5748],[-73.97312,40.57558],[-73.97185,40.57975],[-73.97038,40.57973],[-73.96762,40.58035],[-73.96616,40.58664],[-73.93979,40.58954],[-73.94184,40.60018],[-73.94261,40.59984]]}},{"type":"Feature","properties":{"route":"B37","routeId":"B37","short":"B37","color":"#B933AD","longName":"Downtown Brooklyn - Bay Ridge","kind":"local"},"geometry":{"type":"LineString","coordinates":[[-74.03601,40.61246],[-74.03609,40.61254],[-74.03483,40.61447],[-74.03415,40.61591],[-74.02527,40.6376],[-74.02355,40.63931],[-74.02281,40.63965],[-74.02164,40.63978],[-74.02148,40.6405],[-74.02092,40.64133],[-74.0208,40.64131],[-74.02028,40.64191],[-74.01564,40.64646],[-73.99508,40.66623],[-73.99494,40.66647],[-73.9949,40.66684],[-73.98614,40.67727],[-73.98069,40.68532],[-73.97831,40.68437],[-73.97898,40.68349]]}},{"type":"Feature","properties":{"route":"B38","routeId":"B38","short":"B38","color":"#00AEEF","longName":"Ridgewood - Downtown Brooklyn","kind":"local"},"geometry":{"type":"LineString","coordinates":[[-73.99058,40.69618],[-73.98897,40.69611],[-73.98912,40.69289],[-73.98901,40.69239],[-73.98908,40.69213],[-73.97628,40.68703],[-73.97271,40.68739],[-73.92798,40.69255],[-73.92648,40.69414],[-73.92828,40.69512],[-73.91923,40.7043],[-73.91584,40.70762],[-73.90474,40.70105],[-73.9038,40.70195],[-73.90294,40.70145],[-73.90419,40.70073],[-73.90452,40.70092]]}},{"type":"Feature","properties":{"route":"B39","routeId":"B39","short":"B39","color":"#00AEEF","longName":"Williamsburg Bridge Plaza - Lower East Side","kind":"local"},"geometry":{"type":"LineString","coordinates":[[-73.95935,40.70961],[-73.95887,40.70954],[-73.95835,40.71028],[-73.95882,40.71035],[-73.95987,40.71023],[-73.96039,40.71024],[-73.96119,40.71035],[-73.98572,40.71781],[-73.99022,40.71924],[-73.99005,40.71957]]}},{"type":"Feature","properties":{"route":"B4","routeId":"B4","short":"B4","color":"#6CBE45","longName":"Bay Ridge - Sheepshead Bay","kind":"local"},"geometry":{"type":"LineString","coordinates":[[-74.03645,40.63185],[-74.03642,40.63193],[-74.02566,40.62935],[-74.02506,40.63082],[-74.02473,40.63072],[-73.98759,40.60833],[-73.98736,40.60814],[-73.98528,40.59676],[-73.97421,40.59009],[-73.97447,40.58575],[-73.96644,40.58661],[-73.96725,40.58317],[-73.9673,40.58288],[-73.96708,40.58252],[-73.96762,40.58035],[-73.95437,40.58307],[-73.95041,40.58343],[-73.95125,40.58492],[-73.95274,40.58514],[-73.95291,40.58529],[-73.95301,40.58579],[-73.95484,40.5856],[-73.95527,40.58784],[-73.94938,40.58851],[-73.94854,40.58431],[-73.94452,40.58462],[-73.94176,40.58492],[-73.93531,40.58603],[-73.93364,40.58601],[-73.93271,40.58584],[-73.93129,40.5854],[-73.93139,40.58607],[-73.93345,40.58653],[-73.93371,40.58791],[-73.93178,40.58812],[-73.9315,40.58665]]}},{"type":"Feature","properties":{"route":"B41","routeId":"B41","short":"B41","color":"#006CB7","longName":"Kings Plaza - Downtown Brooklyn","kind":"local"},"geometry":{"type":"LineString","coordinates":[[-73.99095,40.69551],[-73.99116,40.69624],[-73.98897,40.69611],[-73.98912,40.69289],[-73.98901,40.69239],[-73.98938,40.69102],[-73.97988,40.68737],[-73.97101,40.67523],[-73.97063,40.67459],[-73.9705,40.67348],[-73.97012,40.67276],[-73.96998,40.67264],[-73.96967,40.67266],[-73.96932,40.67257],[-73.9689,40.67227],[-73.96507,40.66697],[-73.96087,40.66089],[-73.96063,40.66036],[-73.96048,40.65839],[-73.96023,40.6571],[-73.95916,40.65213],[-73.95821,40.64832],[-73.95798,40.64455],[-73.95764,40.64268],[-73.95747,40.64235],[-73.95266,40.63752],[-73.93498,40.62084],[-73.93249,40.61859],[-73.90778,40.62014],[-73.90745,40.61982],[-73.90816,40.61936],[-73.90856,40.61974]]}},{"type":"Feature","properties":{"route":"B42","routeId":"B42","short":"B42","color":"#006CB7","longName":"Canarsie Pier - Rockaway Parkway Station","kind":"local"},"geometry":{"type":"LineString","coordinates":[[-73.88677,40.63125],[-73.88948,40.63369],[-73.88966,40.63374],[-73.90231,40.64514],[-73.90142,40.64571],[-73.90158,40.64574]]}},{"type":"Feature","properties":{"route":"B43","routeId":"B43","short":"B43","color":"#EE352E","longName":"Greenpoint - Lefferts Gardens","kind":"local"},"geometry":{"type":"LineString","coordinates":[[-73.96152,40.66077],[-73.96278,40.66053],[-73.96306,40.66227],[-73.96291,40.6626],[-73.96242,40.66315],[-73.94581,40.66422],[-73.9427,40.66405],[-73.94122,40.67993],[-73.94031,40.67988],[-73.94439,40.70043],[-73.94195,40.70072],[-73.9422,40.70089],[-73.94225,40.70161],[-73.94508,40.71874],[-73.94698,40.72145],[-73.94747,40.7227],[-73.9491,40.72254],[-73.9499,40.72216],[-73.95328,40.72811],[-73.95396,40.72948],[-73.95439,40.73087],[-73.9555,40.73791],[-73.95673,40.73723],[-73.95649,40.73716],[-73.95576,40.73724]]}},{"type":"Feature","properties":{"route":"B44","routeId":"B44","short":"B44","color":"#B933AD","longName":"Sheepshead Bay - Williamsburg","kind":"local"},"geometry":{"type":"LineString","coordinates":[[-73.93121,40.58503],[-73.93106,40.58438],[-73.93337,40.58413],[-73.93873,40.58395],[-73.9473,40.62915],[-73.948,40.63624],[-73.94513,40.63642],[-73.94799,40.66329],[-73.94822,40.66439],[-73.94674,40.68023],[-73.95336,40.68062],[-73.95737,40.70067],[-73.95752,40.70092],[-73.9631,40.70587],[-73.96128,40.70706],[-73.9608,40.70943],[-73.96062,40.70937],[-73.96053,40.70959],[-73.96035,40.70959],[-73.9596,40.70934]]}},{"type":"Feature","properties":{"route":"B44+","routeId":"B44+","short":"B44-SBS","color":"#B933AD","longName":"Sheepshead Bay - Williamsburg","kind":"sbs"},"geometry":{"type":"LineString","coordinates":[[-73.93121,40.58505],[-73.93106,40.58438],[-73.93337,40.58413],[-73.93873,40.58395],[-73.9473,40.62915],[-73.94769,40.63282],[-73.95109,40.63605],[-73.95095,40.63629],[-73.95115,40.63842],[-73.95385,40.66371],[-73.95268,40.67623],[-73.95281,40.67784],[-73.95737,40.70067],[-73.95752,40.70092],[-73.9631,40.70587],[-73.96128,40.70706],[-73.9608,40.70943],[-73.96062,40.70937],[-73.96053,40.70959],[-73.96035,40.70959],[-73.9596,40.70934]]}},{"type":"Feature","properties":{"route":"B45","routeId":"B45","short":"B45","color":"#EE352E","longName":"Downtown Brooklyn - Crown Heights","kind":"local"},"geometry":{"type":"LineString","coordinates":[[-73.99083,40.69145],[-73.98922,40.69097],[-73.98741,40.69031],[-73.97988,40.68737],[-73.97807,40.68489],[-73.97831,40.68437],[-73.9774,40.68399],[-73.97592,40.68347],[-73.96439,40.68102],[-73.96295,40.67357],[-73.95465,40.67184],[-73.92543,40.67028],[-73.92509,40.67383],[-73.92213,40.67368],[-73.92245,40.67019]]}},{"type":"Feature","properties":{"route":"B46","routeId":"B46","short":"B46","color":"#6CBE45","longName":"Kings Plaza - Williamsburg","kind":"local"},"geometry":{"type":"LineString","coordinates":[[-73.95933,40.70935],[-73.95945,40.70898],[-73.9516,40.7062],[-73.93147,40.69485],[-73.92855,40.68031],[-73.92858,40.67996],[-73.92883,40.6795],[-73.93001,40.67835],[-73.93025,40.67795],[-73.93161,40.6632],[-73.92628,40.61341],[-73.92607,40.61283],[-73.92081,40.60813],[-73.92061,40.60826],[-73.92153,40.60909]]}},{"type":"Feature","properties":{"route":"B46+","routeId":"B46+","short":"B46-SBS","color":"#6CBE45","longName":"Kings Plaza - Williamsburg","kind":"sbs"},"geometry":{"type":"LineString","coordinates":[[-73.93108,40.69312],[-73.92855,40.68031],[-73.92858,40.67996],[-73.92883,40.6795],[-73.93001,40.67835],[-73.93025,40.67795],[-73.93161,40.6632],[-73.92641,40.61454],[-73.92624,40.61316],[-73.92607,40.61283],[-73.92081,40.60813],[-73.92061,40.60826],[-73.92153,40.60909]]}},{"type":"Feature","properties":{"route":"B47","routeId":"B47","short":"B47","color":"#FAA61A","longName":"Kings Plaza - Bedford-Stuyvesant","kind":"local"},"geometry":{"type":"LineString","coordinates":[[-73.94136,40.69958],[-73.94115,40.69853],[-73.93893,40.69878],[-73.93867,40.69889],[-73.92666,40.69213],[-73.92429,40.69076],[-73.92425,40.69059],[-73.92196,40.67908],[-73.92165,40.67885],[-73.92165,40.67874],[-73.92275,40.66708],[-73.9244,40.66637],[-73.92289,40.66494],[-73.92376,40.66439],[-73.92012,40.6611],[-73.92542,40.65768],[-73.92089,40.65363],[-73.91714,40.61836],[-73.91391,40.61544],[-73.91967,40.6116],[-73.91986,40.61157],[-73.92061,40.61111]]}},{"type":"Feature","properties":{"route":"B48","routeId":"B48","short":"B48","color":"#6CBE45","longName":"Lefferts Gardens - Greenpoint","kind":"local"},"geometry":{"type":"LineString","coordinates":[[-73.96236,40.66061],[-73.96278,40.66053],[-73.96306,40.66204],[-73.96301,40.66244],[-73.96242,40.66315],[-73.96093,40.66327],[-73.96209,40.66911],[-73.95826,40.67987],[-73.96029,40.69034],[-73.96196,40.69792],[-73.96175,40.69875],[-73.96166,40.69898],[-73.95779,40.69959],[-73.9551,40.70137],[-73.95422,40.7006],[-73.95382,40.70009],[-73.95374,40.70029],[-73.94815,40.70389],[-73.94788,40.70411],[-73.9478,40.7043],[-73.95062,40.72171],[-73.95165,40.72347],[-73.94543,40.72551],[-73.93608,40.72638],[-73.93541,40.72588],[-73.93434,40.72665]]}},{"type":"Feature","properties":{"route":"B49","routeId":"B49","short":"B49","color":"#EE352E","longName":"Manhattan Beach - Bedford-Stuyvesant","kind":"local"},"geometry":{"type":"LineString","coordinates":[[-73.93995,40.57805],[-73.93974,40.57807],[-73.93982,40.57835],[-73.95192,40.57703],[-73.95289,40.57687],[-73.95394,40.58239],[-73.95406,40.58296],[-73.95419,40.58309],[-73.95041,40.58343],[-73.95125,40.58492],[-73.95274,40.58514],[-73.95291,40.58529],[-73.95301,40.58579],[-73.95484,40.5856],[-73.95527,40.58784],[-73.94938,40.58851],[-73.9584,40.6363],[-73.95403,40.63841],[-73.95115,40.63842],[-73.95385,40.66371],[-73.95275,40.67535],[-73.95266,40.67665],[-73.95271,40.67719],[-73.95336,40.68062],[-73.95564,40.68111],[-73.95558,40.68081]]}},{"type":"Feature","properties":{"route":"B52","routeId":"B52","short":"B52","color":"#EE352E","longName":"Downtown Brooklyn - Ridgewood","kind":"local"},"geometry":{"type":"LineString","coordinates":[[-73.99108,40.69597],[-73.99116,40.69624],[-73.98897,40.69611],[-73.98912,40.69289],[-73.98901,40.69239],[-73.98908,40.69213],[-73.97315,40.68577],[-73.97242,40.68592],[-73.95697,40.6877],[-73.95655,40.68552],[-73.92399,40.68927],[-73.92369,40.6878],[-73.91994,40.68825],[-73.91985,40.6882],[-73.9184,40.68964],[-73.92064,40.69091],[-73.91068,40.70104],[-73.90992,40.70058],[-73.91001,40.70049]]}},{"type":"Feature","properties":{"route":"B54","routeId":"B54","short":"B54","color":"#6CBE45","longName":"Downtown Brooklyn - Ridgewood","kind":"local"},"geometry":{"type":"LineString","coordinates":[[-73.9872,40.6945],[-73.98714,40.69605],[-73.98458,40.69596],[-73.98336,40.69358],[-73.98324,40.69364],[-73.96882,40.69309],[-73.93782,40.69669],[-73.91231,40.69942],[-73.91068,40.70104],[-73.90992,40.70058],[-73.91001,40.70049]]}},{"type":"Feature","properties":{"route":"B57","routeId":"B57","short":"B57","color":"#EE352E","longName":"Gowanus - Maspeth","kind":"local"},"geometry":{"type":"LineString","coordinates":[[-73.90403,40.72107],[-73.90683,40.71933],[-73.91041,40.71739],[-73.91134,40.7166],[-73.91234,40.7156],[-73.91301,40.71525],[-73.9152,40.71375],[-73.91568,40.71349],[-73.91803,40.71273],[-73.91928,40.71199],[-73.91976,40.71159],[-73.92187,40.70938],[-73.9259,40.70586],[-73.92617,40.7057],[-73.93435,40.70255],[-73.93951,40.70128],[-73.94244,40.70064],[-73.95703,40.69897],[-73.96528,40.69763],[-73.98055,40.69824],[-73.98049,40.69969],[-73.98294,40.69976],[-73.98321,40.69604],[-73.9871,40.6962],[-73.98733,40.69143],[-73.98789,40.69048],[-73.98922,40.69097],[-73.99144,40.69162],[-74.00057,40.67259],[-74.00963,40.6751],[-74.00992,40.67528],[-74.01242,40.67314],[-74.01128,40.67236]]}},{"type":"Feature","properties":{"route":"B6","routeId":"B6","short":"B6","color":"#EE352E","longName":"Bath Beach - East New York","kind":"local"},"geometry":{"type":"LineString","coordinates":[[-73.88361,40.66627],[-73.88402,40.66621],[-73.88391,40.66584],[-73.88329,40.6661],[-73.87759,40.65831],[-73.89137,40.65236],[-73.89202,40.65181],[-73.90142,40.64571],[-73.90181,40.64578],[-73.90252,40.64534],[-73.90066,40.64366],[-73.9186,40.63207],[-73.91887,40.63446],[-73.92054,40.63335],[-73.92084,40.63328],[-73.93701,40.63228],[-73.93727,40.63462],[-73.94881,40.63391],[-73.94943,40.6345],[-73.95083,40.63365],[-73.95297,40.63341],[-73.9516,40.62627],[-73.9724,40.62396],[-73.97513,40.62108],[-73.97783,40.61726],[-74.00028,40.59569],[-73.99956,40.59539],[-73.99807,40.59444],[-73.99598,40.59285],[-73.99422,40.59095],[-73.99331,40.58956],[-73.99147,40.59039],[-73.99294,40.59225]]}},{"type":"Feature","properties":{"route":"B60","routeId":"B60","short":"B60","color":"#B933AD","longName":"Williamsburg - Canarsie","kind":"local"},"geometry":{"type":"LineString","coordinates":[[-73.95935,40.70961],[-73.95887,40.70954],[-73.95039,40.70661],[-73.93984,40.70763],[-73.93972,40.7069],[-73.93391,40.70746],[-73.93229,40.70773],[-73.93114,40.70378],[-73.90578,40.68934],[-73.9118,40.68318],[-73.91076,40.67812],[-73.91132,40.67192],[-73.90511,40.64761],[-73.90231,40.64514],[-73.89422,40.6504],[-73.89762,40.65343],[-73.89523,40.65447],[-73.89325,40.65181],[-73.89165,40.65037]]}},{"type":"Feature","properties":{"route":"B61","routeId":"B61","short":"B61","color":"#6CBE45","longName":"Park Slope - Downtown Brooklyn","kind":"local"},"geometry":{"type":"LineString","coordinates":[[-73.98745,40.69123],[-73.98733,40.69143],[-73.98908,40.69213],[-73.98938,40.69102],[-73.99067,40.68912],[-73.99239,40.68969],[-73.99947,40.69162],[-74.00429,40.68168],[-74.00503,40.6819],[-74.00556,40.68278],[-74.00603,40.68323],[-74.0154,40.67519],[-74.011,40.6722],[-74.00963,40.6751],[-74.0026,40.67316],[-74.00166,40.67509],[-74.00064,40.67486],[-73.99809,40.67408],[-73.99781,40.67473],[-73.97688,40.66461],[-73.97967,40.66122],[-73.97991,40.66125],[-73.9801,40.66117],[-73.9802,40.66101],[-73.9801,40.66082],[-73.98024,40.66056],[-73.98173,40.65879],[-73.98401,40.65657],[-73.98624,40.6579],[-73.98562,40.65846],[-73.98343,40.65712],[-73.98296,40.65758]]}},{"type":"Feature","properties":{"route":"B62","routeId":"B62","short":"B62","color":"#00AEEF","longName":"Astoria - Downtown Brooklyn","kind":"local"},"geometry":{"type":"LineString","coordinates":[[-73.98775,40.69072],[-73.98733,40.69143],[-73.98714,40.69605],[-73.98321,40.6959],[-73.98285,40.70136],[-73.98101,40.7013],[-73.98056,40.701],[-73.98042,40.70078],[-73.98055,40.69824],[-73.98034,40.69619],[-73.96475,40.69556],[-73.96445,40.69557],[-73.96303,40.69603],[-73.96159,40.69618],[-73.96196,40.69792],[-73.96166,40.69898],[-73.96107,40.69949],[-73.96255,40.70046],[-73.96385,40.70151],[-73.96241,40.70246],[-73.96431,40.70296],[-73.96446,40.70308],[-73.96651,40.70504],[-73.9673,40.70699],[-73.96321,40.7077],[-73.95997,40.70738],[-73.95982,40.70796],[-73.95923,40.7089],[-73.96313,40.7102],[-73.96388,40.71028],[-73.96379,40.71054],[-73.9613,40.71449],[-73.95165,40.72347],[-73.95077,40.72375],[-73.95328,40.72811],[-73.95396,40.72948],[-73.95439,40.73087],[-73.95484,40.73373],[-73.95217,40.73398],[-73.95255,40.73539],[-73.9529,40.73801],[-73.95138,40.74269],[-73.95116,40.74288],[-73.95106,40.74333],[-73.94853,40.74464],[-73.94696,40.74917],[-73.94569,40.75065],[-73.93087,40.76605],[-73.92779,40.76987],[-73.93125,40.77145],[-73.93272,40.77232],[-73.93279,40.7724],[-73.93268,40.77269],[-73.93182,40.77421],[-73.93517,40.77527]]}},{"type":"Feature","properties":{"route":"B63","routeId":"B63","short":"B63","color":"#006CB7","longName":"Bay Ridge - Cobble Hill","kind":"local"},"geometry":{"type":"LineString","coordinates":[[-74.00084,40.69305],[-74.00106,40.69311],[-74.00108,40.69279],[-74.00032,40.69255],[-74.00059,40.69196],[-73.99239,40.68969],[-73.99052,40.68907],[-73.98917,40.68861],[-73.97831,40.68437],[-73.97924,40.68313],[-73.9766,40.68209],[-73.98042,40.67638],[-73.98134,40.67513],[-73.99051,40.66411],[-74.02007,40.6357],[-74.02566,40.62211],[-74.03047,40.61651],[-74.03085,40.61671],[-74.03128,40.61561],[-74.03264,40.61398],[-74.03456,40.61495],[-74.03609,40.61254],[-74.0359,40.61236]]}},{"type":"Feature","properties":{"route":"B64","routeId":"B64","short":"B64","color":"#6CBE45","longName":"Bay Ridge - Coney Island","kind":"local"},"geometry":{"type":"LineString","coordinates":[[-73.98152,40.57705],[-73.9815,40.57696],[-73.9806,40.57681],[-73.98064,40.57711],[-73.9815,40.57696],[-73.98349,40.58731],[-73.99255,40.59277],[-73.99094,40.59431],[-73.99383,40.59612],[-74.00152,40.60143],[-74.00611,40.60384],[-74.01522,40.60934],[-74.01172,40.61275],[-74.01389,40.61406],[-74.0039,40.62368],[-74.01492,40.63034],[-74.0155,40.62977],[-74.01676,40.63046],[-74.0189,40.63142],[-74.01854,40.63231],[-74.0258,40.63562],[-74.03388,40.63814],[-74.03473,40.63609],[-74.03658,40.63657],[-74.03618,40.63711]]}},{"type":"Feature","properties":{"route":"B65","routeId":"B65","short":"B65","color":"#00AEEF","longName":"Downtown Brooklyn - Crown Heights","kind":"local"},"geometry":{"type":"LineString","coordinates":[[-73.98745,40.69123],[-73.98733,40.69143],[-73.98908,40.69213],[-73.98938,40.69102],[-73.99067,40.68912],[-73.98917,40.68861],[-73.98069,40.68532],[-73.98157,40.68404],[-73.97583,40.68181],[-73.95273,40.67701],[-73.92769,40.67566],[-73.92785,40.674],[-73.92213,40.67368],[-73.92245,40.67019]]}},{"type":"Feature","properties":{"route":"B67","routeId":"B67","short":"B67","color":"#EE352E","longName":"Brooklyn Navy Yard - Kensington","kind":"local"},"geometry":{"type":"LineString","coordinates":[[-73.96743,40.70697],[-73.9673,40.70699],[-73.96651,40.70504],[-73.96629,40.70481],[-73.96719,40.70423],[-73.96734,40.70396],[-73.96735,40.70317],[-73.96838,40.70218],[-73.96851,40.70024],[-73.96868,40.69985],[-73.96868,40.69947],[-73.97265,40.69962],[-73.97353,40.70039],[-73.97364,40.70041],[-73.97669,40.69853],[-73.97719,40.69894],[-73.97768,40.69892],[-73.97787,40.69898],[-73.97855,40.69964],[-73.98294,40.69976],[-73.98285,40.70136],[-73.98768,40.70153],[-73.98776,40.69996],[-73.98685,40.69993],[-73.98686,40.69921],[-73.98714,40.69605],[-73.98733,40.69143],[-73.98789,40.69048],[-73.97988,40.68737],[-73.97304,40.67797],[-73.97631,40.67317],[-73.98602,40.66156],[-73.98783,40.65981],[-73.98124,40.65583],[-73.9818,40.65524],[-73.97908,40.64099],[-73.97924,40.64028],[-73.97886,40.6382]]}},{"type":"Feature","properties":{"route":"B68","routeId":"B68","short":"B68","color":"#EE352E","longName":"Coney Island - Windsor Terrace","kind":"local"},"geometry":{"type":"LineString","coordinates":[[-73.97937,40.66075],[-73.97471,40.65848],[-73.97441,40.65826],[-73.97424,40.65798],[-73.97242,40.65174],[-73.97268,40.65113],[-73.97266,40.65092],[-73.9725,40.65072],[-73.97215,40.65052],[-73.9719,40.65004],[-73.96631,40.63063],[-73.96188,40.60732],[-73.96031,40.58688],[-73.96034,40.58616],[-73.95963,40.57796],[-73.95991,40.57801],[-73.96147,40.5776],[-73.96743,40.57635],[-73.96826,40.57629],[-73.97263,40.57676],[-73.9728,40.5767],[-73.97181,40.57985],[-73.97482,40.58002],[-73.97582,40.5799],[-73.97617,40.57979],[-73.98196,40.5792],[-73.9815,40.57696],[-73.98102,40.57688]]}},{"type":"Feature","properties":{"route":"B69","routeId":"B69","short":"B69","color":"#006CB7","longName":"Downtown Brooklyn - Kensington","kind":"local"},"geometry":{"type":"LineString","coordinates":[[-73.97885,40.63817],[-73.9788,40.63789],[-73.97847,40.63792],[-73.9818,40.65524],[-73.98844,40.65923],[-73.98611,40.66146],[-73.97631,40.67317],[-73.97326,40.67769],[-73.97269,40.67749],[-73.97101,40.67523],[-73.97063,40.67459],[-73.97061,40.67393],[-73.97034,40.67311],[-73.96998,40.67264],[-73.96967,40.67266],[-73.96948,40.67382],[-73.96956,40.6743],[-73.96984,40.67465],[-73.96986,40.6748],[-73.96767,40.68092],[-73.96745,40.68175],[-73.96796,40.6837],[-73.96851,40.68636],[-73.97077,40.69783],[-73.98055,40.69824],[-73.98049,40.69969],[-73.98469,40.69981],[-73.98621,40.7002],[-73.98776,40.70019],[-73.98776,40.69996],[-73.98765,40.69996]]}},{"type":"Feature","properties":{"route":"B7","routeId":"B7","short":"B7","color":"#EE352E","longName":"Midwood - Bedford-Stuyvesant","kind":"local"},"geometry":{"type":"LineString","coordinates":[[-73.96174,40.60785],[-73.96196,40.60782],[-73.96188,40.60732],[-73.95906,40.6084],[-73.95559,40.60993],[-73.95314,40.6108],[-73.95259,40.61109],[-73.95138,40.61133],[-73.95077,40.61158],[-73.94912,40.61305],[-73.94573,40.61535],[-73.94435,40.61643],[-73.94341,40.6174],[-73.94164,40.61946],[-73.94122,40.6196],[-73.94095,40.6198],[-73.94076,40.6205],[-73.94043,40.62081],[-73.93999,40.62114],[-73.93937,40.62145],[-73.93661,40.62238],[-73.93602,40.62275],[-73.93541,40.62392],[-73.93313,40.62597],[-73.93243,40.62682],[-73.93237,40.62727],[-73.93268,40.62947],[-73.9326,40.63005],[-73.93062,40.63193],[-73.92787,40.63474],[-73.92739,40.63526],[-73.92652,40.63649],[-73.92613,40.63768],[-73.92417,40.64889],[-73.92245,40.65351],[-73.92226,40.65362],[-73.92169,40.65499],[-73.92068,40.65791],[-73.91741,40.66003],[-73.91706,40.65973],[-73.91509,40.66003],[-73.91731,40.66871],[-73.91356,40.66926],[-73.91392,40.67068],[-73.91418,40.67115],[-73.91355,40.6783],[-73.91492,40.68508],[-73.91473,40.68529],[-73.91658,40.68634],[-73.91786,40.68622],[-73.91778,40.68585]]}},{"type":"Feature","properties":{"route":"B70","routeId":"B70","short":"B70","color":"#B933AD","longName":"Dyker Heights - Sunset Park","kind":"local"},"geometry":{"type":"LineString","coordinates":[[-74.02378,40.60914],[-74.02353,40.609],[-74.02385,40.60869],[-74.02387,40.60828],[-74.02371,40.60799],[-74.02267,40.6073],[-74.02195,40.60718],[-74.02139,40.60729],[-74.02128,40.60749],[-74.02136,40.60772],[-74.02421,40.6094],[-74.02455,40.60983],[-74.02457,40.61025],[-74.02281,40.61459],[-74.0275,40.61695],[-74.02444,40.62042],[-74.02192,40.62211],[-74.02009,40.62243],[-74.01975,40.62256],[-74.0194,40.6229],[-74.01882,40.62433],[-74.01819,40.62461],[-74.0165,40.62577],[-74.01788,40.62659],[-74.01727,40.62808],[-74.01053,40.63446],[-74.00955,40.63549],[-73.99728,40.64728],[-74.00611,40.65258],[-74.00437,40.65425],[-74.00657,40.65561],[-74.00832,40.65391],[-74.0084,40.65396]]}},{"type":"Feature","properties":{"route":"B74","routeId":"B74","short":"B74","color":"#EE352E","longName":"Sea Gate - Stillwell Av","kind":"local"},"geometry":{"type":"LineString","coordinates":[[-73.98135,40.57699],[-74.00281,40.57461],[-74.00396,40.58081],[-74.00124,40.58109],[-74.00071,40.58104],[-73.99962,40.57497],[-73.98372,40.57674],[-73.9815,40.57696],[-73.98102,40.57688]]}},{"type":"Feature","properties":{"route":"B8","routeId":"B8","short":"B8","color":"#FAA61A","longName":"Dyker Heights - East Flatbush","kind":"local"},"geometry":{"type":"LineString","coordinates":[[-74.03109,40.61609],[-74.0315,40.6153],[-74.03264,40.61398],[-74.03087,40.61311],[-74.0275,40.61695],[-74.02281,40.61459],[-74.02476,40.60971],[-74.02377,40.60914],[-74.02368,40.60856],[-74.02278,40.60818],[-74.02218,40.6082],[-74.02045,40.60725],[-74.01953,40.607],[-74.01859,40.60687],[-74.01813,40.60688],[-74.01777,40.60699],[-74.01713,40.60747],[-74.01675,40.60748],[-74.00744,40.60263],[-74.00274,40.60715],[-74.00005,40.60937],[-73.97972,40.62951],[-73.96762,40.63522],[-73.96676,40.63228],[-73.95403,40.63841],[-73.95115,40.63842],[-73.9514,40.64076],[-73.92535,40.64237],[-73.92458,40.64664],[-73.92039,40.6469],[-73.91631,40.64952],[-73.91997,40.65279],[-73.91378,40.65678],[-73.91238,40.65556],[-73.91225,40.65554],[-73.90731,40.65626],[-73.90726,40.65606]]}},{"type":"Feature","properties":{"route":"B82","routeId":"B82","short":"B82","color":"#6CBE45","longName":"Coney Island - Spring Creek Towers","kind":"local"},"geometry":{"type":"LineString","coordinates":[[-73.87815,40.64302],[-73.87819,40.64306],[-73.87752,40.64402],[-73.87846,40.64496],[-73.88435,40.65028],[-73.88625,40.65283],[-73.89004,40.65117],[-73.89258,40.64894],[-73.89617,40.64656],[-73.89783,40.64805],[-73.90142,40.64571],[-73.90181,40.64578],[-73.90252,40.64534],[-73.90066,40.64366],[-73.90073,40.64361],[-73.93536,40.62121],[-73.93661,40.62238],[-73.93937,40.62145],[-73.93999,40.62114],[-73.94076,40.6205],[-73.94129,40.62026],[-73.94152,40.62007],[-73.94164,40.61946],[-73.94341,40.6174],[-73.94435,40.61643],[-73.94573,40.61535],[-73.94912,40.61305],[-73.95077,40.61158],[-73.95106,40.61143],[-73.95326,40.61097],[-73.95574,40.61072],[-73.95559,40.60993],[-73.95906,40.6084],[-73.96188,40.60732],[-73.96733,40.60552],[-73.9685,40.60473],[-73.96909,40.60454],[-73.97226,40.60418],[-73.97554,40.60455],[-73.97912,40.60505],[-73.9838,40.60554],[-73.98702,40.60601],[-73.98917,40.60642],[-73.99864,40.59726],[-73.99374,40.59304],[-73.98766,40.58547],[-73.98662,40.58364],[-73.98603,40.58161],[-73.98578,40.58121],[-73.98477,40.57662],[-73.98155,40.57714]]}},{"type":"Feature","properties":{"route":"B82+","routeId":"B82+","short":"B82-SBS","color":"#6CBE45","longName":"Coney Island -spring Creek Towers","kind":"sbs"},"geometry":{"type":"LineString","coordinates":[[-73.87815,40.64302],[-73.87819,40.64306],[-73.87752,40.64402],[-73.87846,40.64496],[-73.88435,40.65028],[-73.88625,40.65283],[-73.89004,40.65117],[-73.89258,40.64894],[-73.89617,40.64656],[-73.89783,40.64805],[-73.90142,40.64571],[-73.90181,40.64578],[-73.90252,40.64534],[-73.90066,40.64366],[-73.90073,40.64361],[-73.92835,40.62578],[-73.93301,40.62549],[-73.93343,40.62568],[-73.93541,40.62392],[-73.93588,40.62292],[-73.93615,40.62265],[-73.93661,40.62238],[-73.93968,40.62131],[-73.94076,40.6205],[-73.94129,40.62026],[-73.94155,40.62003],[-73.94164,40.61946],[-73.94341,40.6174],[-73.94435,40.61643],[-73.94573,40.61535],[-73.94912,40.61305],[-73.95077,40.61158],[-73.95106,40.61143],[-73.95326,40.61097],[-73.95574,40.61072],[-73.95559,40.60993],[-73.95906,40.6084],[-73.96188,40.60732],[-73.96733,40.60552],[-73.9685,40.60473],[-73.96909,40.60454],[-73.97226,40.60418],[-73.97613,40.60461],[-73.97912,40.60505],[-73.9838,40.60554],[-73.98702,40.60601],[-73.98917,40.60642],[-73.99864,40.59726],[-73.9948,40.59396]]}},{"type":"Feature","properties":{"route":"B83","routeId":"B83","short":"B83","color":"#EE352E","longName":"Spring Creek - Broadway Junction","kind":"local"},"geometry":{"type":"LineString","coordinates":[[-73.90335,40.67812],[-73.9033,40.67786],[-73.90245,40.67764],[-73.90107,40.67712],[-73.9009,40.6769],[-73.90082,40.67652],[-73.89837,40.67757],[-73.89753,40.67809],[-73.89723,40.6772],[-73.89335,40.66219],[-73.89308,40.66183],[-73.88822,40.66397],[-73.88246,40.65621],[-73.88227,40.65452],[-73.88173,40.65375],[-73.88228,40.65235],[-73.88261,40.65177],[-73.88287,40.65157],[-73.88489,40.65075],[-73.88417,40.64991],[-73.87905,40.64528],[-73.87836,40.6448],[-73.87735,40.64387],[-73.8766,40.64345],[-73.87566,40.64314],[-73.8755,40.64427],[-73.87515,40.64476],[-73.87381,40.64639],[-73.87214,40.64788],[-73.87078,40.64888],[-73.8693,40.64976],[-73.86832,40.65027],[-73.86548,40.65139],[-73.86668,40.65288],[-73.87101,40.6497],[-73.87198,40.64933],[-73.87311,40.64926],[-73.8739,40.64942],[-73.87489,40.64999],[-73.87528,40.65048],[-73.87596,40.6519],[-73.87669,40.65257],[-73.87664,40.6527]]}},{"type":"Feature","properties":{"route":"B84","routeId":"B84","short":"B84","color":"#006CB7","longName":"Spring Creek-New Lots","kind":"local"},"geometry":{"type":"LineString","coordinates":[[-73.86621,40.65326],[-73.86668,40.65288],[-73.86757,40.65413],[-73.8679,40.65673],[-73.8686,40.65771],[-73.8659,40.65883],[-73.8672,40.66044],[-73.8683,40.66038],[-73.86919,40.66017],[-73.87813,40.65631],[-73.87919,40.65763],[-73.87759,40.65831],[-73.88184,40.66414],[-73.88103,40.66448],[-73.88238,40.66631],[-73.8824,40.66648],[-73.88336,40.66631]]}},{"type":"Feature","properties":{"route":"B9","routeId":"B9","short":"B9","color":"#EE352E","longName":"Bay Ridge - Kings Plaza","kind":"local"},"geometry":{"type":"LineString","coordinates":[[-74.03634,40.63688],[-74.03603,40.63738],[-74.03611,40.63811],[-74.03597,40.6388],[-74.02605,40.63571],[-74.02352,40.63461],[-74.02261,40.63679],[-74.01836,40.64079],[-73.97407,40.61402],[-73.96865,40.6146],[-73.96909,40.61699],[-73.95503,40.61854],[-73.95547,40.62092],[-73.93841,40.6228],[-73.93741,40.62292],[-73.93729,40.623],[-73.93249,40.61859],[-73.92651,40.61323],[-73.92621,40.61305],[-73.92607,40.61283],[-73.92081,40.60813],[-73.92064,40.60829]]}},{"type":"Feature","properties":{"route":"BM1","routeId":"BM1","short":"BM1","color":"#00933C","longName":"Mill Basin - Downtown/Midtown","kind":"express"},"geometry":{"type":"LineString","coordinates":[[-73.96609,40.75968],[-73.97396,40.76301],[-73.98897,40.74233],[-73.98915,40.74139],[-73.97514,40.73547],[-73.97449,40.73278],[-73.97441,40.7328],[-73.97402,40.73139],[-73.97383,40.7313],[-73.97341,40.73079],[-73.97244,40.72998],[-73.9719,40.72918],[-73.9718,40.72881],[-73.97184,40.72781],[-73.97207,40.72648],[-73.97263,40.72536],[-73.97445,40.72238],[-73.97464,40.72163],[-73.975,40.71857],[-73.97528,40.71746],[-73.97554,40.7168],[-73.97668,40.71457],[-73.978,40.71216],[-73.97839,40.71176],[-73.97903,40.71137],[-73.9796,40.71113],[-73.98036,40.71097],[-73.98476,40.71063],[-73.99053,40.70995],[-73.99755,40.70894],[-73.99909,40.70852],[-73.99972,40.70859],[-74.0003,40.70933],[-74.0012,40.71005],[-74.00163,40.70952],[-74.0034,40.70813],[-74.00406,40.70747],[-74.00507,40.70689],[-74.00877,40.70424],[-74.01019,40.70332],[-74.01229,40.70278],[-74.01285,40.70244],[-74.01376,40.70243],[-74.01421,40.7027],[-74.01444,40.70324],[-74.01442,40.70376],[-74.01424,40.70452],[-74.01433,40.70466],[-74.01457,40.70477],[-74.01537,40.70492],[-74.01648,40.70484],[-74.01573,40.70714],[-74.01515,40.70697],[-74.01503,40.70684],[-74.01496,40.70655],[-74.01542,40.70469],[-74.01585,40.70203],[-74.01592,40.70119],[-74.01572,40.69997],[-74.0144,40.69667],[-74.01245,40.69258],[-74.01096,40.69033],[-74.00878,40.68617],[-74.00714,40.68407],[-74.00689,40.68349],[-74.00534,40.68121],[-74.0026,40.67799],[-74.0012,40.67601],[-73.99956,40.67309],[-73.99685,40.66882],[-73.99607,40.66729],[-73.99556,40.66685],[-73.99074,40.66401],[-73.98956,40.66321],[-73.98877,40.66239],[-73.98711,40.6601],[-73.98646,40.65946],[-73.98344,40.65755],[-73.98122,40.65586],[-73.98181,40.65529],[-73.98029,40.64733],[-73.97518,40.64788],[-73.97322,40.64762],[-73.97148,40.64828],[-73.96885,40.63926],[-73.95974,40.64335],[-73.95818,40.63533],[-73.95823,40.63514],[-73.95782,40.63289],[-73.95601,40.62337],[-73.93956,40.62519],[-73.93989,40.62552],[-73.93965,40.6256],[-73.93409,40.62595],[-73.93372,40.62586],[-73.93331,40.62555],[-73.93288,40.6255],[-73.91807,40.62648],[-73.91726,40.61958],[-73.9078,40.62018],[-73.90747,40.61987],[-73.90955,40.61851],[-73.91009,40.61795],[-73.91096,40.61736],[-73.90774,40.61442],[-73.90726,40.61374],[-73.90694,40.61311],[-73.9067,40.61225],[-73.90667,40.61127],[-73.90697,40.61002],[-73.90746,40.60913],[-73.90826,40.60813],[-73.90931,40.60713],[-73.9134,40.6045],[-73.91642,40.60723],[-73.91427,40.60865],[-73.91389,40.60886],[-73.91379,40.60877]]}},{"type":"Feature","properties":{"route":"BM2","routeId":"BM2","short":"BM2","color":"#00933C","longName":"Canarsie/Spring Creek - Downtown/Midtown","kind":"express"},"geometry":{"type":"LineString","coordinates":[[-73.87827,40.64298],[-73.8783,40.64293],[-73.87811,40.64285],[-73.87791,40.64292],[-73.87797,40.64341],[-73.87747,40.64414],[-73.88434,40.65034],[-73.88625,40.65288],[-73.89006,40.65123],[-73.89259,40.64898],[-73.89473,40.64761],[-73.88738,40.64102],[-73.90484,40.62974],[-73.90886,40.63158],[-73.91496,40.63705],[-73.92038,40.6335],[-73.92076,40.63333],[-73.94648,40.63174],[-73.95269,40.63756],[-73.95748,40.6424],[-73.95772,40.64307],[-73.95791,40.64408],[-73.95809,40.64409],[-73.95875,40.64381],[-73.96872,40.63931],[-73.97078,40.64643],[-73.97414,40.64506],[-73.97469,40.64783],[-73.97487,40.64784],[-73.97516,40.64907],[-73.97545,40.64981],[-73.97724,40.6531],[-73.97787,40.654],[-73.97853,40.65465],[-73.9793,40.65521],[-73.98529,40.65884],[-73.98627,40.65951],[-73.98689,40.66008],[-73.9887,40.66258],[-73.98933,40.66321],[-73.99065,40.66409],[-73.99471,40.66649],[-73.99545,40.66711],[-73.99614,40.66829],[-73.99673,40.66917],[-73.99696,40.66935],[-73.99836,40.67152],[-74.00052,40.67522],[-74.00228,40.67785],[-74.00558,40.68199],[-74.00648,40.68354],[-74.00696,40.68403],[-74.00859,40.68627],[-74.01081,40.69056],[-74.01215,40.69267],[-74.01536,40.69987],[-74.0157,40.70134],[-74.01508,40.70518],[-74.01454,40.70638],[-74.01464,40.70682],[-74.01505,40.70728],[-74.01543,40.70737],[-74.01595,40.70725],[-74.01668,40.70504],[-74.01675,40.70474],[-74.01498,40.70468],[-74.01431,40.70623],[-74.01382,40.70656],[-74.01356,40.70688],[-74.00926,40.71329],[-74.00764,40.71256],[-74.00862,40.71139],[-74.00802,40.71145],[-74.00607,40.71196],[-74.00534,40.71205],[-74.00511,40.71201],[-74.00415,40.7113],[-74.00341,40.71087],[-74.00168,40.70948],[-74.00143,40.70975],[-74.00092,40.70965],[-74.00031,40.70911],[-74.00007,40.70838],[-73.99986,40.70821],[-73.99943,40.70813],[-73.99909,40.70817],[-73.99819,40.70858],[-73.9975,40.70878],[-73.99413,40.70934],[-73.9892,40.71001],[-73.98487,40.71052],[-73.97998,40.71091],[-73.97901,40.71123],[-73.97844,40.71157],[-73.97798,40.71198],[-73.97745,40.7128],[-73.97577,40.71603],[-73.9751,40.71752],[-73.97483,40.71883],[-73.9744,40.72213],[-73.97406,40.72285],[-73.97249,40.72535],[-73.97196,40.72637],[-73.97151,40.7286],[-73.97159,40.72926],[-73.97182,40.72972],[-73.97212,40.73006],[-73.97305,40.73075],[-73.97353,40.73127],[-73.97402,40.73139],[-73.97483,40.73451],[-73.97487,40.73492],[-73.97474,40.73543],[-73.97496,40.73539],[-73.97514,40.73547],[-73.98798,40.7409],[-73.9798,40.75221],[-73.97646,40.75661],[-73.97234,40.76232],[-73.96719,40.76014]]}},{"type":"Feature","properties":{"route":"BM3","routeId":"BM3","short":"BM3","color":"#00933C","longName":"Sheepshead Bay - Downtown/Midtown","kind":"express"},"geometry":{"type":"LineString","coordinates":[[-73.96609,40.75968],[-73.97396,40.76301],[-73.98897,40.74233],[-73.98915,40.74139],[-73.97514,40.73547],[-73.97449,40.73278],[-73.97441,40.7328],[-73.97402,40.73139],[-73.97383,40.7313],[-73.97341,40.73079],[-73.97244,40.72998],[-73.97198,40.72933],[-73.97183,40.72898],[-73.97184,40.72781],[-73.9721,40.72639],[-73.97263,40.72536],[-73.97426,40.72277],[-73.97458,40.72197],[-73.975,40.71857],[-73.97528,40.71746],[-73.97554,40.7168],[-73.97729,40.71338],[-73.97783,40.71239],[-73.97816,40.71198],[-73.97874,40.71153],[-73.97924,40.71126],[-73.98036,40.71097],[-73.98476,40.71063],[-73.99053,40.70995],[-73.99755,40.70894],[-73.99909,40.70852],[-73.99972,40.70859],[-74.0003,40.70933],[-74.0012,40.71005],[-74.00163,40.70952],[-74.0034,40.70813],[-74.00406,40.70747],[-74.00507,40.70689],[-74.00877,40.70424],[-74.01019,40.70332],[-74.01229,40.70278],[-74.01285,40.70244],[-74.01376,40.70243],[-74.01421,40.7027],[-74.01444,40.70324],[-74.01442,40.70376],[-74.01424,40.70452],[-74.01433,40.70466],[-74.01457,40.70477],[-74.01537,40.70492],[-74.01648,40.70484],[-74.01573,40.70714],[-74.01548,40.70712],[-74.01524,40.70703],[-74.01503,40.70684],[-74.01496,40.70644],[-74.01542,40.70469],[-74.01592,40.70119],[-74.01572,40.69997],[-74.01386,40.69547],[-74.01245,40.69258],[-74.01096,40.69033],[-74.00878,40.68617],[-74.00714,40.68407],[-74.00689,40.68349],[-74.00534,40.68121],[-74.0026,40.67799],[-74.0012,40.67601],[-73.99956,40.67309],[-73.99685,40.66882],[-73.99617,40.66742],[-73.99556,40.66685],[-73.99074,40.66401],[-73.98956,40.66321],[-73.98877,40.66239],[-73.98711,40.6601],[-73.98646,40.65946],[-73.98344,40.65755],[-73.98122,40.65586],[-73.98181,40.65529],[-73.97942,40.64283],[-73.9709,40.64637],[-73.96885,40.63926],[-73.95974,40.64335],[-73.95021,40.59277],[-73.93777,40.59417],[-73.93656,40.58765],[-73.93185,40.58817],[-73.93115,40.58443],[-73.93322,40.5842],[-73.94025,40.58396],[-73.94339,40.58375],[-73.94607,40.58384],[-73.94844,40.58377],[-73.95422,40.5832]]}},{"type":"Feature","properties":{"route":"BM4","routeId":"BM4","short":"BM4","color":"#00933C","longName":"Gerritsen Beach - Downtown/Midtown","kind":"express"},"geometry":{"type":"LineString","coordinates":[[-73.96609,40.75968],[-73.97396,40.76301],[-73.98897,40.74233],[-73.98915,40.74139],[-73.97514,40.73547],[-73.97449,40.73278],[-73.97441,40.7328],[-73.97402,40.73139],[-73.97383,40.7313],[-73.97341,40.73079],[-73.97244,40.72998],[-73.9719,40.72918],[-73.9718,40.72881],[-73.97184,40.72781],[-73.97207,40.72648],[-73.97263,40.72536],[-73.97445,40.72238],[-73.97464,40.72163],[-73.975,40.71857],[-73.97528,40.71746],[-73.97554,40.7168],[-73.97668,40.71457],[-73.978,40.71216],[-73.97839,40.71176],[-73.97903,40.71137],[-73.9796,40.71113],[-73.98036,40.71097],[-73.98476,40.71063],[-73.99053,40.70995],[-73.99755,40.70894],[-73.99909,40.70852],[-73.99972,40.70859],[-74.0003,40.70933],[-74.0012,40.71005],[-74.00163,40.70952],[-74.0034,40.70813],[-74.00406,40.70747],[-74.00507,40.70689],[-74.00877,40.70424],[-74.01019,40.70332],[-74.01229,40.70278],[-74.01285,40.70244],[-74.01376,40.70243],[-74.01421,40.7027],[-74.01444,40.70324],[-74.01442,40.70376],[-74.01424,40.70452],[-74.01433,40.70466],[-74.01457,40.70477],[-74.01537,40.70492],[-74.01648,40.70484],[-74.01573,40.70714],[-74.01515,40.70697],[-74.01503,40.70684],[-74.01496,40.70655],[-74.01542,40.70469],[-74.01585,40.70203],[-74.01592,40.70119],[-74.01572,40.69997],[-74.0144,40.69667],[-74.01245,40.69258],[-74.01096,40.69033],[-74.00878,40.68617],[-74.00714,40.68407],[-74.00689,40.68349],[-74.00534,40.68121],[-74.0026,40.67799],[-74.0012,40.67601],[-73.99956,40.67309],[-73.99685,40.66882],[-73.99607,40.66729],[-73.99556,40.66685],[-73.99074,40.66401],[-73.98956,40.66321],[-73.98877,40.66239],[-73.98711,40.6601],[-73.98646,40.65946],[-73.98344,40.65755],[-73.98122,40.65586],[-73.98181,40.65529],[-73.97942,40.64283],[-73.9709,40.64637],[-73.96885,40.63926],[-73.95974,40.64335],[-73.95818,40.63533],[-73.95823,40.63514],[-73.95782,40.63289],[-73.95601,40.62337],[-73.94642,40.62442],[-73.94358,40.60944],[-73.94349,40.60931],[-73.91986,40.58814]]}},{"type":"Feature","properties":{"route":"BM5","routeId":"BM5","short":"BM5","color":"#00933C","longName":"Spring Creek - Midtown","kind":"express"},"geometry":{"type":"LineString","coordinates":[[-73.87827,40.64298],[-73.8783,40.64293],[-73.87811,40.64285],[-73.87791,40.64292],[-73.87797,40.64341],[-73.87747,40.64414],[-73.88363,40.64967],[-73.88473,40.65082],[-73.88305,40.65154],[-73.88262,40.6518],[-73.8824,40.65207],[-73.88197,40.65311],[-73.8814,40.65337],[-73.88226,40.65459],[-73.88249,40.65625],[-73.87758,40.65837],[-73.88075,40.66267],[-73.87204,40.66642],[-73.87104,40.66704],[-73.86937,40.66827],[-73.86901,40.66844],[-73.85623,40.67027],[-73.85446,40.67063],[-73.85106,40.67109],[-73.84387,40.66881],[-73.84241,40.66838],[-73.84206,40.66837],[-73.84313,40.67234],[-73.84318,40.67333],[-73.8431,40.67463],[-73.84319,40.67524],[-73.84407,40.67821],[-73.84475,40.68164],[-73.84713,40.68645],[-73.84756,40.68698],[-73.84844,40.68782],[-73.84963,40.68926],[-73.85114,40.69186],[-73.8523,40.69418],[-73.85278,40.69617],[-73.85263,40.69761],[-73.85267,40.69831],[-73.85348,40.69959],[-73.85486,40.70105],[-73.85509,40.70143],[-73.85524,40.70315],[-73.85542,40.70359],[-73.85577,40.70398],[-73.85821,40.70568],[-73.85854,40.706],[-73.85903,40.70677],[-73.85918,40.70731],[-73.85963,40.71119],[-73.85953,40.71367],[-73.85971,40.71464],[-73.86035,40.7154],[-73.86348,40.71834],[-73.86889,40.72414],[-73.86936,40.72476],[-73.8707,40.72745],[-73.8714,40.72948],[-73.8715,40.73101],[-73.8714,40.73137],[-73.87073,40.73261],[-73.87016,40.73302],[-73.86994,40.73302],[-73.86977,40.73292],[-73.8697,40.73275],[-73.8698,40.73255],[-73.87066,40.73211],[-73.87379,40.73111],[-73.87643,40.73038],[-73.87978,40.72905],[-73.88108,40.72878],[-73.88527,40.72844],[-73.88653,40.72814],[-73.8877,40.72767],[-73.8905,40.72611],[-73.89221,40.72556],[-73.89376,40.72538],[-73.89498,40.72542],[-73.90371,40.72626],[-73.90486,40.72651],[-73.90619,40.72703],[-73.90995,40.72927],[-73.91098,40.72975],[-73.91778,40.7316],[-73.91848,40.73186],[-73.91959,40.73243],[-73.92292,40.73485],[-73.92385,40.73534],[-73.92508,40.73582],[-73.92632,40.73615],[-73.93091,40.73706],[-73.93291,40.73736],[-73.93509,40.73778],[-73.93731,40.73807],[-73.93865,40.73836],[-73.93959,40.73865],[-73.94458,40.74073],[-73.94676,40.74124],[-73.94884,40.74164],[-73.94975,40.74175],[-73.95196,40.7416],[-73.95547,40.74165],[-73.95884,40.74235],[-73.96097,40.74288],[-73.96463,40.74576],[-73.96611,40.74679],[-73.96724,40.74737],[-73.96873,40.74798],[-73.96926,40.74806],[-73.96983,40.74795],[-73.9702,40.74761],[-73.97122,40.74635],[-73.97189,40.74603],[-73.97263,40.74592],[-73.9733,40.74595],[-73.97559,40.74685],[-73.97589,40.74688],[-73.97632,40.74666],[-73.97736,40.74543],[-73.98297,40.7478],[-73.97234,40.76232],[-73.96719,40.76014]]}},{"type":"Feature","properties":{"route":"BX1","routeId":"BX1","short":"Bx1","color":"#00AEEF","longName":"Riverdale - Mott Haven","kind":"local"},"geometry":{"type":"LineString","coordinates":[[-73.92795,40.80989],[-73.92716,40.81099],[-73.92988,40.81305],[-73.92903,40.81427],[-73.92883,40.81469],[-73.92883,40.81487],[-73.92821,40.81651],[-73.92651,40.82024],[-73.92627,40.82065],[-73.92543,40.82151],[-73.92501,40.82211],[-73.92463,40.8229],[-73.92424,40.82407],[-73.92304,40.82608],[-73.92245,40.82731],[-73.92202,40.82805],[-73.92172,40.82831],[-73.91971,40.83187],[-73.91888,40.83301],[-73.91459,40.83746],[-73.91359,40.83865],[-73.91298,40.83975],[-73.91252,40.84088],[-73.91142,40.84428],[-73.91095,40.84501],[-73.91009,40.84575],[-73.90806,40.8472],[-73.90676,40.84833],[-73.90596,40.84918],[-73.90134,40.85498],[-73.90061,40.85598],[-73.89977,40.85735],[-73.89694,40.86245],[-73.89165,40.86937],[-73.89108,40.8699],[-73.88857,40.87138],[-73.88808,40.87171],[-73.88752,40.87223],[-73.88707,40.87296],[-73.88469,40.87825],[-73.88514,40.87907],[-73.88576,40.87964],[-73.88594,40.88047],[-73.8857,40.88071],[-73.8866,40.88278],[-73.88807,40.8829],[-73.89172,40.88239],[-73.89274,40.88271],[-73.89334,40.88275],[-73.89397,40.88299],[-73.89444,40.88295],[-73.89592,40.88222],[-73.8964,40.88181],[-73.8968,40.87988],[-73.89752,40.87889],[-73.89815,40.8784],[-73.89961,40.87874],[-73.90017,40.87872],[-73.90061,40.87859],[-73.901,40.87835],[-73.90267,40.87657],[-73.90336,40.87691],[-73.9024,40.87802],[-73.90485,40.87893],[-73.90879,40.88102]]}},{"type":"Feature","properties":{"route":"BX10","routeId":"BX10","short":"Bx10","color":"#006CB7","longName":"Riverdale - Norwood","kind":"local"},"geometry":{"type":"LineString","coordinates":[[-73.8803,40.8749],[-73.88149,40.8748],[-73.8815,40.87615],[-73.88097,40.8763],[-73.88012,40.87676],[-73.87972,40.87687],[-73.87974,40.87722],[-73.87959,40.8778],[-73.87848,40.88107],[-73.87976,40.88173],[-73.8813,40.8827],[-73.88764,40.87717],[-73.88898,40.87446],[-73.88935,40.8734],[-73.89163,40.87446],[-73.88966,40.87696],[-73.88908,40.87844],[-73.88717,40.88007],[-73.88594,40.88047],[-73.8857,40.88071],[-73.8866,40.88278],[-73.88807,40.8829],[-73.89153,40.88239],[-73.89196,40.88244],[-73.89274,40.88271],[-73.89331,40.88408],[-73.89391,40.88461],[-73.8941,40.88521],[-73.89468,40.88551],[-73.89489,40.88535],[-73.89583,40.88526],[-73.89647,40.88509],[-73.89848,40.88351],[-73.90068,40.88047],[-73.90115,40.87959],[-73.9024,40.87802],[-73.90485,40.87893],[-73.90937,40.88132],[-73.90985,40.88108],[-73.91049,40.88059],[-73.91134,40.88015],[-73.91231,40.87938],[-73.91412,40.87829],[-73.9151,40.87799],[-73.91643,40.8779],[-73.91778,40.87723],[-73.91793,40.87735],[-73.91752,40.87801],[-73.91679,40.87876],[-73.91671,40.87918],[-73.91696,40.87988],[-73.91757,40.88032],[-73.91771,40.88063],[-73.91577,40.88246],[-73.91549,40.88286],[-73.91481,40.88424],[-73.91445,40.88464],[-73.91348,40.88528],[-73.91251,40.88612],[-73.91168,40.8873],[-73.91123,40.88774],[-73.90988,40.88853],[-73.90908,40.88875],[-73.90871,40.88903],[-73.90818,40.88921],[-73.90798,40.89076],[-73.908,40.89402],[-73.9077,40.8976],[-73.90759,40.89802],[-73.90719,40.89879],[-73.90688,40.89918],[-73.90583,40.90003],[-73.90574,40.90045],[-73.90606,40.90169],[-73.90434,40.90596],[-73.90259,40.91239]]}},{"type":"Feature","properties":{"route":"BX11","routeId":"BX11","short":"Bx11","color":"#FAA61A","longName":"George Washington Bridge - Parkchester","kind":"local"},"geometry":{"type":"LineString","coordinates":[[-73.86117,40.83356],[-73.86143,40.83343],[-73.86199,40.83392],[-73.86258,40.83419],[-73.86601,40.83522],[-73.86678,40.83484],[-73.86995,40.83476],[-73.87748,40.83373],[-73.8776,40.83384],[-73.88596,40.83676],[-73.88459,40.83908],[-73.88476,40.83912],[-73.88768,40.83736],[-73.89009,40.83602],[-73.89079,40.83581],[-73.89321,40.83559],[-73.89363,40.83538],[-73.89411,40.83488],[-73.89532,40.83551],[-73.89572,40.83624],[-73.89589,40.83637],[-73.89638,40.83652],[-73.89713,40.83657],[-73.89802,40.83641],[-73.89881,40.83648],[-73.89915,40.83672],[-73.89975,40.83754],[-73.90247,40.83879],[-73.90538,40.83979],[-73.90573,40.83966],[-73.9067,40.83831],[-73.90754,40.83767],[-73.90788,40.83719],[-73.9092,40.83696],[-73.91096,40.83765],[-73.91139,40.83786],[-73.91147,40.83798],[-73.91222,40.83828],[-73.91489,40.83923],[-73.9151,40.83923],[-73.91805,40.84037],[-73.91944,40.84077],[-73.91968,40.84081],[-73.92008,40.84074],[-73.92093,40.84032],[-73.92139,40.84028],[-73.92239,40.84188],[-73.92284,40.84307],[-73.92285,40.8439],[-73.92239,40.84503],[-73.92301,40.84514],[-73.92418,40.8451],[-73.92452,40.84521],[-73.93088,40.84811],[-73.93497,40.84983],[-73.93593,40.84851],[-73.9369,40.84888],[-73.93801,40.84911]]}},{"type":"Feature","properties":{"route":"BX12","routeId":"BX12","short":"Bx12","color":"#006CB7","longName":"Pelham Bay - Inwood","kind":"local"},"geometry":{"type":"LineString","coordinates":[[-73.82737,40.86603],[-73.8271,40.86633],[-73.8282,40.8669],[-73.82803,40.86694],[-73.82709,40.86799],[-73.82614,40.8692],[-73.82607,40.86955],[-73.82763,40.86961],[-73.82907,40.86948],[-73.83051,40.86918],[-73.83318,40.86837],[-73.83176,40.86589],[-73.83079,40.8648],[-73.82968,40.86237],[-73.82893,40.86144],[-73.82783,40.86044],[-73.8274,40.85972],[-73.82675,40.85776],[-73.82642,40.85575],[-73.82664,40.85329],[-73.82687,40.85329],[-73.82723,40.85314],[-73.82734,40.85289],[-73.82715,40.8517],[-73.82657,40.85163],[-73.82603,40.85316],[-73.82505,40.85422],[-73.82452,40.85456],[-73.82271,40.85541],[-73.82169,40.8561],[-73.82086,40.8568],[-73.82152,40.85733],[-73.82183,40.85739],[-73.82403,40.85695],[-73.82513,40.8568],[-73.83194,40.85603],[-73.83333,40.85616],[-73.84354,40.85772],[-73.84648,40.85803],[-73.84973,40.8581],[-73.85635,40.85752],[-73.86917,40.85718],[-73.87536,40.85572],[-73.8769,40.85549],[-73.87743,40.85548],[-73.87805,40.85565],[-73.87874,40.856],[-73.87939,40.85654],[-73.88125,40.8577],[-73.88198,40.85781],[-73.8832,40.85813],[-73.88429,40.85824],[-73.88512,40.85843],[-73.89135,40.86171],[-73.89181,40.86185],[-73.89283,40.86182],[-73.89484,40.86205],[-73.89711,40.86246],[-73.89936,40.86215],[-73.89963,40.86219],[-73.90109,40.86274],[-73.90147,40.86278],[-73.90284,40.8627],[-73.90793,40.86284],[-73.90899,40.86269],[-73.90975,40.86241],[-73.91071,40.86172],[-73.91094,40.86166],[-73.9128,40.86188],[-73.91917,40.86459],[-73.92121,40.86768],[-73.92059,40.86787]]}},{"type":"Feature","properties":{"route":"BX12+","routeId":"BX12+","short":"Bx12-SBS","color":"#006CB7","longName":"Bay Plaza - Inwood","kind":"sbs"},"geometry":{"type":"LineString","coordinates":[[-73.82737,40.86603],[-73.8271,40.86633],[-73.8282,40.8669],[-73.82803,40.86694],[-73.82709,40.86799],[-73.82614,40.8692],[-73.82607,40.86955],[-73.82763,40.86961],[-73.82907,40.86948],[-73.83051,40.86918],[-73.83318,40.86837],[-73.83176,40.86589],[-73.83079,40.8648],[-73.82968,40.86237],[-73.82893,40.86144],[-73.82783,40.86044],[-73.8274,40.85972],[-73.82675,40.85776],[-73.82642,40.85575],[-73.82664,40.85329],[-73.82687,40.85329],[-73.82723,40.85314],[-73.82734,40.85289],[-73.82715,40.8517],[-73.82657,40.85163],[-73.82603,40.85316],[-73.82505,40.85422],[-73.82452,40.85456],[-73.82271,40.85541],[-73.82169,40.8561],[-73.82086,40.8568],[-73.82152,40.85733],[-73.82183,40.85739],[-73.82403,40.85695],[-73.82513,40.8568],[-73.83194,40.85603],[-73.83333,40.85616],[-73.84354,40.85772],[-73.84648,40.85803],[-73.84973,40.8581],[-73.85635,40.85752],[-73.86917,40.85718],[-73.87536,40.85572],[-73.8769,40.85549],[-73.87743,40.85548],[-73.87805,40.85565],[-73.87874,40.856],[-73.87939,40.85654],[-73.88125,40.8577],[-73.88198,40.85781],[-73.8832,40.85813],[-73.88429,40.85824],[-73.88512,40.85843],[-73.89135,40.86171],[-73.89181,40.86185],[-73.89283,40.86182],[-73.89484,40.86205],[-73.89711,40.86246],[-73.89936,40.86215],[-73.89963,40.86219],[-73.90109,40.86274],[-73.90147,40.86278],[-73.90284,40.8627],[-73.90793,40.86284],[-73.90899,40.86269],[-73.90975,40.86241],[-73.91071,40.86172],[-73.91094,40.86166],[-73.9128,40.86188],[-73.91917,40.86459],[-73.92121,40.86768],[-73.92059,40.86787]]}},{"type":"Feature","properties":{"route":"BX13","routeId":"BX13","short":"Bx13","color":"#006CB7","longName":"George Washington Bridge - Bronx Terminal Market","kind":"local"},"geometry":{"type":"LineString","coordinates":[[-73.92959,40.82065],[-73.92851,40.82341],[-73.926,40.82782],[-73.92714,40.8282],[-73.92998,40.82999],[-73.93057,40.82988],[-73.93107,40.82965],[-73.9311,40.82982],[-73.92525,40.84017],[-73.92477,40.8401],[-73.92285,40.84268],[-73.92278,40.84282],[-73.92288,40.84342],[-73.92285,40.8439],[-73.92239,40.84503],[-73.92301,40.84514],[-73.92418,40.8451],[-73.92452,40.84521],[-73.93088,40.84811],[-73.93497,40.84983],[-73.93593,40.84851],[-73.93677,40.84884]]}},{"type":"Feature","properties":{"route":"BX15","routeId":"BX15","short":"Bx15","color":"#FAA61A","longName":"Fordham Plaza - The Hub","kind":"local"},"geometry":{"type":"LineString","coordinates":[[-73.89077,40.86045],[-73.89115,40.86],[-73.89107,40.85659],[-73.89042,40.85504],[-73.89038,40.85472],[-73.89425,40.8505],[-73.89875,40.84156],[-73.90291,40.83591],[-73.90501,40.83274],[-73.90657,40.82945],[-73.90868,40.82409],[-73.90934,40.82285],[-73.90982,40.82248],[-73.91133,40.82219],[-73.91175,40.82203],[-73.91306,40.82013],[-73.91401,40.81895],[-73.91677,40.81656],[-73.91752,40.81612]]}},{"type":"Feature","properties":{"route":"BX16","routeId":"BX16","short":"Bx16","color":"#00AEEF","longName":"Pelham - Norwood","kind":"local"},"geometry":{"type":"LineString","coordinates":[[-73.8803,40.8749],[-73.88149,40.8748],[-73.8815,40.87615],[-73.88097,40.8763],[-73.88012,40.87676],[-73.87972,40.87687],[-73.87974,40.87722],[-73.87959,40.8778],[-73.87773,40.88343],[-73.8776,40.88474],[-73.87794,40.88751],[-73.87805,40.88759],[-73.87853,40.88884],[-73.88035,40.89261],[-73.88038,40.89336],[-73.88009,40.89521],[-73.8748,40.89573],[-73.87051,40.89663],[-73.8649,40.89575],[-73.86355,40.89535],[-73.86294,40.89638],[-73.86158,40.90108],[-73.85861,40.90012],[-73.85268,40.89782],[-73.84004,40.90056],[-73.83917,40.89931],[-73.83922,40.89877],[-73.83966,40.8979],[-73.84508,40.89669],[-73.84195,40.88844],[-73.83991,40.88872],[-73.83788,40.88866],[-73.83443,40.88936],[-73.83129,40.88918],[-73.8312,40.88666],[-73.83132,40.88469],[-73.8303,40.88497],[-73.82696,40.88636],[-73.82539,40.88692],[-73.82065,40.88964],[-73.81862,40.88771],[-73.81787,40.88814],[-73.81958,40.88981]]}},{"type":"Feature","properties":{"route":"BX17","routeId":"BX17","short":"Bx17","color":"#006CB7","longName":"Fordham Plaza - Port Morris","kind":"local"},"geometry":{"type":"LineString","coordinates":[[-73.89093,40.86026],[-73.89025,40.86108],[-73.88487,40.8583],[-73.88383,40.85803],[-73.88189,40.85734],[-73.88473,40.85176],[-73.88549,40.85104],[-73.8882,40.84888],[-73.89248,40.84381],[-73.89381,40.84252],[-73.89472,40.84144],[-73.89614,40.83913],[-73.89751,40.8373],[-73.89776,40.83647],[-73.89766,40.83548],[-73.89736,40.83484],[-73.89635,40.83351],[-73.8969,40.83103],[-73.90302,40.8163],[-73.90447,40.81226],[-73.91095,40.81361],[-73.91295,40.81427],[-73.91562,40.80968],[-73.91748,40.80681],[-73.91279,40.80483],[-73.91298,40.80448],[-73.91443,40.80383],[-73.91554,40.80367],[-73.9162,40.80378],[-73.91858,40.80481]]}},{"type":"Feature","properties":{"route":"BX18A","routeId":"BX18A","short":"Bx18A","color":"#6CBE45","longName":"Morris Heights/High Bridge Circulator","kind":"local"},"geometry":{"type":"LineString","coordinates":[[-73.9135,40.83871],[-73.91489,40.83923],[-73.9151,40.83923],[-73.91805,40.84037],[-73.91901,40.84064],[-73.91795,40.84188],[-73.91799,40.84304],[-73.91746,40.84377],[-73.91752,40.84461],[-73.91712,40.84536],[-73.91714,40.84604],[-73.9163,40.84725],[-73.91611,40.8494],[-73.91586,40.85006],[-73.91552,40.85031],[-73.91545,40.85046],[-73.91592,40.85099],[-73.916,40.85121],[-73.91596,40.85151],[-73.9161,40.85175],[-73.91742,40.85213],[-73.91815,40.85309],[-73.91853,40.85286],[-73.9191,40.85267],[-73.92297,40.8479],[-73.92452,40.84521],[-73.92545,40.84391],[-73.92753,40.84218],[-73.92833,40.84073],[-73.92867,40.83981],[-73.92813,40.83876],[-73.92371,40.83818],[-73.92295,40.83868],[-73.92256,40.83925],[-73.9224,40.84042],[-73.92152,40.84028],[-73.92112,40.84029],[-73.92093,40.84032],[-73.92008,40.84074],[-73.91961,40.84081],[-73.91805,40.84037],[-73.9151,40.83923],[-73.91508,40.83913],[-73.91357,40.83854]]}},{"type":"Feature","properties":{"route":"BX18B","routeId":"BX18B","short":"Bx18B","color":"#6CBE45","longName":"Morris Heights/High Bridge Circulator","kind":"local"},"geometry":{"type":"LineString","coordinates":[[-73.91345,40.8387],[-73.91489,40.83923],[-73.9151,40.83923],[-73.91805,40.84037],[-73.91961,40.84081],[-73.92008,40.84074],[-73.92093,40.84032],[-73.92112,40.84029],[-73.92152,40.84028],[-73.9224,40.84042],[-73.92256,40.83925],[-73.92295,40.83868],[-73.92371,40.83818],[-73.92813,40.83876],[-73.92867,40.83981],[-73.92833,40.84073],[-73.92745,40.8424],[-73.92687,40.84313],[-73.92555,40.84547],[-73.92439,40.8478],[-73.92349,40.84899],[-73.92076,40.85205],[-73.91853,40.85286],[-73.91796,40.85279],[-73.91751,40.8522],[-73.91728,40.85206],[-73.91644,40.85189],[-73.9161,40.85175],[-73.91596,40.85151],[-73.916,40.85121],[-73.91592,40.85099],[-73.91545,40.85046],[-73.91565,40.85043],[-73.91693,40.84955],[-73.91943,40.8477],[-73.9193,40.84758],[-73.91651,40.84961],[-73.91616,40.84949],[-73.91617,40.84828],[-73.9163,40.84725],[-73.91714,40.84604],[-73.91712,40.84536],[-73.91752,40.84461],[-73.91746,40.84377],[-73.91799,40.84304],[-73.91795,40.84188],[-73.9176,40.84127],[-73.91805,40.84037],[-73.9151,40.83923],[-73.91508,40.83913],[-73.91357,40.83854]]}},{"type":"Feature","properties":{"route":"BX19","routeId":"BX19","short":"Bx19","color":"#B933AD","longName":"NY Botanical Garden - Riverbank Park","kind":"local"},"geometry":{"type":"LineString","coordinates":[[-73.95544,40.82662],[-73.95544,40.82647],[-73.95511,40.82634],[-73.95491,40.82663],[-73.95486,40.82706],[-73.95401,40.82724],[-73.95281,40.8273],[-73.95251,40.82724],[-73.9341,40.81954],[-73.93362,40.81947],[-73.93245,40.8195],[-73.93075,40.8194],[-73.92919,40.81908],[-73.91775,40.81609],[-73.91494,40.81492],[-73.91095,40.81361],[-73.90487,40.81235],[-73.90415,40.8121],[-73.89906,40.81357],[-73.89307,40.81936],[-73.89192,40.82051],[-73.89161,40.82098],[-73.89195,40.82512],[-73.89187,40.83015],[-73.89177,40.83057],[-73.88636,40.83967],[-73.8862,40.84008],[-73.88521,40.845],[-73.88448,40.846],[-73.88351,40.84711],[-73.88333,40.8475],[-73.88073,40.85652],[-73.8807,40.8569],[-73.88095,40.85825],[-73.88052,40.86054],[-73.88061,40.86092],[-73.88078,40.86115]]}},{"type":"Feature","properties":{"route":"BX2","routeId":"BX2","short":"Bx2","color":"#FAA61A","longName":"Kingsbridge Heights - Mott Haven","kind":"local"},"geometry":{"type":"LineString","coordinates":[[-73.92795,40.80989],[-73.92716,40.81099],[-73.92604,40.81172],[-73.92034,40.81462],[-73.91918,40.81414],[-73.91877,40.81475],[-73.91855,40.81468],[-73.91677,40.81567],[-73.91775,40.81609],[-73.92729,40.81857],[-73.92651,40.82024],[-73.92627,40.82065],[-73.92543,40.82151],[-73.92501,40.82211],[-73.92463,40.8229],[-73.92424,40.82407],[-73.92304,40.82608],[-73.92202,40.82805],[-73.92172,40.82831],[-73.9206,40.83038],[-73.91936,40.83241],[-73.91811,40.83386],[-73.91459,40.83746],[-73.91359,40.83865],[-73.9128,40.84016],[-73.91142,40.84428],[-73.9111,40.84481],[-73.91055,40.8454],[-73.90852,40.84684],[-73.90734,40.84778],[-73.90596,40.84918],[-73.90061,40.85598],[-73.89866,40.85925],[-73.89694,40.86245],[-73.89165,40.86937],[-73.89108,40.8699],[-73.88857,40.87138],[-73.88808,40.87171],[-73.88752,40.87223],[-73.88707,40.87296],[-73.88526,40.87702],[-73.885,40.87694],[-73.88489,40.87718],[-73.88515,40.87727],[-73.88469,40.87825],[-73.88514,40.87907],[-73.88576,40.87964],[-73.88593,40.88043],[-73.88885,40.8828],[-73.89172,40.88239],[-73.89274,40.88271],[-73.89334,40.88275],[-73.89397,40.88299],[-73.89428,40.88299],[-73.89479,40.8828],[-73.89592,40.88222],[-73.8964,40.88181],[-73.89657,40.88125],[-73.89674,40.88002],[-73.89752,40.87889],[-73.89815,40.8784],[-73.89961,40.87874],[-73.90017,40.87872],[-73.90061,40.87859],[-73.901,40.87835],[-73.90267,40.87657],[-73.90336,40.87691],[-73.9024,40.87802],[-73.90485,40.87893],[-73.90879,40.88102]]}},{"type":"Feature","properties":{"route":"BX20","routeId":"BX20","short":"Bx20","color":"#00AEEF","longName":"Riverdale - Inwood","kind":"local"},"geometry":{"type":"LineString","coordinates":[[-73.90847,40.89332],[-73.90848,40.8909],[-73.909,40.88953],[-73.90963,40.88942],[-73.90994,40.88894],[-73.91116,40.88826],[-73.91167,40.88824],[-73.91207,40.88738],[-73.91251,40.88671],[-73.91345,40.88574],[-73.91507,40.88442],[-73.91586,40.88296],[-73.9162,40.88254],[-73.91829,40.88069],[-73.9187,40.88063],[-73.91914,40.88085],[-73.91933,40.88067],[-73.91806,40.8804],[-73.91751,40.88018],[-73.91704,40.87983],[-73.91676,40.87947],[-73.91671,40.87918],[-73.91679,40.87876],[-73.91771,40.87777],[-73.91793,40.8774],[-73.91778,40.87723],[-73.91658,40.87786],[-73.91613,40.87795],[-73.9151,40.87799],[-73.91412,40.87829],[-73.91229,40.8794],[-73.91134,40.88015],[-73.91083,40.88043],[-73.91043,40.88044],[-73.91024,40.88052],[-73.90937,40.88132],[-73.90657,40.8798],[-73.90801,40.87829],[-73.90737,40.87768],[-73.90664,40.87668],[-73.90762,40.87616],[-73.91045,40.87411],[-73.912,40.87296],[-73.91346,40.87177],[-73.91407,40.87117],[-73.91628,40.86958],[-73.91715,40.86909],[-73.91857,40.86845],[-73.92142,40.86761]]}},{"type":"Feature","properties":{"route":"BX21","routeId":"BX21","short":"Bx21","color":"#6CBE45","longName":"Westchester Sq - Mott Haven","kind":"local"},"geometry":{"type":"LineString","coordinates":[[-73.8432,40.83975],[-73.84335,40.83962],[-73.84331,40.83993],[-73.8431,40.83983],[-73.84148,40.84099],[-73.83839,40.84257],[-73.84079,40.84525],[-73.83996,40.84592],[-73.83974,40.84591],[-73.83977,40.84606],[-73.83994,40.84606],[-73.83996,40.84592],[-73.84079,40.84525],[-73.84134,40.84584],[-73.84174,40.84611],[-73.84288,40.8464],[-73.84461,40.84634],[-73.84506,40.84899],[-73.84475,40.85047],[-73.84426,40.85125],[-73.84662,40.85123],[-73.8473,40.85108],[-73.8497,40.85104],[-73.85945,40.84667],[-73.86033,40.84641],[-73.86779,40.84486],[-73.86853,40.84461],[-73.87099,40.8431],[-73.87244,40.84141],[-73.87357,40.8398],[-73.8774,40.83998],[-73.87788,40.83995],[-73.87975,40.84019],[-73.88036,40.84013],[-73.88165,40.83966],[-73.88375,40.83946],[-73.88421,40.83933],[-73.88466,40.83917],[-73.88562,40.83864],[-73.88768,40.83736],[-73.89009,40.83602],[-73.89079,40.83581],[-73.89291,40.83565],[-73.89343,40.8355],[-73.89509,40.83409],[-73.89799,40.83272],[-73.90124,40.83046],[-73.90541,40.82685],[-73.9071,40.8258],[-73.90812,40.82494],[-73.90838,40.82487],[-73.90868,40.82409],[-73.90934,40.82285],[-73.90968,40.82257],[-73.90998,40.82243],[-73.91133,40.82219],[-73.91175,40.82203],[-73.91306,40.82013],[-73.91401,40.81895],[-73.91677,40.81656],[-73.91859,40.81552],[-73.92644,40.81149],[-73.9267,40.81173],[-73.92757,40.81084],[-73.92881,40.80987],[-73.92834,40.80969]]}},{"type":"Feature","properties":{"route":"BX22","routeId":"BX22","short":"Bx22","color":"#EE352E","longName":"Bedford Park - Castle Hill","kind":"local"},"geometry":{"type":"LineString","coordinates":[[-73.88983,40.87704],[-73.88966,40.87696],[-73.89163,40.87446],[-73.89407,40.87558],[-73.89795,40.87064],[-73.89941,40.86912],[-73.89962,40.86878],[-73.89964,40.86843],[-73.89994,40.86801],[-73.89709,40.86736],[-73.89543,40.86662],[-73.89543,40.86651],[-73.89527,40.86639],[-73.89398,40.86569],[-73.89391,40.86515],[-73.89422,40.86441],[-73.89588,40.86225],[-73.89484,40.86205],[-73.89283,40.86182],[-73.89194,40.86187],[-73.89135,40.86171],[-73.88487,40.8583],[-73.88383,40.85803],[-73.88211,40.85744],[-73.87792,40.8555],[-73.87727,40.85538],[-73.87676,40.85541],[-73.87275,40.85618],[-73.87067,40.85669],[-73.86928,40.8567],[-73.86984,40.85585],[-73.86938,40.85425],[-73.86863,40.85212],[-73.86778,40.85154],[-73.86785,40.84999],[-73.86513,40.8425],[-73.86356,40.84129],[-73.86348,40.8411],[-73.86205,40.83966],[-73.861,40.83881],[-73.86028,40.83795],[-73.85976,40.83775],[-73.85932,40.83772],[-73.85858,40.83749],[-73.85615,40.836],[-73.85586,40.83591],[-73.85451,40.83611],[-73.85222,40.83632],[-73.85194,40.83491],[-73.85156,40.83404],[-73.85068,40.83049],[-73.84646,40.81243],[-73.84621,40.81287]]}},{"type":"Feature","properties":{"route":"BX23","routeId":"BX23","short":"Bx23","color":"#B933AD","longName":"Pelham Bay - Co-Op City","kind":"local"},"geometry":{"type":"LineString","coordinates":[[-73.82691,40.85249],[-73.82718,40.85174],[-73.82652,40.85165],[-73.82603,40.85324],[-73.82563,40.85383],[-73.82556,40.85432],[-73.82624,40.85583],[-73.82655,40.85766],[-73.82717,40.85961],[-73.82726,40.86069],[-73.827,40.86093],[-73.82608,40.86122],[-73.82595,40.86097],[-73.82674,40.86068],[-73.82625,40.85977],[-73.82259,40.86098],[-73.82304,40.86186],[-73.82319,40.86199],[-73.82431,40.86169],[-73.82457,40.86204],[-73.82577,40.86251],[-73.82597,40.86283],[-73.82241,40.86678],[-73.82198,40.867],[-73.82102,40.86715],[-73.82079,40.8674],[-73.8208,40.86779],[-73.8211,40.86824],[-73.82207,40.86882],[-73.8256,40.86955],[-73.82715,40.86965],[-73.82828,40.8696],[-73.82941,40.86946],[-73.83049,40.86922],[-73.8309,40.87014],[-73.83096,40.87052],[-73.83087,40.87093],[-73.83056,40.87153],[-73.82931,40.87112],[-73.8274,40.87098],[-73.82579,40.87042],[-73.82491,40.87123],[-73.82454,40.87185],[-73.82426,40.87287],[-73.82444,40.87501],[-73.82425,40.87602],[-73.82375,40.87703],[-73.82278,40.87823],[-73.8225,40.87891],[-73.82247,40.87945],[-73.82264,40.87975],[-73.82296,40.87995],[-73.82341,40.88004],[-73.82434,40.87983],[-73.82827,40.87855],[-73.82808,40.87805],[-73.82812,40.87723],[-73.82887,40.87583],[-73.83012,40.87624],[-73.82954,40.87723],[-73.82952,40.87834],[-73.83009,40.87846],[-73.83068,40.87872],[-73.83195,40.87986],[-73.83275,40.87898],[-73.8332,40.87834],[-73.83359,40.87752],[-73.83389,40.87634],[-73.83397,40.87403],[-73.83378,40.87261],[-73.83352,40.8719],[-73.83179,40.8687],[-73.83311,40.86831],[-73.83172,40.86586],[-73.8313,40.86544],[-73.83062,40.86442],[-73.82967,40.86233],[-73.82924,40.86177],[-73.82785,40.86049],[-73.82734,40.85956],[-73.82672,40.85767],[-73.8264,40.85538],[-73.82655,40.8538],[-73.82679,40.85284]]}},{"type":"Feature","properties":{"route":"BX24","routeId":"BX24","short":"Bx24","color":"#6CBE45","longName":"Country Club - Hutchinson Metro Center","kind":"local"},"geometry":{"type":"LineString","coordinates":[[-73.83766,40.85507],[-73.84094,40.85126],[-73.84288,40.8464],[-73.84461,40.84634],[-73.84494,40.8454],[-73.84623,40.84446],[-73.84392,40.84193],[-73.84207,40.84062],[-73.84148,40.84099],[-73.83761,40.84296],[-73.83678,40.84351],[-73.83185,40.84736],[-73.83112,40.84816],[-73.83051,40.8492],[-73.8299,40.85125],[-73.8297,40.85162],[-73.82928,40.85191],[-73.82733,40.85281],[-73.82715,40.8517],[-73.828,40.84891],[-73.82795,40.84862],[-73.82656,40.8465],[-73.82612,40.84561],[-73.82609,40.84482],[-73.82623,40.84298],[-73.8246,40.84252],[-73.82428,40.83976],[-73.82157,40.83869],[-73.82058,40.83802],[-73.81923,40.83802],[-73.8192,40.83791],[-73.81764,40.83815],[-73.81728,40.83847],[-73.81726,40.83879],[-73.81795,40.84114],[-73.82007,40.84086],[-73.82047,40.84254],[-73.81941,40.8422],[-73.81837,40.84229],[-73.81796,40.84244],[-73.81738,40.84283],[-73.81722,40.84322],[-73.81749,40.84351],[-73.81898,40.8436],[-73.81927,40.84373],[-73.81949,40.84397],[-73.81952,40.8441],[-73.81937,40.84444],[-73.81929,40.84601]]}},{"type":"Feature","properties":{"route":"BX25","routeId":"BX25","short":"Bx25","color":"#FAA61A","longName":"Co-op City Bay Plaza - Bedford Park","kind":"local"},"geometry":{"type":"LineString","coordinates":[[-73.82499,40.86679],[-73.82507,40.8667],[-73.82505,40.86639],[-73.82572,40.86563],[-73.8282,40.8669],[-73.82803,40.86694],[-73.82727,40.86777],[-73.82614,40.8692],[-73.82593,40.87018],[-73.82487,40.87127],[-73.8244,40.87218],[-73.82425,40.87286],[-73.82443,40.87469],[-73.82428,40.87589],[-73.82386,40.8768],[-73.8228,40.87815],[-73.82249,40.87889],[-73.8225,40.87951],[-73.82263,40.8797],[-73.82294,40.87991],[-73.82382,40.87988],[-73.82825,40.87842],[-73.82811,40.87809],[-73.82807,40.87751],[-73.82815,40.87709],[-73.82889,40.87579],[-73.83013,40.87621],[-73.82953,40.87728],[-73.82957,40.87825],[-73.83038,40.87845],[-73.83091,40.87874],[-73.83198,40.8798],[-73.8331,40.87848],[-73.83363,40.8774],[-73.83391,40.876],[-73.83398,40.87445],[-73.83392,40.87333],[-73.83376,40.87244],[-73.83356,40.87194],[-73.83183,40.8688],[-73.83733,40.86697],[-73.83658,40.86566],[-73.83666,40.86558],[-73.83685,40.86557],[-73.83696,40.86545],[-73.83697,40.86506],[-73.84957,40.8653],[-73.84993,40.86539],[-73.85102,40.86534],[-73.86056,40.86554],[-73.87041,40.86536],[-73.87082,40.8654],[-73.8712,40.86555],[-73.87213,40.86613],[-73.87309,40.86655],[-73.87483,40.86703],[-73.87515,40.86724],[-73.87573,40.86821],[-73.87633,40.86876],[-73.87685,40.86899],[-73.87737,40.86906],[-73.87788,40.86899],[-73.87821,40.86886],[-73.87924,40.86785],[-73.8812,40.86657],[-73.88224,40.86635],[-73.88268,40.86636],[-73.88297,40.86646],[-73.88455,40.86838],[-73.88511,40.86983],[-73.88692,40.87133],[-73.88739,40.8719],[-73.88834,40.87266],[-73.88883,40.8729],[-73.88935,40.8734],[-73.8898,40.87365],[-73.89407,40.87558],[-73.89213,40.87805],[-73.89002,40.87712]]}},{"type":"Feature","properties":{"route":"BX26","routeId":"BX26","short":"Bx26","color":"#FAA61A","longName":"Co-op City Section 5 - Bedford Park","kind":"local"},"geometry":{"type":"LineString","coordinates":[[-73.82266,40.86108],[-73.82316,40.86193],[-73.82336,40.86194],[-73.82433,40.86163],[-73.82457,40.86197],[-73.82585,40.86252],[-73.82598,40.86282],[-73.82236,40.86676],[-73.82179,40.86699],[-73.82112,40.86705],[-73.82084,40.86725],[-73.82075,40.86753],[-73.82096,40.86805],[-73.82153,40.8685],[-73.82221,40.86886],[-73.82607,40.86955],[-73.826,40.87005],[-73.82577,40.87039],[-73.82754,40.87095],[-73.82948,40.87112],[-73.83057,40.87146],[-73.83091,40.87086],[-73.83098,40.87036],[-73.83051,40.86918],[-73.83276,40.86851],[-73.83341,40.86823],[-73.83733,40.86697],[-73.83658,40.86566],[-73.83666,40.86558],[-73.83685,40.86557],[-73.83696,40.86545],[-73.83697,40.86506],[-73.84957,40.8653],[-73.84993,40.86539],[-73.85102,40.86534],[-73.86056,40.86554],[-73.87041,40.86536],[-73.87082,40.8654],[-73.8712,40.86555],[-73.87213,40.86613],[-73.87309,40.86655],[-73.87483,40.86703],[-73.87515,40.86724],[-73.87573,40.86821],[-73.87633,40.86876],[-73.87685,40.86899],[-73.87737,40.86906],[-73.87788,40.86899],[-73.87821,40.86886],[-73.87924,40.86785],[-73.8812,40.86657],[-73.88224,40.86635],[-73.88268,40.86636],[-73.88297,40.86646],[-73.88455,40.86838],[-73.88511,40.86983],[-73.88692,40.87133],[-73.88739,40.8719],[-73.88834,40.87266],[-73.88883,40.8729],[-73.88935,40.8734],[-73.8898,40.87365],[-73.89407,40.87558],[-73.89213,40.87805],[-73.89002,40.87712]]}},{"type":"Feature","properties":{"route":"BX27","routeId":"BX27","short":"Bx27","color":"#00AEEF","longName":"Clasons Pt - Gladstone Sq","kind":"local"},"geometry":{"type":"LineString","coordinates":[[-73.89142,40.82516],[-73.89137,40.82494],[-73.88793,40.82676],[-73.88639,40.82749],[-73.88573,40.82794],[-73.88527,40.82814],[-73.8776,40.82872],[-73.87459,40.82953],[-73.87392,40.82668],[-73.86823,40.82741],[-73.86834,40.82721],[-73.86794,40.82549],[-73.86767,40.82505],[-73.86713,40.82238],[-73.86696,40.82212],[-73.86571,40.82098],[-73.8667,40.82087],[-73.8657,40.81663],[-73.86172,40.81715],[-73.85682,40.81248],[-73.85561,40.8106],[-73.85533,40.80932],[-73.85231,40.80756],[-73.8488,40.80571]]}},{"type":"Feature","properties":{"route":"BX28","routeId":"BX28","short":"Bx28","color":"#00AEEF","longName":"Co-op City Section 5 - Fordham Center","kind":"local"},"geometry":{"type":"LineString","coordinates":[[-73.89453,40.86394],[-73.8943,40.86389],[-73.89422,40.86441],[-73.89391,40.86515],[-73.89345,40.86536],[-73.89377,40.86583],[-73.89531,40.86664],[-73.89543,40.86662],[-73.89743,40.86747],[-73.89512,40.87039],[-73.89485,40.87057],[-73.89243,40.87168],[-73.89159,40.87181],[-73.89098,40.87175],[-73.89057,40.87179],[-73.89019,40.87195],[-73.88995,40.87215],[-73.88935,40.8734],[-73.89163,40.87446],[-73.88966,40.87696],[-73.88908,40.87844],[-73.88717,40.88007],[-73.88594,40.88047],[-73.88576,40.87925],[-73.88503,40.87886],[-73.88387,40.8768],[-73.88318,40.87647],[-73.88251,40.87425],[-73.88174,40.87237],[-73.87923,40.87365],[-73.87974,40.87722],[-73.87848,40.88107],[-73.87438,40.87907],[-73.87349,40.87883],[-73.8716,40.87864],[-73.87095,40.87851],[-73.86726,40.87761],[-73.8489,40.8718],[-73.8387,40.86655],[-73.83341,40.86823],[-73.83312,40.86825],[-73.83163,40.86872],[-73.83344,40.87198],[-73.83369,40.8727],[-73.83382,40.87364],[-73.83383,40.87545],[-73.83365,40.87689],[-73.83314,40.87815],[-73.83274,40.87877],[-73.83225,40.87932],[-73.83191,40.8794],[-73.83153,40.87936],[-73.83067,40.87859],[-73.83009,40.87835],[-73.82957,40.87825],[-73.82953,40.87728],[-73.83013,40.87621],[-73.82889,40.87579],[-73.82815,40.87709],[-73.82807,40.87751],[-73.82811,40.87809],[-73.82825,40.87842],[-73.82382,40.87988],[-73.8233,40.87994],[-73.82289,40.87972],[-73.8227,40.87952],[-73.82265,40.87903],[-73.82288,40.87835],[-73.82403,40.87686],[-73.82452,40.87566],[-73.82461,40.87488],[-73.82443,40.87297],[-73.82455,40.87224],[-73.82504,40.87131],[-73.82585,40.87055],[-73.8261,40.87019],[-73.82626,40.86942],[-73.82199,40.86867],[-73.82123,40.8682],[-73.82091,40.86776],[-73.82088,40.86744],[-73.82104,40.86721],[-73.82214,40.867],[-73.82264,40.86664],[-73.82598,40.86282],[-73.82585,40.86252],[-73.82449,40.8619],[-73.82372,40.86055],[-73.8227,40.86089]]}},{"type":"Feature","properties":{"route":"BX29","routeId":"BX29","short":"Bx29","color":"#00AEEF","longName":"City Island - Pelham Bay","kind":"local"},"geometry":{"type":"LineString","coordinates":[[-73.78343,40.83904],[-73.7874,40.84969],[-73.79146,40.85546],[-73.79174,40.85558],[-73.79242,40.85567],[-73.79516,40.85661],[-73.79549,40.85677],[-73.79587,40.8571],[-73.79858,40.85823],[-73.79952,40.85872],[-73.80118,40.85982],[-73.80142,40.86063],[-73.80181,40.86093],[-73.80216,40.86098],[-73.80262,40.86086],[-73.80327,40.86103],[-73.80453,40.86173],[-73.80544,40.86211],[-73.81038,40.86338],[-73.814,40.86469],[-73.81715,40.86012],[-73.81774,40.85958],[-73.81911,40.85861],[-73.82053,40.85791],[-73.82153,40.85757],[-73.82403,40.85695],[-73.82682,40.85661],[-73.82727,40.85663],[-73.82763,40.85674],[-73.8278,40.85688],[-73.82787,40.85717],[-73.82777,40.85735],[-73.82746,40.85752],[-73.82701,40.85748],[-73.82677,40.85726],[-73.82656,40.85677],[-73.82642,40.85554],[-73.82654,40.85379],[-73.82676,40.85286]]}},{"type":"Feature","properties":{"route":"BX3","routeId":"BX3","short":"Bx3","color":"#EE352E","longName":"Riverdale - George Washington Bridge","kind":"local"},"geometry":{"type":"LineString","coordinates":[[-73.93657,40.84937],[-73.93573,40.85017],[-73.93088,40.84811],[-73.92545,40.84566],[-73.92452,40.84521],[-73.92337,40.8444],[-73.92276,40.84423],[-73.92218,40.84543],[-73.92169,40.84599],[-73.92071,40.84673],[-73.91881,40.84792],[-73.91552,40.85031],[-73.91455,40.85144],[-73.91263,40.85323],[-73.91186,40.85429],[-73.91096,40.85498],[-73.91054,40.85546],[-73.90986,40.85665],[-73.90949,40.85766],[-73.90496,40.86273],[-73.90331,40.86531],[-73.90106,40.86827],[-73.90237,40.86867],[-73.90325,40.86919],[-73.9038,40.86963],[-73.90315,40.87],[-73.9026,40.87065],[-73.90238,40.87118],[-73.90214,40.87249],[-73.90139,40.87468],[-73.90118,40.87507],[-73.90067,40.87567],[-73.89922,40.87693],[-73.89815,40.8784],[-73.89937,40.87868],[-73.8996,40.87908],[-73.89915,40.88077],[-73.89906,40.88144],[-73.89898,40.88161],[-73.89828,40.88218],[-73.89794,40.88262],[-73.89765,40.88364],[-73.89769,40.88381],[-73.89792,40.884],[-73.89878,40.88451],[-73.90046,40.88503]]}},{"type":"Feature","properties":{"route":"BX30","routeId":"BX30","short":"Bx30","color":"#EE352E","longName":"Co-op City Section 5 - Pelham Parkway","kind":"local"},"geometry":{"type":"LineString","coordinates":[[-73.86799,40.85831],[-73.86752,40.85907],[-73.86721,40.86026],[-73.86666,40.86174],[-73.86629,40.8624],[-73.86574,40.86302],[-73.86048,40.86694],[-73.85742,40.86955],[-73.85525,40.87204],[-73.85113,40.87519],[-73.84989,40.87587],[-73.84547,40.87733],[-73.84337,40.87898],[-73.84147,40.8802],[-73.83698,40.88192],[-73.83624,40.88235],[-73.83517,40.88326],[-73.8343,40.88385],[-73.83303,40.88439],[-73.83065,40.88484],[-73.8279,40.88598],[-73.8274,40.88536],[-73.82551,40.88357],[-73.82478,40.88324],[-73.82389,40.88263],[-73.82366,40.88239],[-73.82302,40.8813],[-73.8233,40.87994],[-73.82382,40.87988],[-73.82825,40.87842],[-73.82811,40.87809],[-73.82807,40.87751],[-73.82815,40.87709],[-73.82889,40.87579],[-73.83013,40.87621],[-73.82953,40.87728],[-73.82957,40.87825],[-73.83038,40.87845],[-73.83091,40.87874],[-73.83198,40.8798],[-73.8331,40.87848],[-73.83373,40.87706],[-73.83397,40.87501],[-73.83386,40.87288],[-73.8336,40.87202],[-73.83177,40.86868],[-73.83044,40.86904],[-73.83098,40.87036],[-73.83091,40.87086],[-73.83057,40.87146],[-73.82948,40.87112],[-73.82754,40.87095],[-73.82623,40.87054],[-73.82596,40.87042],[-73.82617,40.87005],[-73.82626,40.86942],[-73.82213,40.86871],[-73.82159,40.86844],[-73.82106,40.86803],[-73.82088,40.8676],[-73.82093,40.86732],[-73.82118,40.86714],[-73.82185,40.86708],[-73.82241,40.86685],[-73.82598,40.86282],[-73.82585,40.86252],[-73.82449,40.8619],[-73.82372,40.86055],[-73.8227,40.86089]]}},{"type":"Feature","properties":{"route":"BX31","routeId":"BX31","short":"Bx31","color":"#EE352E","longName":"Woodlawn - Westchester Sq","kind":"local"},"geometry":{"type":"LineString","coordinates":[[-73.84246,40.84088],[-73.84207,40.84062],[-73.84152,40.84053],[-73.84125,40.8406],[-73.84148,40.84099],[-73.84207,40.84062],[-73.84392,40.84193],[-73.84623,40.84446],[-73.84494,40.8454],[-73.84484,40.84556],[-73.84461,40.84634],[-73.84505,40.84869],[-73.84501,40.84947],[-73.84475,40.85047],[-73.84322,40.85294],[-73.84393,40.85566],[-73.84393,40.85651],[-73.84373,40.85729],[-73.84296,40.85904],[-73.84341,40.86243],[-73.84332,40.8659],[-73.84299,40.86709],[-73.84227,40.8688],[-73.84324,40.87046],[-73.84439,40.87337],[-73.84875,40.88143],[-73.8497,40.88357],[-73.84928,40.88425],[-73.84462,40.88228],[-73.84218,40.88398],[-73.84314,40.88503],[-73.84444,40.88589],[-73.84553,40.88636],[-73.84745,40.88697],[-73.84587,40.88974],[-73.86401,40.89552],[-73.86523,40.89581],[-73.8669,40.89604],[-73.86794,40.90159],[-73.86819,40.90239],[-73.86799,40.90277],[-73.86823,40.90283],[-73.86827,40.90277]]}},{"type":"Feature","properties":{"route":"BX32","routeId":"BX32","short":"Bx32","color":"#6CBE45","longName":"Kingsbridge VA Hospital - Mott Haven","kind":"local"},"geometry":{"type":"LineString","coordinates":[[-73.90561,40.8673],[-73.9057,40.86728],[-73.90591,40.86697],[-73.90575,40.86688],[-73.9055,40.86717],[-73.90548,40.86732],[-73.90386,40.8677],[-73.90309,40.86767],[-73.90237,40.86867],[-73.90149,40.86837],[-73.89943,40.86787],[-73.89964,40.86843],[-73.89962,40.86878],[-73.89941,40.86912],[-73.89889,40.86965],[-73.89655,40.86856],[-73.90183,40.86178],[-73.9051,40.85643],[-73.91009,40.85084],[-73.91239,40.84766],[-73.90971,40.84658],[-73.90931,40.84631],[-73.90926,40.8461],[-73.90963,40.84215],[-73.90939,40.84126],[-73.9157,40.83053],[-73.92038,40.82205],[-73.9207,40.82181],[-73.92088,40.82155],[-73.92309,40.81669],[-73.9267,40.81173],[-73.92757,40.81084],[-73.92881,40.80987],[-73.92834,40.80969]]}},{"type":"Feature","properties":{"route":"BX33","routeId":"BX33","short":"Bx33","color":"#6CBE45","longName":"Port Morris - Harlem","kind":"local"},"geometry":{"type":"LineString","coordinates":[[-73.91094,40.7986],[-73.91088,40.79856],[-73.90729,40.80212],[-73.90977,40.80356],[-73.92514,40.81005],[-73.92694,40.81088],[-73.92997,40.81315],[-73.93208,40.8141],[-73.93393,40.81419],[-73.93445,40.81413],[-73.93478,40.81387],[-73.93617,40.81211],[-73.94779,40.81702]]}},{"type":"Feature","properties":{"route":"BX34","routeId":"BX34","short":"Bx34","color":"#B933AD","longName":"Woodlawn - Fordham Center","kind":"local"},"geometry":{"type":"LineString","coordinates":[[-73.89578,40.8624],[-73.89588,40.86225],[-73.89484,40.86205],[-73.89352,40.86191],[-73.89193,40.865],[-73.88879,40.86817],[-73.88829,40.86855],[-73.88762,40.86886],[-73.88652,40.86922],[-73.88552,40.87019],[-73.88313,40.87181],[-73.88127,40.87257],[-73.87923,40.87365],[-73.87974,40.87722],[-73.87787,40.88292],[-73.87763,40.88406],[-73.8776,40.88474],[-73.87794,40.88751],[-73.87805,40.88759],[-73.87853,40.88884],[-73.88035,40.89261],[-73.88038,40.89336],[-73.88009,40.89521],[-73.8748,40.89573],[-73.8707,40.89662],[-73.86997,40.89659],[-73.8669,40.89604],[-73.86794,40.90159],[-73.86819,40.90239],[-73.86799,40.90277],[-73.86823,40.90283],[-73.86827,40.90277]]}},{"type":"Feature","properties":{"route":"BX35","routeId":"BX35","short":"Bx35","color":"#00AEEF","longName":"George Washington Bridge-West Farms Road","kind":"local"},"geometry":{"type":"LineString","coordinates":[[-73.88571,40.83052],[-73.88563,40.83063],[-73.88808,40.83149],[-73.88899,40.82982],[-73.88899,40.82795],[-73.89005,40.82676],[-73.89213,40.82679],[-73.89289,40.82683],[-73.89878,40.8301],[-73.90025,40.83115],[-73.90191,40.83169],[-73.90349,40.83031],[-73.90963,40.83226],[-73.91048,40.83074],[-73.91136,40.831],[-73.9124,40.83093],[-73.91326,40.83121],[-73.91341,40.83138],[-73.91408,40.83328],[-73.91583,40.83383],[-73.91601,40.83399],[-73.91901,40.83506],[-73.91944,40.83511],[-73.92232,40.83612],[-73.9222,40.83779],[-73.92138,40.83918],[-73.92123,40.83988],[-73.92139,40.84028],[-73.92239,40.84188],[-73.92284,40.84307],[-73.92285,40.8439],[-73.92239,40.84503],[-73.92301,40.84514],[-73.92418,40.8451],[-73.92452,40.84521],[-73.93088,40.84811],[-73.93497,40.84983],[-73.93593,40.84851],[-73.9369,40.84888]]}},{"type":"Feature","properties":{"route":"BX36","routeId":"BX36","short":"Bx36","color":"#B933AD","longName":"Soundview - George Washington Bridge","kind":"local"},"geometry":{"type":"LineString","coordinates":[[-73.93811,40.84846],[-73.93749,40.8483],[-73.9364,40.84786],[-73.93497,40.84983],[-73.93088,40.84811],[-73.92545,40.84566],[-73.92452,40.84521],[-73.92337,40.8444],[-73.92276,40.84423],[-73.92218,40.84543],[-73.92169,40.84599],[-73.92071,40.84673],[-73.91881,40.84792],[-73.91562,40.85023],[-73.91545,40.85046],[-73.91503,40.85025],[-73.91412,40.84999],[-73.91344,40.85001],[-73.91294,40.85012],[-73.91266,40.8502],[-73.91247,40.85036],[-73.91201,40.85124],[-73.91167,40.85158],[-73.91078,40.85194],[-73.90986,40.85197],[-73.90924,40.85178],[-73.90732,40.85066],[-73.90702,40.85041],[-73.90698,40.85022],[-73.90661,40.84983],[-73.90581,40.84908],[-73.90403,40.84872],[-73.90373,40.84876],[-73.90236,40.8485],[-73.90221,40.84845],[-73.90165,40.84774],[-73.90143,40.84768],[-73.90093,40.8477],[-73.89871,40.84714],[-73.8962,40.84663],[-73.89506,40.84646],[-73.89372,40.84644],[-73.8929,40.84625],[-73.88151,40.84064],[-73.88017,40.84008],[-73.87833,40.83989],[-73.8774,40.83998],[-73.86944,40.83959],[-73.86745,40.84027],[-73.8645,40.84108],[-73.86396,40.84003],[-73.86272,40.83291],[-73.85884,40.82436],[-73.85827,40.822],[-73.85514,40.82243],[-73.85464,40.82029],[-73.85158,40.8207],[-73.85153,40.82052]]}},{"type":"Feature","properties":{"route":"BX38","routeId":"BX38","short":"Bx38","color":"#FAA61A","longName":"Co-op City Bay Plaza - Norwood","kind":"local"},"geometry":{"type":"LineString","coordinates":[[-73.82499,40.86679],[-73.82507,40.8667],[-73.82505,40.86639],[-73.82572,40.86563],[-73.8282,40.8669],[-73.82803,40.86694],[-73.82727,40.86777],[-73.82614,40.8692],[-73.82593,40.87018],[-73.82487,40.87127],[-73.8244,40.87218],[-73.82425,40.87286],[-73.82443,40.87469],[-73.82435,40.87561],[-73.82418,40.87618],[-73.82386,40.8768],[-73.82264,40.87843],[-73.82249,40.87889],[-73.82247,40.8794],[-73.82263,40.8797],[-73.8229,40.8799],[-73.8233,40.87994],[-73.82382,40.87988],[-73.82825,40.87842],[-73.82811,40.87809],[-73.82807,40.87751],[-73.82815,40.87709],[-73.82889,40.87579],[-73.83013,40.87621],[-73.82953,40.87728],[-73.82957,40.87825],[-73.83038,40.87845],[-73.83091,40.87874],[-73.83198,40.8798],[-73.8331,40.87848],[-73.83363,40.8774],[-73.83391,40.876],[-73.83398,40.87445],[-73.83392,40.87333],[-73.83376,40.87244],[-73.83356,40.87194],[-73.83183,40.8688],[-73.83648,40.86722],[-73.8387,40.86655],[-73.8489,40.8718],[-73.86726,40.87761],[-73.87095,40.87851],[-73.8716,40.87864],[-73.87349,40.87883],[-73.87438,40.87907],[-73.87848,40.88107],[-73.87974,40.87722],[-73.87923,40.87365],[-73.88127,40.87257],[-73.88199,40.87435],[-73.8826,40.87626],[-73.88515,40.87727],[-73.88469,40.87825],[-73.88514,40.87907],[-73.88576,40.87964],[-73.88594,40.88047],[-73.88717,40.88007],[-73.88908,40.87844],[-73.88966,40.87696],[-73.89163,40.87446],[-73.88935,40.8734],[-73.88995,40.87215],[-73.89019,40.87195],[-73.89057,40.87179],[-73.89098,40.87175],[-73.89159,40.87181],[-73.89243,40.87168],[-73.89485,40.87057],[-73.89512,40.87039],[-73.89743,40.86747],[-73.89543,40.86662],[-73.89543,40.86651],[-73.89527,40.86639],[-73.89398,40.86569],[-73.89391,40.86515],[-73.89422,40.86441],[-73.89442,40.86417]]}},{"type":"Feature","properties":{"route":"BX39","routeId":"BX39","short":"Bx39","color":"#FAA61A","longName":"Wakefield - Clason Pt","kind":"local"},"geometry":{"type":"LineString","coordinates":[[-73.85275,40.80783],[-73.85533,40.80932],[-73.85574,40.81144],[-73.85884,40.82436],[-73.86272,40.83291],[-73.86396,40.84003],[-73.86506,40.84232],[-73.86785,40.84999],[-73.86752,40.85907],[-73.86737,40.85976],[-73.86681,40.86131],[-73.86747,40.86136],[-73.86703,40.8752],[-73.86664,40.87661],[-73.86518,40.87912],[-73.86454,40.88057],[-73.86313,40.88285],[-73.85522,40.89723],[-73.85424,40.89843],[-73.85279,40.89783],[-73.85248,40.89783],[-73.84606,40.89924],[-73.84692,40.90151],[-73.84717,40.90189],[-73.84763,40.90218],[-73.84993,40.90324]]}},{"type":"Feature","properties":{"route":"BX4","routeId":"BX4","short":"Bx4","color":"#FAA61A","longName":"Westchester Sq - The Hub","kind":"local"},"geometry":{"type":"LineString","coordinates":[[-73.84333,40.8408],[-73.84326,40.84107],[-73.84297,40.84121],[-73.84207,40.84062],[-73.84399,40.8391],[-73.84671,40.83678],[-73.8496,40.8345],[-73.85016,40.83437],[-73.86035,40.83327],[-73.86059,40.83351],[-73.86113,40.83357],[-73.86129,40.83353],[-73.86153,40.83332],[-73.86247,40.83308],[-73.86272,40.83291],[-73.87729,40.82877],[-73.88011,40.8285],[-73.88527,40.82814],[-73.88573,40.82794],[-73.88639,40.82749],[-73.88793,40.82676],[-73.89984,40.82055],[-73.90298,40.81895],[-73.90531,40.81792],[-73.90844,40.81614],[-73.90913,40.81595],[-73.911,40.81597],[-73.91193,40.81605],[-73.91295,40.81427],[-73.91494,40.81492],[-73.91658,40.8156]]}},{"type":"Feature","properties":{"route":"BX40","routeId":"BX40","short":"Bx40","color":"#006CB7","longName":"Throgs Neck - River Park Towers","kind":"local"},"geometry":{"type":"LineString","coordinates":[[-73.9202,40.85229],[-73.92066,40.85211],[-73.91724,40.85588],[-73.91695,40.85579],[-73.91679,40.85564],[-73.91677,40.85545],[-73.91694,40.855],[-73.91681,40.85485],[-73.91542,40.85419],[-73.91464,40.85393],[-73.91387,40.85382],[-73.91231,40.85375],[-73.91186,40.85429],[-73.91118,40.85479],[-73.91008,40.85447],[-73.90969,40.8541],[-73.90923,40.85386],[-73.90891,40.8538],[-73.90778,40.85385],[-73.90739,40.8538],[-73.90474,40.85284],[-73.90338,40.85221],[-73.90067,40.85024],[-73.90001,40.85251],[-73.89836,40.8519],[-73.89811,40.8523],[-73.89555,40.85147],[-73.89409,40.85069],[-73.88166,40.84459],[-73.87817,40.8426],[-73.87608,40.84206],[-73.8728,40.84086],[-73.87054,40.83987],[-73.87027,40.83962],[-73.86929,40.83961],[-73.86725,40.84033],[-73.86356,40.84129],[-73.84693,40.84318],[-73.84659,40.84312],[-73.84591,40.84274],[-73.84373,40.84183],[-73.84297,40.84121],[-73.84207,40.84062],[-73.84152,40.84053],[-73.83945,40.84086],[-73.83817,40.84055],[-73.83752,40.84021],[-73.83469,40.83783],[-73.83345,40.83608],[-73.833,40.83563],[-73.83239,40.83532],[-73.82992,40.83477],[-73.82929,40.83445],[-73.82878,40.83393],[-73.82811,40.83288],[-73.82533,40.82969],[-73.82355,40.82786],[-73.82079,40.82543],[-73.81946,40.82282],[-73.81637,40.81758],[-73.81562,40.81607],[-73.81408,40.8164],[-73.80911,40.81676],[-73.80817,40.81476],[-73.8048,40.81099],[-73.80343,40.80978],[-73.80255,40.80931],[-73.80187,40.80914]]}},{"type":"Feature","properties":{"route":"BX41","routeId":"BX41","short":"Bx41","color":"#EE352E","longName":"Williamsbridge - The Hub","kind":"local"},"geometry":{"type":"LineString","coordinates":[[-73.91784,40.81594],[-73.91677,40.81656],[-73.91526,40.81782],[-73.91681,40.81822],[-73.91541,40.82125],[-73.91217,40.82742],[-73.91181,40.82789],[-73.9114,40.82913],[-73.90745,40.83619],[-73.906,40.83852],[-73.90538,40.83979],[-73.90012,40.84916],[-73.89335,40.85967],[-73.89135,40.86171],[-73.88948,40.86308],[-73.88683,40.86542],[-73.88358,40.86726],[-73.8815,40.86858],[-73.87682,40.87111],[-73.87502,40.87286],[-73.87326,40.87505],[-73.87194,40.87706],[-73.8716,40.87864],[-73.86738,40.87764],[-73.86714,40.87731],[-73.86677,40.87701],[-73.86696,40.87653],[-73.86688,40.87649],[-73.86664,40.87661],[-73.86614,40.87742]]}},{"type":"Feature","properties":{"route":"BX41+","routeId":"BX41+","short":"Bx41-SBS","color":"#EE352E","longName":"Williamsbridge - The Hub","kind":"sbs"},"geometry":{"type":"LineString","coordinates":[[-73.91835,40.81565],[-73.91677,40.81656],[-73.91746,40.81675],[-73.91563,40.82082],[-73.91217,40.82742],[-73.91181,40.82788],[-73.9114,40.82913],[-73.90745,40.83619],[-73.906,40.83852],[-73.90538,40.83979],[-73.90012,40.84916],[-73.89471,40.85762],[-73.89319,40.85986],[-73.89135,40.86171],[-73.88948,40.86308],[-73.88683,40.86542],[-73.88358,40.86726],[-73.8815,40.86858],[-73.87682,40.87111],[-73.87502,40.87286],[-73.87326,40.87505],[-73.87194,40.87706],[-73.8716,40.87864],[-73.86738,40.87764],[-73.86714,40.87731],[-73.86677,40.87701],[-73.86696,40.87653],[-73.86688,40.87649],[-73.86664,40.87661],[-73.86607,40.87753]]}},{"type":"Feature","properties":{"route":"BX42","routeId":"BX42","short":"Bx42","color":"#EE352E","longName":"Throgs Neck - River Park Towers","kind":"local"},"geometry":{"type":"LineString","coordinates":[[-73.9202,40.85229],[-73.92066,40.85211],[-73.91724,40.85588],[-73.91695,40.85579],[-73.91679,40.85564],[-73.91677,40.85545],[-73.91694,40.855],[-73.91681,40.85485],[-73.91543,40.85419],[-73.91464,40.85393],[-73.91387,40.85382],[-73.91231,40.85375],[-73.91186,40.85429],[-73.91118,40.85479],[-73.91008,40.85447],[-73.90969,40.8541],[-73.90923,40.85386],[-73.90891,40.8538],[-73.90778,40.85385],[-73.90739,40.8538],[-73.90474,40.85284],[-73.90338,40.85221],[-73.90067,40.85024],[-73.90001,40.85251],[-73.89836,40.8519],[-73.89811,40.8523],[-73.89555,40.85147],[-73.89409,40.85069],[-73.88166,40.84459],[-73.87817,40.8426],[-73.87608,40.84206],[-73.8728,40.84086],[-73.87054,40.83987],[-73.87027,40.83962],[-73.86929,40.83961],[-73.86725,40.84033],[-73.86356,40.84129],[-73.84693,40.84318],[-73.84659,40.84312],[-73.84591,40.84274],[-73.84373,40.84183],[-73.84297,40.84121],[-73.84207,40.84062],[-73.84152,40.84053],[-73.83945,40.84086],[-73.83852,40.84066],[-73.83788,40.84044],[-73.83738,40.8401],[-73.83469,40.83783],[-73.83345,40.83608],[-73.833,40.83563],[-73.83239,40.83532],[-73.82992,40.83477],[-73.82929,40.83445],[-73.82878,40.83393],[-73.82811,40.83288],[-73.82533,40.82969],[-73.82355,40.82786],[-73.8217,40.8262],[-73.82788,40.82317],[-73.82537,40.8202],[-73.81966,40.82219],[-73.81891,40.82186],[-73.81637,40.81758],[-73.81562,40.81607],[-73.82203,40.81472],[-73.82651,40.81319]]}},{"type":"Feature","properties":{"route":"BX46","routeId":"BX46","short":"Bx46","color":"#EE352E","longName":"Prospect Av - Westchester Av / Hunts Point Market","kind":"local"},"geometry":{"type":"LineString","coordinates":[[-73.90178,40.8193],[-73.90258,40.81736],[-73.90155,40.81715],[-73.90005,40.81859],[-73.89096,40.81318],[-73.88911,40.80612],[-73.87989,40.80752],[-73.87938,40.80557],[-73.87789,40.80577],[-73.87717,40.80567],[-73.87666,40.80539],[-73.87484,40.80368],[-73.87427,40.80345],[-73.87379,40.80339],[-73.87308,40.80353],[-73.87245,40.80397],[-73.87089,40.80602],[-73.8708,40.80638],[-73.87086,40.8067],[-73.87263,40.8099],[-73.87298,40.81023],[-73.87362,40.81037],[-73.87606,40.81003]]}},{"type":"Feature","properties":{"route":"BX4A","routeId":"BX4A","short":"Bx4A","color":"#FAA61A","longName":"Westchester Sq - Gladstone Sq","kind":"local"},"geometry":{"type":"LineString","coordinates":[[-73.89141,40.825],[-73.89137,40.82494],[-73.89067,40.82529],[-73.88793,40.82676],[-73.88639,40.82749],[-73.88573,40.82794],[-73.88527,40.82814],[-73.88011,40.8285],[-73.87729,40.82877],[-73.86272,40.83291],[-73.86226,40.83288],[-73.86157,40.83298],[-73.86155,40.83286],[-73.86114,40.83265],[-73.86058,40.83274],[-73.86035,40.83293],[-73.86032,40.83311],[-73.86046,40.83342],[-73.86074,40.83356],[-73.86102,40.83568],[-73.86085,40.83646],[-73.86032,40.83753],[-73.86004,40.8377],[-73.85957,40.83775],[-73.8592,40.83789],[-73.85911,40.83808],[-73.85916,40.83851],[-73.85907,40.8389],[-73.85835,40.83944],[-73.85758,40.83983],[-73.85694,40.84007],[-73.85588,40.84033],[-73.85302,40.84066],[-73.85332,40.84246],[-73.84693,40.84318],[-73.84668,40.84315],[-73.84591,40.84274],[-73.84373,40.84183],[-73.84297,40.84121],[-73.84207,40.84062],[-73.8431,40.83983],[-73.84331,40.83993],[-73.84332,40.84028]]}},{"type":"Feature","properties":{"route":"BX5","routeId":"BX5","short":"Bx5","color":"#EE352E","longName":"Pelham Bay - Gladstone Sq","kind":"local"},"geometry":{"type":"LineString","coordinates":[[-73.82787,40.86548],[-73.8271,40.86633],[-73.8282,40.8669],[-73.82803,40.86694],[-73.82709,40.86799],[-73.82614,40.8692],[-73.82607,40.86955],[-73.82763,40.86961],[-73.82907,40.86948],[-73.83051,40.86918],[-73.83318,40.86837],[-73.83176,40.86589],[-73.83079,40.8648],[-73.82968,40.86237],[-73.82893,40.86144],[-73.82783,40.86044],[-73.82749,40.85992],[-73.82712,40.85897],[-73.82662,40.85715],[-73.82642,40.85575],[-73.82657,40.85357],[-73.828,40.84891],[-73.82795,40.84862],[-73.8277,40.8482],[-73.8263,40.84607],[-73.8261,40.8455],[-73.82623,40.84258],[-73.82598,40.84066],[-73.82582,40.83687],[-73.82546,40.836],[-73.82539,40.8356],[-73.82548,40.83521],[-73.82567,40.8349],[-73.82637,40.83425],[-73.82887,40.83303],[-73.83286,40.83055],[-73.8334,40.83034],[-73.83444,40.83018],[-73.8368,40.83026],[-73.83805,40.83006],[-73.83889,40.82978],[-73.84069,40.82866],[-73.84125,40.82848],[-73.8427,40.82829],[-73.84375,40.82846],[-73.84488,40.82848],[-73.84558,40.82838],[-73.84701,40.82798],[-73.85003,40.82756],[-73.84902,40.82325],[-73.85827,40.822],[-73.85878,40.82419],[-73.88226,40.82104],[-73.88277,40.82324],[-73.88417,40.82298],[-73.88716,40.82262],[-73.88777,40.82238],[-73.88886,40.8216],[-73.88905,40.82158],[-73.88968,40.82114],[-73.89025,40.821],[-73.89161,40.82098],[-73.89192,40.82454]]}},{"type":"Feature","properties":{"route":"BX6","routeId":"BX6","short":"Bx6","color":"#EE352E","longName":"Hunts Point - Riverside Dr","kind":"local"},"geometry":{"type":"LineString","coordinates":[[-73.94853,40.83633],[-73.94835,40.8369],[-73.94812,40.83728],[-73.94722,40.83802],[-73.9469,40.83655],[-73.94662,40.83621],[-73.94605,40.83581],[-73.94575,40.83548],[-73.94541,40.83446],[-73.94532,40.83359],[-73.94591,40.83279],[-73.93518,40.82829],[-73.93469,40.82803],[-73.93177,40.82822],[-73.93059,40.82837],[-73.93028,40.82824],[-73.93016,40.8281],[-73.93016,40.82795],[-73.93038,40.82777],[-73.9307,40.82783],[-73.93085,40.82801],[-73.93139,40.82916],[-73.93138,40.82932],[-73.93078,40.82969],[-73.9299,40.82991],[-73.92697,40.82811],[-73.91221,40.8237],[-73.91191,40.82373],[-73.91133,40.82396],[-73.91015,40.82452],[-73.90774,40.8238],[-73.89894,40.82169],[-73.89895,40.82094],[-73.89161,40.82098],[-73.88972,40.81942],[-73.88863,40.81775],[-73.888,40.81659],[-73.88589,40.81458],[-73.88188,40.81519],[-73.87938,40.80557],[-73.87789,40.80577],[-73.87717,40.80567],[-73.87666,40.80539],[-73.87484,40.80368],[-73.87427,40.80345],[-73.87379,40.80339],[-73.87337,40.80345],[-73.87267,40.80376],[-73.87163,40.805],[-73.87089,40.80602],[-73.8708,40.80638],[-73.87086,40.8067],[-73.87263,40.8099],[-73.87298,40.81023],[-73.87362,40.81037],[-73.87606,40.81003]]}},{"type":"Feature","properties":{"route":"BX6+","routeId":"BX6+","short":"Bx6-SBS","color":"#EE352E","longName":"Hunts Point - Riverside Dr","kind":"sbs"},"geometry":{"type":"LineString","coordinates":[[-73.94853,40.83633],[-73.94835,40.8369],[-73.94812,40.83728],[-73.94722,40.83802],[-73.9469,40.83655],[-73.94662,40.83621],[-73.94605,40.83581],[-73.94575,40.83548],[-73.94541,40.83446],[-73.94532,40.83359],[-73.94591,40.83279],[-73.93518,40.82829],[-73.93469,40.82803],[-73.93112,40.82831],[-73.92959,40.82876],[-73.92889,40.82911],[-73.92722,40.82808],[-73.92697,40.82811],[-73.9224,40.82678],[-73.91221,40.8237],[-73.91191,40.82373],[-73.91133,40.82396],[-73.91015,40.82452],[-73.90774,40.8238],[-73.89894,40.82169],[-73.89895,40.82094],[-73.89161,40.82098],[-73.88972,40.81942],[-73.88863,40.81775],[-73.888,40.81659],[-73.88589,40.81458],[-73.88188,40.81519],[-73.87938,40.80557],[-73.87789,40.80577],[-73.87717,40.80567],[-73.87666,40.80539],[-73.87484,40.80368],[-73.87427,40.80345],[-73.87379,40.80339],[-73.87337,40.80345],[-73.87267,40.80376],[-73.87163,40.805],[-73.87089,40.80602],[-73.8708,40.80638],[-73.87086,40.8067],[-73.87263,40.8099],[-73.87298,40.81023],[-73.87362,40.81037],[-73.87606,40.81003]]}},{"type":"Feature","properties":{"route":"BX7","routeId":"BX7","short":"Bx7","color":"#EE352E","longName":"Riverdale - Washington Heights","kind":"local"},"geometry":{"type":"LineString","coordinates":[[-73.9026,40.91235],[-73.90461,40.90518],[-73.90606,40.90169],[-73.90776,40.89895],[-73.90801,40.89838],[-73.90822,40.89735],[-73.90848,40.89434],[-73.90848,40.8909],[-73.909,40.88953],[-73.90852,40.88916],[-73.90799,40.8889],[-73.90722,40.88748],[-73.90699,40.88606],[-73.90703,40.88584],[-73.90718,40.88576],[-73.90801,40.88328],[-73.90951,40.88139],[-73.90657,40.8798],[-73.90801,40.87829],[-73.90737,40.87768],[-73.90664,40.87668],[-73.90762,40.87616],[-73.91045,40.87411],[-73.912,40.87296],[-73.91346,40.87177],[-73.91407,40.87117],[-73.91588,40.86984],[-73.91673,40.86931],[-73.91857,40.86845],[-73.92121,40.86768],[-73.92724,40.86552],[-73.92888,40.86466],[-73.92978,40.86388],[-73.93001,40.86341],[-73.92995,40.86246],[-73.93008,40.86185],[-73.93087,40.86045],[-73.93168,40.85852],[-73.93321,40.8556],[-73.93373,40.85409],[-73.93573,40.85017],[-73.93765,40.8484],[-73.93798,40.84771],[-73.93867,40.84542],[-73.93915,40.84339],[-73.93928,40.84188],[-73.9407,40.8399],[-73.93988,40.83956],[-73.93981,40.83982]]}},{"type":"Feature","properties":{"route":"BX8","routeId":"BX8","short":"Bx8","color":"#FAA61A","longName":"Williamsbridge - Locust Point","kind":"local"},"geometry":{"type":"LineString","coordinates":[[-73.80251,40.81364],[-73.8026,40.8136],[-73.8031,40.81425],[-73.80184,40.81483],[-73.80131,40.81519],[-73.8009,40.81561],[-73.8003,40.81667],[-73.80204,40.8172],[-73.80225,40.8172],[-73.80257,40.81711],[-73.80338,40.8166],[-73.80444,40.81616],[-73.80509,40.81699],[-73.80604,40.81732],[-73.80727,40.81699],[-73.80911,40.81676],[-73.81008,40.81853],[-73.8096,40.81968],[-73.81059,40.81998],[-73.81188,40.82051],[-73.81237,40.82079],[-73.81251,40.82172],[-73.81241,40.82182],[-73.81156,40.82216],[-73.81095,40.8223],[-73.81108,40.82254],[-73.81119,40.82261],[-73.8115,40.82218],[-73.81241,40.82182],[-73.81251,40.82172],[-73.81237,40.82079],[-73.8139,40.82197],[-73.81631,40.82628],[-73.81581,40.82652],[-73.81732,40.82829],[-73.81496,40.82947],[-73.81653,40.83132],[-73.81576,40.8317],[-73.8171,40.83325],[-73.81806,40.83553],[-73.82253,40.83448],[-73.82382,40.83431],[-73.82551,40.83342],[-73.82718,40.8356],[-73.82894,40.83829],[-73.82967,40.84061],[-73.83054,40.84432],[-73.83111,40.84527],[-73.83236,40.84696],[-73.83678,40.84351],[-73.83761,40.84296],[-73.84148,40.84099],[-73.84207,40.84062],[-73.84392,40.84193],[-73.84623,40.84446],[-73.84908,40.84704],[-73.85034,40.84898],[-73.85536,40.85542],[-73.85733,40.85948],[-73.85767,40.86202],[-73.85788,40.86271],[-73.85901,40.86475],[-73.8615,40.86752],[-73.86131,40.87409],[-73.85431,40.88667],[-73.85991,40.88845]]}},{"type":"Feature","properties":{"route":"BX9","routeId":"BX9","short":"Bx9","color":"#FAA61A","longName":"Riverdale - West Farms Sq","kind":"local"},"geometry":{"type":"LineString","coordinates":[[-73.87859,40.83992],[-73.87811,40.83989],[-73.8774,40.83998],[-73.87608,40.84206],[-73.87817,40.8426],[-73.88166,40.84459],[-73.88448,40.846],[-73.88351,40.84711],[-73.88333,40.8475],[-73.88073,40.85652],[-73.8807,40.8569],[-73.88081,40.85745],[-73.88137,40.85774],[-73.88198,40.85781],[-73.8832,40.85813],[-73.88429,40.85824],[-73.88512,40.85843],[-73.89135,40.86171],[-73.89194,40.86187],[-73.89283,40.86182],[-73.89352,40.86191],[-73.89408,40.86241],[-73.8943,40.86389],[-73.89422,40.86441],[-73.89391,40.86515],[-73.89345,40.86536],[-73.89377,40.86583],[-73.8952,40.86659],[-73.89543,40.86662],[-73.89709,40.86736],[-73.90149,40.86837],[-73.90237,40.86867],[-73.90325,40.86919],[-73.9038,40.86963],[-73.90447,40.87045],[-73.90445,40.8723],[-73.90458,40.87254],[-73.90584,40.87318],[-73.90854,40.87376],[-73.90972,40.87459],[-73.90762,40.87616],[-73.90664,40.87668],[-73.90611,40.87705],[-73.90214,40.88271],[-73.90076,40.88496],[-73.90029,40.88598],[-73.89987,40.88624],[-73.89969,40.88652],[-73.89784,40.89017],[-73.89725,40.89176],[-73.89675,40.89268],[-73.89645,40.89379],[-73.89716,40.89919],[-73.89683,40.90129],[-73.89636,40.90322],[-73.89659,40.91008]]}},{"type":"Feature","properties":{"route":"BXM1","routeId":"BXM1","short":"BxM1","color":"#00933C","longName":"Riverdale - East Midtown","kind":"express"},"geometry":{"type":"LineString","coordinates":[[-73.97867,40.74499],[-73.93487,40.80503],[-73.93234,40.80396],[-73.93136,40.80402],[-73.931,40.8042],[-73.93104,40.80438],[-73.93137,40.80479],[-73.93337,40.8068],[-73.93397,40.80752],[-73.93466,40.80884],[-73.93488,40.80978],[-73.93488,40.81042],[-73.93447,40.81249],[-73.93398,40.81759],[-73.93429,40.81932],[-73.93436,40.82132],[-73.93428,40.82237],[-73.9344,40.82548],[-73.93508,40.83118],[-73.93523,40.83321],[-73.93522,40.83435],[-73.93506,40.8353],[-73.93467,40.83629],[-73.9309,40.84269],[-73.92994,40.84501],[-73.92688,40.84957],[-73.92557,40.85176],[-73.92339,40.85484],[-73.9231,40.85535],[-73.92287,40.856],[-73.92277,40.85676],[-73.92296,40.85895],[-73.92727,40.86556],[-73.92122,40.86773],[-73.91896,40.86836],[-73.9176,40.86891],[-73.91672,40.86936],[-73.91599,40.8698],[-73.91478,40.87073],[-73.9136,40.87151],[-73.91052,40.87401],[-73.90797,40.87589],[-73.90659,40.87668],[-73.90771,40.87809],[-73.90983,40.87961],[-73.91035,40.88003],[-73.91053,40.88032],[-73.91075,40.88041],[-73.9111,40.88032],[-73.91252,40.87929],[-73.91387,40.87845],[-73.91455,40.87813],[-73.9151,40.87801],[-73.91635,40.87794],[-73.91687,40.87776],[-73.91769,40.87729],[-73.91791,40.8773],[-73.91789,40.87755],[-73.91757,40.878],[-73.91692,40.87861],[-73.91672,40.87908],[-73.91678,40.8797],[-73.91723,40.88016],[-73.91759,40.88037],[-73.91772,40.8806],[-73.91755,40.88088],[-73.91644,40.88183],[-73.91571,40.88256],[-73.91542,40.88298],[-73.91478,40.88431],[-73.91454,40.88456],[-73.91318,40.8855],[-73.91285,40.88581],[-73.91196,40.88681],[-73.91125,40.88776],[-73.9099,40.88854],[-73.90913,40.88874],[-73.90878,40.88903],[-73.90814,40.88924],[-73.90796,40.89129],[-73.90795,40.89447],[-73.90783,40.89662],[-73.90767,40.89764],[-73.90742,40.89843],[-73.90703,40.89903],[-73.90594,40.89997],[-73.90576,40.90026],[-73.90579,40.90086],[-73.90605,40.90173],[-73.90445,40.90558],[-73.90263,40.91237]]}},{"type":"Feature","properties":{"route":"BXM10","routeId":"BXM10","short":"BxM10","color":"#00933C","longName":"Williamsbridge/Morris Park - Midtown","kind":"express"},"geometry":{"type":"LineString","coordinates":[[-73.84597,40.8763],[-73.84421,40.87309],[-73.84323,40.87045],[-73.84229,40.86882],[-73.84335,40.86597],[-73.84343,40.86254],[-73.84296,40.85908],[-73.84378,40.85717],[-73.84395,40.8562],[-73.84386,40.85546],[-73.84325,40.85303],[-73.84436,40.85115],[-73.84465,40.85127],[-73.8462,40.85129],[-73.84775,40.85114],[-73.84789,40.85107],[-73.84968,40.85108],[-73.85964,40.84661],[-73.86799,40.84486],[-73.86858,40.84462],[-73.87102,40.84314],[-73.87158,40.84254],[-73.87356,40.83986],[-73.87737,40.84005],[-73.87786,40.83929],[-73.87809,40.83916],[-73.87815,40.83891],[-73.87923,40.83878],[-73.87987,40.83853],[-73.88045,40.83799],[-73.88101,40.83719],[-73.88178,40.83581],[-73.8833,40.83382],[-73.88441,40.83255],[-73.88512,40.83136],[-73.88554,40.82985],[-73.88648,40.82411],[-73.88675,40.8233],[-73.88731,40.8225],[-73.88785,40.82201],[-73.88976,40.82076],[-73.8904,40.82026],[-73.89297,40.8177],[-73.89746,40.81352],[-73.90606,40.80739],[-73.90954,40.80589],[-73.91402,40.80379],[-73.91476,40.80358],[-73.91582,40.80349],[-73.91632,40.80327],[-73.91653,40.80291],[-73.91669,40.80228],[-73.91695,40.80187],[-73.9197,40.79819],[-73.92025,40.79762],[-73.92076,40.7975],[-73.92155,40.79767],[-73.92399,40.79883],[-73.92932,40.80104],[-73.93042,40.80179],[-73.93272,40.80274],[-73.93308,40.80276],[-73.93339,40.80269],[-73.93358,40.80277],[-73.95173,40.7779],[-73.96042,40.78156],[-73.98864,40.74285],[-73.98897,40.74233],[-73.98915,40.74139],[-73.98798,40.7409],[-73.98776,40.74121]]}},{"type":"Feature","properties":{"route":"BXM11","routeId":"BXM11","short":"BxM11","color":"#00933C","longName":"Wakefield - Midtown","kind":"express"},"geometry":{"type":"LineString","coordinates":[[-73.98539,40.74443],[-73.9798,40.75221],[-73.97646,40.75661],[-73.95426,40.78718],[-73.94483,40.80002],[-73.94003,40.79797],[-73.9363,40.80305],[-73.93408,40.80211],[-73.9338,40.80213],[-73.93349,40.80228],[-73.93325,40.80228],[-73.9306,40.80121],[-73.92933,40.80095],[-73.92603,40.79955],[-73.9224,40.7978],[-73.92179,40.79734],[-73.92136,40.79657],[-73.92104,40.79633],[-73.92064,40.79624],[-73.92021,40.7963],[-73.91992,40.79643],[-73.91968,40.79678],[-73.9198,40.79768],[-73.91959,40.7981],[-73.91877,40.79907],[-73.91672,40.80188],[-73.9159,40.80278],[-73.91508,40.80322],[-73.91401,40.80354],[-73.91244,40.80429],[-73.91111,40.80502],[-73.90654,40.807],[-73.9056,40.80754],[-73.89704,40.81364],[-73.89007,40.82039],[-73.88805,40.82174],[-73.8873,40.82236],[-73.87699,40.82377],[-73.8765,40.82376],[-73.87469,40.82393],[-73.87213,40.82431],[-73.8715,40.82411],[-73.87142,40.82395],[-73.87151,40.82369],[-73.87193,40.82358],[-73.87219,40.82372],[-73.8724,40.8241],[-73.87261,40.82505],[-73.8728,40.82795],[-73.87305,40.82937],[-73.87385,40.83279],[-73.87389,40.83538],[-73.87369,40.83644],[-73.8732,40.83789],[-73.87265,40.83997],[-73.87123,40.84638],[-73.87119,40.85043],[-73.87134,40.85254],[-73.87076,40.85336],[-73.87068,40.8537],[-73.87078,40.85415],[-73.87097,40.85444],[-73.8705,40.85477],[-73.86981,40.85551],[-73.86991,40.85581],[-73.86987,40.85602],[-73.86952,40.85635],[-73.86776,40.85849],[-73.86787,40.85855],[-73.86722,40.86033],[-73.86753,40.86048],[-73.86753,40.86137],[-73.86702,40.87599],[-73.86693,40.87651],[-73.86657,40.87727],[-73.86433,40.8808],[-73.86143,40.88632],[-73.85541,40.89719],[-73.85436,40.89849],[-73.85261,40.89783],[-73.84608,40.89928],[-73.84706,40.9018],[-73.84734,40.90206],[-73.8491,40.90287]]}},{"type":"Feature","properties":{"route":"BXM18","routeId":"BXM18","short":"BxM18","color":"#00933C","longName":"Riverdale - Downtown","kind":"express"},"geometry":{"type":"LineString","coordinates":[[-73.90316,40.91034],[-73.90445,40.90558],[-73.90547,40.90299],[-73.90605,40.90173],[-73.90782,40.8988],[-73.90812,40.89807],[-73.90848,40.89436],[-73.90848,40.89097],[-73.90896,40.88961],[-73.9091,40.8895],[-73.90967,40.8895],[-73.90983,40.88903],[-73.90998,40.88893],[-73.91114,40.8883],[-73.91172,40.88825],[-73.91208,40.88745],[-73.9126,40.88667],[-73.91323,40.886],[-73.91491,40.88465],[-73.91539,40.884],[-73.91578,40.88312],[-73.91616,40.88263],[-73.9183,40.88073],[-73.91867,40.88068],[-73.9191,40.88088],[-73.91932,40.88072],[-73.91821,40.8805],[-73.91756,40.88027],[-73.91706,40.87993],[-73.91673,40.87951],[-73.91673,40.87898],[-73.91683,40.87875],[-73.91763,40.87792],[-73.9179,40.87754],[-73.91791,40.8773],[-73.91769,40.87729],[-73.91687,40.87776],[-73.91635,40.87794],[-73.9151,40.87801],[-73.91455,40.87813],[-73.91387,40.87845],[-73.91252,40.87929],[-73.9111,40.88032],[-73.91075,40.88041],[-73.91053,40.88032],[-73.91035,40.88003],[-73.90983,40.87961],[-73.90771,40.87809],[-73.90664,40.87672],[-73.90659,40.87668],[-73.90608,40.87707],[-73.9047,40.87657],[-73.90569,40.87422],[-73.90991,40.86517],[-73.91042,40.86429],[-73.91068,40.86391],[-73.9122,40.86239],[-73.91535,40.85998],[-73.91631,40.85914],[-73.91699,40.85819],[-73.91794,40.85609],[-73.9187,40.85487],[-73.92381,40.84933],[-73.92521,40.84764],[-73.92626,40.84601],[-73.9279,40.84315],[-73.92864,40.84107],[-73.9298,40.83906],[-73.93027,40.83806],[-73.93141,40.83439],[-73.93217,40.83165],[-73.93227,40.83092],[-73.93223,40.83029],[-73.93205,40.82975],[-73.93141,40.82858],[-73.93111,40.82752],[-73.93126,40.82565],[-73.93072,40.81866],[-73.93107,40.81693],[-73.93098,40.8158],[-73.93104,40.81489],[-73.93137,40.81382],[-73.93222,40.81419],[-73.93489,40.81429],[-73.93591,40.81472],[-73.93619,40.81475],[-73.94274,40.80577],[-73.94428,40.80637],[-73.94477,40.8058],[-73.94607,40.80397],[-73.946,40.80384],[-73.94459,40.80325],[-73.99633,40.73228],[-73.99241,40.73062],[-74.01338,40.70575]]}},{"type":"Feature","properties":{"route":"BXM2","routeId":"BXM2","short":"BxM2","color":"#00933C","longName":"Riverdale - West Midtown","kind":"express"},"geometry":{"type":"LineString","coordinates":[[-73.98733,40.75039],[-73.97622,40.7657],[-73.98143,40.76792],[-73.98149,40.76822],[-73.98194,40.76854],[-73.98198,40.7687],[-73.98209,40.77385],[-73.98189,40.77826],[-73.97736,40.7845],[-73.97202,40.78219],[-73.97154,40.7819],[-73.97143,40.78168],[-73.97169,40.78087],[-73.97167,40.78053],[-73.9714,40.78018],[-73.97074,40.7798],[-73.96916,40.77923],[-73.96718,40.77839],[-73.96627,40.77817],[-73.9654,40.77807],[-73.96493,40.77785],[-73.9643,40.77729],[-73.96379,40.777],[-73.96212,40.77634],[-73.94257,40.80322],[-73.93596,40.81222],[-73.93455,40.81399],[-73.9341,40.81413],[-73.93231,40.8141],[-73.93103,40.81355],[-73.93071,40.81482],[-73.93069,40.81523],[-73.93094,40.81673],[-73.93063,40.8181],[-73.93059,40.81877],[-73.9311,40.82573],[-73.93094,40.82744],[-73.93118,40.82849],[-73.93193,40.82997],[-73.93208,40.8312],[-73.93076,40.83614],[-73.93002,40.8383],[-73.92845,40.84119],[-73.92747,40.84359],[-73.92594,40.84626],[-73.92476,40.84802],[-73.92372,40.84925],[-73.91852,40.85481],[-73.91778,40.856],[-73.91681,40.85818],[-73.91627,40.85896],[-73.91573,40.8595],[-73.91207,40.86234],[-73.91102,40.86332],[-73.91023,40.86425],[-73.90917,40.86617],[-73.90837,40.86809],[-73.90601,40.87319],[-73.90551,40.87419],[-73.90482,40.87517],[-73.90426,40.87641],[-73.90624,40.87715],[-73.90673,40.8768],[-73.90771,40.87809],[-73.90983,40.87961],[-73.91035,40.88003],[-73.91053,40.88032],[-73.91075,40.88041],[-73.9111,40.88032],[-73.91252,40.87929],[-73.91387,40.87845],[-73.91455,40.87813],[-73.9151,40.87801],[-73.91635,40.87794],[-73.91687,40.87776],[-73.91769,40.87729],[-73.91791,40.8773],[-73.91796,40.87738],[-73.91757,40.878],[-73.91692,40.87861],[-73.91672,40.87908],[-73.91678,40.8797],[-73.91723,40.88016],[-73.91762,40.8804],[-73.9177,40.88068],[-73.91571,40.88256],[-73.91542,40.88298],[-73.91478,40.88431],[-73.91454,40.88456],[-73.91318,40.8855],[-73.91285,40.88581],[-73.91196,40.88681],[-73.91125,40.88776],[-73.91024,40.88837],[-73.90961,40.88864],[-73.90913,40.88874],[-73.90878,40.88903],[-73.90822,40.88917],[-73.90811,40.88929],[-73.90814,40.88989],[-73.90796,40.89129],[-73.90795,40.89447],[-73.90783,40.89662],[-73.90767,40.89764],[-73.90742,40.89843],[-73.90703,40.89903],[-73.90594,40.89997],[-73.90576,40.90026],[-73.90579,40.90086],[-73.90605,40.90173],[-73.90445,40.90558],[-73.90263,40.91237]]}},{"type":"Feature","properties":{"route":"BXM3","routeId":"BXM3","short":"BxM3","color":"#00933C","longName":"Yonkers - Midtown","kind":"express"},"geometry":{"type":"LineString","coordinates":[[-73.899,40.93205],[-73.89829,40.93083],[-73.89679,40.92948],[-73.89655,40.92917],[-73.8957,40.92641],[-73.89546,40.92469],[-73.89691,40.91568],[-73.89661,40.91096],[-73.89635,40.90331],[-73.89713,40.90013],[-73.89721,40.89914],[-73.89642,40.89364],[-73.89681,40.89259],[-73.89808,40.89037],[-73.89917,40.88786],[-73.89984,40.88657],[-73.89501,40.88568],[-73.89418,40.88533],[-73.89404,40.88519],[-73.89388,40.88461],[-73.89329,40.88414],[-73.89273,40.88275],[-73.89333,40.88278],[-73.89395,40.88302],[-73.89435,40.88301],[-73.89555,40.88246],[-73.8963,40.88196],[-73.89659,40.88128],[-73.89674,40.88011],[-73.89696,40.87964],[-73.89749,40.87897],[-73.89839,40.87819],[-73.89916,40.87702],[-73.90068,40.87571],[-73.90124,40.87501],[-73.90215,40.87253],[-73.90241,40.87111],[-73.90289,40.87027],[-73.90357,40.86973],[-73.90518,40.86914],[-73.9063,40.86853],[-73.90685,40.86816],[-73.90725,40.86775],[-73.90753,40.86728],[-73.9079,40.86617],[-73.9082,40.86566],[-73.90857,40.86529],[-73.90885,40.86473],[-73.90904,40.86387],[-73.909,40.86273],[-73.90969,40.86244],[-73.91081,40.8617],[-73.91122,40.86169],[-73.91288,40.86201],[-73.9162,40.85926],[-73.91699,40.85819],[-73.91794,40.85609],[-73.9187,40.85487],[-73.92381,40.84933],[-73.92521,40.84764],[-73.92626,40.84601],[-73.9279,40.84315],[-73.92864,40.84107],[-73.9298,40.83906],[-73.93055,40.83732],[-73.93224,40.83127],[-73.93223,40.83029],[-73.93205,40.82975],[-73.93126,40.82823],[-73.93111,40.82752],[-73.93126,40.82565],[-73.93072,40.81866],[-73.93107,40.81693],[-73.93098,40.8158],[-73.93104,40.81489],[-73.93137,40.81382],[-73.93222,40.81419],[-73.93489,40.81429],[-73.93591,40.81472],[-73.93619,40.81475],[-73.94274,40.80577],[-73.94414,40.80636],[-73.94438,40.80631],[-73.94607,40.804],[-73.946,40.80384],[-73.94459,40.80325],[-73.98795,40.7438]]}},{"type":"Feature","properties":{"route":"BXM4","routeId":"BXM4","short":"BxM4","color":"#00933C","longName":"Woodlawn - Midtown","kind":"express"},"geometry":{"type":"LineString","coordinates":[[-73.86803,40.90214],[-73.86692,40.89611],[-73.87049,40.89666],[-73.87481,40.89575],[-73.87608,40.89557],[-73.88021,40.89523],[-73.88038,40.89307],[-73.88032,40.89242],[-73.87916,40.8903],[-73.87823,40.88821],[-73.87809,40.88754],[-73.87813,40.88717],[-73.87797,40.88711],[-73.8778,40.88662],[-73.87759,40.88491],[-73.8776,40.88427],[-73.87778,40.88325],[-73.87962,40.87775],[-73.87974,40.87727],[-73.87972,40.87688],[-73.88026,40.87672],[-73.88108,40.87628],[-73.88182,40.87618],[-73.88254,40.87625],[-73.88387,40.87684],[-73.88551,40.87742],[-73.88715,40.87365],[-73.88781,40.87243],[-73.88837,40.87192],[-73.89151,40.87004],[-73.89232,40.86912],[-73.89737,40.86247],[-73.90012,40.85751],[-73.90113,40.85585],[-73.90189,40.85486],[-73.90611,40.84959],[-73.90724,40.84833],[-73.90854,40.84724],[-73.91079,40.84564],[-73.91132,40.84512],[-73.91191,40.84396],[-73.91312,40.84028],[-73.914,40.83874],[-73.91496,40.83762],[-73.91885,40.83363],[-73.92008,40.83202],[-73.92276,40.82715],[-73.92296,40.82642],[-73.92437,40.82405],[-73.92505,40.82224],[-73.92544,40.82165],[-73.92641,40.82062],[-73.92808,40.81706],[-73.92905,40.81465],[-73.93037,40.81336],[-73.93222,40.81419],[-73.93477,40.81427],[-73.93591,40.81472],[-73.93619,40.81475],[-73.94274,40.80577],[-73.94414,40.80636],[-73.94438,40.80631],[-73.94607,40.804],[-73.946,40.80384],[-73.94459,40.80325],[-73.98795,40.7438]]}},{"type":"Feature","properties":{"route":"BXM6","routeId":"BXM6","short":"BxM6","color":"#00933C","longName":"Parkchester - Midtown","kind":"express"},"geometry":{"type":"LineString","coordinates":[[-73.98766,40.74136],[-73.9798,40.75221],[-73.97646,40.75661],[-73.96543,40.77181],[-73.96062,40.76979],[-73.9363,40.80305],[-73.93408,40.80211],[-73.9338,40.80213],[-73.93349,40.80228],[-73.93325,40.80228],[-73.9306,40.80121],[-73.92933,40.80095],[-73.92603,40.79955],[-73.9224,40.7978],[-73.92179,40.79734],[-73.92136,40.79657],[-73.92104,40.79633],[-73.9206,40.79624],[-73.92002,40.79637],[-73.91981,40.79655],[-73.91966,40.79684],[-73.9198,40.79768],[-73.91959,40.7981],[-73.91877,40.79907],[-73.91672,40.80188],[-73.9159,40.80278],[-73.91508,40.80322],[-73.91401,40.80354],[-73.91244,40.80429],[-73.91111,40.80502],[-73.90654,40.807],[-73.9056,40.80754],[-73.89704,40.81364],[-73.8904,40.82003],[-73.88824,40.82147],[-73.88735,40.8222],[-73.88665,40.8231],[-73.88636,40.82376],[-73.88533,40.83016],[-73.88496,40.83131],[-73.88441,40.83229],[-73.88243,40.83461],[-73.88167,40.83573],[-73.88104,40.83701],[-73.88033,40.83804],[-73.87997,40.83838],[-73.87914,40.83874],[-73.87784,40.83884],[-73.87461,40.8372],[-73.87437,40.83694],[-73.8742,40.83624],[-73.87392,40.83606],[-73.86965,40.83566],[-73.86903,40.83553],[-73.86291,40.83372],[-73.86273,40.83288],[-73.86155,40.83302],[-73.86143,40.83284],[-73.86109,40.8327],[-73.86052,40.83281],[-73.86037,40.83305],[-73.86045,40.83341],[-73.86074,40.83362],[-73.86093,40.83463],[-73.86103,40.83555],[-73.86085,40.83649],[-73.86045,40.83744],[-73.86029,40.83759],[-73.86002,40.83772],[-73.8593,40.83786],[-73.8591,40.8381],[-73.85925,40.83851],[-73.8598,40.8388],[-73.8604,40.83883],[-73.86066,40.83859]]}},{"type":"Feature","properties":{"route":"BXM7","routeId":"BXM7","short":"BxM7","color":"#00933C","longName":"Co-Op City - Midtown","kind":"express"},"geometry":{"type":"LineString","coordinates":[[-73.82941,40.87601],[-73.82887,40.87583],[-73.82835,40.87672],[-73.82812,40.87723],[-73.82806,40.87763],[-73.8281,40.8782],[-73.82821,40.87845],[-73.82369,40.8799],[-73.82318,40.87992],[-73.82277,40.87971],[-73.82258,40.87932],[-73.82276,40.87857],[-73.82299,40.87815],[-73.82399,40.8769],[-73.82445,40.87587],[-73.82459,40.87501],[-73.82444,40.87266],[-73.8247,40.87184],[-73.82511,40.87123],[-73.82593,40.87048],[-73.8274,40.87098],[-73.82931,40.87112],[-73.83056,40.87153],[-73.83087,40.87093],[-73.83096,40.87052],[-73.8309,40.87014],[-73.83043,40.86909],[-73.82837,40.86945],[-73.82682,40.8695],[-73.82546,40.86939],[-73.82194,40.8687],[-73.82113,40.86817],[-73.82086,40.86765],[-73.8209,40.86739],[-73.82112,40.86719],[-73.822,40.86707],[-73.8225,40.86681],[-73.82341,40.86572],[-73.8216,40.86493],[-73.82222,40.86399],[-73.82421,40.86483],[-73.82655,40.86222],[-73.82654,40.86203],[-73.82595,40.86097],[-73.82674,40.86068],[-73.82625,40.85977],[-73.82807,40.85924],[-73.82836,40.85931],[-73.82849,40.85955],[-73.82832,40.85978],[-73.82773,40.85993],[-73.82734,40.85956],[-73.82672,40.85767],[-73.82647,40.85619],[-73.82634,40.8548],[-73.8264,40.85364],[-73.82731,40.85065],[-73.8274,40.84952],[-73.82711,40.84818],[-73.82618,40.84634],[-73.8259,40.84529],[-73.82564,40.83831],[-73.82511,40.83611],[-73.82517,40.8356],[-73.82538,40.8351],[-73.82581,40.83459],[-73.82632,40.8342],[-73.82945,40.83256],[-73.83227,40.83073],[-73.83336,40.83012],[-73.83473,40.82958],[-73.83659,40.82911],[-73.8379,40.82898],[-73.8421,40.82876],[-73.84394,40.82847],[-73.8483,40.82759],[-73.85096,40.8272],[-73.85969,40.82602],[-73.86549,40.82539],[-73.87248,40.82449],[-73.88731,40.8225],[-73.89035,40.82046],[-73.89206,40.8188],[-73.8942,40.81656],[-73.89746,40.81352],[-73.90606,40.80739],[-73.90954,40.80589],[-73.91402,40.80379],[-73.91476,40.80358],[-73.91582,40.80349],[-73.91632,40.80327],[-73.91653,40.80291],[-73.91669,40.80228],[-73.91695,40.80187],[-73.9197,40.79819],[-73.92012,40.79771],[-73.92041,40.79754],[-73.92098,40.79752],[-73.92176,40.79776],[-73.92399,40.79883],[-73.92932,40.80104],[-73.93033,40.80175],[-73.93272,40.80274],[-73.93308,40.80276],[-73.93339,40.80269],[-73.93358,40.80277],[-73.93777,40.79703],[-73.94645,40.8007],[-73.98864,40.74285],[-73.98897,40.74233],[-73.98915,40.74139],[-73.98798,40.7409],[-73.98776,40.74121]]}},{"type":"Feature","properties":{"route":"BXM8","routeId":"BXM8","short":"BxM8","color":"#00933C","longName":"Pelham Bay/City Island - Midtown","kind":"express"},"geometry":{"type":"LineString","coordinates":[[-73.78345,40.83913],[-73.78737,40.84961],[-73.79161,40.85563],[-73.79659,40.85743],[-73.79902,40.8585],[-73.80056,40.85936],[-73.80103,40.85972],[-73.80123,40.85997],[-73.80141,40.86062],[-73.80176,40.86093],[-73.80209,40.861],[-73.80258,40.86093],[-73.80291,40.86096],[-73.80533,40.86212],[-73.80639,40.86244],[-73.81007,40.86332],[-73.81173,40.86386],[-73.81399,40.86475],[-73.81717,40.86018],[-73.81843,40.85908],[-73.81921,40.85859],[-73.82055,40.85797],[-73.82149,40.85763],[-73.82304,40.85718],[-73.82411,40.85697],[-73.82667,40.85666],[-73.82722,40.85667],[-73.82761,40.85676],[-73.82779,40.8569],[-73.82788,40.85713],[-73.82783,40.85731],[-73.82752,40.85754],[-73.82705,40.85752],[-73.82678,40.8573],[-73.82657,40.85678],[-73.8264,40.85538],[-73.82663,40.85335],[-73.82722,40.85326],[-73.82733,40.85281],[-73.82901,40.85206],[-73.82949,40.85178],[-73.82969,40.85158],[-73.83064,40.84895],[-73.83133,40.84783],[-73.83226,40.847],[-73.83064,40.84457],[-73.83042,40.84388],[-73.82755,40.84475],[-73.82611,40.84533],[-73.8262,40.84234],[-73.82597,40.84068],[-73.82579,40.83693],[-73.82544,40.83596],[-73.82543,40.83547],[-73.8257,40.83492],[-73.82624,40.83439],[-73.82887,40.83306],[-73.83292,40.83056],[-73.83374,40.83031],[-73.83439,40.83021],[-73.83644,40.8303],[-73.83809,40.83008],[-73.83869,40.8299],[-73.84097,40.82866],[-73.84134,40.82855],[-73.84277,40.82838],[-73.84394,40.82852],[-73.84501,40.8285],[-73.84698,40.82802],[-73.86093,40.82614],[-73.86228,40.82581],[-73.86439,40.82551],[-73.88731,40.8225],[-73.89035,40.82046],[-73.89206,40.8188],[-73.8942,40.81656],[-73.89746,40.81352],[-73.90606,40.80739],[-73.90954,40.80589],[-73.91402,40.80379],[-73.91476,40.80358],[-73.91582,40.80349],[-73.91632,40.80327],[-73.91653,40.80291],[-73.91669,40.80228],[-73.91695,40.80187],[-73.9197,40.79819],[-73.92012,40.79771],[-73.92041,40.79754],[-73.92098,40.79752],[-73.92176,40.79776],[-73.92399,40.79883],[-73.92932,40.80104],[-73.93033,40.80175],[-73.93272,40.80274],[-73.93308,40.80276],[-73.93339,40.80269],[-73.93358,40.80277],[-73.93777,40.79703],[-73.94645,40.8007],[-73.98864,40.74285],[-73.98897,40.74233],[-73.98915,40.74139],[-73.98798,40.7409],[-73.98776,40.74121]]}},{"type":"Feature","properties":{"route":"BXM9","routeId":"BXM9","short":"BxM9","color":"#00933C","longName":"Throgs Neck - Midtown Express","kind":"express"},"geometry":{"type":"LineString","coordinates":[[-73.81871,40.83542],[-73.81805,40.83558],[-73.81712,40.83336],[-73.8158,40.8318],[-73.81585,40.8317],[-73.81653,40.83136],[-73.81496,40.82952],[-73.81732,40.82834],[-73.81645,40.8273],[-73.81645,40.82662],[-73.8163,40.82622],[-73.81398,40.82216],[-73.8124,40.82085],[-73.81237,40.82111],[-73.81254,40.82165],[-73.81245,40.82182],[-73.81113,40.82232],[-73.8108,40.82234],[-73.81119,40.82267],[-73.81155,40.82219],[-73.81245,40.82182],[-73.81254,40.82165],[-73.81237,40.82111],[-73.8124,40.82085],[-73.81216,40.82068],[-73.81086,40.82013],[-73.8096,40.8197],[-73.81007,40.81858],[-73.80913,40.8168],[-73.81398,40.81645],[-73.81562,40.81611],[-73.81636,40.81762],[-73.81938,40.8227],[-73.8207,40.82534],[-73.82167,40.82623],[-73.82433,40.82496],[-73.8258,40.82542],[-73.82669,40.82555],[-73.82835,40.82596],[-73.83138,40.82692],[-73.83632,40.82931],[-73.83725,40.8295],[-73.8383,40.82951],[-73.84019,40.82908],[-73.84334,40.82868],[-73.84639,40.82798],[-73.84906,40.82747],[-73.85969,40.82602],[-73.86549,40.82539],[-73.87248,40.82449],[-73.88731,40.8225],[-73.89035,40.82046],[-73.89206,40.8188],[-73.8942,40.81656],[-73.89746,40.81352],[-73.90606,40.80739],[-73.90954,40.80589],[-73.91402,40.80379],[-73.91476,40.80358],[-73.91582,40.80349],[-73.91632,40.80327],[-73.91653,40.80291],[-73.91669,40.80228],[-73.91695,40.80187],[-73.9197,40.79819],[-73.92012,40.79771],[-73.92041,40.79754],[-73.92098,40.79752],[-73.92176,40.79776],[-73.92399,40.79883],[-73.92932,40.80104],[-73.93033,40.80175],[-73.93272,40.80274],[-73.93308,40.80276],[-73.93339,40.80269],[-73.93358,40.80277],[-73.93777,40.79703],[-73.94645,40.8007],[-73.98864,40.74285],[-73.98897,40.74233],[-73.98915,40.74139],[-73.98798,40.7409],[-73.98776,40.74121]]}},{"type":"Feature","properties":{"route":"M1","routeId":"M1","short":"M1","color":"#EE352E","longName":"Harlem - East Village","kind":"local"},"geometry":{"type":"LineString","coordinates":[[-73.93585,40.82106],[-73.93904,40.81669],[-73.93575,40.81532],[-73.94275,40.80574],[-73.94432,40.80639],[-73.9445,40.80615],[-73.94615,40.80388],[-73.94459,40.80322],[-73.99635,40.73224],[-73.9924,40.73058],[-74.00063,40.72082],[-73.99854,40.71976],[-73.99792,40.72047]]}},{"type":"Feature","properties":{"route":"M10","routeId":"M10","short":"M10","color":"#006CB7","longName":"Harlem - Columbus Circle","kind":"local"},"geometry":{"type":"LineString","coordinates":[[-73.93631,40.83043],[-73.95802,40.80078],[-73.95822,40.80081],[-73.95845,40.80069],[-73.95849,40.80055],[-73.95833,40.80037],[-73.98011,40.7705],[-73.98226,40.77143],[-73.98221,40.76834],[-73.98238,40.76819],[-73.98244,40.768],[-73.98236,40.76781],[-73.98217,40.76768],[-73.98164,40.76767],[-73.98179,40.76652]]}},{"type":"Feature","properties":{"route":"M100","routeId":"M100","short":"M100","color":"#00AEEF","longName":"Inwood - Harlem","kind":"local"},"geometry":{"type":"LineString","coordinates":[[-73.91247,40.87256],[-73.912,40.87296],[-73.91139,40.87251],[-73.91107,40.87203],[-73.91107,40.87187],[-73.91334,40.86876],[-73.91517,40.86953],[-73.91963,40.86348],[-73.92061,40.86311],[-73.92029,40.86259],[-73.92297,40.8588],[-73.92724,40.86552],[-73.92888,40.86466],[-73.92987,40.86377],[-73.93002,40.86334],[-73.92995,40.86246],[-73.93008,40.86185],[-73.93087,40.86045],[-73.93168,40.85852],[-73.93321,40.8556],[-73.93373,40.85409],[-73.93573,40.85017],[-73.93765,40.8484],[-73.93798,40.84771],[-73.93867,40.84542],[-73.93915,40.84339],[-73.93928,40.84188],[-73.9407,40.8399],[-73.93988,40.83956],[-73.93987,40.8385],[-73.94014,40.83695],[-73.9399,40.83578],[-73.95625,40.81334],[-73.95508,40.81197],[-73.95477,40.81172],[-73.95258,40.81076],[-73.95293,40.81029]]}},{"type":"Feature","properties":{"route":"M101","routeId":"M101","short":"M101","color":"#FAA61A","longName":"East Village - Fort George","kind":"local"},"geometry":{"type":"LineString","coordinates":[[-73.99002,40.7296],[-73.98991,40.72956],[-73.98948,40.73012],[-73.93581,40.80369],[-73.95455,40.8116],[-73.95508,40.81197],[-73.95625,40.81334],[-73.93068,40.84838],[-73.92894,40.85087],[-73.92638,40.85427],[-73.9247,40.8566],[-73.92463,40.85693],[-73.92472,40.85733],[-73.92503,40.85789],[-73.92544,40.85816],[-73.92575,40.85822],[-73.92637,40.85807],[-73.9269,40.85751],[-73.92747,40.85706]]}},{"type":"Feature","properties":{"route":"M102","routeId":"M102","short":"M102","color":"#FAA61A","longName":"Harlem - East Village","kind":"local"},"geometry":{"type":"LineString","coordinates":[[-73.99002,40.7296],[-73.98991,40.72956],[-73.98948,40.73012],[-73.94001,40.79794],[-73.94963,40.80199],[-73.9352,40.82169],[-73.9382,40.82295],[-73.93865,40.82232],[-73.93608,40.82125]]}},{"type":"Feature","properties":{"route":"M103","routeId":"M103","short":"M103","color":"#B933AD","longName":"East Harlem - City Hall","kind":"local"},"geometry":{"type":"LineString","coordinates":[[-74.00716,40.71162],[-74.00706,40.71171],[-74.00599,40.71198],[-74.00532,40.71198],[-74.00481,40.71173],[-74.00412,40.71169],[-74.00243,40.71265],[-74.00033,40.71311],[-73.99892,40.71334],[-73.99795,40.71373],[-73.99754,40.71402],[-73.99648,40.7155],[-73.99515,40.71774],[-73.99482,40.71845],[-73.99351,40.72163],[-73.99141,40.72749],[-73.99123,40.72775],[-73.93487,40.80498],[-73.93264,40.80403],[-73.93309,40.80342],[-73.93395,40.80378]]}},{"type":"Feature","properties":{"route":"M104","routeId":"M104","short":"M104","color":"#B933AD","longName":"West Harlem - Times Square","kind":"local"},"geometry":{"type":"LineString","coordinates":[[-73.95454,40.81491],[-73.95309,40.81429],[-73.95312,40.81266],[-73.95401,40.81137],[-73.95477,40.81172],[-73.95508,40.81197],[-73.95837,40.81577],[-73.9677,40.80297],[-73.96791,40.80223],[-73.96812,40.80035],[-73.9683,40.79982],[-73.96881,40.7989],[-73.97602,40.78898],[-73.97791,40.78675],[-73.98058,40.7832],[-73.98092,40.78251],[-73.98141,40.78106],[-73.98213,40.77819],[-73.98231,40.77391],[-73.98221,40.76834],[-73.98238,40.76819],[-73.98244,40.768],[-73.98236,40.76781],[-73.98217,40.76768],[-73.98164,40.76767],[-73.98143,40.76789],[-73.97906,40.7669],[-73.98716,40.75567]]}},{"type":"Feature","properties":{"route":"M106","routeId":"M106","short":"M106","color":"#6CBE45","longName":"East Harlem - West Side","kind":"local"},"geometry":{"type":"LineString","coordinates":[[-73.93888,40.78822],[-73.94056,40.78894],[-73.94007,40.78962],[-73.95111,40.79428],[-73.95527,40.78857],[-73.95854,40.78995],[-73.96022,40.79039],[-73.96162,40.79124],[-73.96334,40.79187],[-73.96417,40.79236],[-73.96469,40.79165],[-73.96506,40.79179],[-73.97172,40.79461],[-73.97123,40.79529],[-73.97272,40.79592],[-73.97322,40.79522],[-73.97305,40.79515]]}},{"type":"Feature","properties":{"route":"M11","routeId":"M11","short":"M11","color":"#FAA61A","longName":"Riverbank Park & Harlem - West Village","kind":"local"},"geometry":{"type":"LineString","coordinates":[[-73.95544,40.82662],[-73.95544,40.82647],[-73.95511,40.82634],[-73.95491,40.82663],[-73.95486,40.82706],[-73.95401,40.82724],[-73.95281,40.8273],[-73.95202,40.82706],[-73.95325,40.82558],[-73.95407,40.82518],[-73.95452,40.82484],[-73.95516,40.82396],[-73.9559,40.82251],[-73.95748,40.82111],[-73.95221,40.81891],[-73.96386,40.80297],[-73.96106,40.80177],[-73.97983,40.77612],[-73.98156,40.77361],[-74.00443,40.74228],[-74.00517,40.74086],[-74.00577,40.73706]]}},{"type":"Feature","properties":{"route":"M116","routeId":"M116","short":"M116","color":"#6CBE45","longName":"West Side - East Harlem","kind":"local"},"geometry":{"type":"LineString","coordinates":[[-73.96754,40.8012],[-73.96148,40.79865],[-73.95682,40.80502],[-73.9354,40.79599],[-73.93211,40.80051],[-73.93165,40.80056],[-73.9305,40.80005],[-73.93026,40.79982],[-73.92966,40.79827],[-73.92956,40.79782],[-73.92957,40.79717],[-73.9297,40.79705],[-73.92986,40.79703],[-73.93106,40.79754]]}},{"type":"Feature","properties":{"route":"M12","routeId":"M12","short":"M12","color":"#006CB7","longName":"Midtown West - West Village","kind":"local"},"geometry":{"type":"LineString","coordinates":[[-74.00439,40.73792],[-74.00308,40.73907],[-74.00252,40.73974],[-74.00821,40.74213],[-74.0077,40.74282],[-74.00853,40.74318],[-74.00767,40.74791],[-74.00655,40.74952],[-74.0083,40.75028],[-74.00829,40.75045],[-74.00705,40.75377],[-74.00677,40.75427],[-74.00162,40.76133],[-74.00108,40.76197],[-73.99923,40.76337],[-73.9986,40.76407],[-73.99579,40.76798],[-73.99432,40.76984],[-73.99415,40.77097],[-73.9939,40.77133],[-73.98282,40.7667],[-73.98235,40.7674],[-73.98194,40.7672]]}},{"type":"Feature","properties":{"route":"M125","routeId":"M125","short":"M125","color":"#B933AD","longName":"Manhattanville - The Hub","kind":"local"},"geometry":{"type":"LineString","coordinates":[[-73.91752,40.81612],[-73.92034,40.81462],[-73.91918,40.81414],[-73.92106,40.81167],[-73.92287,40.8091],[-73.92514,40.81005],[-73.92731,40.8111],[-73.9278,40.81066],[-73.92782,40.81006],[-73.92951,40.80768],[-73.93057,40.80814],[-73.93079,40.80817],[-73.93138,40.80808],[-73.93463,40.80663],[-73.93484,40.80639],[-73.93488,40.80619],[-73.93483,40.80598],[-73.93461,40.80574],[-73.93252,40.80485],[-73.93218,40.8046],[-73.93356,40.80276],[-73.95477,40.81172],[-73.95508,40.81197],[-73.95961,40.81715]]}},{"type":"Feature","properties":{"route":"M14A+","routeId":"M14A+","short":"M14A-SBS","color":"#6CBE45","longName":"Lower East Side - Abingdon Sq","kind":"sbs"},"geometry":{"type":"LineString","coordinates":[[-73.97794,40.71334],[-73.9775,40.71321],[-73.97801,40.71239],[-73.98071,40.71221],[-73.98092,40.71424],[-73.98916,40.71671],[-73.98628,40.72226],[-73.98036,40.7304],[-74.00517,40.74086],[-74.00566,40.73766]]}},{"type":"Feature","properties":{"route":"M14D+","routeId":"M14D+","short":"M14D-SBS","color":"#6CBE45","longName":"Lower East Side - Chelsea Piers","kind":"sbs"},"geometry":{"type":"LineString","coordinates":[[-74.00756,40.74513],[-74.00354,40.74344],[-74.00443,40.74228],[-74.00517,40.74086],[-73.97569,40.72843],[-73.97755,40.72586],[-73.97516,40.72487],[-73.9788,40.71986],[-73.97724,40.71923],[-73.9751,40.71876],[-73.9754,40.71749],[-73.97647,40.71527],[-73.98031,40.71637]]}},{"type":"Feature","properties":{"route":"M15","routeId":"M15","short":"M15","color":"#006CB7","longName":"East Harlem - South Ferry","kind":"local"},"geometry":{"type":"LineString","coordinates":[[-73.93253,40.8032],[-73.93309,40.80342],[-73.99098,40.72403],[-73.99104,40.72356],[-73.98868,40.72286],[-73.98886,40.72268],[-73.98926,40.72167],[-73.99284,40.71465],[-73.99254,40.71244],[-73.99971,40.71178],[-74.00054,40.71094],[-74.00164,40.70951],[-74.00342,40.7081],[-74.00405,40.70743],[-74.005,40.70685],[-74.0101,40.70333],[-74.0115,40.70295],[-74.01117,40.70177],[-74.0122,40.70155]]}},{"type":"Feature","properties":{"route":"M15+","routeId":"M15+","short":"M15-SBS","color":"#006CB7","longName":"East Harlem - South Ferry","kind":"sbs"},"geometry":{"type":"LineString","coordinates":[[-73.93249,40.80318],[-73.93309,40.80342],[-73.99098,40.72403],[-73.99104,40.72356],[-73.98868,40.72286],[-73.98886,40.72268],[-73.98926,40.72167],[-73.99284,40.71465],[-73.99254,40.71244],[-73.99971,40.71178],[-74.00054,40.71094],[-74.00164,40.70951],[-74.00342,40.7081],[-74.00405,40.70743],[-74.005,40.70685],[-74.0101,40.70333],[-74.01233,40.70273],[-74.01284,40.70241],[-74.0138,40.70234],[-74.01391,40.70222],[-74.0138,40.70192]]}},{"type":"Feature","properties":{"route":"M2","routeId":"M2","short":"M2","color":"#B933AD","longName":"Washington Heights - East Village","kind":"local"},"geometry":{"type":"LineString","coordinates":[[-73.93866,40.84061],[-73.93982,40.84109],[-73.9407,40.8399],[-73.93988,40.83956],[-73.93987,40.8385],[-73.93669,40.83718],[-73.93809,40.83419],[-73.93954,40.83292],[-73.94029,40.83174],[-73.94037,40.83142],[-73.94028,40.83043],[-73.93469,40.82803],[-73.93506,40.82796],[-73.93516,40.82783],[-73.9353,40.8276],[-73.93539,40.82688],[-73.93637,40.82544],[-73.95537,40.79946],[-73.94973,40.79709],[-73.94962,40.79678],[-73.94942,40.79663],[-73.99635,40.73224],[-73.99125,40.7301]]}},{"type":"Feature","properties":{"route":"M20","routeId":"M20","short":"M20","color":"#EE352E","longName":"Lincoln Center - South Ferry","kind":"local"},"geometry":{"type":"LineString","coordinates":[[-74.01347,40.70235],[-74.0138,40.70234],[-74.01397,40.70245],[-74.01424,40.7027],[-74.01443,40.70306],[-74.01423,40.70445],[-74.01433,40.70461],[-74.01449,40.70471],[-74.01567,40.70493],[-74.01618,40.70492],[-74.01654,40.70482],[-74.01733,40.70488],[-74.01786,40.70529],[-74.01801,40.70574],[-74.01794,40.70618],[-74.01778,40.70651],[-74.01662,40.70812],[-74.01739,40.70845],[-74.01652,40.70975],[-74.0158,40.71156],[-74.01447,40.711],[-74.01375,40.71367],[-74.01335,40.71465],[-74.01323,40.7152],[-74.01446,40.7154],[-74.01539,40.71582],[-74.0148,40.71639],[-74.01381,40.7176],[-74.01275,40.71712],[-74.01232,40.71902],[-74.00887,40.71863],[-74.0058,40.73665],[-74.00279,40.73938],[-73.98377,40.76539],[-73.98217,40.76768],[-73.98164,40.76767],[-73.98147,40.76782],[-73.9814,40.76812],[-73.98161,40.76838],[-73.97875,40.7724],[-73.98156,40.77361],[-73.98229,40.77263],[-73.98227,40.7718]]}},{"type":"Feature","properties":{"route":"M21","routeId":"M21","short":"M21","color":"#FAA61A","longName":"Lower East Side - West Village","kind":"local"},"geometry":{"type":"LineString","coordinates":[[-73.97869,40.71357],[-73.97997,40.71397],[-73.97891,40.71594],[-73.98056,40.71644],[-73.97872,40.71999],[-73.99202,40.72402],[-73.9926,40.7241],[-73.99532,40.72508],[-73.99681,40.72541],[-74.00284,40.72834],[-74.00933,40.72897],[-74.00991,40.72606],[-74.0089,40.72596]]}},{"type":"Feature","properties":{"route":"M22","routeId":"M22","short":"M22","color":"#00AEEF","longName":"Lower East Side - Battery Park City","kind":"local"},"geometry":{"type":"LineString","coordinates":[[-73.97794,40.71334],[-73.9775,40.71321],[-73.97801,40.71239],[-73.98071,40.71221],[-73.98085,40.71354],[-73.98618,40.71296],[-73.9924,40.71245],[-73.99262,40.71384],[-73.99756,40.71344],[-73.99776,40.71349],[-73.99795,40.71373],[-73.99856,40.71346],[-74.00302,40.71553],[-74.00315,40.71473],[-74.0034,40.7141],[-74.0036,40.71363],[-74.00404,40.71311],[-74.01406,40.71771],[-74.0156,40.71553],[-74.01352,40.71525],[-74.01392,40.71374],[-74.01545,40.71441]]}},{"type":"Feature","properties":{"route":"M23+","routeId":"M23+","short":"M23-SBS","color":"#B933AD","longName":"Chelsea Piers - East Side","kind":"sbs"},"geometry":{"type":"LineString","coordinates":[[-73.97448,40.7328],[-73.97445,40.73269],[-73.9799,40.73501],[-73.97856,40.73689],[-74.00701,40.74888],[-74.00655,40.74952],[-74.00848,40.75034],[-74.00837,40.74969],[-74.00792,40.74891]]}},{"type":"Feature","properties":{"route":"M3","routeId":"M3","short":"M3","color":"#B933AD","longName":"Fort George - East Village","kind":"local"},"geometry":{"type":"LineString","coordinates":[[-73.99037,40.73136],[-73.98986,40.73351],[-73.9899,40.73442],[-73.99005,40.73515],[-73.98877,40.73674],[-73.98536,40.74144],[-73.98705,40.74214],[-73.94764,40.79616],[-73.94887,40.79669],[-73.94882,40.79689],[-73.94896,40.79705],[-73.94988,40.79715],[-73.95788,40.80048],[-73.95787,40.80063],[-73.95802,40.80078],[-73.95822,40.80081],[-73.95845,40.80069],[-73.95965,40.80114],[-73.95403,40.80884],[-73.95296,40.80839],[-73.95309,40.81008],[-73.95203,40.81151],[-73.95034,40.81314],[-73.94905,40.8149],[-73.94476,40.82403],[-73.94336,40.82594],[-73.94136,40.83088],[-73.943,40.83157],[-73.9399,40.83578],[-73.94014,40.83695],[-73.93987,40.8385],[-73.9399,40.83944],[-73.93928,40.84176],[-73.93884,40.84223],[-73.92964,40.8549],[-73.92681,40.8537],[-73.9247,40.8566],[-73.92467,40.85717],[-73.92503,40.85789],[-73.92529,40.85809],[-73.9256,40.8582],[-73.92592,40.85822],[-73.92623,40.85814],[-73.92651,40.85797],[-73.92741,40.85707],[-73.92797,40.85694],[-73.92824,40.85679],[-73.92863,40.85629]]}},{"type":"Feature","properties":{"route":"M31","routeId":"M31","short":"M31","color":"#B933AD","longName":"Yorkville - Clinton","kind":"local"},"geometry":{"type":"LineString","coordinates":[[-73.99183,40.76796],[-73.98996,40.76719],[-73.98856,40.7691],[-73.96287,40.75833],[-73.96067,40.75735],[-73.94477,40.77913],[-73.94703,40.78005],[-73.94657,40.78067],[-73.94474,40.77992]]}},{"type":"Feature","properties":{"route":"M34+","routeId":"M34+","short":"M34-SBS","color":"#006CB7","longName":"East Side - Javits Center","kind":"sbs"},"geometry":{"type":"LineString","coordinates":[[-73.97351,40.73808],[-73.97297,40.73889],[-73.973,40.73911],[-73.97237,40.7414],[-73.97245,40.74213],[-73.97206,40.74318],[-74.00201,40.75581],[-74.00247,40.7551],[-74.00529,40.7563],[-74.00481,40.75697],[-74.00399,40.75663]]}},{"type":"Feature","properties":{"route":"M34A+","routeId":"M34A+","short":"M34A-SBS","color":"#006CB7","longName":"Waterside - Port Authority Terminal","kind":"sbs"},"geometry":{"type":"LineString","coordinates":[[-73.99256,40.75854],[-73.99632,40.75339],[-73.9759,40.74478],[-73.98087,40.73788],[-73.9748,40.73534],[-73.97464,40.73534],[-73.97467,40.73556],[-73.97443,40.73679],[-73.97391,40.73758]]}},{"type":"Feature","properties":{"route":"M35","routeId":"M35","short":"M35","color":"#FAA61A","longName":"Ward's Island - East Harlem","kind":"local"},"geometry":{"type":"LineString","coordinates":[[-73.93125,40.78548],[-73.93077,40.78528],[-73.93089,40.78514],[-73.93073,40.78508],[-73.93061,40.78523],[-73.93203,40.78581],[-73.93123,40.78693],[-73.92926,40.78615],[-73.92919,40.78558],[-73.92904,40.78531],[-73.92875,40.78507],[-73.92737,40.7845],[-73.92694,40.78452],[-73.92664,40.7847],[-73.92583,40.78579],[-73.92571,40.78607],[-73.92589,40.78707],[-73.92583,40.78814],[-73.92562,40.78881],[-73.92521,40.78964],[-73.92584,40.78999],[-73.92346,40.7927],[-73.92318,40.79281],[-73.92247,40.79287],[-73.9222,40.79301],[-73.92045,40.79481],[-73.91874,40.79633],[-73.91856,40.79673],[-73.91861,40.79703],[-73.91907,40.7975],[-73.92053,40.79822],[-73.92181,40.79934],[-73.92267,40.79981],[-73.92356,40.80008],[-73.9236,40.79998],[-73.92222,40.79949],[-73.92162,40.79907],[-73.9206,40.79807],[-73.9193,40.79735],[-73.91904,40.79689],[-73.91921,40.79655],[-73.91948,40.79651],[-73.92258,40.79795],[-73.92349,40.79862],[-73.9238,40.79876],[-73.92602,40.79961],[-73.92943,40.80106],[-73.93015,40.80162],[-73.93279,40.80273],[-73.93296,40.80298],[-73.93293,40.80336],[-73.93693,40.80504],[-73.93704,40.80488]]}},{"type":"Feature","properties":{"route":"M4","routeId":"M4","short":"M4","color":"#00AEEF","longName":"The Cloisters - 32 St","kind":"local"},"geometry":{"type":"LineString","coordinates":[[-73.98367,40.74678],[-73.94764,40.79616],[-73.94887,40.79669],[-73.94882,40.79689],[-73.94896,40.79705],[-73.94988,40.79715],[-73.95788,40.80048],[-73.95787,40.80063],[-73.95802,40.80078],[-73.95822,40.80081],[-73.95845,40.80069],[-73.95852,40.80072],[-73.96661,40.80412],[-73.94104,40.83911],[-73.94307,40.84018],[-73.9419,40.84307],[-73.94094,40.84434],[-73.94037,40.84572],[-73.93918,40.84885],[-73.93816,40.85122],[-73.93679,40.85542],[-73.93414,40.8592],[-73.93394,40.85926],[-73.93391,40.85942],[-73.93314,40.85973],[-73.93281,40.86001],[-73.93259,40.86038],[-73.93242,40.86141],[-73.93275,40.86265],[-73.93275,40.86293],[-73.9325,40.8633],[-73.93095,40.86467],[-73.93096,40.8653],[-73.93125,40.86562],[-73.93166,40.86567],[-73.932,40.86556],[-73.93232,40.86518],[-73.93259,40.86452],[-73.93261,40.86425],[-73.93243,40.86353],[-73.93277,40.86282],[-73.93242,40.86141],[-73.93259,40.86038],[-73.93281,40.86001],[-73.93314,40.85973],[-73.93391,40.85942],[-73.93407,40.85949],[-73.93427,40.85944],[-73.93429,40.8593],[-73.93414,40.8592],[-73.93423,40.85905]]}},{"type":"Feature","properties":{"route":"M42","routeId":"M42","short":"M42","color":"#EE352E","longName":"United Nations - W 42 St Pier","kind":"local"},"geometry":{"type":"LineString","coordinates":[[-74.00116,40.76244],[-74.00145,40.76224],[-74.00133,40.76205],[-73.97442,40.75078],[-73.96969,40.74874],[-73.96949,40.74859],[-73.96865,40.74824],[-73.96849,40.74805],[-73.96852,40.74785],[-73.96877,40.74749],[-73.96982,40.74793]]}},{"type":"Feature","properties":{"route":"M5","routeId":"M5","short":"M5","color":"#EE352E","longName":"George Washington Bridge - 31 St & 6 Av","kind":"local"},"geometry":{"type":"LineString","coordinates":[[-73.93765,40.8484],[-73.93804,40.84754],[-73.93867,40.84542],[-73.93915,40.84339],[-73.93928,40.84188],[-73.93982,40.84109],[-73.95518,40.82014],[-73.95748,40.82111],[-73.95807,40.82097],[-73.95844,40.82062],[-73.96126,40.81672],[-73.96206,40.81617],[-73.96237,40.81582],[-73.96377,40.81319],[-73.9639,40.81275],[-73.96394,40.81164],[-73.96405,40.81136],[-73.96588,40.80885],[-73.96657,40.80825],[-73.96706,40.80762],[-73.96768,40.80663],[-73.96871,40.80467],[-73.97117,40.80123],[-73.9712,40.80105],[-73.97159,40.8006],[-73.97271,40.79977],[-73.9738,40.79851],[-73.97412,40.79788],[-73.97412,40.79685],[-73.9743,40.79656],[-73.97485,40.79611],[-73.97616,40.79536],[-73.97636,40.79517],[-73.97681,40.79429],[-73.97695,40.79309],[-73.97708,40.79271],[-73.97755,40.79223],[-73.97868,40.79174],[-73.97923,40.79139],[-73.98036,40.78993],[-73.98101,40.78889],[-73.98126,40.78661],[-73.98144,40.78617],[-73.98408,40.7836],[-73.98455,40.783],[-73.98566,40.7803],[-73.98203,40.77877],[-73.98221,40.77714],[-73.98231,40.77391],[-73.98221,40.76834],[-73.98242,40.76809],[-73.9824,40.76786],[-73.98217,40.76768],[-73.98179,40.76764],[-73.98164,40.76767],[-73.98143,40.76789],[-73.97302,40.76426],[-73.98595,40.74653],[-73.98884,40.74775]]}},{"type":"Feature","properties":{"route":"M50","routeId":"M50","short":"M50","color":"#6CBE45","longName":"W 42 St Pier - East Side","kind":"local"},"geometry":{"type":"LineString","coordinates":[[-74.00116,40.76244],[-74.00145,40.76224],[-74.00133,40.76205],[-74.00108,40.76197],[-73.99902,40.76357],[-73.9967,40.76673],[-73.96854,40.75486],[-73.96944,40.75362],[-73.96717,40.75266],[-73.9666,40.75325],[-73.96687,40.75336]]}},{"type":"Feature","properties":{"route":"M55","routeId":"M55","short":"M55","color":"#6CBE45","longName":"W 44 St - South Ferry","kind":"local"},"geometry":{"type":"LineString","coordinates":[[-73.9828,40.75598],[-73.97994,40.75478],[-73.99635,40.73224],[-73.9924,40.73058],[-74.00542,40.71522],[-74.01384,40.70513],[-74.01423,40.70445],[-74.01443,40.70306],[-74.01413,40.70257],[-74.0138,40.70234],[-74.01291,40.7024]]}},{"type":"Feature","properties":{"route":"M57","routeId":"M57","short":"M57","color":"#00AEEF","longName":"East Side - West Side","kind":"local"},"geometry":{"type":"LineString","coordinates":[[-73.98279,40.77909],[-73.98448,40.7798],[-73.98731,40.77603],[-73.98771,40.77536],[-73.9914,40.7703],[-73.96287,40.75833],[-73.96067,40.75735],[-73.96162,40.75605],[-73.96353,40.75686]]}},{"type":"Feature","properties":{"route":"M60+","routeId":"M60+","short":"M60-SBS","color":"#EE352E","longName":"West Side - LaGuardia Airport","kind":"sbs"},"geometry":{"type":"LineString","coordinates":[[-73.96772,40.80182],[-73.96761,40.80253],[-73.96729,40.80318],[-73.96196,40.81048],[-73.95922,40.80933],[-73.95625,40.81334],[-73.95508,40.81197],[-73.95455,40.8116],[-73.93341,40.8027],[-73.93311,40.80225],[-73.93128,40.80145],[-73.93063,40.80121],[-73.92942,40.80094],[-73.92629,40.79962],[-73.92262,40.79778],[-73.92211,40.79742],[-73.92177,40.79704],[-73.92167,40.79658],[-73.92182,40.79612],[-73.92411,40.79278],[-73.92911,40.78712],[-73.92974,40.78631],[-73.93001,40.78568],[-73.93012,40.78516],[-73.93006,40.78437],[-73.92991,40.78388],[-73.92957,40.78331],[-73.92271,40.77437],[-73.92197,40.77369],[-73.91958,40.77197],[-73.91843,40.77094],[-73.91679,40.76984],[-73.90576,40.76802],[-73.90423,40.76752],[-73.90288,40.76749],[-73.9021,40.7674],[-73.89395,40.76608],[-73.89285,40.76578],[-73.89049,40.76549],[-73.88999,40.76559],[-73.88944,40.76598],[-73.88913,40.7661],[-73.88826,40.76629],[-73.8876,40.76633],[-73.8846,40.76695],[-73.88093,40.76759],[-73.87624,40.7681],[-73.87636,40.76902],[-73.87602,40.76982],[-73.87592,40.77092],[-73.87616,40.77205],[-73.8755,40.77215],[-73.87215,40.77193],[-73.87082,40.77169],[-73.87002,40.77144],[-73.86892,40.77097],[-73.86821,40.77056],[-73.86746,40.77055],[-73.86621,40.76983],[-73.86526,40.76924],[-73.86398,40.76783],[-73.86314,40.76732],[-73.86259,40.76729],[-73.86207,40.7676],[-73.86205,40.76782],[-73.86229,40.76815],[-73.86315,40.76878],[-73.86367,40.7693],[-73.86389,40.7696],[-73.86401,40.76999],[-73.86459,40.77037],[-73.86498,40.77041],[-73.86616,40.7712],[-73.86651,40.77154],[-73.86721,40.77098],[-73.8708,40.7726],[-73.87269,40.77299]]}},{"type":"Feature","properties":{"route":"M66","routeId":"M66","short":"M66","color":"#FAA61A","longName":"East Side - Lincoln Center","kind":"local"},"geometry":{"type":"LineString","coordinates":[[-73.98708,40.77593],[-73.98731,40.77603],[-73.98771,40.77536],[-73.97917,40.77181],[-73.9788,40.77171],[-73.97806,40.77178],[-73.97772,40.77173],[-73.97372,40.76929],[-73.97167,40.76869],[-73.96867,40.76734],[-73.96731,40.76921],[-73.95591,40.76441]]}},{"type":"Feature","properties":{"route":"M7","routeId":"M7","short":"M7","color":"#00AEEF","longName":"Harlem - 14th Street","kind":"local"},"geometry":{"type":"LineString","coordinates":[[-73.99595,40.73858],[-73.97618,40.76564],[-73.98143,40.76789],[-73.98143,40.76821],[-73.98161,40.76838],[-73.98186,40.76844],[-73.98196,40.7686],[-73.9821,40.77393],[-73.98195,40.77816],[-73.9657,40.80043],[-73.96148,40.79865],[-73.95682,40.80502],[-73.94963,40.80199],[-73.9352,40.82169],[-73.93789,40.82283]]}},{"type":"Feature","properties":{"route":"M72","routeId":"M72","short":"M72","color":"#6CBE45","longName":"East Side - West Side","kind":"local"},"geometry":{"type":"LineString","coordinates":[[-73.95408,40.767],[-73.95375,40.76685],[-73.95425,40.76616],[-73.95649,40.76712],[-73.956,40.76779],[-73.96705,40.77245],[-73.96983,40.76862],[-73.97044,40.76876],[-73.97192,40.76878],[-73.97359,40.76923],[-73.97438,40.76965],[-73.97875,40.7724],[-73.97595,40.77621],[-73.98448,40.7798],[-73.98545,40.77847],[-73.98803,40.77951],[-73.9887,40.77819],[-73.98885,40.77743],[-73.98918,40.77685],[-73.98863,40.77661]]}},{"type":"Feature","properties":{"route":"M79+","routeId":"M79+","short":"M79-SBS","color":"#EE352E","longName":"Yorkville - West Side","kind":"sbs"},"geometry":{"type":"LineString","coordinates":[[-73.94876,40.77068],[-73.96373,40.77698],[-73.96531,40.77798],[-73.96715,40.77834],[-73.96951,40.77932],[-73.9706,40.77969],[-73.97132,40.78013],[-73.9716,40.7804],[-73.97164,40.78077],[-73.97138,40.78155],[-73.9714,40.78176],[-73.97152,40.7819],[-73.97213,40.78223],[-73.97454,40.78327],[-73.97551,40.78195],[-73.98115,40.78434],[-73.97786,40.78887],[-73.98036,40.78993],[-73.98101,40.78889],[-73.9813,40.78646],[-73.98165,40.78592],[-73.98265,40.78496],[-73.98251,40.7849]]}},{"type":"Feature","properties":{"route":"M8","routeId":"M8","short":"M8","color":"#00AEEF","longName":"West Village - East Village","kind":"local"},"geometry":{"type":"LineString","coordinates":[[-74.01019,40.73285],[-74.01016,40.73312],[-74.0098,40.73319],[-73.99998,40.73468],[-73.99964,40.73406],[-73.99953,40.73363],[-73.99942,40.73354],[-73.98309,40.72666],[-73.98223,40.72783],[-73.97534,40.72495]]}},{"type":"Feature","properties":{"route":"M86+","routeId":"M86+","short":"M86-SBS","color":"#FAA61A","longName":"Yorkville - West Side","kind":"sbs"},"geometry":{"type":"LineString","coordinates":[[-73.97732,40.78865],[-73.96934,40.78528],[-73.9677,40.78474],[-73.9666,40.78416],[-73.96492,40.78366],[-73.96403,40.78331],[-73.96372,40.78303],[-73.96327,40.78193],[-73.96252,40.78138],[-73.96138,40.78021],[-73.96059,40.77987],[-73.95977,40.77953],[-73.95881,40.78085],[-73.94712,40.77592],[-73.94477,40.77913],[-73.94703,40.78005],[-73.94687,40.78027]]}},{"type":"Feature","properties":{"route":"M9","routeId":"M9","short":"M9","color":"#B933AD","longName":"Battery Park City - Kips Bay","kind":"local"},"geometry":{"type":"LineString","coordinates":[[-73.97676,40.73931],[-73.9758,40.74063],[-73.97818,40.74164],[-73.98087,40.73788],[-73.9751,40.73544],[-73.97488,40.73427],[-73.97398,40.73096],[-73.97542,40.72906],[-73.97541,40.72883],[-73.97664,40.72708],[-73.98127,40.72076],[-73.98628,40.72226],[-73.99019,40.71469],[-73.99021,40.71404],[-73.9973,40.71345],[-73.99767,40.71345],[-73.99795,40.71373],[-73.99892,40.71334],[-74.00222,40.71272],[-74.00388,40.7118],[-74.0045,40.71186],[-74.00507,40.71212],[-74.00545,40.71218],[-74.00706,40.71171],[-74.00768,40.71165],[-74.00811,40.71195],[-74.0097,40.71273],[-74.00883,40.71379],[-74.01134,40.71491],[-74.01352,40.71525],[-74.01494,40.71008],[-74.01577,40.70776],[-74.01739,40.70845],[-74.01675,40.70932],[-74.0163,40.7103]]}},{"type":"Feature","properties":{"route":"M96","routeId":"M96","short":"M96","color":"#6CBE45","longName":"East Side - West Side","kind":"local"},"geometry":{"type":"LineString","coordinates":[[-73.94552,40.78448],[-73.94659,40.78492],[-73.94709,40.78424],[-73.95396,40.78713],[-73.95418,40.78722],[-73.95367,40.7879],[-73.95854,40.78995],[-73.96022,40.79039],[-73.96162,40.79124],[-73.96334,40.79187],[-73.96417,40.79236],[-73.96469,40.79165],[-73.96506,40.79179],[-73.97172,40.79461],[-73.97123,40.79529],[-73.97272,40.79592],[-73.97322,40.79522],[-73.97305,40.79515]]}},{"type":"Feature","properties":{"route":"M98","routeId":"M98","short":"M98","color":"#EE352E","longName":"Washington Heights - Upper East Side LTD","kind":"limited"},"geometry":{"type":"LineString","coordinates":[[-73.96252,40.76712],[-73.93487,40.80498],[-73.9324,40.80393],[-73.93125,40.80403],[-73.93101,40.80424],[-73.93111,40.80448],[-73.93261,40.80595],[-73.93397,40.80751],[-73.93465,40.80875],[-73.9349,40.80978],[-73.9349,40.81049],[-73.93447,40.81246],[-73.93398,40.8174],[-73.93431,40.81961],[-73.93429,40.82221],[-73.9344,40.82532],[-73.93526,40.8334],[-73.93521,40.8345],[-73.93496,40.83558],[-73.93162,40.84177],[-73.93145,40.84231],[-73.93154,40.84355],[-73.93146,40.84393],[-73.93062,40.84514],[-73.93054,40.84554],[-73.931,40.84605],[-73.93208,40.84649],[-73.93185,40.84679],[-73.93677,40.84884],[-73.93895,40.84929],[-73.93772,40.85241],[-73.93679,40.85542],[-73.93418,40.85914]]}},{"type":"Feature","properties":{"route":"Q06","routeId":"Q06","short":"Q6","color":"#EE352E","longName":"Jamaica - Sutphin Blvd - Jfk Cargo Area","kind":"local"},"geometry":{"type":"LineString","coordinates":[[-73.79205,40.70766],[-73.79136,40.70789],[-73.7908,40.70693],[-73.7925,40.70643],[-73.79399,40.70589],[-73.8002,40.70338],[-73.80552,40.7019],[-73.80794,40.70179],[-73.80773,40.70062],[-73.80693,40.69903],[-73.80537,40.69685],[-73.80141,40.6941],[-73.80052,40.69379],[-73.79974,40.69338],[-73.79849,40.69222],[-73.79733,40.69065],[-73.79577,40.68891],[-73.79306,40.68524],[-73.79262,40.68447],[-73.79255,40.68353],[-73.79266,40.68253],[-73.79187,40.67978],[-73.79068,40.6767],[-73.79,40.67543],[-73.78942,40.67455],[-73.78808,40.67331],[-73.78809,40.67299],[-73.78679,40.67277],[-73.78641,40.67263],[-73.78577,40.67236],[-73.78502,40.67188],[-73.78112,40.66803],[-73.779,40.66566],[-73.77572,40.66176],[-73.77549,40.66125],[-73.77553,40.6603],[-73.77427,40.65987],[-73.77415,40.65962],[-73.7742,40.65947],[-73.77467,40.65895],[-73.77116,40.65683],[-73.76937,40.65552],[-73.76737,40.65382],[-73.76645,40.65318],[-73.76526,40.6525],[-73.76641,40.65127]]}},{"type":"Feature","properties":{"route":"Q07","routeId":"Q07","short":"Q7","color":"#FAA61A","longName":"Cypress Hills - Rockaway Blvd - Jfk Travel Plz.","kind":"local"},"geometry":{"type":"LineString","coordinates":[[-73.86852,40.69114],[-73.86902,40.69102],[-73.86799,40.68662],[-73.86701,40.68687],[-73.86617,40.6863],[-73.86523,40.68591],[-73.85198,40.6826],[-73.84474,40.68072],[-73.83676,40.6796],[-73.83372,40.67879],[-73.83365,40.67871],[-73.82954,40.67777],[-73.81727,40.67578],[-73.7905,40.67338],[-73.78809,40.67299],[-73.78916,40.66837],[-73.7896,40.66579],[-73.78997,40.66532],[-73.79105,40.66452],[-73.79191,40.66372],[-73.79262,40.66158],[-73.7934,40.66161],[-73.79338,40.66349]]}},{"type":"Feature","properties":{"route":"Q08","routeId":"Q08","short":"Q8","color":"#EE352E","longName":"Gateway Mall / East Ny - Jamaica","kind":"local"},"geometry":{"type":"LineString","coordinates":[[-73.87628,40.65279],[-73.87628,40.6529],[-73.87673,40.65259],[-73.87596,40.65188],[-73.87513,40.65026],[-73.87436,40.64966],[-73.87341,40.64934],[-73.87263,40.6493],[-73.8718,40.64944],[-73.87085,40.64985],[-73.86664,40.65292],[-73.86763,40.6543],[-73.8679,40.65668],[-73.86858,40.65771],[-73.8659,40.65887],[-73.8669,40.66027],[-73.86738,40.6607],[-73.87167,40.66664],[-73.87211,40.66707],[-73.87381,40.66936],[-73.87462,40.67242],[-73.87557,40.67229],[-73.87618,40.67482],[-73.86725,40.67613],[-73.86463,40.67648],[-73.86359,40.67653],[-73.86421,40.67903],[-73.86141,40.67925],[-73.86156,40.67987],[-73.86054,40.68017],[-73.80574,40.69573],[-73.80531,40.69546],[-73.80444,40.69618],[-73.80516,40.69667],[-73.80553,40.69703],[-73.80693,40.69903],[-73.80776,40.7007],[-73.80794,40.70179],[-73.80552,40.7019],[-73.79968,40.7035],[-73.79569,40.70519],[-73.79247,40.70637],[-73.79307,40.70731],[-73.79243,40.70752]]}},{"type":"Feature","properties":{"route":"Q09","routeId":"Q09","short":"Q9","color":"#B933AD","longName":"Jamaica - South Ozone Park","kind":"local"},"geometry":{"type":"LineString","coordinates":[[-73.79205,40.70766],[-73.79136,40.70789],[-73.7908,40.70693],[-73.7925,40.70643],[-73.79399,40.70589],[-73.8002,40.70338],[-73.80552,40.7019],[-73.80794,40.70179],[-73.80776,40.7007],[-73.80693,40.69903],[-73.80553,40.69703],[-73.80516,40.69667],[-73.80454,40.69624],[-73.80894,40.69261],[-73.80936,40.69233],[-73.81098,40.69189],[-73.80796,40.68647],[-73.80702,40.68447],[-73.80721,40.68435],[-73.80766,40.68296],[-73.80787,40.68126],[-73.80745,40.67506]]}},{"type":"Feature","properties":{"route":"Q1","routeId":"Q1","short":"Q1","color":"#FAA61A","longName":"Bellerose - Jamaica","kind":"local"},"geometry":{"type":"LineString","coordinates":[[-73.72424,40.72541],[-73.72642,40.72628],[-73.72868,40.72661],[-73.73155,40.72747],[-73.73282,40.72778],[-73.74407,40.73035],[-73.74696,40.72852],[-73.74709,40.72835],[-73.74833,40.72762],[-73.75261,40.72557],[-73.75411,40.72469],[-73.75969,40.7209],[-73.76198,40.72],[-73.76448,40.71889],[-73.76731,40.71728],[-73.77355,40.71511],[-73.78719,40.71181],[-73.78789,40.71179],[-73.78878,40.71205],[-73.7893,40.71201],[-73.79243,40.71093],[-73.79446,40.7101],[-73.79556,40.70974],[-73.80968,40.70572],[-73.80791,40.70175],[-73.80778,40.70175]]}},{"type":"Feature","properties":{"route":"Q10","routeId":"Q10","short":"Q10","color":"#FAA61A","longName":"JFK Airtrain - Kew Gardens Via Rockaway","kind":"local"},"geometry":{"type":"LineString","coordinates":[[-73.83033,40.7136],[-73.83038,40.71365],[-73.8325,40.71227],[-73.83242,40.7121],[-73.83104,40.71083],[-73.83029,40.70992],[-73.82968,40.70938],[-73.8306,40.70876],[-73.83093,40.70798],[-73.8316,40.70717],[-73.83182,40.70662],[-73.83174,40.7057],[-73.83196,40.70539],[-73.83271,40.70489],[-73.83283,40.70466],[-73.83282,40.7044],[-73.83092,40.70003],[-73.8192,40.67611],[-73.81695,40.67574],[-73.80851,40.67497],[-73.80841,40.67466],[-73.8084,40.67329],[-73.81056,40.66636],[-73.80576,40.66618],[-73.80747,40.66074],[-73.80777,40.66057],[-73.80846,40.66069],[-73.80864,40.66],[-73.80849,40.65943],[-73.80936,40.65933],[-73.81079,40.65936],[-73.81063,40.6605],[-73.81079,40.66078],[-73.81109,40.66095],[-73.81869,40.66234],[-73.81901,40.66236],[-73.81935,40.66228],[-73.82332,40.66069],[-73.82365,40.66072],[-73.82378,40.6608],[-73.82363,40.66143],[-73.82524,40.6618],[-73.82513,40.66208],[-73.82462,40.66196]]}},{"type":"Feature","properties":{"route":"Q100","routeId":"Q100","short":"Q100","color":"#EE352E","longName":"Rikers Island - Long Island City Ltd","kind":"limited"},"geometry":{"type":"LineString","coordinates":[[-73.93904,40.74833],[-73.93914,40.74829],[-73.93968,40.74901],[-73.94282,40.75067],[-73.9419,40.7517],[-73.94383,40.75257],[-73.93087,40.76608],[-73.92409,40.77457],[-73.91242,40.78409],[-73.89522,40.77193],[-73.89277,40.77396],[-73.8926,40.77428],[-73.8923,40.77594],[-73.89204,40.77644],[-73.88499,40.78703],[-73.88464,40.78713],[-73.88407,40.78713],[-73.88393,40.78722],[-73.88388,40.78737],[-73.8844,40.7874]]}},{"type":"Feature","properties":{"route":"Q101","routeId":"Q101","short":"Q101","color":"#FAA61A","longName":"Steinway - Hunters Point","kind":"local"},"geometry":{"type":"LineString","coordinates":[[-73.96041,40.73921],[-73.96218,40.73965],[-73.96114,40.74052],[-73.96095,40.74109],[-73.96,40.74247],[-73.95828,40.74206],[-73.95779,40.74181],[-73.95738,40.74174],[-73.95687,40.74184],[-73.95462,40.74139],[-73.95432,40.74139],[-73.9542,40.74172],[-73.9485,40.74471],[-73.94244,40.74715],[-73.9368,40.74917],[-73.93487,40.75091],[-73.93381,40.75165],[-73.93351,40.75164],[-73.93269,40.75187],[-73.93189,40.75195],[-73.92596,40.75206],[-73.92441,40.75238],[-73.91121,40.7686],[-73.90166,40.77648],[-73.90238,40.77699],[-73.90205,40.77726]]}},{"type":"Feature","properties":{"route":"Q102","routeId":"Q102","short":"Q102","color":"#FAA61A","longName":"Roosevelt Island - Long Island City","kind":"local"},"geometry":{"type":"LineString","coordinates":[[-73.94297,40.74655],[-73.94321,40.74681],[-73.94282,40.74699],[-73.93789,40.74874],[-73.93666,40.74925],[-73.93487,40.75091],[-73.93364,40.75182],[-73.92975,40.75661],[-73.93749,40.76023],[-73.94442,40.76276],[-73.94696,40.76412],[-73.94698,40.76457],[-73.94714,40.7648],[-73.94535,40.76677],[-73.9445,40.76694],[-73.94416,40.76711],[-73.9427,40.76861],[-73.9432,40.76917],[-73.94438,40.7699],[-73.94377,40.77033],[-73.94303,40.77043],[-73.9428,40.77078],[-73.94291,40.77096],[-73.94307,40.77097],[-73.9433,40.77079],[-73.94342,40.77062],[-73.94335,40.77041],[-73.94377,40.77033],[-73.94438,40.7699],[-73.9432,40.76917],[-73.9427,40.76861],[-73.94416,40.76711],[-73.9445,40.76694],[-73.94535,40.76677],[-73.94808,40.76377],[-73.94909,40.76302],[-73.94998,40.76159],[-73.95157,40.76041],[-73.95139,40.75982],[-73.95273,40.75838],[-73.95395,40.75749],[-73.95452,40.75773]]}},{"type":"Feature","properties":{"route":"Q103","routeId":"Q103","short":"Q103","color":"#FAA61A","longName":"Astoria - Hunters Point","kind":"local"},"geometry":{"type":"LineString","coordinates":[[-73.96041,40.73921],[-73.96218,40.73965],[-73.96114,40.74052],[-73.96095,40.74109],[-73.96,40.74247],[-73.95828,40.74206],[-73.95779,40.74181],[-73.95738,40.74174],[-73.95687,40.74184],[-73.95462,40.74139],[-73.95224,40.7483],[-73.95221,40.74908],[-73.94735,40.74814],[-73.94696,40.74919],[-73.94566,40.75068],[-73.94123,40.75526],[-73.94399,40.7567],[-73.9458,40.75783],[-73.94404,40.7595],[-73.93979,40.76634],[-73.9396,40.76649],[-73.93597,40.76782],[-73.93573,40.76916],[-73.93479,40.76996],[-73.93446,40.77044],[-73.93393,40.77187],[-73.93372,40.772],[-73.93306,40.77206],[-73.93183,40.77424],[-73.93614,40.77563],[-73.9362,40.77548]]}},{"type":"Feature","properties":{"route":"Q104","routeId":"Q104","short":"Q104","color":"#FAA61A","longName":"Astoria - Sunnyside","kind":"local"},"geometry":{"type":"LineString","coordinates":[[-73.9177,40.74339],[-73.91744,40.74483],[-73.91649,40.74473],[-73.91469,40.75364],[-73.9143,40.75392],[-73.91261,40.75601],[-73.92789,40.76317],[-73.93618,40.76772],[-73.93856,40.76685],[-73.93845,40.7668],[-73.93942,40.76525],[-73.93909,40.76513]]}},{"type":"Feature","properties":{"route":"Q11","routeId":"Q11","short":"Q11","color":"#6CBE45","longName":"Howard Beach - Elmhurst","kind":"local"},"geometry":{"type":"LineString","coordinates":[[-73.83429,40.64962],[-73.83178,40.64998],[-73.83386,40.65833],[-73.83109,40.65873],[-73.83039,40.65584],[-73.82899,40.6563],[-73.82879,40.65629],[-73.82858,40.65609],[-73.82718,40.65069],[-73.82725,40.65039],[-73.82743,40.65032],[-73.82703,40.65034],[-73.82718,40.65057],[-73.82864,40.65619],[-73.82879,40.65629],[-73.82899,40.6563],[-73.83039,40.65584],[-73.83234,40.66375],[-73.84908,40.66134],[-73.84931,40.66237],[-73.84957,40.66258],[-73.84998,40.66275],[-73.84911,40.66322],[-73.84965,40.66402],[-73.84994,40.66466],[-73.84897,40.66486],[-73.84571,40.66629],[-73.84546,40.66643],[-73.84507,40.66685],[-73.84495,40.66718],[-73.84498,40.66753],[-73.84523,40.66788],[-73.84602,40.6683],[-73.84632,40.66958],[-73.84241,40.66838],[-73.84206,40.66837],[-73.84313,40.67234],[-73.84318,40.67333],[-73.8431,40.67463],[-73.84319,40.67524],[-73.84407,40.67821],[-73.84468,40.68144],[-73.84685,40.68596],[-73.84675,40.686],[-73.84695,40.68637],[-73.84739,40.68697],[-73.84847,40.68801],[-73.84947,40.68924],[-73.85069,40.69132],[-73.85082,40.69129],[-73.8523,40.69418],[-73.85278,40.69617],[-73.85263,40.69761],[-73.85267,40.69831],[-73.85348,40.69959],[-73.85486,40.70105],[-73.85509,40.70143],[-73.85518,40.70193],[-73.85515,40.70311],[-73.85529,40.70352],[-73.85575,40.70408],[-73.8566,40.70466],[-73.85669,40.70461],[-73.85821,40.70568],[-73.85854,40.706],[-73.85903,40.70677],[-73.85918,40.70731],[-73.85963,40.71119],[-73.85953,40.71367],[-73.85971,40.71464],[-73.86035,40.7154],[-73.86348,40.71834],[-73.86889,40.72414],[-73.86936,40.72476],[-73.87028,40.72658],[-73.87087,40.72786],[-73.8713,40.72909],[-73.87141,40.72957],[-73.87151,40.73088],[-73.8714,40.73137],[-73.87015,40.73369],[-73.87207,40.73426],[-73.87225,40.73477],[-73.87401,40.73421],[-73.87345,40.73362],[-73.87316,40.73346],[-73.8727,40.73333],[-73.87129,40.73323]]}},{"type":"Feature","properties":{"route":"Q110","routeId":"Q110","short":"Q110","color":"#FAA61A","longName":"Jamaica Avenue East","kind":"local"},"geometry":{"type":"LineString","coordinates":[[-73.70784,40.72825],[-73.70825,40.72935],[-73.70915,40.72916],[-73.70856,40.72772],[-73.71073,40.72727],[-73.71711,40.72644],[-73.72422,40.72454],[-73.7265,40.72383],[-73.72918,40.72283],[-73.72993,40.72248],[-73.73088,40.72184],[-73.73309,40.71972],[-73.73487,40.71876],[-73.73656,40.71809],[-73.74939,40.71521],[-73.7555,40.71362],[-73.76628,40.71336],[-73.76718,40.71325],[-73.76804,40.71293],[-73.76905,40.71237],[-73.77084,40.71076],[-73.77159,40.71041],[-73.77645,40.70907],[-73.77907,40.70879],[-73.78281,40.70806],[-73.78656,40.70799],[-73.78872,40.70753],[-73.79285,40.70631],[-73.80001,40.70344],[-73.80227,40.70276],[-73.80314,40.70434],[-73.80405,40.70629],[-73.8035,40.70644]]}},{"type":"Feature","properties":{"route":"Q111","routeId":"Q111","short":"Q111","color":"#B933AD","longName":"Rosedale - Jamaica Rush","kind":"local"},"geometry":{"type":"LineString","coordinates":[[-73.737,40.62853],[-73.72548,40.63222],[-73.7242,40.6327],[-73.72325,40.63332],[-73.72245,40.63413],[-73.71986,40.63609],[-73.71819,40.63754],[-73.71591,40.63884],[-73.71321,40.64028],[-73.7117,40.64096],[-73.70424,40.64369],[-73.70696,40.64793],[-73.70842,40.65004],[-73.71148,40.6504],[-73.71196,40.65056],[-73.71369,40.65147],[-73.71458,40.6517],[-73.71536,40.65174],[-73.71718,40.65168],[-73.72141,40.65224],[-73.72223,40.65246],[-73.72509,40.65356],[-73.72629,40.65415],[-73.72639,40.65495],[-73.72694,40.65544],[-73.72839,40.65745],[-73.73536,40.65761],[-73.73679,40.65729],[-73.74081,40.65743],[-73.743,40.65729],[-73.74903,40.65766],[-73.75376,40.65821],[-73.75768,40.65921],[-73.76244,40.65954],[-73.76796,40.66039],[-73.7686,40.66414],[-73.77383,40.67094],[-73.77457,40.67196],[-73.77456,40.67208],[-73.77856,40.67734],[-73.77927,40.67826],[-73.77942,40.6783],[-73.77967,40.67862],[-73.78605,40.68946],[-73.79344,40.69955],[-73.7961,40.70333],[-73.79822,40.7028],[-73.79957,40.70256],[-73.80188,40.70202],[-73.80314,40.70434],[-73.80448,40.70719],[-73.80334,40.70753]]}},{"type":"Feature","properties":{"route":"Q112","routeId":"Q112","short":"Q112","color":"#EE352E","longName":"Jamaica - East Ny","kind":"local"},"geometry":{"type":"LineString","coordinates":[[-73.87177,40.67545],[-73.87192,40.67543],[-73.87159,40.67417],[-73.86976,40.67442],[-73.87006,40.67571],[-73.86463,40.67648],[-73.8589,40.67681],[-73.85662,40.67641],[-73.85497,40.67587],[-73.85248,40.6753],[-73.85247,40.67562],[-73.8444,40.67677],[-73.84365,40.6768],[-73.84407,40.67821],[-73.84451,40.68034],[-73.83865,40.68147],[-73.83758,40.68177],[-73.83685,40.68207],[-73.83379,40.68373],[-73.82897,40.68561],[-73.82463,40.68612],[-73.8233,40.6866],[-73.81547,40.68967],[-73.81342,40.69109],[-73.81276,40.69142],[-73.80917,40.69234],[-73.80531,40.69546],[-73.80295,40.69384],[-73.80055,40.69588],[-73.79958,40.69656],[-73.79759,40.69821],[-73.7959,40.699],[-73.79436,40.69946],[-73.7936,40.69977],[-73.7961,40.70333],[-73.79822,40.7028],[-73.79957,40.70256],[-73.80188,40.70202],[-73.80314,40.70434],[-73.80405,40.70629],[-73.8035,40.70644]]}},{"type":"Feature","properties":{"route":"Q113","routeId":"Q113","short":"Q113","color":"#EE352E","longName":"Far Rockaway - Jamaica Limited","kind":"limited"},"geometry":{"type":"LineString","coordinates":[[-73.75581,40.59514],[-73.75397,40.59507],[-73.75056,40.59507],[-73.74823,40.59521],[-73.74746,40.59537],[-73.74413,40.59643],[-73.74446,40.59746],[-73.7454,40.60199],[-73.74564,40.60273],[-73.74573,40.60343],[-73.74974,40.60262],[-73.75285,40.60426],[-73.75202,40.60516],[-73.74761,40.60879],[-73.74338,40.61068],[-73.74374,40.61223],[-73.74368,40.6134],[-73.74352,40.61405],[-73.74312,40.61502],[-73.74138,40.61793],[-73.74103,40.61872],[-73.74075,40.6198],[-73.74067,40.62077],[-73.74083,40.6245],[-73.74072,40.62588],[-73.74047,40.62667],[-73.74013,40.62738],[-73.73809,40.63053],[-73.73807,40.63074],[-73.74089,40.63782],[-73.74134,40.6386],[-73.7421,40.63949],[-73.74719,40.64462],[-73.74812,40.64538],[-73.76732,40.65625],[-73.7686,40.66414],[-73.77383,40.67094],[-73.77457,40.67196],[-73.77456,40.67208],[-73.77856,40.67734],[-73.77927,40.67826],[-73.77942,40.6783],[-73.77967,40.67862],[-73.78605,40.68946],[-73.78694,40.69071],[-73.79344,40.69955],[-73.7961,40.70333],[-73.79822,40.7028],[-73.79957,40.70256],[-73.80188,40.70202],[-73.80314,40.70434],[-73.80448,40.70719],[-73.80402,40.70733]]}},{"type":"Feature","properties":{"route":"Q114","routeId":"Q114","short":"Q114","color":"#B933AD","longName":"Far Rockaway - Jamaica Rush","kind":"local"},"geometry":{"type":"LineString","coordinates":[[-73.75581,40.59514],[-73.75397,40.59507],[-73.75056,40.59507],[-73.74844,40.59519],[-73.74766,40.59532],[-73.74577,40.59593],[-73.745,40.59604],[-73.744,40.59606],[-73.74446,40.59746],[-73.7454,40.60199],[-73.74564,40.60273],[-73.74573,40.60343],[-73.74974,40.60262],[-73.75325,40.60446],[-73.75525,40.60538],[-73.75493,40.6057],[-73.75388,40.6089],[-73.75267,40.61452],[-73.75,40.61407],[-73.74848,40.61393],[-73.74592,40.614],[-73.74348,40.61416],[-73.74312,40.61502],[-73.74164,40.61746],[-73.74103,40.61872],[-73.73681,40.61839],[-73.73546,40.61863],[-73.7323,40.61958],[-73.73613,40.6257],[-73.74035,40.63652],[-73.74095,40.63797],[-73.74155,40.63889],[-73.74719,40.64462],[-73.74812,40.64538],[-73.76732,40.65625],[-73.7686,40.66414],[-73.77383,40.67094],[-73.77457,40.67196],[-73.77456,40.67208],[-73.77856,40.67734],[-73.77927,40.67826],[-73.77942,40.6783],[-73.77967,40.67862],[-73.78605,40.68946],[-73.78694,40.69071],[-73.79344,40.69955],[-73.7961,40.70333],[-73.79822,40.7028],[-73.79957,40.70256],[-73.80188,40.70202],[-73.80314,40.70434],[-73.80448,40.70719],[-73.80402,40.70733]]}},{"type":"Feature","properties":{"route":"Q115","routeId":"Q115","short":"Q115","color":"#EE352E","longName":"Brewer Blvd. Local","kind":"local"},"geometry":{"type":"LineString","coordinates":[[-73.76835,40.66444],[-73.7678,40.66533],[-73.76869,40.66541],[-73.76906,40.66535],[-73.76941,40.66521],[-73.77383,40.67094],[-73.77457,40.67196],[-73.77456,40.67208],[-73.77856,40.67734],[-73.77927,40.67826],[-73.77942,40.6783],[-73.77967,40.67862],[-73.78605,40.68946],[-73.79344,40.69955],[-73.7961,40.70333],[-73.79822,40.7028],[-73.79957,40.70256],[-73.80188,40.70202],[-73.80314,40.70434],[-73.80448,40.70719],[-73.80334,40.70753]]}},{"type":"Feature","properties":{"route":"Q12","routeId":"Q12","short":"Q12","color":"#EE352E","longName":"Little Neck - Flushing","kind":"local"},"geometry":{"type":"LineString","coordinates":[[-73.73482,40.77145],[-73.73707,40.76879],[-73.74007,40.76625],[-73.74056,40.76595],[-73.74126,40.76568],[-73.74213,40.76552],[-73.74431,40.76536],[-73.74776,40.76429],[-73.75703,40.76224],[-73.77029,40.7601],[-73.7796,40.75765],[-73.78057,40.75756],[-73.78134,40.75757],[-73.78603,40.75797],[-73.79202,40.75776],[-73.79451,40.75773],[-73.79492,40.75778],[-73.80067,40.75988],[-73.80118,40.76016],[-73.80289,40.76144],[-73.80402,40.76239],[-73.811,40.76468],[-73.81325,40.7651],[-73.81516,40.76526],[-73.81789,40.76532],[-73.82594,40.76435],[-73.82813,40.76403],[-73.83204,40.76311],[-73.83077,40.76087]]}},{"type":"Feature","properties":{"route":"Q13","routeId":"Q13","short":"Q13","color":"#EE352E","longName":"Fort Totten - Flushing","kind":"local"},"geometry":{"type":"LineString","coordinates":[[-73.78101,40.79139],[-73.78148,40.79097],[-73.78175,40.79047],[-73.78237,40.78875],[-73.78098,40.78811],[-73.78045,40.78777],[-73.77717,40.78339],[-73.77547,40.78093],[-73.7753,40.78048],[-73.7753,40.78016],[-73.77587,40.77861],[-73.7738,40.76898],[-73.77077,40.76321],[-73.76937,40.76027],[-73.77117,40.75988],[-73.77936,40.75769],[-73.78057,40.75756],[-73.78198,40.75761],[-73.78603,40.75797],[-73.79202,40.75776],[-73.79451,40.75773],[-73.79492,40.75778],[-73.8003,40.75971],[-73.80092,40.76001],[-73.80124,40.75984],[-73.804,40.76026],[-73.80951,40.7613],[-73.81103,40.76141],[-73.82315,40.75819],[-73.82442,40.76098],[-73.83014,40.75956],[-73.83048,40.76027],[-73.83235,40.75967],[-73.83191,40.75893],[-73.83014,40.75956],[-73.8292,40.7598]]}},{"type":"Feature","properties":{"route":"Q14","routeId":"Q14","short":"Q14","color":"#00AEEF","longName":"East Elmhurst - Ridgewood","kind":"local"},"geometry":{"type":"LineString","coordinates":[[-73.86712,40.76122],[-73.86722,40.7612],[-73.86596,40.75415],[-73.86556,40.75332],[-73.86538,40.753],[-73.86358,40.75348],[-73.86354,40.75344],[-73.86064,40.74781],[-73.8637,40.7469],[-73.86442,40.74522],[-73.86437,40.74507],[-73.86415,40.74511],[-73.86343,40.74478],[-73.86268,40.74345],[-73.86184,40.74158],[-73.86007,40.73836],[-73.87384,40.73426],[-73.874,40.73416],[-73.87346,40.73359],[-73.87283,40.73332],[-73.87066,40.73315],[-73.87138,40.73185],[-73.87165,40.73113],[-73.87168,40.73043],[-73.87152,40.72933],[-73.87162,40.7291],[-73.87357,40.72765],[-73.8741,40.72734],[-73.89068,40.71968],[-73.89591,40.7171],[-73.90244,40.71401],[-73.90289,40.71389],[-73.9038,40.71334],[-73.90481,40.71285],[-73.90607,40.71288],[-73.90411,40.70863],[-73.90222,40.7054],[-73.90199,40.70482],[-73.9022,40.70467]]}},{"type":"Feature","properties":{"route":"Q15","routeId":"Q15","short":"Q15","color":"#FAA61A","longName":"Flushing - Beechhurst","kind":"local"},"geometry":{"type":"LineString","coordinates":[[-73.7975,40.79384],[-73.79748,40.79396],[-73.80687,40.7947],[-73.8071,40.7933],[-73.81039,40.79355],[-73.81525,40.79242],[-73.81331,40.78749],[-73.81515,40.77434],[-73.81586,40.7715],[-73.81516,40.76526],[-73.81392,40.76258],[-73.82393,40.75989],[-73.82442,40.76098],[-73.83014,40.75956],[-73.83048,40.76027],[-73.83235,40.75967],[-73.83191,40.75893],[-73.83014,40.75956],[-73.8292,40.7598]]}},{"type":"Feature","properties":{"route":"Q16","routeId":"Q16","short":"Q16","color":"#EE352E","longName":"Fort Totten - Flushing","kind":"local"},"geometry":{"type":"LineString","coordinates":[[-73.78101,40.79139],[-73.78148,40.79097],[-73.78175,40.79047],[-73.78237,40.78875],[-73.78333,40.78888],[-73.78466,40.78879],[-73.78633,40.7889],[-73.78813,40.78876],[-73.78917,40.7884],[-73.79247,40.78692],[-73.79359,40.78628],[-73.79509,40.78585],[-73.79514,40.78572],[-73.79282,40.77401],[-73.79271,40.77379],[-73.79365,40.77336],[-73.7956,40.77305],[-73.79565,40.77294],[-73.79503,40.77243],[-73.79333,40.77047],[-73.80249,40.77123],[-73.80346,40.77121],[-73.80485,40.77105],[-73.80907,40.77158],[-73.81198,40.77159],[-73.81729,40.77147],[-73.82657,40.77012],[-73.82684,40.76798],[-73.82769,40.76609],[-73.82822,40.76384],[-73.82752,40.76242],[-73.82966,40.76189],[-73.82913,40.7605],[-73.8282,40.76075]]}},{"type":"Feature","properties":{"route":"Q17","routeId":"Q17","short":"Q17","color":"#EE352E","longName":"Flushing - Jamaica","kind":"local"},"geometry":{"type":"LineString","coordinates":[[-73.83087,40.76105],[-73.82958,40.75844],[-73.82598,40.75652],[-73.82085,40.75223],[-73.81376,40.74575],[-73.81368,40.74531],[-73.81378,40.74455],[-73.81496,40.74089],[-73.81512,40.74014],[-73.8151,40.7392],[-73.81498,40.7386],[-73.81324,40.73846],[-73.80463,40.7381],[-73.79668,40.73788],[-73.78659,40.74059],[-73.78613,40.73952],[-73.78616,40.739],[-73.7857,40.73857],[-73.78432,40.73564],[-73.78434,40.73519],[-73.78388,40.7348],[-73.78345,40.73404],[-73.77985,40.7264],[-73.77845,40.72393],[-73.77779,40.72294],[-73.77674,40.7217],[-73.77355,40.71511],[-73.78719,40.71181],[-73.78789,40.71179],[-73.78878,40.71205],[-73.7893,40.71201],[-73.79243,40.71093],[-73.79475,40.70999],[-73.7964,40.70951],[-73.79402,40.70596]]}},{"type":"Feature","properties":{"route":"Q18","routeId":"Q18","short":"Q18","color":"#FAA61A","longName":"Astoria - Maspeth","kind":"local"},"geometry":{"type":"LineString","coordinates":[[-73.93489,40.77522],[-73.93183,40.77424],[-73.93283,40.77244],[-73.93142,40.7716],[-73.90633,40.75987],[-73.90681,40.75896],[-73.90746,40.75804],[-73.90846,40.75532],[-73.90901,40.75431],[-73.90646,40.75312],[-73.90357,40.75188],[-73.90595,40.74659],[-73.90634,40.74578],[-73.90662,40.74541],[-73.90551,40.74542],[-73.90226,40.74456],[-73.89908,40.74352],[-73.89941,40.7422],[-73.89982,40.73968],[-73.89992,40.73705],[-73.89596,40.73696],[-73.89604,40.73462],[-73.89579,40.73153],[-73.89917,40.73139],[-73.90015,40.73142],[-73.90034,40.72694],[-73.90048,40.72665],[-73.89946,40.72545],[-73.89674,40.72518],[-73.89537,40.72595],[-73.89541,40.72637]]}},{"type":"Feature","properties":{"route":"Q19","routeId":"Q19","short":"Q19","color":"#FAA61A","longName":"Flushing - Astoria","kind":"local"},"geometry":{"type":"LineString","coordinates":[[-73.83078,40.75937],[-73.83009,40.75961],[-73.83112,40.76158],[-73.83208,40.76313],[-73.83337,40.76284],[-73.83605,40.76287],[-73.83761,40.76271],[-73.84135,40.7626],[-73.84237,40.76249],[-73.84309,40.76231],[-73.84394,40.76199],[-73.84676,40.76021],[-73.8473,40.76002],[-73.84945,40.75879],[-73.85032,40.75851],[-73.85095,40.75838],[-73.85169,40.75833],[-73.85291,40.75845],[-73.85431,40.75878],[-73.85677,40.75976],[-73.85908,40.76006],[-73.86341,40.76109],[-73.88905,40.76547],[-73.89067,40.76667],[-73.89138,40.76663],[-73.89251,40.76678],[-73.89477,40.76678],[-73.8958,40.76689],[-73.90378,40.76812],[-73.90508,40.76866],[-73.91653,40.77043],[-73.91723,40.77083],[-73.92197,40.77416],[-73.9223,40.77447],[-73.92303,40.77543],[-73.92409,40.77457],[-73.92593,40.77228],[-73.92659,40.77232],[-73.93065,40.77213],[-73.93268,40.77274],[-73.93183,40.77424],[-73.93614,40.77563],[-73.9362,40.77548]]}},{"type":"Feature","properties":{"route":"Q2","routeId":"Q2","short":"Q2","color":"#6CBE45","longName":"Queens Village - Jamaica","kind":"local"},"geometry":{"type":"LineString","coordinates":[[-73.79297,40.70766],[-73.79328,40.70755],[-73.79475,40.70999],[-73.79304,40.7107],[-73.7893,40.71201],[-73.78878,40.71205],[-73.78789,40.71179],[-73.78719,40.71181],[-73.77443,40.7149],[-73.77227,40.71169],[-73.77161,40.71021],[-73.7688,40.70978],[-73.76824,40.70951],[-73.76799,40.70957],[-73.76765,40.70954],[-73.76708,40.70932],[-73.76626,40.70887],[-73.76478,40.70744],[-73.76414,40.70707],[-73.76196,40.70664],[-73.75973,40.70645],[-73.75787,40.70616],[-73.75636,40.70623],[-73.75061,40.70744],[-73.74802,40.70848],[-73.74638,40.70933],[-73.74215,40.71023],[-73.73664,40.71195],[-73.7365,40.71193],[-73.73579,40.71327],[-73.72941,40.71163],[-73.72669,40.71062],[-73.72646,40.71027],[-73.7265,40.71012],[-73.72665,40.71001],[-73.72695,40.71001],[-73.72715,40.71014],[-73.72794,40.71189],[-73.72797,40.71228],[-73.72831,40.71314]]}},{"type":"Feature","properties":{"route":"Q20","routeId":"Q20","short":"Q20","color":"#FAA61A","longName":"College Point - Jamaica","kind":"local"},"geometry":{"type":"LineString","coordinates":[[-73.84581,40.78412],[-73.84594,40.78168],[-73.8222,40.78168],[-73.82254,40.78125],[-73.82291,40.78053],[-73.82406,40.77771],[-73.82432,40.77671],[-73.82487,40.77653],[-73.82584,40.7759],[-73.82633,40.77424],[-73.82648,40.77311],[-73.82657,40.77233],[-73.82657,40.77012],[-73.82678,40.76829],[-73.82684,40.76798],[-73.82769,40.76609],[-73.82813,40.76403],[-73.83204,40.76311],[-73.83126,40.76179],[-73.82958,40.75844],[-73.82761,40.75374],[-73.82695,40.75255],[-73.82607,40.7515],[-73.82576,40.75097],[-73.82578,40.74985],[-73.82622,40.74673],[-73.82485,40.73967],[-73.82529,40.73512],[-73.82531,40.73356],[-73.81635,40.71602],[-73.8164,40.71447],[-73.81688,40.71323],[-73.81761,40.71231],[-73.81807,40.71203],[-73.81855,40.71159],[-73.8192,40.71066],[-73.82012,40.70961],[-73.81916,40.7091],[-73.81808,40.70813],[-73.81428,40.70254],[-73.81281,40.70247],[-73.80886,40.70181],[-73.80798,40.70175],[-73.80772,40.70059],[-73.80604,40.70092],[-73.80417,40.70147],[-73.80132,40.70209],[-73.79992,40.70247],[-73.79827,40.70274],[-73.79462,40.70366],[-73.79282,40.70443],[-73.79166,40.70484],[-73.79256,40.70638],[-73.79395,40.70587],[-73.79328,40.70499]]}},{"type":"Feature","properties":{"route":"Q22","routeId":"Q22","short":"Q22","color":"#EE352E","longName":"Rockaway Beach Bl / Beach Channel Dr","kind":"local"},"geometry":{"type":"LineString","coordinates":[[-73.8381,40.58124],[-73.83728,40.57981],[-73.82999,40.58183],[-73.82301,40.58387],[-73.823,40.58372],[-73.82263,40.58316],[-73.8173,40.58569],[-73.81389,40.58711],[-73.81306,40.58738],[-73.8043,40.58834],[-73.80088,40.58918],[-73.8011,40.5906],[-73.80102,40.59083],[-73.7997,40.59247],[-73.79943,40.59265],[-73.79145,40.59316],[-73.78697,40.59494],[-73.7745,40.59578],[-73.77233,40.59585],[-73.76755,40.59632],[-73.76658,40.59617],[-73.76557,40.59583],[-73.76494,40.59575],[-73.76171,40.59606],[-73.76059,40.59605],[-73.75961,40.59586],[-73.75809,40.59533],[-73.75602,40.59515],[-73.7532,40.59506],[-73.75319,40.59738],[-73.75149,40.60223],[-73.75241,40.60233],[-73.75417,40.60227],[-73.75353,40.60459],[-73.75525,40.60538],[-73.76121,40.60653],[-73.76513,40.60886],[-73.76629,40.60693],[-73.76146,40.60657],[-73.75525,40.60538],[-73.75285,40.60426],[-73.75214,40.60504],[-73.75037,40.60656],[-73.75175,40.60756]]}},{"type":"Feature","properties":{"route":"Q23","routeId":"Q23","short":"Q23","color":"#FAA61A","longName":"East Elmhurst - Forest Hills","kind":"local"},"geometry":{"type":"LineString","coordinates":[[-73.85425,40.70699],[-73.85821,40.70568],[-73.85878,40.70633],[-73.85911,40.70697],[-73.85963,40.71119],[-73.85965,40.71186],[-73.85091,40.71051],[-73.84912,40.71333],[-73.85345,40.71491],[-73.85058,40.71941],[-73.85039,40.72022],[-73.85004,40.72079],[-73.85348,40.72205],[-73.85205,40.7226],[-73.84946,40.72264],[-73.8475,40.72295],[-73.84401,40.72142],[-73.84385,40.7218],[-73.85135,40.73633],[-73.85163,40.73704],[-73.85257,40.73865],[-73.86017,40.75349],[-73.86144,40.76036],[-73.86132,40.76059],[-73.8605,40.76147],[-73.86156,40.76268],[-73.86221,40.76387],[-73.86495,40.76669],[-73.86535,40.76702],[-73.86783,40.76859]]}},{"type":"Feature","properties":{"route":"Q24","routeId":"Q24","short":"Q24","color":"#00AEEF","longName":"Bedford Stuyvesant - Jamaica","kind":"local"},"geometry":{"type":"LineString","coordinates":[[-73.80238,40.7067],[-73.80223,40.70674],[-73.80067,40.70419],[-73.80019,40.70335],[-73.79992,40.70247],[-73.80132,40.70209],[-73.80417,40.70147],[-73.80604,40.70092],[-73.80772,40.70059],[-73.80691,40.699],[-73.80853,40.69841],[-73.81239,40.69734],[-73.81464,40.69705],[-73.81908,40.69579],[-73.81952,40.69576],[-73.82039,40.6959],[-73.82085,40.69586],[-73.8248,40.69477],[-73.82618,40.69463],[-73.82702,40.69442],[-73.88597,40.67763],[-73.88774,40.67719],[-73.89075,40.67657],[-73.89493,40.67596],[-73.89687,40.67578],[-73.89753,40.67809],[-73.89773,40.67813],[-73.89828,40.67774],[-73.90016,40.67693],[-73.90056,40.67715],[-73.90119,40.67719],[-73.90245,40.67764],[-73.9033,40.67786],[-73.90779,40.67811],[-73.90543,40.68001],[-73.92642,40.69198],[-73.92785,40.69182],[-73.92795,40.69238]]}},{"type":"Feature","properties":{"route":"Q25","routeId":"Q25","short":"Q25","color":"#FAA61A","longName":"College Point - Jamaica","kind":"local"},"geometry":{"type":"LineString","coordinates":[[-73.807,40.69916],[-73.80649,40.69843],[-73.80313,40.69966],[-73.80389,40.70101],[-73.80279,40.70133],[-73.80266,40.70183],[-73.79992,40.70248],[-73.8002,40.70338],[-73.80302,40.70815],[-73.80355,40.70868],[-73.80501,40.70951],[-73.80626,40.71128],[-73.80671,40.71323],[-73.8075,40.7145],[-73.80786,40.71604],[-73.80943,40.72126],[-73.81062,40.72445],[-73.81075,40.72624],[-73.8115,40.72669],[-73.81433,40.72807],[-73.81493,40.72847],[-73.81522,40.72891],[-73.81495,40.73056],[-73.81461,40.73598],[-73.81462,40.73718],[-73.81513,40.73966],[-73.8151,40.74027],[-73.8138,40.74459],[-73.81374,40.74575],[-73.82151,40.75286],[-73.82578,40.75639],[-73.82611,40.75664],[-73.82959,40.75859],[-73.83112,40.76158],[-73.83191,40.76286],[-73.83134,40.76297],[-73.83037,40.76331],[-73.83022,40.76357],[-73.83067,40.76475],[-73.83177,40.76448],[-73.83367,40.76913],[-73.83257,40.76937],[-73.83395,40.77273],[-73.83707,40.77283],[-73.83901,40.7766],[-73.83887,40.77864],[-73.84158,40.77864],[-73.84086,40.79073],[-73.8455,40.79086],[-73.84539,40.79261],[-73.84548,40.79269],[-73.84865,40.79279],[-73.85067,40.79192]]}},{"type":"Feature","properties":{"route":"Q26","routeId":"Q26","short":"Q26","color":"#FAA61A","longName":"College Point - Fresh Meadows","kind":"local"},"geometry":{"type":"LineString","coordinates":[[-73.85689,40.78532],[-73.85678,40.78382],[-73.8458,40.78422],[-73.84619,40.77711],[-73.84636,40.77587],[-73.8467,40.77513],[-73.84677,40.77449],[-73.84663,40.77406],[-73.83933,40.76701],[-73.83886,40.7667],[-73.83838,40.76657],[-73.83772,40.76609],[-73.83573,40.7632],[-73.8356,40.76262],[-73.83325,40.76261],[-73.83191,40.76286],[-73.83112,40.76158],[-73.82989,40.75898],[-73.8298,40.75902],[-73.82959,40.75859],[-73.82709,40.75718],[-73.82071,40.75888],[-73.81341,40.75422],[-73.81047,40.75424],[-73.80377,40.75372],[-73.80111,40.75376],[-73.79777,40.75393],[-73.79457,40.75359],[-73.79343,40.75337],[-73.78935,40.75219],[-73.78233,40.74763],[-73.77803,40.74524],[-73.77687,40.74556],[-73.77675,40.74531]]}},{"type":"Feature","properties":{"route":"Q27","routeId":"Q27","short":"Q27","color":"#EE352E","longName":"Cambria Heights - Flushing","kind":"local"},"geometry":{"type":"LineString","coordinates":[[-73.74641,40.69098],[-73.74474,40.69319],[-73.74434,40.69394],[-73.74287,40.69819],[-73.74214,40.69982],[-73.741,40.70195],[-73.739,40.70731],[-73.73579,40.71327],[-73.73557,40.7149],[-73.73528,40.71864],[-73.73572,40.71984],[-73.73691,40.72247],[-73.74547,40.73049],[-73.74556,40.73065],[-73.74644,40.73133],[-73.74662,40.73169],[-73.74673,40.73296],[-73.74666,40.73318],[-73.74591,40.73419],[-73.74651,40.73583],[-73.7499,40.73971],[-73.75028,40.73989],[-73.75141,40.74018],[-73.7535,40.74239],[-73.75494,40.74561],[-73.75681,40.74926],[-73.75748,40.75037],[-73.759,40.75214],[-73.75927,40.75234],[-73.7589,40.75305],[-73.75793,40.75349],[-73.75808,40.75383],[-73.75758,40.75397],[-73.75764,40.7541],[-73.75818,40.75395],[-73.75796,40.75348],[-73.75876,40.75314],[-73.75918,40.75285],[-73.75939,40.75261],[-73.75949,40.75231],[-73.75963,40.75225],[-73.76143,40.75183],[-73.7623,40.75183],[-73.76276,40.75193],[-73.76375,40.75225],[-73.76432,40.75598],[-73.76734,40.75563],[-73.76831,40.75545],[-73.77241,40.75439],[-73.77446,40.75356],[-73.77586,40.75325],[-73.77647,40.7532],[-73.77946,40.7535],[-73.78425,40.75272],[-73.78605,40.75255],[-73.78658,40.75243],[-73.78768,40.75188],[-73.78801,40.75184],[-73.78937,40.75217],[-73.79344,40.75335],[-73.79456,40.75356],[-73.79733,40.75386],[-73.80406,40.75369],[-73.81048,40.75421],[-73.81334,40.75419],[-73.82045,40.75874],[-73.82076,40.75883],[-73.82709,40.75713],[-73.82958,40.75844],[-73.83048,40.76027],[-73.83122,40.76003]]}},{"type":"Feature","properties":{"route":"Q28","routeId":"Q28","short":"Q28","color":"#B933AD","longName":"Flushing - Bay Terrace Rush","kind":"local"},"geometry":{"type":"LineString","coordinates":[[-73.82703,40.76106],[-73.82687,40.7611],[-73.82815,40.76386],[-73.82577,40.76437],[-73.8176,40.76531],[-73.81611,40.76529],[-73.81362,40.7651],[-73.81113,40.76469],[-73.80433,40.76245],[-73.8038,40.76255],[-73.80237,40.76262],[-73.80066,40.76298],[-73.79704,40.76279],[-73.79516,40.7629],[-73.7911,40.76351],[-73.78853,40.76404],[-73.78817,40.76418],[-73.78798,40.76427],[-73.78853,40.76478],[-73.79027,40.76718],[-73.79184,40.76897],[-73.78056,40.77233],[-73.78142,40.77452],[-73.78212,40.77536],[-73.7831,40.77737],[-73.78323,40.77791],[-73.78321,40.77828],[-73.78285,40.77881],[-73.7832,40.77915],[-73.78438,40.78134],[-73.78436,40.78155],[-73.78411,40.78176],[-73.78247,40.78222],[-73.78212,40.78223],[-73.78162,40.78211],[-73.78176,40.7816],[-73.78164,40.78103],[-73.78129,40.78052],[-73.78049,40.77989],[-73.77957,40.78027],[-73.77916,40.78053],[-73.77782,40.78176],[-73.77705,40.7809],[-73.77592,40.78156],[-73.77655,40.78249],[-73.7768,40.78238]]}},{"type":"Feature","properties":{"route":"Q29","routeId":"Q29","short":"Q29","color":"#FAA61A","longName":"Elmhurst - Glendale","kind":"local"},"geometry":{"type":"LineString","coordinates":[[-73.88387,40.74732],[-73.88373,40.74655],[-73.88341,40.74641],[-73.88299,40.74703],[-73.87462,40.7433],[-73.87355,40.7425],[-73.87238,40.74244],[-73.8697,40.7355],[-73.87384,40.73426],[-73.874,40.73416],[-73.87346,40.73359],[-73.87283,40.73332],[-73.87066,40.73315],[-73.87146,40.73168],[-73.87168,40.73087],[-73.87158,40.72959],[-73.87108,40.72787],[-73.87434,40.72292],[-73.87359,40.72047],[-73.87258,40.71837],[-73.87235,40.71771],[-73.87171,40.7143],[-73.87146,40.71228],[-73.8703,40.70989],[-73.86981,40.70833],[-73.86908,40.70708],[-73.86854,40.70506],[-73.86826,40.70307]]}},{"type":"Feature","properties":{"route":"Q3","routeId":"Q3","short":"Q3","color":"#00AEEF","longName":"Jamaica - JFK Airport","kind":"local"},"geometry":{"type":"LineString","coordinates":[[-73.82454,40.66154],[-73.8253,40.66162],[-73.8254,40.66178],[-73.82536,40.662],[-73.8252,40.66205],[-73.82357,40.66186],[-73.82395,40.66063],[-73.82357,40.66059],[-73.8233,40.66064],[-73.81929,40.66225],[-73.81886,40.6623],[-73.81183,40.66106],[-73.81118,40.66093],[-73.81089,40.66079],[-73.81068,40.6604],[-73.81073,40.65843],[-73.81057,40.6574],[-73.81009,40.65611],[-73.80928,40.65489],[-73.80906,40.65463],[-73.80878,40.65451],[-73.80772,40.65435],[-73.80756,40.65424],[-73.80697,40.65272],[-73.80539,40.65039],[-73.80387,40.64856],[-73.80177,40.64646],[-73.80104,40.64587],[-73.79838,40.64421],[-73.79786,40.64395],[-73.79749,40.64393],[-73.79715,40.64405],[-73.79696,40.64433],[-73.79682,40.64507],[-73.79697,40.64539],[-73.79735,40.64554],[-73.79905,40.6457],[-73.7996,40.64588],[-73.80079,40.64661],[-73.80121,40.64698],[-73.80279,40.64852],[-73.80482,40.651],[-73.80634,40.65336],[-73.8067,40.65431],[-73.80682,40.65517],[-73.80665,40.65591],[-73.80621,40.65671],[-73.80555,40.65742],[-73.80535,40.65782],[-73.80506,40.65807],[-73.80473,40.65818],[-73.80279,40.65822],[-73.80249,40.65833],[-73.80229,40.65857],[-73.80225,40.66092],[-73.80215,40.66178],[-73.80167,40.66198],[-73.80032,40.66208],[-73.79958,40.66226],[-73.79876,40.66271],[-73.79686,40.66433],[-73.79614,40.66462],[-73.79531,40.66457],[-73.79374,40.66437],[-73.79344,40.66415],[-73.79336,40.66359],[-73.79336,40.66156],[-73.79259,40.66152],[-73.79034,40.66119],[-73.79003,40.66159],[-73.78926,40.66229],[-73.78813,40.663],[-73.78726,40.66325],[-73.78608,40.66324],[-73.78469,40.66294],[-73.78345,40.66254],[-73.77871,40.66046],[-73.77637,40.65979],[-73.77462,40.65888],[-73.77379,40.65971],[-73.7716,40.66053],[-73.77133,40.6607],[-73.76855,40.66405],[-73.76779,40.66528],[-73.76625,40.6685],[-73.76433,40.67184],[-73.76381,40.67368],[-73.76351,40.67625],[-73.76294,40.67748],[-73.76172,40.67926],[-73.76046,40.68343],[-73.76057,40.68442],[-73.76093,40.68576],[-73.76128,40.68673],[-73.76193,40.68806],[-73.76242,40.69202],[-73.76238,40.69347],[-73.7616,40.69573],[-73.76171,40.69655],[-73.76262,40.69868],[-73.76348,40.69996],[-73.76657,40.70274],[-73.76725,40.7063],[-73.76824,40.70951],[-73.7688,40.70978],[-73.76903,40.71034],[-73.76998,40.71051],[-73.77068,40.71079],[-73.77355,40.71511],[-73.78719,40.71181],[-73.78789,40.71179],[-73.78878,40.71205],[-73.7893,40.71201],[-73.79304,40.7107],[-73.79155,40.70815],[-73.79189,40.70802]]}},{"type":"Feature","properties":{"route":"Q30","routeId":"Q30","short":"Q30","color":"#FAA61A","longName":"Little Neck - Jamaica","kind":"local"},"geometry":{"type":"LineString","coordinates":[[-73.726,40.76413],[-73.7277,40.76344],[-73.73185,40.76099],[-73.73398,40.76017],[-73.73589,40.75928],[-73.73948,40.75724],[-73.73925,40.75692],[-73.73914,40.75654],[-73.73921,40.756],[-73.73962,40.75548],[-73.74097,40.75483],[-73.74138,40.75437],[-73.74178,40.75347],[-73.74137,40.75262],[-73.74135,40.75223],[-73.74162,40.75188],[-73.74188,40.75176],[-73.74257,40.7516],[-73.7457,40.75154],[-73.74645,40.75178],[-73.74691,40.7521],[-73.74711,40.75236],[-73.74796,40.75183],[-73.74929,40.75128],[-73.75009,40.75105],[-73.75323,40.75048],[-73.757,40.74955],[-73.75873,40.74899],[-73.76065,40.74805],[-73.76341,40.74723],[-73.77029,40.74536],[-73.7708,40.74528],[-73.77172,40.74552],[-73.77223,40.74549],[-73.77254,40.74532],[-73.77304,40.74469],[-73.77346,40.74448],[-73.77751,40.74335],[-73.78064,40.74281],[-73.7929,40.73945],[-73.79333,40.73269],[-73.79388,40.73168],[-73.79383,40.73087],[-73.79136,40.72493],[-73.79042,40.72348],[-73.79029,40.72088],[-73.79038,40.72007],[-73.79077,40.71906],[-73.79098,40.7188],[-73.79173,40.71831],[-73.79204,40.71793],[-73.79225,40.71742],[-73.79246,40.71619],[-73.7936,40.71409],[-73.79359,40.71337],[-73.79319,40.71255],[-73.79302,40.71197],[-73.79304,40.7107],[-73.79475,40.70999],[-73.7964,40.70951],[-73.79395,40.70587],[-73.80019,40.70335],[-73.80516,40.70194],[-73.80633,40.70179],[-73.80826,40.70176],[-73.813,40.70249],[-73.81148,40.69935],[-73.80916,40.70001],[-73.80793,40.70049]]}},{"type":"Feature","properties":{"route":"Q31","routeId":"Q31","short":"Q31","color":"#FAA61A","longName":"Bayside - Jamaica","kind":"local"},"geometry":{"type":"LineString","coordinates":[[-73.77713,40.78093],[-73.77707,40.78086],[-73.77588,40.78153],[-73.77534,40.78064],[-73.77534,40.77999],[-73.77587,40.77861],[-73.7738,40.76898],[-73.77077,40.76321],[-73.76968,40.76087],[-73.76862,40.75895],[-73.76714,40.75563],[-73.76831,40.75545],[-73.77241,40.75439],[-73.77446,40.75356],[-73.77536,40.75334],[-73.77647,40.7532],[-73.77946,40.7535],[-73.78425,40.75272],[-73.78605,40.75255],[-73.78658,40.75243],[-73.78786,40.75184],[-73.78937,40.75217],[-73.79237,40.75306],[-73.79211,40.75117],[-73.79327,40.73353],[-73.79333,40.73269],[-73.79351,40.73226],[-73.79384,40.73181],[-73.79389,40.73142],[-73.79372,40.73053],[-73.79172,40.72573],[-73.79136,40.72493],[-73.79042,40.72348],[-73.79029,40.72088],[-73.79038,40.72007],[-73.79077,40.71906],[-73.79098,40.7188],[-73.79173,40.71831],[-73.79204,40.71793],[-73.79225,40.71742],[-73.79246,40.71619],[-73.7936,40.71409],[-73.79359,40.71337],[-73.79319,40.71255],[-73.79302,40.71197],[-73.79301,40.71153],[-73.7933,40.71116],[-73.79304,40.7107],[-73.79475,40.70999],[-73.7964,40.70951],[-73.79395,40.70587],[-73.80019,40.70335],[-73.80516,40.70194],[-73.80633,40.70179],[-73.80826,40.70176],[-73.813,40.70249],[-73.81148,40.69935],[-73.80916,40.70001],[-73.80793,40.70049]]}},{"type":"Feature","properties":{"route":"Q32","routeId":"Q32","short":"Q32","color":"#FAA61A","longName":"Jackson Heights - Penn Station (Midtown)","kind":"local"},"geometry":{"type":"LineString","coordinates":[[-73.88533,40.75535],[-73.88395,40.74766],[-73.90445,40.74551],[-73.9075,40.74534],[-73.91054,40.74478],[-73.91617,40.74306],[-73.91869,40.74333],[-73.93321,40.74507],[-73.93437,40.74608],[-73.9381,40.74981],[-73.95072,40.75538],[-73.96046,40.75957],[-73.96169,40.76003],[-73.96287,40.76067],[-73.96314,40.76096],[-73.97254,40.76495],[-73.98315,40.75036],[-73.98917,40.75293],[-73.99156,40.74973],[-73.99055,40.7493]]}},{"type":"Feature","properties":{"route":"Q33","routeId":"Q33","short":"Q33","color":"#FAA61A","longName":"Marine Air Terminal Lga-Jackson Heights","kind":"local"},"geometry":{"type":"LineString","coordinates":[[-73.89083,40.74662],[-73.89099,40.74651],[-73.89139,40.74668],[-73.89143,40.74688],[-73.883,40.74777],[-73.88609,40.76479],[-73.88414,40.76446],[-73.88462,40.76707],[-73.8869,40.76658],[-73.88743,40.76655],[-73.88754,40.76662],[-73.88805,40.76834],[-73.88784,40.76846],[-73.88617,40.76867],[-73.88674,40.76938],[-73.88697,40.77056],[-73.88752,40.77197],[-73.88772,40.77327],[-73.88759,40.7736],[-73.88732,40.77373],[-73.88622,40.77385],[-73.88606,40.77294]]}},{"type":"Feature","properties":{"route":"Q35","routeId":"Q35","short":"Q35","color":"#006CB7","longName":"Rockaway Park - Midwood / Brooklyn Coll.","kind":"local"},"geometry":{"type":"LineString","coordinates":[[-73.8323,40.58366],[-73.83462,40.58299],[-73.83395,40.58212],[-73.83355,40.58193],[-73.83289,40.5819],[-73.83026,40.58257],[-73.8299,40.58195],[-73.83076,40.58163],[-73.83713,40.57986],[-73.8447,40.57732],[-73.86484,40.56917],[-73.86546,40.56905],[-73.86595,40.56903],[-73.86691,40.56925],[-73.8676,40.56972],[-73.86836,40.57072],[-73.86899,40.57121],[-73.86993,40.57152],[-73.87071,40.57154],[-73.87171,40.5713],[-73.87696,40.56883],[-73.87815,40.56855],[-73.87984,40.56838],[-73.88151,40.56776],[-73.88277,40.56763],[-73.88261,40.56729],[-73.88254,40.56739],[-73.88269,40.56743],[-73.88275,40.56755],[-73.88147,40.56769],[-73.88003,40.56822],[-73.87964,40.56821],[-73.87938,40.56795],[-73.87941,40.56772],[-73.87963,40.56755],[-73.88017,40.56746],[-73.88034,40.56749],[-73.88116,40.56788],[-73.88196,40.56864],[-73.8877,40.5782],[-73.88827,40.57906],[-73.88874,40.57956],[-73.89139,40.5818],[-73.91299,40.60122],[-73.91358,40.60175],[-73.91373,40.60179],[-73.91637,40.60416],[-73.91827,40.60588],[-73.91859,40.60634],[-73.91965,40.60745],[-73.92231,40.60987],[-73.92844,40.615],[-73.93505,40.62092],[-73.94415,40.62954],[-73.94734,40.6292],[-73.94754,40.63161],[-73.94711,40.63166]]}},{"type":"Feature","properties":{"route":"Q36","routeId":"Q36","short":"Q36","color":"#FAA61A","longName":"Little Neck - Jamaica","kind":"local"},"geometry":{"type":"LineString","coordinates":[[-73.79296,40.70766],[-73.79328,40.70755],[-73.79475,40.70999],[-73.79243,40.71093],[-73.7893,40.71201],[-73.78878,40.71205],[-73.78789,40.71179],[-73.78719,40.71181],[-73.77355,40.71511],[-73.76731,40.71728],[-73.76448,40.71889],[-73.76198,40.72],[-73.75969,40.7209],[-73.75577,40.72362],[-73.75336,40.72514],[-73.75175,40.726],[-73.74833,40.72762],[-73.74709,40.72835],[-73.74607,40.72882],[-73.74459,40.72971],[-73.73691,40.72247],[-73.73537,40.71899],[-73.73528,40.71851],[-73.73319,40.71956],[-73.73086,40.72177],[-73.7303,40.72218],[-73.72951,40.72258],[-73.72648,40.72372],[-73.72301,40.72472],[-73.7229,40.72481],[-73.71737,40.72629],[-73.71587,40.72654],[-73.71051,40.72722],[-73.71072,40.73063],[-73.71141,40.7325],[-73.71245,40.73422],[-73.71273,40.73488],[-73.71505,40.73857],[-73.71573,40.7399],[-73.71865,40.7464],[-73.71963,40.74899],[-73.72076,40.75117],[-73.72121,40.75247],[-73.72151,40.75277],[-73.72248,40.75342],[-73.7232,40.75457],[-73.72327,40.75518],[-73.72279,40.75624],[-73.72246,40.7585],[-73.72275,40.76009],[-73.72329,40.76223],[-73.72484,40.76588],[-73.72526,40.76617],[-73.72672,40.76672],[-73.729,40.76772],[-73.73014,40.7687],[-73.73171,40.76911],[-73.7331,40.77003],[-73.73551,40.77064],[-73.73864,40.77076],[-73.73891,40.77083],[-73.74074,40.77274],[-73.74176,40.77219],[-73.74231,40.7728],[-73.74154,40.77314]]}},{"type":"Feature","properties":{"route":"Q37","routeId":"Q37","short":"Q37","color":"#00AEEF","longName":"Kew Gardens - South Ozone Park","kind":"local"},"geometry":{"type":"LineString","coordinates":[[-73.80858,40.66773],[-73.80793,40.66774],[-73.8079,40.66812],[-73.80987,40.66859],[-73.82089,40.67057],[-73.8192,40.67592],[-73.81922,40.67621],[-73.8289,40.67778],[-73.83076,40.67816],[-73.83163,40.67658],[-73.83098,40.67642],[-73.83066,40.67691],[-73.83136,40.67708],[-73.83081,40.67806],[-73.82894,40.67766],[-73.82758,40.67746],[-73.82761,40.67758],[-73.83173,40.68608],[-73.836,40.69444],[-73.83914,40.70084],[-73.84157,40.70111],[-73.83889,40.70314],[-73.83734,40.70392],[-73.83699,40.70419],[-73.83706,40.70453],[-73.83804,40.70605],[-73.83804,40.70662],[-73.83663,40.70864],[-73.83443,40.70987],[-73.83434,40.71004],[-73.83442,40.71036],[-73.83591,40.71167],[-73.83143,40.71405]]}},{"type":"Feature","properties":{"route":"Q38","routeId":"Q38","short":"Q38","color":"#FAA61A","longName":"Rego Park - Maspeth","kind":"local"},"geometry":{"type":"LineString","coordinates":[[-73.9029,40.71363],[-73.90289,40.71389],[-73.90244,40.71401],[-73.90116,40.71462],[-73.90061,40.7127],[-73.88635,40.71218],[-73.887,40.71404],[-73.8871,40.71448],[-73.88695,40.71474],[-73.88545,40.71463],[-73.88326,40.71474],[-73.88179,40.71489],[-73.87973,40.71533],[-73.87908,40.71553],[-73.879,40.71568],[-73.87915,40.71698],[-73.87539,40.71743],[-73.87634,40.71863],[-73.86688,40.72298],[-73.8622,40.73026],[-73.85826,40.73229],[-73.8547,40.73283],[-73.85252,40.73361],[-73.84805,40.73496],[-73.84877,40.73635],[-73.85073,40.73574]]}},{"type":"Feature","properties":{"route":"Q39","routeId":"Q39","short":"Q39","color":"#FAA61A","longName":"Long Island City - Glendale","kind":"local"},"geometry":{"type":"LineString","coordinates":[[-73.89464,40.69713],[-73.89485,40.69858],[-73.89578,40.6985],[-73.89629,40.69835],[-73.89671,40.69842],[-73.90016,40.70049],[-73.90222,40.7054],[-73.90411,40.70863],[-73.90607,40.71288],[-73.90481,40.71285],[-73.9038,40.71334],[-73.90289,40.71389],[-73.90244,40.71401],[-73.90116,40.71462],[-73.90219,40.71829],[-73.90324,40.71913],[-73.90343,40.71987],[-73.90431,40.72138],[-73.90443,40.72184],[-73.90794,40.72057],[-73.91133,40.71961],[-73.91247,40.72093],[-73.91345,40.72226],[-73.91315,40.72308],[-73.91242,40.72335],[-73.90889,40.72606],[-73.91217,40.72632],[-73.91202,40.72916],[-73.91174,40.72996],[-73.91138,40.73177],[-73.91083,40.73319],[-73.90925,40.73639],[-73.91692,40.73539],[-73.91729,40.73546],[-73.91834,40.73543],[-73.91761,40.73909],[-73.92389,40.7398],[-73.92411,40.7399],[-73.92462,40.73989],[-73.93432,40.74102],[-73.93355,40.74475],[-73.93727,40.74516],[-73.9417,40.74612],[-73.94239,40.74712],[-73.9391,40.7483],[-73.93926,40.74851]]}},{"type":"Feature","properties":{"route":"Q4","routeId":"Q4","short":"Q4","color":"#EE352E","longName":"Cambria Heights - Jamaica","kind":"local"},"geometry":{"type":"LineString","coordinates":[[-73.80295,40.70136],[-73.80262,40.70146],[-73.80258,40.70182],[-73.79992,40.70247],[-73.79827,40.70274],[-73.79462,40.70366],[-73.79282,40.70443],[-73.79121,40.70234],[-73.78726,40.69858],[-73.78668,40.69821],[-73.78478,40.69742],[-73.78352,40.69655],[-73.78284,40.69598],[-73.78075,40.69353],[-73.77927,40.69162],[-73.77296,40.69314],[-73.76238,40.69163],[-73.75603,40.6934],[-73.75644,40.69427],[-73.759,40.69361],[-73.75986,40.69337],[-73.7594,40.69247],[-73.74545,40.69633],[-73.74488,40.6964],[-73.74354,40.69622],[-73.7323,40.69268],[-73.73143,40.69238],[-73.72912,40.69107],[-73.72741,40.69081]]}},{"type":"Feature","properties":{"route":"Q40","routeId":"Q40","short":"Q40","color":"#B933AD","longName":"South Ozone Park - Jamaica","kind":"local"},"geometry":{"type":"LineString","coordinates":[[-73.79686,40.66825],[-73.79628,40.66836],[-73.7963,40.66944],[-73.7958,40.67191],[-73.79571,40.67392],[-73.79891,40.67421],[-73.79883,40.6748],[-73.79896,40.6748],[-73.80004,40.68052],[-73.80001,40.6807],[-73.80253,40.68587],[-73.80224,40.68596],[-73.80485,40.68825],[-73.80373,40.68944],[-73.80254,40.6909],[-73.80075,40.6928],[-73.80021,40.69364],[-73.80141,40.6941],[-73.80516,40.69667],[-73.80553,40.69703],[-73.80693,40.69903],[-73.80773,40.70062],[-73.80795,40.70195],[-73.80927,40.70488],[-73.80907,40.70493]]}},{"type":"Feature","properties":{"route":"Q41","routeId":"Q41","short":"Q41","color":"#FAA61A","longName":"Jamaica - Howard Beach","kind":"local"},"geometry":{"type":"LineString","coordinates":[[-73.79205,40.70766],[-73.79136,40.70789],[-73.7908,40.70693],[-73.7925,40.70643],[-73.79399,40.70589],[-73.8002,40.70338],[-73.80552,40.7019],[-73.80794,40.70179],[-73.80776,40.7007],[-73.80726,40.69963],[-73.80693,40.69903],[-73.80537,40.69685],[-73.80141,40.6941],[-73.80021,40.69364],[-73.80075,40.6928],[-73.80254,40.6909],[-73.80465,40.68839],[-73.80526,40.68801],[-73.81051,40.68621],[-73.81369,40.6847],[-73.83411,40.67889],[-73.83676,40.6796],[-73.84474,40.68072],[-73.8447,40.68003],[-73.84422,40.67805],[-73.84331,40.67479],[-73.84341,40.67334],[-73.84332,40.67229],[-73.84258,40.66932],[-73.84216,40.66797],[-73.84393,40.66748],[-73.84516,40.66738],[-73.84517,40.66679],[-73.84559,40.66636],[-73.84897,40.66486],[-73.84994,40.66466],[-73.84965,40.66402],[-73.84911,40.66322],[-73.85011,40.66269],[-73.84957,40.66246],[-73.84938,40.66231],[-73.84908,40.66134],[-73.84082,40.66254],[-73.83792,40.65083],[-73.8462,40.64963],[-73.84785,40.65632],[-73.8403,40.65741]]}},{"type":"Feature","properties":{"route":"Q42","routeId":"Q42","short":"Q42","color":"#00AEEF","longName":"Addisleigh Park - Jamaica","kind":"local"},"geometry":{"type":"LineString","coordinates":[[-73.80176,40.702],[-73.80417,40.70147],[-73.80397,40.70105],[-73.80262,40.70146],[-73.80258,40.70182],[-73.79992,40.70247],[-73.79827,40.70274],[-73.7962,40.70324],[-73.79462,40.70366],[-73.79378,40.70403],[-73.79238,40.70211],[-73.79199,40.70219],[-73.79127,40.70217],[-73.78998,40.7028],[-73.78969,40.70304],[-73.78597,40.70418],[-73.78257,40.70542],[-73.78087,40.7029],[-73.78182,40.70249],[-73.78239,40.70137],[-73.78095,40.70091],[-73.78131,40.70028],[-73.78198,40.70005],[-73.77875,40.69562],[-73.77627,40.69664],[-73.77616,40.69656],[-73.77448,40.69893]]}},{"type":"Feature","properties":{"route":"Q43","routeId":"Q43","short":"Q43","color":"#EE352E","longName":"Floral Park - Jamaica","kind":"local"},"geometry":{"type":"LineString","coordinates":[[-73.70136,40.73882],[-73.7299,40.7327],[-73.73088,40.73265],[-73.7315,40.73271],[-73.73499,40.73344],[-73.73606,40.73351],[-73.73754,40.73339],[-73.73908,40.733],[-73.74081,40.73229],[-73.74367,40.73061],[-73.74696,40.72852],[-73.74709,40.72835],[-73.74833,40.72762],[-73.75175,40.726],[-73.75336,40.72514],[-73.75577,40.72362],[-73.75969,40.7209],[-73.76198,40.72],[-73.76448,40.71889],[-73.76731,40.71728],[-73.77355,40.71511],[-73.78719,40.71181],[-73.78789,40.71179],[-73.78878,40.71205],[-73.7893,40.71201],[-73.79243,40.71093],[-73.79446,40.7101],[-73.79556,40.70974],[-73.80968,40.70572],[-73.80791,40.70175],[-73.80904,40.70184],[-73.80866,40.70023],[-73.80793,40.70049]]}},{"type":"Feature","properties":{"route":"Q44+","routeId":"Q44+","short":"Q44-SBS","color":"#EE352E","longName":"Bronx Zoo - Jamaica","kind":"sbs"},"geometry":{"type":"LineString","coordinates":[[-73.87822,40.84252],[-73.87882,40.84151],[-73.87999,40.84035],[-73.88036,40.84013],[-73.87833,40.83989],[-73.87788,40.83995],[-73.8781,40.83913],[-73.87806,40.83885],[-73.87764,40.83872],[-73.87478,40.83731],[-73.87448,40.83706],[-73.8742,40.83632],[-73.87392,40.83601],[-73.87058,40.83573],[-73.86905,40.8355],[-73.86286,40.83366],[-73.86272,40.83291],[-73.86226,40.83288],[-73.86157,40.83298],[-73.86155,40.83286],[-73.8614,40.83276],[-73.861,40.83264],[-73.86058,40.83274],[-73.86035,40.83293],[-73.84879,40.82955],[-73.84826,40.82935],[-73.84724,40.8288],[-73.84686,40.82827],[-73.84647,40.82829],[-73.8459,40.82856],[-73.8456,40.82854],[-73.84451,40.82821],[-73.84325,40.82821],[-73.84125,40.82848],[-73.84037,40.82814],[-73.83798,40.82781],[-73.83762,40.82764],[-73.83705,40.82711],[-73.83678,40.82644],[-73.83642,40.82385],[-73.83627,40.82067],[-73.83667,40.81504],[-73.83656,40.81335],[-73.83634,40.81248],[-73.83569,40.81117],[-73.82382,40.79269],[-73.82359,40.79217],[-73.82363,40.79143],[-73.82386,40.79081],[-73.82367,40.79005],[-73.82364,40.78934],[-73.82389,40.78825],[-73.8241,40.78775],[-73.82441,40.78747],[-73.82435,40.78721],[-73.82444,40.78673],[-73.82233,40.78684],[-73.82132,40.78422],[-73.82134,40.78353],[-73.82165,40.78259],[-73.82254,40.78125],[-73.82291,40.78053],[-73.82406,40.77771],[-73.82432,40.77671],[-73.82487,40.77653],[-73.82584,40.7759],[-73.82633,40.77424],[-73.82648,40.77311],[-73.82657,40.77233],[-73.82657,40.77012],[-73.82678,40.76829],[-73.82684,40.76798],[-73.82769,40.76609],[-73.82813,40.76403],[-73.83204,40.76311],[-73.83126,40.76179],[-73.82958,40.75844],[-73.82761,40.75374],[-73.82695,40.75255],[-73.82607,40.7515],[-73.82576,40.75097],[-73.82578,40.74985],[-73.82622,40.74673],[-73.82485,40.73967],[-73.82529,40.73512],[-73.82531,40.73356],[-73.81635,40.71602],[-73.8164,40.71447],[-73.81688,40.71323],[-73.81761,40.71231],[-73.81807,40.71203],[-73.81855,40.71159],[-73.8192,40.71066],[-73.82012,40.70961],[-73.81916,40.7091],[-73.81808,40.70813],[-73.81535,40.70414],[-73.80968,40.70572],[-73.80797,40.70196],[-73.80772,40.70059],[-73.80604,40.70092],[-73.80417,40.70147],[-73.80132,40.70209],[-73.79992,40.70247],[-73.79827,40.70274],[-73.79462,40.70366],[-73.79282,40.70443],[-73.79166,40.70484],[-73.79256,40.70638],[-73.79395,40.70587],[-73.79326,40.70496]]}},{"type":"Feature","properties":{"route":"Q45","routeId":"Q45","short":"Q45","color":"#EE352E","longName":"Fresh Meadows - Kew Gardens","kind":"local"},"geometry":{"type":"LineString","coordinates":[[-73.832,40.71519],[-73.83341,40.71627],[-73.83364,40.71609],[-73.83146,40.71446],[-73.83079,40.71415],[-73.82316,40.71615],[-73.82239,40.71625],[-73.82156,40.71624],[-73.82085,40.71645],[-73.81909,40.71718],[-73.81716,40.71759],[-73.80806,40.72018],[-73.7925,40.72551],[-73.79004,40.72624],[-73.78113,40.72917],[-73.78364,40.73439],[-73.78378,40.73486],[-73.78373,40.7353],[-73.78397,40.73556]]}},{"type":"Feature","properties":{"route":"Q46","routeId":"Q46","short":"Q46","color":"#EE352E","longName":"LIJ Hospital - Kew Gardens","kind":"local"},"geometry":{"type":"LineString","coordinates":[[-73.832,40.71519],[-73.83341,40.71627],[-73.83364,40.71609],[-73.83146,40.71446],[-73.83079,40.71415],[-73.82316,40.71615],[-73.82239,40.71625],[-73.82156,40.71624],[-73.82085,40.71645],[-73.81909,40.71718],[-73.81716,40.71759],[-73.80903,40.71987],[-73.7925,40.72551],[-73.79004,40.72624],[-73.78113,40.72917],[-73.77494,40.73085],[-73.74647,40.73573],[-73.7377,40.73762],[-73.73499,40.73828],[-73.73379,40.7388],[-73.7315,40.74009],[-73.73084,40.74032],[-73.72717,40.74065],[-73.72617,40.74088],[-73.72197,40.74232],[-73.71892,40.74328],[-73.70158,40.75246],[-73.70316,40.75356],[-73.70352,40.75395],[-73.70399,40.75472],[-73.70424,40.75577],[-73.70585,40.75556],[-73.70592,40.75562],[-73.70653,40.75547],[-73.70731,40.7548],[-73.70697,40.7546],[-73.70664,40.75492]]}},{"type":"Feature","properties":{"route":"Q47","routeId":"Q47","short":"Q47","color":"#FAA61A","longName":"East Elmhurst - Glendale","kind":"local"},"geometry":{"type":"LineString","coordinates":[[-73.87024,40.70965],[-73.8715,40.71246],[-73.87173,40.71433],[-73.87204,40.71575],[-73.87235,40.71779],[-73.8737,40.7183],[-73.87398,40.71852],[-73.88478,40.73198],[-73.88536,40.73112],[-73.88558,40.73096],[-73.88687,40.73413],[-73.88844,40.73455],[-73.88921,40.73462],[-73.89269,40.73451],[-73.89324,40.73458],[-73.89463,40.73499],[-73.8951,40.73505],[-73.8951,40.73542],[-73.89602,40.73525],[-73.89585,40.74049],[-73.89565,40.74271],[-73.89423,40.74257],[-73.88979,40.74328],[-73.88977,40.74349],[-73.89029,40.74622],[-73.89139,40.74668],[-73.89348,40.75848],[-73.89069,40.75877],[-73.89188,40.76572],[-73.89021,40.76549],[-73.88933,40.76605],[-73.88865,40.76624],[-73.88727,40.76639],[-73.88487,40.7669],[-73.88091,40.76762],[-73.87518,40.76822],[-73.87556,40.77018]]}},{"type":"Feature","properties":{"route":"Q48","routeId":"Q48","short":"Q48","color":"#006CB7","longName":"Glen Oaks - Kew Gardens","kind":"local"},"geometry":{"type":"LineString","coordinates":[[-73.832,40.71519],[-73.83341,40.71627],[-73.83364,40.71609],[-73.83146,40.71446],[-73.83079,40.71415],[-73.82316,40.71615],[-73.82239,40.71625],[-73.82156,40.71624],[-73.82085,40.71645],[-73.81909,40.71718],[-73.81716,40.71759],[-73.80903,40.71987],[-73.7925,40.72551],[-73.79004,40.72624],[-73.78113,40.72917],[-73.77494,40.73085],[-73.74647,40.73573],[-73.7377,40.73762],[-73.73499,40.73828],[-73.73379,40.7388],[-73.7315,40.74009],[-73.73084,40.74032],[-73.72717,40.74065],[-73.72617,40.74088],[-73.72197,40.74232],[-73.71892,40.74328],[-73.71187,40.74702],[-73.71485,40.74904],[-73.71471,40.74928],[-73.71476,40.74962],[-73.71521,40.74998],[-73.71574,40.75018],[-73.71609,40.75014],[-73.71638,40.74998],[-73.71774,40.75089],[-73.71847,40.75017],[-73.71843,40.74947],[-73.71983,40.74936],[-73.72076,40.75117],[-73.72095,40.75179]]}},{"type":"Feature","properties":{"route":"Q49","routeId":"Q49","short":"Q49","color":"#FAA61A","longName":"East Elmhurst - Jackson Heights","kind":"local"},"geometry":{"type":"LineString","coordinates":[[-73.89073,40.74657],[-73.89088,40.74647],[-73.89139,40.74668],[-73.89183,40.74886],[-73.89179,40.74914],[-73.89212,40.75103],[-73.87817,40.7525],[-73.8802,40.76378],[-73.86733,40.76159]]}},{"type":"Feature","properties":{"route":"Q5","routeId":"Q5","short":"Q5","color":"#EE352E","longName":"Laurelton - Jamaica","kind":"local"},"geometry":{"type":"LineString","coordinates":[[-73.80295,40.70136],[-73.80262,40.70146],[-73.80258,40.70182],[-73.79992,40.70247],[-73.79827,40.70274],[-73.79462,40.70366],[-73.79282,40.70443],[-73.79121,40.70234],[-73.78726,40.69858],[-73.78668,40.69821],[-73.78478,40.69742],[-73.78352,40.69655],[-73.78284,40.69598],[-73.78075,40.69353],[-73.7774,40.68916],[-73.77644,40.68811],[-73.77244,40.68523],[-73.77119,40.6845],[-73.76721,40.68233],[-73.76047,40.67908],[-73.75963,40.67888],[-73.75879,40.67892],[-73.75597,40.67999],[-73.75515,40.68017],[-73.75455,40.68019],[-73.75246,40.67996],[-73.74563,40.67784],[-73.73692,40.67487],[-73.73508,40.67393],[-73.73409,40.6736],[-73.73312,40.67353],[-73.72955,40.67409],[-73.72751,40.67416],[-73.72805,40.67159],[-73.7297,40.6669],[-73.72986,40.66614],[-73.72986,40.66534],[-73.72163,40.66541],[-73.71997,40.6651],[-73.71332,40.66322],[-73.71386,40.66234],[-73.71425,40.66211],[-73.71462,40.66174],[-73.71505,40.66097],[-73.7154,40.66069],[-73.71568,40.6606],[-73.71792,40.66053],[-73.71848,40.66057],[-73.72142,40.66138]]}},{"type":"Feature","properties":{"route":"Q50","routeId":"Q50","short":"Q50","color":"#EE352E","longName":"Co-Op City/Pelham Bay - Flushing Ltd","kind":"limited"},"geometry":{"type":"LineString","coordinates":[[-73.83003,40.75928],[-73.82989,40.75898],[-73.8298,40.75902],[-73.83112,40.76158],[-73.83191,40.76286],[-73.83134,40.76297],[-73.83037,40.76331],[-73.83025,40.76346],[-73.83024,40.76367],[-73.83067,40.76475],[-73.83177,40.76448],[-73.83367,40.76913],[-73.83257,40.76937],[-73.83325,40.77103],[-73.83042,40.77269],[-73.82974,40.77321],[-73.82912,40.77383],[-73.82857,40.77462],[-73.82484,40.78118],[-73.82448,40.78218],[-73.82334,40.78753],[-73.82251,40.78939],[-73.82248,40.79037],[-73.82273,40.79113],[-73.82325,40.79212],[-73.83451,40.80957],[-73.83606,40.8121],[-73.83629,40.81298],[-73.83635,40.8148],[-73.83594,40.81886],[-73.83598,40.82068],[-73.83584,40.82114],[-73.83582,40.82272],[-73.83595,40.82504],[-73.83664,40.82489],[-73.83688,40.82494],[-73.83814,40.82474],[-73.83918,40.82473],[-73.84115,40.82829],[-73.84063,40.82836],[-73.83906,40.82805],[-73.83733,40.82809],[-73.83642,40.82833],[-73.83457,40.82913],[-73.8336,40.82961],[-73.82832,40.83291],[-73.82561,40.83428],[-73.82472,40.83518],[-73.8244,40.83598],[-73.82438,40.83688],[-73.82482,40.83799],[-73.82524,40.84161],[-73.82507,40.84481],[-73.82569,40.84636],[-73.82664,40.84811],[-73.82695,40.84925],[-73.82692,40.85051],[-73.82607,40.85326],[-73.82663,40.85335],[-73.82718,40.85174],[-73.82652,40.85165],[-73.82616,40.85292],[-73.8256,40.85391],[-73.82559,40.85451],[-73.82602,40.85522],[-73.82624,40.85583],[-73.82664,40.85804],[-73.82732,40.85995],[-73.82772,40.86071],[-73.82941,40.86291],[-73.83137,40.86635],[-73.83139,40.86661],[-73.8312,40.8668],[-73.831,40.86687],[-73.83093,40.86712],[-73.83192,40.86926],[-73.83343,40.872],[-73.83378,40.87324],[-73.83383,40.87548],[-73.83362,40.877],[-73.8334,40.8777],[-73.83297,40.87848],[-73.83243,40.87918],[-73.83211,40.87939],[-73.83163,40.87938],[-73.83093,40.87873],[-73.83046,40.87846],[-73.82976,40.87825],[-73.82926,40.87823],[-73.82841,40.87839],[-73.82369,40.8799],[-73.8231,40.8799],[-73.82277,40.87971],[-73.82263,40.87953],[-73.82258,40.87921],[-73.82276,40.87857],[-73.82299,40.87815],[-73.82399,40.8769],[-73.8245,40.87567],[-73.82458,40.87463],[-73.82442,40.87304],[-73.82452,40.87231],[-73.8249,40.87147],[-73.82593,40.87048],[-73.82612,40.87018],[-73.82627,40.86961],[-73.82625,40.86947],[-73.82465,40.86925],[-73.82215,40.86877],[-73.82125,40.86827],[-73.82095,40.86792],[-73.82085,40.86754],[-73.82098,40.86728],[-73.82123,40.86716],[-73.822,40.86707],[-73.8225,40.86681],[-73.82597,40.86283],[-73.82577,40.86251],[-73.8245,40.86198],[-73.82371,40.86059],[-73.82259,40.86098],[-73.82273,40.86126]]}},{"type":"Feature","properties":{"route":"Q51","routeId":"Q51","short":"Q51","color":"#EE352E","longName":"Linden Blvd Limited","kind":"limited"},"geometry":{"type":"LineString","coordinates":[[-73.74445,40.69638],[-73.74365,40.69627],[-73.74422,40.6946],[-73.74577,40.69506],[-73.74625,40.69613],[-73.76231,40.6917],[-73.7729,40.69317],[-73.77915,40.69174],[-73.78517,40.68928],[-73.78744,40.68852],[-73.79042,40.68779],[-73.7932,40.68664],[-73.79511,40.68599],[-73.82548,40.67737],[-73.8256,40.67725],[-73.82969,40.67793],[-73.83372,40.67879],[-73.83676,40.6796],[-73.84228,40.68037]]}},{"type":"Feature","properties":{"route":"Q52+","routeId":"Q52+","short":"Q52-SBS","color":"#006CB7","longName":"Elmhurst - Arverne Sbs Vis Woodhaven/Cross Bay","kind":"sbs"},"geometry":{"type":"LineString","coordinates":[[-73.78148,40.59531],[-73.78704,40.59493],[-73.78916,40.59406],[-73.78894,40.59216],[-73.78932,40.59215],[-73.79135,40.59177],[-73.79311,40.59128],[-73.79392,40.59103],[-73.79645,40.59004],[-73.79797,40.58992],[-73.8043,40.58834],[-73.81306,40.58738],[-73.81389,40.58711],[-73.81669,40.58595],[-73.81741,40.5872],[-73.8175,40.58819],[-73.81861,40.58934],[-73.81911,40.59006],[-73.81948,40.59101],[-73.82089,40.59631],[-73.82092,40.59705],[-73.81899,40.60942],[-73.81896,40.61053],[-73.8191,40.61133],[-73.81932,40.61192],[-73.82003,40.61309],[-73.82367,40.61741],[-73.82451,40.61861],[-73.8251,40.61965],[-73.82559,40.62082],[-73.829,40.63271],[-73.82949,40.63402],[-73.83044,40.63576],[-73.83283,40.63894],[-73.83643,40.64577],[-73.84191,40.66787],[-73.8431,40.67219],[-73.84318,40.673],[-73.8431,40.67463],[-73.84319,40.67524],[-73.84407,40.67821],[-73.84475,40.68164],[-73.84713,40.68645],[-73.84756,40.68698],[-73.84844,40.68782],[-73.84963,40.68926],[-73.85114,40.69186],[-73.8523,40.69418],[-73.85278,40.69617],[-73.85263,40.69761],[-73.85267,40.69831],[-73.85348,40.69959],[-73.85486,40.70105],[-73.85509,40.70143],[-73.85524,40.70315],[-73.85542,40.70359],[-73.85577,40.70398],[-73.85821,40.70568],[-73.85854,40.706],[-73.85903,40.70677],[-73.85918,40.70731],[-73.85963,40.71119],[-73.85953,40.71367],[-73.85971,40.71464],[-73.86035,40.7154],[-73.86348,40.71834],[-73.86889,40.72414],[-73.86936,40.72476],[-73.87028,40.72658],[-73.87087,40.72786],[-73.8713,40.72909],[-73.87141,40.72957],[-73.87151,40.73088],[-73.8714,40.73137],[-73.87015,40.73369],[-73.87207,40.73426],[-73.87225,40.73477],[-73.87401,40.73421],[-73.87345,40.73362],[-73.87316,40.73346],[-73.8727,40.73333],[-73.87129,40.73323]]}},{"type":"Feature","properties":{"route":"Q53+","routeId":"Q53+","short":"Q53-SBS","color":"#006CB7","longName":"Woodside - Rockaway Park","kind":"sbs"},"geometry":{"type":"LineString","coordinates":[[-73.8374,40.58033],[-73.83812,40.58157],[-73.83777,40.58187],[-73.8335,40.58323],[-73.83098,40.5839],[-73.82987,40.58187],[-73.82301,40.58387],[-73.823,40.58372],[-73.82263,40.58316],[-73.81669,40.58595],[-73.81741,40.5872],[-73.8175,40.58819],[-73.81861,40.58934],[-73.81911,40.59006],[-73.81948,40.59101],[-73.82089,40.59631],[-73.82092,40.59705],[-73.81899,40.60942],[-73.81896,40.61053],[-73.8191,40.61133],[-73.81932,40.61192],[-73.82003,40.61309],[-73.82367,40.61741],[-73.82451,40.61861],[-73.8251,40.61965],[-73.82559,40.62082],[-73.829,40.63271],[-73.82949,40.63402],[-73.83044,40.63576],[-73.83283,40.63894],[-73.83643,40.64577],[-73.84191,40.66787],[-73.8431,40.67219],[-73.84318,40.673],[-73.8431,40.67463],[-73.84319,40.67524],[-73.84407,40.67821],[-73.84475,40.68164],[-73.84713,40.68645],[-73.84756,40.68698],[-73.84844,40.68782],[-73.84963,40.68926],[-73.85114,40.69186],[-73.8523,40.69418],[-73.85278,40.69617],[-73.85263,40.69761],[-73.85267,40.69831],[-73.85348,40.69959],[-73.85486,40.70105],[-73.85509,40.70143],[-73.85524,40.70315],[-73.85542,40.70359],[-73.85577,40.70398],[-73.85821,40.70568],[-73.85854,40.706],[-73.85903,40.70677],[-73.85918,40.70731],[-73.85963,40.71119],[-73.85953,40.71367],[-73.85971,40.71464],[-73.86035,40.7154],[-73.86348,40.71834],[-73.86889,40.72414],[-73.86936,40.72476],[-73.87028,40.72658],[-73.87087,40.72786],[-73.8713,40.72909],[-73.87141,40.72957],[-73.87151,40.73088],[-73.8714,40.73137],[-73.87015,40.73369],[-73.87442,40.73494],[-73.87586,40.73578],[-73.87754,40.73698],[-73.8772,40.73771],[-73.87717,40.73804],[-73.87778,40.73928],[-73.87886,40.74027],[-73.88138,40.74212],[-73.88508,40.74401],[-73.89175,40.74685],[-73.89843,40.74614],[-73.90268,40.74723],[-73.90333,40.74575]]}},{"type":"Feature","properties":{"route":"Q54","routeId":"Q54","short":"Q54","color":"#B933AD","longName":"Williamsburg - Jamaica","kind":"local"},"geometry":{"type":"LineString","coordinates":[[-73.78957,40.70725],[-73.79339,40.7061],[-73.79703,40.70459],[-73.80108,40.70306],[-73.80516,40.70194],[-73.80633,40.70179],[-73.80798,40.70175],[-73.80886,40.70181],[-73.81281,40.70247],[-73.81428,40.70254],[-73.81876,40.70236],[-73.8212,40.702],[-73.82154,40.70373],[-73.82243,40.70363],[-73.82287,40.7037],[-73.82387,40.7039],[-73.82569,40.7044],[-73.83449,40.70692],[-73.83846,40.70845],[-73.86206,40.7122],[-73.86476,40.71085],[-73.8662,40.71052],[-73.86963,40.70944],[-73.87017,40.70942],[-73.8703,40.70989],[-73.87146,40.71228],[-73.87161,40.71329],[-73.8753,40.71313],[-73.88523,40.71214],[-73.9063,40.71289],[-73.92301,40.71395],[-73.92454,40.71399],[-73.9304,40.71445],[-73.94068,40.71192],[-73.95456,40.71061],[-73.95507,40.71058],[-73.95645,40.71069],[-73.9579,40.7084],[-73.96062,40.70937],[-73.96053,40.70959],[-73.96017,40.70955],[-73.95979,40.70963],[-73.95951,40.70952]]}},{"type":"Feature","properties":{"route":"Q55","routeId":"Q55","short":"Q55","color":"#EE352E","longName":"Ridgewood - Richmond Hill","kind":"local"},"geometry":{"type":"LineString","coordinates":[[-73.83255,40.70009],[-73.85851,40.70295],[-73.86242,40.70337],[-73.86317,40.70339],[-73.89753,40.70053],[-73.90304,40.70047],[-73.91184,40.69947]]}},{"type":"Feature","properties":{"route":"Q56","routeId":"Q56","short":"Q56","color":"#B933AD","longName":"Broadway Junction - Jamaica","kind":"local"},"geometry":{"type":"LineString","coordinates":[[-73.78957,40.70725],[-73.79339,40.7061],[-73.80019,40.70335],[-73.80516,40.70194],[-73.80633,40.70179],[-73.80826,40.70176],[-73.81281,40.70247],[-73.81428,40.70254],[-73.81833,40.70239],[-73.82062,40.7021],[-73.82296,40.70165],[-73.82339,40.70145],[-73.82568,40.70093],[-73.82983,40.70024],[-73.83205,40.69969],[-73.83245,40.69954],[-73.83562,40.69781],[-73.83865,40.69589],[-73.83964,40.69552],[-73.8405,40.69535],[-73.84199,40.69521],[-73.84584,40.69511],[-73.85048,40.69422],[-73.85384,40.69303],[-73.8547,40.69281],[-73.8596,40.69247],[-73.86067,40.69234],[-73.86806,40.69118],[-73.86961,40.69083],[-73.87172,40.69027],[-73.87571,40.68856],[-73.88063,40.68609],[-73.89399,40.67975],[-73.89753,40.67809],[-73.89773,40.67813],[-73.89828,40.67774],[-73.90016,40.67693],[-73.90355,40.67893],[-73.9035,40.67863]]}},{"type":"Feature","properties":{"route":"Q58","routeId":"Q58","short":"Q58","color":"#6CBE45","longName":"Ridgewood - Flushing","kind":"local"},"geometry":{"type":"LineString","coordinates":[[-73.82889,40.75659],[-73.83312,40.75465],[-73.83222,40.75176],[-73.83235,40.75156],[-73.83303,40.74853],[-73.83336,40.74796],[-73.83441,40.7473],[-73.83466,40.74704],[-73.83562,40.74532],[-73.83599,40.74486],[-73.83704,40.74421],[-73.83723,40.744],[-73.83851,40.7441],[-73.83917,40.74391],[-73.84116,40.74245],[-73.84184,40.74204],[-73.84695,40.73954],[-73.84813,40.73913],[-73.84882,40.7387],[-73.84931,40.7385],[-73.85205,40.73766],[-73.85498,40.74327],[-73.85681,40.74386],[-73.86234,40.74432],[-73.86415,40.74511],[-73.86437,40.74507],[-73.86583,40.74408],[-73.86607,40.74308],[-73.86731,40.74209],[-73.86994,40.74234],[-73.87355,40.7425],[-73.87374,40.74243],[-73.87789,40.7394],[-73.87742,40.73859],[-73.87716,40.73791],[-73.87749,40.7369],[-73.87776,40.73658],[-73.8782,40.73635],[-73.88111,40.73557],[-73.88324,40.73408],[-73.88381,40.73356],[-73.88499,40.7316],[-73.88543,40.73103],[-73.88686,40.73039],[-73.88973,40.72966],[-73.89128,40.72826],[-73.89277,40.7275],[-73.89587,40.72561],[-73.90078,40.72309],[-73.90312,40.72162],[-73.90061,40.7127],[-73.89939,40.71032],[-73.89756,40.70775],[-73.89692,40.70648],[-73.89993,40.70577],[-73.90212,40.70514],[-73.90199,40.70482],[-73.90233,40.70458],[-73.90547,40.70148],[-73.90419,40.70073],[-73.90472,40.70042],[-73.90483,40.70028],[-73.90694,40.70004],[-73.90952,40.69747],[-73.91177,40.69876],[-73.91107,40.69954],[-73.91035,40.70015]]}},{"type":"Feature","properties":{"route":"Q59","routeId":"Q59","short":"Q59","color":"#FAA61A","longName":"Williamsburg - Rego Park","kind":"local"},"geometry":{"type":"LineString","coordinates":[[-73.96052,40.70933],[-73.96313,40.7102],[-73.96852,40.7108],[-73.9661,40.71618],[-73.96369,40.71547],[-73.95834,40.71328],[-73.95755,40.71448],[-73.95597,40.71406],[-73.95163,40.71405],[-73.95111,40.71095],[-73.94068,40.71192],[-73.9309,40.71436],[-73.93042,40.71439],[-73.9263,40.71395],[-73.92692,40.7154],[-73.92154,40.71678],[-73.90852,40.72039],[-73.90176,40.72279],[-73.90149,40.72261],[-73.90078,40.72309],[-73.89547,40.72583],[-73.89277,40.7275],[-73.89128,40.72826],[-73.88973,40.72966],[-73.88686,40.73039],[-73.88543,40.73103],[-73.88499,40.7316],[-73.88381,40.73356],[-73.88324,40.73408],[-73.88099,40.73562],[-73.8782,40.73635],[-73.87776,40.73658],[-73.87689,40.73605],[-73.8755,40.73503],[-73.87475,40.73461],[-73.87384,40.73426],[-73.869,40.73283],[-73.86823,40.7325],[-73.86434,40.73374],[-73.86424,40.73355]]}},{"type":"Feature","properties":{"route":"Q60","routeId":"Q60","short":"Q60","color":"#FAA61A","longName":"Queens Blvd. - East Midtown","kind":"local"},"geometry":{"type":"LineString","coordinates":[[-73.96375,40.7612],[-73.96388,40.76125],[-73.96407,40.76096],[-73.96398,40.76076],[-73.96314,40.7606],[-73.96144,40.75979],[-73.95556,40.75722],[-73.95082,40.75524],[-73.94604,40.75308],[-73.94137,40.75108],[-73.9405,40.75068],[-73.93999,40.7503],[-73.93811,40.74946],[-73.93762,40.74885],[-73.93744,40.74892],[-73.93354,40.74509],[-73.93298,40.74473],[-73.93265,40.74464],[-73.89963,40.74078],[-73.88226,40.73754],[-73.87783,40.73661],[-73.87745,40.73643],[-73.87577,40.73522],[-73.87476,40.73466],[-73.87363,40.73424],[-73.86932,40.73299],[-73.86764,40.7322],[-73.866,40.73125],[-73.85254,40.72634],[-73.8518,40.72595],[-73.85119,40.72551],[-73.84963,40.72397],[-73.8488,40.72342],[-73.83658,40.71794],[-73.83516,40.71709],[-73.83167,40.71447],[-73.82129,40.7102],[-73.81979,40.70946],[-73.8188,40.70884],[-73.81813,40.70818],[-73.81632,40.70562],[-73.81523,40.70392],[-73.81509,40.70385],[-73.81429,40.70256],[-73.81276,40.70251],[-73.80881,40.70185],[-73.80794,40.70179],[-73.80776,40.7007],[-73.80726,40.69963],[-73.80693,40.69903],[-73.80537,40.69685],[-73.80141,40.6941],[-73.80068,40.69386],[-73.79992,40.69349],[-73.79922,40.69289],[-73.79758,40.69391],[-73.79551,40.6948],[-73.79448,40.69339]]}},{"type":"Feature","properties":{"route":"Q61","routeId":"Q61","short":"Q61","color":"#B933AD","longName":"Beechhurst - Flushing","kind":"local"},"geometry":{"type":"LineString","coordinates":[[-73.82796,40.76081],[-73.82687,40.76108],[-73.82654,40.76046],[-73.83014,40.75956],[-73.83126,40.76179],[-73.83191,40.76283],[-73.83037,40.76323],[-73.83022,40.76353],[-73.83068,40.7647],[-73.83177,40.76444],[-73.83271,40.76674],[-73.83301,40.76749],[-73.83193,40.76774],[-73.83257,40.76934],[-73.8315,40.76959],[-73.83039,40.77034],[-73.82957,40.77071],[-73.82958,40.77221],[-73.82878,40.77221],[-73.82827,40.77237],[-73.828,40.7726],[-73.82783,40.7731],[-73.82648,40.77311],[-73.82633,40.77424],[-73.82584,40.7759],[-73.82458,40.77667],[-73.82168,40.77686],[-73.82114,40.77684],[-73.81765,40.77638],[-73.81694,40.77658],[-73.80619,40.7787],[-73.8044,40.77926],[-73.80243,40.78027],[-73.80402,40.78262],[-73.80649,40.78661],[-73.80665,40.78676],[-73.80805,40.78688],[-73.8069,40.79464],[-73.80687,40.7947],[-73.8064,40.79468],[-73.79959,40.79413],[-73.79975,40.79312],[-73.79761,40.79295],[-73.7975,40.79381]]}},{"type":"Feature","properties":{"route":"Q63","routeId":"Q63","short":"Q63","color":"#B933AD","longName":"Flushing - Long Island City Rush","kind":"local"},"geometry":{"type":"LineString","coordinates":[[-73.83078,40.75937],[-73.83009,40.75961],[-73.83112,40.76158],[-73.83208,40.76313],[-73.83337,40.76284],[-73.83605,40.76287],[-73.83829,40.76267],[-73.84186,40.76256],[-73.84289,40.76237],[-73.84394,40.76199],[-73.84806,40.75935],[-73.84991,40.75851],[-73.85107,40.75825],[-73.85191,40.75824],[-73.85385,40.75848],[-73.85452,40.7585],[-73.85543,40.75844],[-73.85876,40.758],[-73.86542,40.75774],[-73.90982,40.75307],[-73.91074,40.75309],[-73.91563,40.75391],[-73.91753,40.75396],[-73.9188,40.75376],[-73.92586,40.75216],[-73.9319,40.75207],[-73.93277,40.75196],[-73.93381,40.75165],[-73.93461,40.75111],[-73.9368,40.74917],[-73.94244,40.74715],[-73.94211,40.74676]]}},{"type":"Feature","properties":{"route":"Q64","routeId":"Q64","short":"Q64","color":"#FAA61A","longName":"Electchester - Forest Hills","kind":"local"},"geometry":{"type":"LineString","coordinates":[[-73.84461,40.72199],[-73.84704,40.72305],[-73.84481,40.72365],[-73.83695,40.72601],[-73.83646,40.72623],[-73.83525,40.72712],[-73.83291,40.72786],[-73.83183,40.72805],[-73.83093,40.72795],[-73.83025,40.72802],[-73.82758,40.72889],[-73.82455,40.72971],[-73.81757,40.7318],[-73.81619,40.73202],[-73.81499,40.73207],[-73.81468,40.73201],[-73.81361,40.73202],[-73.81139,40.73231],[-73.81084,40.73231],[-73.81098,40.73052],[-73.81091,40.73033],[-73.80508,40.73049],[-73.80499,40.73176],[-73.80531,40.73178]]}},{"type":"Feature","properties":{"route":"Q65","routeId":"Q65","short":"Q65","color":"#FAA61A","longName":"Flushing - Jamaica","kind":"local"},"geometry":{"type":"LineString","coordinates":[[-73.807,40.69916],[-73.80693,40.69903],[-73.80353,40.70032],[-73.80389,40.70101],[-73.80279,40.70133],[-73.80266,40.70183],[-73.79992,40.70248],[-73.8002,40.70338],[-73.80276,40.7077],[-73.79895,40.70879],[-73.80279,40.71505],[-73.80442,40.72147],[-73.8051,40.72802],[-73.80515,40.72912],[-73.80425,40.74387],[-73.80417,40.7443],[-73.80276,40.74775],[-73.80271,40.74817],[-73.80292,40.75047],[-73.80374,40.75152],[-73.8041,40.75228],[-73.80441,40.75375],[-73.80488,40.75379],[-73.804,40.7603],[-73.80952,40.76133],[-73.81109,40.76144],[-73.82709,40.75718],[-73.82959,40.75859],[-73.83047,40.76026],[-73.83022,40.76026],[-73.82912,40.76055],[-73.82966,40.76192],[-73.83112,40.76158],[-73.8308,40.76095]]}},{"type":"Feature","properties":{"route":"Q66","routeId":"Q66","short":"Q66","color":"#FAA61A","longName":"Flushing - Long Island City","kind":"local"},"geometry":{"type":"LineString","coordinates":[[-73.93944,40.74935],[-73.93968,40.74901],[-73.94282,40.75067],[-73.9419,40.7517],[-73.94383,40.75257],[-73.93539,40.76139],[-73.92051,40.75442],[-73.92147,40.75326],[-73.92148,40.75304],[-73.91829,40.75376],[-73.91684,40.75389],[-73.91546,40.75377],[-73.91063,40.75296],[-73.90975,40.75297],[-73.86566,40.75761],[-73.85854,40.75789],[-73.85507,40.75836],[-73.85456,40.75833],[-73.85425,40.75822],[-73.85327,40.75767],[-73.85283,40.75756],[-73.85241,40.75756],[-73.85004,40.7582],[-73.84853,40.75882],[-73.84789,40.75916],[-73.84586,40.76052],[-73.84372,40.76177],[-73.8425,40.76221],[-73.84074,40.76248],[-73.83776,40.76256],[-73.83573,40.76274],[-73.8336,40.76267],[-73.83191,40.76286],[-73.83112,40.76158],[-73.83047,40.76026],[-73.83094,40.76016]]}},{"type":"Feature","properties":{"route":"Q67","routeId":"Q67","short":"Q67","color":"#FAA61A","longName":"Long Island City - Maspeth","kind":"local"},"geometry":{"type":"LineString","coordinates":[[-73.9436,40.74663],[-73.94853,40.74464],[-73.94922,40.74251],[-73.9423,40.74117],[-73.943,40.73909],[-73.94095,40.73869],[-73.93776,40.73789],[-73.9359,40.73763],[-73.9288,40.73627],[-73.92737,40.73606],[-73.92589,40.73573],[-73.9249,40.73538],[-73.92444,40.73513],[-73.92411,40.73477],[-73.92426,40.73433],[-73.92554,40.73254],[-73.92451,40.73224],[-73.92442,40.73244],[-73.92419,40.73258],[-73.92366,40.73271],[-73.92331,40.73271],[-73.91986,40.73191],[-73.91922,40.73145],[-73.91933,40.73114],[-73.91897,40.73032],[-73.91952,40.72881],[-73.9151,40.72796],[-73.91212,40.72758],[-73.91202,40.72916],[-73.91182,40.72974],[-73.91072,40.72934],[-73.9074,40.72719],[-73.90529,40.72885],[-73.90422,40.73011],[-73.90262,40.72933],[-73.90149,40.72866],[-73.90122,40.72862],[-73.90077,40.72868],[-73.90024,40.72899],[-73.90034,40.72692],[-73.90048,40.72662],[-73.89945,40.72539],[-73.89469,40.72499],[-73.89398,40.72299],[-73.89063,40.71881],[-73.88813,40.71609],[-73.88729,40.71502],[-73.88635,40.71218],[-73.89768,40.71255],[-73.90145,40.71274]]}},{"type":"Feature","properties":{"route":"Q69","routeId":"Q69","short":"Q69","color":"#FAA61A","longName":"East Elmhurst - Long Island City","kind":"local"},"geometry":{"type":"LineString","coordinates":[[-73.93958,40.74917],[-73.93968,40.74901],[-73.94282,40.75067],[-73.9419,40.7517],[-73.94383,40.75257],[-73.93087,40.76608],[-73.92409,40.77457],[-73.91684,40.78048],[-73.89931,40.76815],[-73.89855,40.76803],[-73.8917,40.76875],[-73.89156,40.7687],[-73.88948,40.76893],[-73.8887,40.76887],[-73.8884,40.76875],[-73.88829,40.76856],[-73.88768,40.76648],[-73.88725,40.76533]]}},{"type":"Feature","properties":{"route":"Q70+","routeId":"Q70+","short":"Q70-SBS","color":"#006CB7","longName":"LaGuardia Link","kind":"sbs"},"geometry":{"type":"LineString","coordinates":[[-73.90213,40.74576],[-73.89051,40.74697],[-73.89044,40.74664],[-73.89079,40.74643],[-73.8958,40.74857],[-73.8969,40.7502],[-73.89711,40.75073],[-73.89753,40.75263],[-73.89878,40.75436],[-73.89881,40.75476],[-73.89919,40.75548],[-73.89969,40.75697],[-73.89973,40.75749],[-73.89963,40.75822],[-73.89929,40.75891],[-73.89647,40.76298],[-73.89621,40.76329],[-73.89521,40.76409],[-73.89491,40.76452],[-73.89463,40.76524],[-73.89446,40.76548],[-73.8941,40.76575],[-73.89344,40.76597],[-73.89051,40.76622],[-73.89035,40.7663],[-73.88791,40.76671],[-73.88567,40.76732],[-73.8835,40.76814],[-73.88255,40.76857],[-73.87949,40.77023],[-73.87895,40.77039],[-73.87829,40.77047],[-73.87681,40.77026],[-73.87596,40.77036],[-73.87592,40.77122],[-73.87614,40.77209],[-73.87527,40.7722],[-73.87346,40.77214],[-73.87127,40.77184],[-73.87074,40.77173],[-73.86958,40.77131],[-73.86884,40.77097],[-73.8668,40.76971],[-73.8642,40.76761],[-73.86321,40.76722],[-73.8628,40.76714],[-73.86172,40.76724],[-73.86136,40.76742],[-73.86131,40.76764],[-73.86149,40.7678],[-73.86266,40.76768],[-73.8639,40.76852],[-73.86383,40.7692],[-73.86402,40.76941],[-73.86409,40.76982],[-73.8644,40.77003],[-73.86438,40.77016],[-73.86643,40.77157],[-73.86755,40.77063],[-73.8702,40.77214],[-73.87254,40.77281],[-73.87293,40.77284],[-73.87632,40.77223],[-73.87678,40.77195],[-73.87786,40.77147],[-73.88009,40.77012],[-73.88283,40.76864],[-73.88471,40.76786],[-73.88684,40.76718],[-73.88874,40.76671],[-73.89047,40.76654],[-73.89159,40.76645],[-73.8934,40.76659],[-73.89393,40.76646],[-73.89432,40.76618],[-73.89451,40.76594],[-73.89508,40.76441],[-73.89652,40.76314],[-73.89974,40.75851],[-73.90002,40.75755],[-73.89997,40.75655],[-73.89934,40.75499],[-73.89784,40.75276],[-73.89763,40.75205],[-73.8975,40.75058],[-73.89686,40.74903],[-73.89175,40.74685],[-73.89051,40.74697],[-73.89027,40.74533],[-73.88979,40.74328],[-73.89423,40.74257],[-73.8955,40.74269],[-73.89908,40.74352],[-73.90191,40.74446],[-73.90335,40.74486]]}},{"type":"Feature","properties":{"route":"Q72","routeId":"Q72","short":"Q72","color":"#FAA61A","longName":"LaGuardia Airport - Rego Park","kind":"local"},"geometry":{"type":"LineString","coordinates":[[-73.86284,40.73079],[-73.86583,40.73668],[-73.86754,40.74087],[-73.86749,40.74334],[-73.86858,40.74779],[-73.87084,40.75157],[-73.87449,40.75847],[-73.87637,40.76899],[-73.87606,40.76969],[-73.87592,40.77075],[-73.87592,40.77122],[-73.87614,40.77209],[-73.87496,40.77221],[-73.87346,40.77214],[-73.87087,40.77176],[-73.86921,40.77115],[-73.8668,40.76971],[-73.8642,40.76761],[-73.86321,40.76722],[-73.8628,40.76714],[-73.86237,40.76717],[-73.86172,40.76724],[-73.8614,40.76738],[-73.86129,40.76759],[-73.86149,40.7678],[-73.86266,40.76768],[-73.8639,40.76852],[-73.86383,40.7692],[-73.86402,40.76941],[-73.86409,40.76982],[-73.8644,40.77003],[-73.86438,40.77016],[-73.86454,40.77027]]}},{"type":"Feature","properties":{"route":"Q74","routeId":"Q74","short":"Q74","color":"#EE352E","longName":"Forest Hills - Qcc Ltd","kind":"limited"},"geometry":{"type":"LineString","coordinates":[[-73.84564,40.72243],[-73.84704,40.72305],[-73.84481,40.72365],[-73.83695,40.72601],[-73.83646,40.72623],[-73.83525,40.72712],[-73.83291,40.72786],[-73.83183,40.72805],[-73.83093,40.72795],[-73.83025,40.72802],[-73.82758,40.72889],[-73.82455,40.72971],[-73.81757,40.7318],[-73.81619,40.73202],[-73.81499,40.73207],[-73.81468,40.73201],[-73.81361,40.73202],[-73.81139,40.73231],[-73.81084,40.73231],[-73.80964,40.73223],[-73.80669,40.73175],[-73.80499,40.73166],[-73.80458,40.73813],[-73.79669,40.7379],[-73.78039,40.74232],[-73.7751,40.74309],[-73.77456,40.743],[-73.77379,40.74264],[-73.77276,40.74243],[-73.77143,40.74247],[-73.77032,40.74274],[-73.7697,40.74305],[-73.76932,40.7434],[-73.76907,40.74379],[-73.76858,40.74501],[-73.76816,40.74538],[-73.76067,40.74749],[-73.75795,40.74871],[-73.75669,40.7491],[-73.75756,40.75052],[-73.759,40.75219],[-73.75943,40.75242],[-73.75877,40.75316],[-73.75838,40.75337],[-73.75761,40.75361]]}},{"type":"Feature","properties":{"route":"Q75","routeId":"Q75","short":"Q75","color":"#00AEEF","longName":"Jamaica - QCC","kind":"local"},"geometry":{"type":"LineString","coordinates":[[-73.75694,40.75378],[-73.75679,40.75382],[-73.75612,40.75247],[-73.75531,40.7515],[-73.75736,40.75099],[-73.75782,40.75074],[-73.75737,40.75022],[-73.757,40.74955],[-73.75873,40.74899],[-73.76027,40.74819],[-73.76341,40.74723],[-73.77029,40.74536],[-73.7708,40.74528],[-73.77172,40.74552],[-73.77223,40.74549],[-73.77254,40.74532],[-73.77304,40.74469],[-73.77346,40.74448],[-73.77751,40.74335],[-73.78064,40.74281],[-73.7929,40.73945],[-73.79333,40.73269],[-73.79388,40.73168],[-73.79383,40.73087],[-73.79136,40.72493],[-73.79042,40.72348],[-73.79029,40.72088],[-73.79038,40.72007],[-73.79077,40.71906],[-73.79098,40.7188],[-73.79173,40.71831],[-73.79204,40.71793],[-73.79225,40.71742],[-73.79246,40.71619],[-73.7936,40.71409],[-73.79359,40.71337],[-73.79319,40.71255],[-73.79302,40.71197],[-73.79304,40.7107],[-73.79475,40.70999],[-73.7964,40.70951],[-73.79395,40.70587],[-73.80019,40.70335],[-73.80516,40.70194],[-73.80633,40.70179],[-73.80826,40.70176],[-73.813,40.70249],[-73.81148,40.69935],[-73.80916,40.70001],[-73.80793,40.70049]]}},{"type":"Feature","properties":{"route":"Q76","routeId":"Q76","short":"Q76","color":"#6CBE45","longName":"College Point - Jamaica","kind":"local"},"geometry":{"type":"LineString","coordinates":[[-73.79299,40.70765],[-73.79328,40.70755],[-73.79475,40.70999],[-73.79304,40.7107],[-73.7893,40.71201],[-73.78878,40.71205],[-73.78789,40.71179],[-73.78719,40.71181],[-73.77355,40.71511],[-73.76731,40.71728],[-73.76448,40.71889],[-73.76198,40.72],[-73.76009,40.72072],[-73.75942,40.72106],[-73.76034,40.72221],[-73.761,40.72271],[-73.76187,40.72324],[-73.76474,40.72471],[-73.76528,40.72517],[-73.77126,40.73351],[-73.77214,40.73497],[-73.77279,40.73631],[-73.77315,40.73712],[-73.77406,40.73978],[-73.77483,40.74161],[-73.78006,40.75256],[-73.78056,40.75348],[-73.78207,40.75535],[-73.78478,40.76067],[-73.78516,40.7616],[-73.78541,40.76262],[-73.78591,40.76314],[-73.78798,40.76423],[-73.78838,40.7646],[-73.79048,40.76741],[-73.79503,40.77259],[-73.7955,40.77299],[-73.79754,40.77415],[-73.79986,40.77672],[-73.80105,40.77814],[-73.80402,40.78262],[-73.80574,40.78532],[-73.80636,40.78645],[-73.80665,40.78676],[-73.81409,40.78757],[-73.81527,40.78793],[-73.81614,40.78829],[-73.82233,40.78684],[-73.8273,40.78662],[-73.83213,40.7861],[-73.83633,40.78628],[-73.83676,40.78623],[-73.8412,40.78516],[-73.84142,40.78528],[-73.84578,40.7854],[-73.84581,40.78418],[-73.84562,40.7842]]}},{"type":"Feature","properties":{"route":"Q77","routeId":"Q77","short":"Q77","color":"#FAA61A","longName":"Springfield Gardens - Jamaica","kind":"local"},"geometry":{"type":"LineString","coordinates":[[-73.79297,40.70766],[-73.79328,40.70755],[-73.79475,40.70999],[-73.79304,40.7107],[-73.7893,40.71201],[-73.78878,40.71205],[-73.78789,40.71179],[-73.78719,40.71181],[-73.77355,40.71511],[-73.76731,40.71728],[-73.76448,40.71889],[-73.76198,40.72],[-73.76009,40.72072],[-73.75942,40.72106],[-73.75376,40.71348],[-73.75121,40.70732],[-73.74487,40.69325],[-73.74687,40.69052],[-73.74863,40.68779],[-73.75019,40.68587],[-73.75111,40.68421],[-73.75214,40.68191],[-73.75433,40.67888],[-73.75529,40.67736],[-73.75559,40.67664],[-73.7559,40.67532],[-73.75642,40.67211],[-73.75642,40.66968],[-73.7567,40.66852],[-73.7573,40.66706],[-73.75798,40.6659],[-73.75814,40.66564],[-73.75836,40.66553],[-73.75933,40.66379],[-73.76027,40.66247],[-73.76086,40.66146],[-73.76112,40.65942],[-73.76263,40.6595],[-73.76364,40.65971],[-73.76796,40.66029],[-73.76797,40.66037],[-73.77095,40.66116],[-73.77106,40.66096],[-73.7716,40.66053],[-73.77365,40.65977]]}},{"type":"Feature","properties":{"route":"Q80","routeId":"Q80","short":"Q80","color":"#EE352E","longName":"Jfk Airtrain - Kew Gardens Via Lefferts","kind":"local"},"geometry":{"type":"LineString","coordinates":[[-73.83033,40.7136],[-73.83038,40.71365],[-73.83264,40.71219],[-73.83242,40.7121],[-73.83113,40.71091],[-73.83029,40.70992],[-73.82968,40.70938],[-73.8306,40.70876],[-73.83093,40.70798],[-73.8316,40.70717],[-73.83182,40.70662],[-73.83174,40.7057],[-73.83196,40.70539],[-73.83271,40.70489],[-73.83283,40.70466],[-73.83282,40.7044],[-73.83092,40.70003],[-73.8192,40.67611],[-73.81939,40.6753],[-73.82377,40.66147],[-73.82524,40.6618],[-73.82513,40.66208],[-73.82462,40.66196]]}},{"type":"Feature","properties":{"route":"Q82","routeId":"Q82","short":"Q82","color":"#FAA61A","longName":"Jamaica - Belmont Park","kind":"local"},"geometry":{"type":"LineString","coordinates":[[-73.79294,40.70767],[-73.79328,40.70755],[-73.79475,40.70999],[-73.79243,40.71093],[-73.7893,40.71201],[-73.78878,40.71205],[-73.78789,40.71179],[-73.78719,40.71181],[-73.77355,40.71511],[-73.76731,40.71728],[-73.76448,40.71889],[-73.76198,40.72],[-73.75969,40.7209],[-73.75577,40.72362],[-73.75336,40.72514],[-73.75187,40.72398],[-73.74831,40.72091],[-73.74563,40.71596],[-73.74369,40.71557],[-73.73579,40.71327],[-73.72941,40.71163],[-73.72669,40.71062],[-73.72646,40.71027],[-73.7265,40.71012],[-73.72665,40.71001],[-73.72695,40.71001],[-73.72715,40.71014],[-73.72794,40.71189],[-73.72797,40.71228],[-73.72831,40.71314]]}},{"type":"Feature","properties":{"route":"Q83","routeId":"Q83","short":"Q83","color":"#6CBE45","longName":"Cambria Heights - Jamaica","kind":"local"},"geometry":{"type":"LineString","coordinates":[[-73.80397,40.70607],[-73.8045,40.70721],[-73.80657,40.70662],[-73.80417,40.70147],[-73.80132,40.70209],[-73.79992,40.70247],[-73.79827,40.70274],[-73.7962,40.70324],[-73.79462,40.70366],[-73.79378,40.70403],[-73.79238,40.70211],[-73.79199,40.70219],[-73.79127,40.70217],[-73.78998,40.7028],[-73.78969,40.70304],[-73.78597,40.70418],[-73.7829,40.70534],[-73.78208,40.70548],[-73.78001,40.70539],[-73.77827,40.70561],[-73.77736,40.70561],[-73.77279,40.7048],[-73.77087,40.70439],[-73.76726,40.70338],[-73.76361,40.70011],[-73.763,40.69934],[-73.76229,40.69801],[-73.74384,40.70278],[-73.74344,40.70249],[-73.74109,40.70177],[-73.741,40.70195],[-73.73045,40.70164],[-73.73042,40.70211]]}},{"type":"Feature","properties":{"route":"Q84","routeId":"Q84","short":"Q84","color":"#B933AD","longName":"Laurelton - Jamaica","kind":"local"},"geometry":{"type":"LineString","coordinates":[[-73.8017,40.70201],[-73.80417,40.70147],[-73.80397,40.70105],[-73.80262,40.70146],[-73.80258,40.70182],[-73.79992,40.70247],[-73.79827,40.70274],[-73.79462,40.70366],[-73.79282,40.70443],[-73.79121,40.70234],[-73.78726,40.69858],[-73.78668,40.69821],[-73.78478,40.69742],[-73.78352,40.69655],[-73.78284,40.69598],[-73.78075,40.69353],[-73.77668,40.68832],[-73.77571,40.68754],[-73.77244,40.68523],[-73.76975,40.6837],[-73.76967,40.68433],[-73.76117,40.68643],[-73.74897,40.6909],[-73.7473,40.69149],[-73.74697,40.69147],[-73.72699,40.68545],[-73.72873,40.68192],[-73.72948,40.68005],[-73.72992,40.67974]]}},{"type":"Feature","properties":{"route":"Q85","routeId":"Q85","short":"Q85","color":"#EE352E","longName":"Rosedale - Jamaica","kind":"local"},"geometry":{"type":"LineString","coordinates":[[-73.80295,40.70136],[-73.80262,40.70146],[-73.80258,40.70182],[-73.79992,40.70247],[-73.79827,40.70274],[-73.79462,40.70366],[-73.79282,40.70443],[-73.79121,40.70234],[-73.78726,40.69858],[-73.78668,40.69821],[-73.78478,40.69742],[-73.78352,40.69655],[-73.78284,40.69598],[-73.78075,40.69353],[-73.77668,40.68832],[-73.77571,40.68754],[-73.77244,40.68523],[-73.76975,40.6837],[-73.77031,40.68296],[-73.77171,40.68197],[-73.77223,40.68151],[-73.77466,40.6805],[-73.7638,40.67374],[-73.76417,40.6723],[-73.76454,40.67151],[-73.7585,40.67266],[-73.75636,40.67242],[-73.75647,40.67147],[-73.75642,40.66968],[-73.7567,40.66852],[-73.7573,40.66706],[-73.75814,40.66564],[-73.7569,40.66552],[-73.74754,40.66549],[-73.74025,40.66526],[-73.73564,40.6653],[-73.74155,40.65736],[-73.74298,40.65724],[-73.74427,40.65894],[-73.74494,40.65815],[-73.74503,40.65764],[-73.74499,40.65738],[-73.74298,40.65724],[-73.74155,40.65736],[-73.74134,40.65769]]}},{"type":"Feature","properties":{"route":"Q86","routeId":"Q86","short":"Q86","color":"#B933AD","longName":"Rosedale - Jamaica","kind":"local"},"geometry":{"type":"LineString","coordinates":[[-73.73686,40.6529],[-73.73686,40.653],[-73.73895,40.65302],[-73.74015,40.65251],[-73.74655,40.65255],[-73.7465,40.65313],[-73.74631,40.65357],[-73.74483,40.65568],[-73.74499,40.65738],[-73.74298,40.65724],[-73.74155,40.65736],[-73.73659,40.66394],[-73.73618,40.66348],[-73.73453,40.66435],[-73.73736,40.66759],[-73.73511,40.6715],[-73.73349,40.67362],[-73.73432,40.67376],[-73.73502,40.67402],[-73.73654,40.67484],[-73.73692,40.67497],[-73.74559,40.67793],[-73.75226,40.68003],[-73.75349,40.6802],[-73.75522,40.68027],[-73.75598,40.68008],[-73.75868,40.67905],[-73.75952,40.67898],[-73.76021,40.67909],[-73.76709,40.6824],[-73.77116,40.68458],[-73.77308,40.68581],[-73.77572,40.68768],[-73.77656,40.68837],[-73.77714,40.68901],[-73.78087,40.69386],[-73.78253,40.69582],[-73.78306,40.69633],[-73.78481,40.69757],[-73.78621,40.6981],[-73.78705,40.69856],[-73.7895,40.70084],[-73.79052,40.70191],[-73.79066,40.70317],[-73.79166,40.70484],[-73.79282,40.70443],[-73.79462,40.70366],[-73.79827,40.70274],[-73.79992,40.70247],[-73.80132,40.70209],[-73.80417,40.70147],[-73.80397,40.70105],[-73.80313,40.70131]]}},{"type":"Feature","properties":{"route":"Q87","routeId":"Q87","short":"Q87","color":"#B933AD","longName":"Green Acres - Jamaica","kind":"local"},"geometry":{"type":"LineString","coordinates":[[-73.80295,40.70136],[-73.80262,40.70146],[-73.80258,40.70182],[-73.79992,40.70247],[-73.79827,40.70274],[-73.79462,40.70366],[-73.79282,40.70443],[-73.79121,40.70234],[-73.78726,40.69858],[-73.78668,40.69821],[-73.78478,40.69742],[-73.78352,40.69655],[-73.78284,40.69598],[-73.78075,40.69353],[-73.7774,40.68916],[-73.77644,40.68811],[-73.77244,40.68523],[-73.77119,40.6845],[-73.76721,40.68233],[-73.76047,40.67908],[-73.75963,40.67888],[-73.75879,40.67892],[-73.75597,40.67999],[-73.75515,40.68017],[-73.75455,40.68019],[-73.75246,40.67996],[-73.74563,40.67784],[-73.73692,40.67487],[-73.73508,40.67393],[-73.73409,40.6736],[-73.73312,40.67353],[-73.72955,40.67409],[-73.72751,40.67416],[-73.72805,40.67159],[-73.7297,40.6669],[-73.72986,40.66614],[-73.72986,40.66534],[-73.72163,40.66541],[-73.71997,40.6651],[-73.71332,40.66322],[-73.71386,40.66234],[-73.71425,40.66211],[-73.71462,40.66174],[-73.71505,40.66097],[-73.7154,40.66069],[-73.71568,40.6606],[-73.71792,40.66053],[-73.71848,40.66057],[-73.72142,40.66138]]}},{"type":"Feature","properties":{"route":"Q88","routeId":"Q88","short":"Q88","color":"#FAA61A","longName":"Elmhurst - Queens Village","kind":"local"},"geometry":{"type":"LineString","coordinates":[[-73.73577,40.71786],[-73.73537,40.71786],[-73.73528,40.71864],[-73.73572,40.71984],[-73.73691,40.72247],[-73.74547,40.73049],[-73.74556,40.73065],[-73.74629,40.73118],[-73.74657,40.73153],[-73.74673,40.73296],[-73.74666,40.73318],[-73.74591,40.73419],[-73.74651,40.73583],[-73.7499,40.73971],[-73.75028,40.73989],[-73.75141,40.74018],[-73.7535,40.74239],[-73.76173,40.7397],[-73.76593,40.73857],[-73.76859,40.73768],[-73.77033,40.73701],[-73.77863,40.73455],[-73.78302,40.73312],[-73.78364,40.73439],[-73.78378,40.73486],[-73.78374,40.73533],[-73.78415,40.73571],[-73.78554,40.73863],[-73.78558,40.73921],[-73.78603,40.73959],[-73.78683,40.74113],[-73.79462,40.73897],[-73.79718,40.73848],[-73.79906,40.73845],[-73.80696,40.73881],[-73.80806,40.73878],[-73.81321,40.73898],[-73.8151,40.7392],[-73.81588,40.73938],[-73.82598,40.74274],[-73.83596,40.74375],[-73.83705,40.74398],[-73.83829,40.74411],[-73.83877,40.74406],[-73.83917,40.74391],[-73.8416,40.74217],[-73.84695,40.73954],[-73.84813,40.73913],[-73.84902,40.7386],[-73.85211,40.73764],[-73.85514,40.73702],[-73.86012,40.7355],[-73.86462,40.73426],[-73.86582,40.73663],[-73.8697,40.7355],[-73.86953,40.73499]]}},{"type":"Feature","properties":{"route":"Q89","routeId":"Q89","short":"Q89","color":"#B933AD","longName":"Green Acres - Jamaica","kind":"local"},"geometry":{"type":"LineString","coordinates":[[-73.80295,40.70136],[-73.80262,40.70146],[-73.80258,40.70182],[-73.79992,40.70247],[-73.79827,40.70274],[-73.79462,40.70366],[-73.79282,40.70443],[-73.79121,40.70234],[-73.78726,40.69858],[-73.78668,40.69821],[-73.78478,40.69742],[-73.78352,40.69655],[-73.78284,40.69598],[-73.78075,40.69353],[-73.77668,40.68832],[-73.77571,40.68754],[-73.77244,40.68523],[-73.76975,40.6837],[-73.77031,40.68296],[-73.77171,40.68197],[-73.77223,40.68151],[-73.77466,40.6805],[-73.7638,40.67374],[-73.76417,40.6723],[-73.76454,40.67151],[-73.7585,40.67266],[-73.75636,40.67242],[-73.75647,40.67147],[-73.75642,40.66968],[-73.7567,40.66852],[-73.7573,40.66706],[-73.75814,40.66564],[-73.7569,40.66552],[-73.74754,40.66549],[-73.74025,40.66526],[-73.73647,40.66527],[-73.73303,40.66539],[-73.72819,40.66534],[-73.72208,40.66544],[-73.72093,40.66532],[-73.71997,40.6651],[-73.71332,40.66322],[-73.71386,40.66234],[-73.71425,40.66211],[-73.71462,40.66174],[-73.71505,40.66097],[-73.7154,40.66069],[-73.71568,40.6606],[-73.71792,40.66053],[-73.71848,40.66057],[-73.72142,40.66138]]}},{"type":"Feature","properties":{"route":"Q90","routeId":"Q90","short":"Q90","color":"#EE352E","longName":"Flushing - LaGuardia Airport","kind":"local"},"geometry":{"type":"LineString","coordinates":[[-73.87269,40.77299],[-73.87624,40.77239],[-73.87637,40.77229],[-73.87607,40.77114],[-73.87601,40.77033],[-73.87366,40.77064],[-73.87276,40.77089],[-73.87212,40.77088],[-73.87159,40.77074],[-73.86978,40.76962],[-73.86929,40.76904],[-73.86839,40.76876],[-73.86762,40.76837],[-73.86536,40.76706],[-73.86505,40.7668],[-73.86236,40.76399],[-73.86157,40.76264],[-73.85927,40.76007],[-73.85926,40.75989],[-73.85801,40.75965],[-73.85659,40.75923],[-73.8562,40.75899],[-73.8556,40.7583],[-73.855,40.75835],[-73.8545,40.75827],[-73.85322,40.75765],[-73.85273,40.75753],[-73.85235,40.75753],[-73.85146,40.75774],[-73.84941,40.75841],[-73.8485,40.75881],[-73.84644,40.75995],[-73.84614,40.76002],[-73.84595,40.75999],[-73.84549,40.75972],[-73.84323,40.75536],[-73.84137,40.75595],[-73.83736,40.75757],[-73.83425,40.75808],[-73.83372,40.75834],[-73.83014,40.75956],[-73.83043,40.76017],[-73.82812,40.76077],[-73.8279,40.76012],[-73.83014,40.75956],[-73.83135,40.75914]]}},{"type":"Feature","properties":{"route":"Q98","routeId":"Q98","short":"Q98","color":"#6CBE45","longName":"Ridgewood - Flushing","kind":"local"},"geometry":{"type":"LineString","coordinates":[[-73.82889,40.75659],[-73.83312,40.75465],[-73.83222,40.75176],[-73.83235,40.75156],[-73.83307,40.7484],[-73.83336,40.74796],[-73.83441,40.7473],[-73.83466,40.74704],[-73.83579,40.74507],[-73.83616,40.74472],[-73.83704,40.74421],[-73.83723,40.744],[-73.83829,40.74411],[-73.839,40.74399],[-73.84184,40.74204],[-73.84695,40.73954],[-73.84813,40.73913],[-73.84902,40.7386],[-73.85241,40.73756],[-73.85455,40.73716],[-73.85624,40.73672],[-73.85979,40.7356],[-73.86618,40.73373],[-73.86647,40.73372],[-73.86739,40.73404],[-73.86924,40.73329],[-73.87013,40.73366],[-73.87205,40.73422],[-73.87227,40.73473],[-73.87331,40.73442],[-73.87453,40.7348],[-73.87538,40.73527],[-73.87759,40.73677],[-73.87802,40.73641],[-73.88099,40.73562],[-73.88324,40.73408],[-73.88381,40.73356],[-73.88499,40.7316],[-73.88543,40.73103],[-73.88686,40.73039],[-73.88973,40.72966],[-73.89128,40.72826],[-73.89277,40.7275],[-73.89587,40.72561],[-73.90078,40.72309],[-73.90312,40.72162],[-73.90061,40.7127],[-73.89939,40.71032],[-73.89756,40.70775],[-73.89692,40.70648],[-73.89993,40.70577],[-73.90212,40.70514],[-73.90199,40.70482],[-73.90233,40.70458],[-73.90547,40.70148],[-73.90419,40.70073],[-73.90472,40.70042],[-73.90483,40.70028],[-73.90694,40.70004],[-73.90952,40.69747],[-73.91177,40.69876],[-73.91107,40.69954],[-73.91035,40.70015]]}},{"type":"Feature","properties":{"route":"QM1","routeId":"QM1","short":"QM1","color":"#00933C","longName":"Fresh Meadows - Midtown Express","kind":"express"},"geometry":{"type":"LineString","coordinates":[[-73.78638,40.74013],[-73.78612,40.73959],[-73.78615,40.73904],[-73.78574,40.73868],[-73.78548,40.73815],[-73.78436,40.73578],[-73.78432,40.7352],[-73.78414,40.735],[-73.78389,40.73499],[-73.78118,40.72929],[-73.78914,40.7267],[-73.79208,40.72581],[-73.80865,40.72013],[-73.81721,40.71773],[-73.8191,40.71739],[-73.821,40.71734],[-73.8237,40.7174],[-73.82691,40.71704],[-73.82779,40.71657],[-73.8281,40.71628],[-73.82848,40.71568],[-73.8291,40.71513],[-73.82965,40.71488],[-73.83119,40.71449],[-73.83488,40.71724],[-73.83637,40.71814],[-73.8479,40.72326],[-73.84881,40.72375],[-73.84975,40.72447],[-73.85108,40.72579],[-73.85219,40.72648],[-73.86499,40.73117],[-73.8658,40.73157],[-73.8682,40.73301],[-73.86851,40.73328],[-73.86851,40.73344],[-73.8683,40.73364],[-73.86749,40.73399],[-73.8673,40.734],[-73.86703,40.73376],[-73.86705,40.73357],[-73.8672,40.73342],[-73.86974,40.73264],[-73.86988,40.73248],[-73.87066,40.73211],[-73.87379,40.73111],[-73.87643,40.73038],[-73.87934,40.72922],[-73.88041,40.72889],[-73.88108,40.72878],[-73.88505,40.72847],[-73.88653,40.72814],[-73.8877,40.72767],[-73.8905,40.72611],[-73.89221,40.72556],[-73.89376,40.72538],[-73.89498,40.72542],[-73.90371,40.72626],[-73.90486,40.72651],[-73.90619,40.72703],[-73.90995,40.72927],[-73.91098,40.72975],[-73.91778,40.7316],[-73.91848,40.73186],[-73.91959,40.73243],[-73.92292,40.73485],[-73.92385,40.73534],[-73.92508,40.73582],[-73.92632,40.73615],[-73.93091,40.73706],[-73.93291,40.73736],[-73.93509,40.73778],[-73.93731,40.73807],[-73.93865,40.73836],[-73.93959,40.73865],[-73.94458,40.74073],[-73.94676,40.74124],[-73.94884,40.74164],[-73.94975,40.74175],[-73.95196,40.7416],[-73.95547,40.74165],[-73.96084,40.74284],[-73.96104,40.7429],[-73.96463,40.74576],[-73.96611,40.74679],[-73.96724,40.74737],[-73.96873,40.74798],[-73.96926,40.74806],[-73.96983,40.74795],[-73.9702,40.74761],[-73.97122,40.74635],[-73.97189,40.74603],[-73.97315,40.74592],[-73.97464,40.74647],[-73.97588,40.74481],[-73.98774,40.74981],[-73.9772,40.76436],[-73.96825,40.76058]]}},{"type":"Feature","properties":{"route":"QM10","routeId":"QM10","short":"QM10","color":"#00933C","longName":"Lefrak City - Midtown Express","kind":"express"},"geometry":{"type":"LineString","coordinates":[[-73.97862,40.74597],[-73.98774,40.74981],[-73.9772,40.76436],[-73.96761,40.76032],[-73.96712,40.761],[-73.96657,40.76158],[-73.96357,40.76031],[-73.9634,40.76051],[-73.96318,40.76053],[-73.95082,40.75524],[-73.94303,40.75173],[-73.94286,40.7516],[-73.94285,40.75144],[-73.94347,40.75074],[-73.94345,40.75046],[-73.94211,40.74965],[-73.94165,40.74924],[-73.94076,40.74786],[-73.93993,40.74578],[-73.93764,40.74527],[-73.9336,40.74479],[-73.93463,40.73944],[-73.93499,40.73776],[-73.93515,40.73752],[-73.92734,40.73606],[-73.92436,40.7353],[-73.92265,40.73442],[-73.92104,40.73322],[-73.91903,40.73197],[-73.91809,40.73158],[-73.91577,40.73088],[-73.91162,40.72984],[-73.91099,40.72962],[-73.90987,40.72907],[-73.90831,40.7281],[-73.90632,40.72701],[-73.90444,40.72631],[-73.90267,40.72598],[-73.89532,40.7253],[-73.89405,40.72523],[-73.8926,40.72534],[-73.8915,40.72558],[-73.89064,40.72586],[-73.88979,40.72626],[-73.88736,40.72767],[-73.88625,40.72808],[-73.88063,40.72855],[-73.87977,40.72873],[-73.87654,40.73002],[-73.87357,40.73094],[-73.87211,40.7312],[-73.87147,40.73113],[-73.87125,40.73166],[-73.86837,40.73257],[-73.8659,40.73135],[-73.86236,40.73009],[-73.86219,40.73031],[-73.85833,40.7323],[-73.85755,40.73246],[-73.85495,40.73282],[-73.8503,40.73433],[-73.85199,40.73774],[-73.85275,40.73752],[-73.85517,40.73706],[-73.85882,40.73598],[-73.86009,40.73839],[-73.86583,40.73668],[-73.86576,40.73654]]}},{"type":"Feature","properties":{"route":"QM11","routeId":"QM11","short":"QM11","color":"#00933C","longName":"Forest Hills - Downtown Express","kind":"express"},"geometry":{"type":"LineString","coordinates":[[-73.83984,40.71986],[-73.84832,40.72364],[-73.84943,40.72437],[-73.85076,40.72572],[-73.85151,40.72626],[-73.8521,40.72658],[-73.86219,40.73031],[-73.85833,40.7323],[-73.85755,40.73246],[-73.85495,40.73282],[-73.8503,40.73433],[-73.85199,40.73774],[-73.85275,40.73752],[-73.85517,40.73706],[-73.85882,40.73598],[-73.86009,40.73839],[-73.87311,40.73453],[-73.87401,40.73421],[-73.87345,40.73362],[-73.8729,40.73337],[-73.87105,40.73322],[-73.87071,40.73312],[-73.87103,40.73259],[-73.87132,40.73247],[-73.87223,40.73251],[-73.87244,40.73244],[-73.87341,40.73151],[-73.87404,40.73121],[-73.87606,40.73067],[-73.87953,40.72932],[-73.88053,40.72904],[-73.88145,40.72889],[-73.8855,40.72855],[-73.88645,40.72832],[-73.8873,40.72801],[-73.88817,40.72754],[-73.88863,40.72725],[-73.88871,40.72709],[-73.88994,40.72638],[-73.89076,40.726],[-73.89173,40.72567],[-73.89333,40.7254],[-73.89498,40.72542],[-73.90339,40.72622],[-73.90424,40.72635],[-73.90523,40.72663],[-73.90619,40.72703],[-73.90995,40.72927],[-73.91098,40.72975],[-73.91778,40.7316],[-73.91875,40.73199],[-73.92004,40.73274],[-73.92292,40.73485],[-73.92385,40.73534],[-73.92508,40.73582],[-73.92632,40.73615],[-73.93091,40.73706],[-73.93291,40.73736],[-73.93509,40.73778],[-73.93731,40.73807],[-73.93865,40.73836],[-73.93959,40.73865],[-73.94458,40.74073],[-73.94676,40.74124],[-73.94884,40.74164],[-73.94975,40.74175],[-73.95196,40.7416],[-73.95547,40.74165],[-73.95884,40.74235],[-73.96097,40.74288],[-73.96463,40.74576],[-73.96611,40.74679],[-73.96825,40.74783],[-73.96894,40.74803],[-73.96945,40.74805],[-73.96983,40.74795],[-73.97001,40.7478],[-73.97122,40.74635],[-73.97189,40.74603],[-73.97263,40.74592],[-73.9733,40.74595],[-73.97559,40.74685],[-73.97589,40.74688],[-73.97632,40.74666],[-73.97736,40.74543],[-73.97224,40.74328],[-73.97273,40.74202],[-73.97308,40.73977],[-73.97328,40.73918],[-73.97484,40.7369],[-73.97502,40.73635],[-73.97504,40.73584],[-73.97399,40.73158],[-73.97341,40.73079],[-73.97265,40.73018],[-73.97224,40.72975],[-73.9719,40.72918],[-73.9718,40.72863],[-73.97191,40.7273],[-73.97216,40.72624],[-73.97426,40.72277],[-73.97458,40.72197],[-73.975,40.71857],[-73.97528,40.71746],[-73.97554,40.7168],[-73.97668,40.71457],[-73.978,40.71216],[-73.97839,40.71176],[-73.97903,40.71137],[-73.9796,40.71113],[-73.98036,40.71097],[-73.98476,40.71063],[-73.99053,40.70995],[-73.99755,40.70894],[-73.99909,40.70852],[-73.99944,40.70855],[-73.9996,40.70864],[-74.00062,40.70988],[-74.0011,40.71023],[-74.00163,40.70952],[-74.0034,40.70813],[-74.00406,40.70747],[-74.00507,40.70689],[-74.00736,40.70521],[-74.01019,40.70332],[-74.01229,40.70278],[-74.01285,40.70244],[-74.01376,40.70243],[-74.01421,40.7027],[-74.01444,40.70324],[-74.01442,40.70376],[-74.01424,40.70452],[-74.01448,40.70474],[-74.01493,40.70483],[-74.01446,40.70595],[-74.01431,40.70623],[-74.01382,40.70656],[-74.01336,40.70717],[-74.01077,40.71101],[-74.01014,40.71208],[-74.00862,40.71139],[-74.00802,40.71145],[-74.00607,40.71196],[-74.00518,40.71203],[-74.00341,40.71087],[-74.00175,40.70955]]}},{"type":"Feature","properties":{"route":"QM12","routeId":"QM12","short":"QM12","color":"#00933C","longName":"Forest Hills - Midtown Express","kind":"express"},"geometry":{"type":"LineString","coordinates":[[-73.85121,40.71055],[-73.85965,40.71186],[-73.85953,40.71367],[-73.85615,40.71905],[-73.85519,40.72109],[-73.85491,40.72146],[-73.85223,40.72256],[-73.8517,40.72263],[-73.84946,40.72264],[-73.84802,40.72284],[-73.84695,40.72308],[-73.84657,40.72357],[-73.84655,40.72394],[-73.84667,40.72433],[-73.84809,40.72576],[-73.84889,40.72704],[-73.84913,40.72775],[-73.84936,40.72909],[-73.85028,40.72971],[-73.85065,40.73007],[-73.85325,40.73501],[-73.86371,40.7319],[-73.86411,40.73163],[-73.86448,40.73113],[-73.86607,40.73172],[-73.86889,40.73324],[-73.87036,40.73375],[-73.87103,40.73259],[-73.87132,40.73247],[-73.87223,40.73251],[-73.87244,40.73244],[-73.87341,40.73151],[-73.87404,40.73121],[-73.87606,40.73067],[-73.87953,40.72932],[-73.88053,40.72904],[-73.88145,40.72889],[-73.8855,40.72855],[-73.88645,40.72832],[-73.88773,40.72779],[-73.88863,40.72725],[-73.88871,40.72709],[-73.8905,40.72611],[-73.89173,40.72567],[-73.89259,40.72549],[-73.89376,40.72538],[-73.89498,40.72542],[-73.90245,40.72612],[-73.90424,40.72635],[-73.90523,40.72663],[-73.90619,40.72703],[-73.90995,40.72927],[-73.91098,40.72975],[-73.91778,40.7316],[-73.91875,40.73199],[-73.92004,40.73274],[-73.92292,40.73485],[-73.92385,40.73534],[-73.92508,40.73582],[-73.92632,40.73615],[-73.93091,40.73706],[-73.93291,40.73736],[-73.93509,40.73778],[-73.93731,40.73807],[-73.93865,40.73836],[-73.93959,40.73865],[-73.94458,40.74073],[-73.94676,40.74124],[-73.94884,40.74164],[-73.94975,40.74175],[-73.95196,40.7416],[-73.95547,40.74165],[-73.96084,40.74284],[-73.96104,40.7429],[-73.96463,40.74576],[-73.96611,40.74679],[-73.96724,40.74737],[-73.96873,40.74798],[-73.96926,40.74806],[-73.96983,40.74795],[-73.9702,40.74761],[-73.97122,40.74635],[-73.97189,40.74603],[-73.97315,40.74592],[-73.97464,40.74647],[-73.97588,40.74481],[-73.98774,40.74981],[-73.9772,40.76436],[-73.96818,40.76055]]}},{"type":"Feature","properties":{"route":"QM15","routeId":"QM15","short":"QM15","color":"#00933C","longName":"Lindenwood - Midtown Express","kind":"express"},"geometry":{"type":"LineString","coordinates":[[-73.78475,40.59509],[-73.78704,40.59493],[-73.79145,40.59316],[-73.79943,40.59265],[-73.7997,40.59247],[-73.80082,40.59109],[-73.8011,40.59094],[-73.80138,40.5909],[-73.80106,40.58913],[-73.8043,40.58834],[-73.81306,40.58738],[-73.81389,40.58711],[-73.81669,40.58595],[-73.81716,40.58671],[-73.81741,40.5872],[-73.81747,40.58812],[-73.81878,40.58957],[-73.81911,40.59006],[-73.81948,40.59101],[-73.82076,40.59569],[-73.82094,40.59686],[-73.81899,40.60942],[-73.81897,40.61064],[-73.81921,40.61168],[-73.81968,40.61259],[-73.82018,40.61328],[-73.82367,40.61741],[-73.82498,40.61942],[-73.82559,40.62082],[-73.829,40.63271],[-73.82949,40.63402],[-73.83044,40.63576],[-73.83283,40.63894],[-73.83636,40.64562],[-73.84062,40.66257],[-73.84908,40.66134],[-73.84931,40.66237],[-73.84957,40.66258],[-73.84998,40.66275],[-73.84911,40.66322],[-73.84965,40.66402],[-73.84994,40.66466],[-73.84897,40.66486],[-73.84571,40.66629],[-73.84546,40.66643],[-73.84507,40.66685],[-73.84495,40.66718],[-73.84498,40.66753],[-73.84523,40.66788],[-73.84602,40.6683],[-73.84632,40.66958],[-73.84241,40.66838],[-73.84206,40.66837],[-73.84313,40.67234],[-73.84318,40.67333],[-73.8431,40.67463],[-73.84319,40.67524],[-73.84407,40.67821],[-73.84468,40.68144],[-73.84685,40.68596],[-73.84675,40.686],[-73.84695,40.68637],[-73.84739,40.68697],[-73.84825,40.68778],[-73.8491,40.68876],[-73.8499,40.68991],[-73.85,40.68989],[-73.85114,40.69186],[-73.8523,40.69418],[-73.85278,40.69617],[-73.85263,40.69761],[-73.85267,40.69831],[-73.85348,40.69959],[-73.85486,40.70105],[-73.85509,40.70143],[-73.85518,40.70193],[-73.85515,40.70311],[-73.85529,40.70352],[-73.85575,40.70408],[-73.8566,40.70466],[-73.85669,40.70461],[-73.85821,40.70568],[-73.85854,40.706],[-73.85903,40.70677],[-73.85918,40.70731],[-73.85963,40.71119],[-73.85953,40.71367],[-73.85971,40.71464],[-73.86035,40.7154],[-73.86348,40.71834],[-73.86889,40.72414],[-73.86936,40.72476],[-73.87028,40.72658],[-73.87087,40.72786],[-73.87132,40.72918],[-73.8715,40.73101],[-73.8714,40.73137],[-73.87073,40.73261],[-73.87016,40.73302],[-73.86994,40.73302],[-73.86977,40.73292],[-73.8697,40.73275],[-73.8698,40.73255],[-73.87066,40.73211],[-73.87379,40.73111],[-73.87643,40.73038],[-73.87978,40.72905],[-73.88108,40.72878],[-73.88527,40.72844],[-73.88653,40.72814],[-73.8877,40.72767],[-73.8905,40.72611],[-73.89221,40.72556],[-73.89376,40.72538],[-73.89498,40.72542],[-73.90371,40.72626],[-73.90486,40.72651],[-73.90619,40.72703],[-73.90995,40.72927],[-73.91098,40.72975],[-73.91778,40.7316],[-73.91848,40.73186],[-73.91959,40.73243],[-73.92292,40.73485],[-73.92385,40.73534],[-73.92508,40.73582],[-73.92632,40.73615],[-73.93091,40.73706],[-73.93291,40.73736],[-73.93509,40.73778],[-73.93731,40.73807],[-73.93865,40.73836],[-73.93959,40.73865],[-73.94458,40.74073],[-73.94676,40.74124],[-73.94884,40.74164],[-73.94975,40.74175],[-73.95196,40.7416],[-73.95547,40.74165],[-73.96084,40.74284],[-73.96104,40.7429],[-73.96463,40.74576],[-73.96611,40.74679],[-73.96724,40.74737],[-73.96873,40.74798],[-73.96926,40.74806],[-73.96983,40.74795],[-73.9702,40.74761],[-73.97122,40.74635],[-73.97189,40.74603],[-73.97263,40.74592],[-73.9733,40.74595],[-73.97559,40.74685],[-73.97589,40.74688],[-73.97632,40.74666],[-73.97736,40.74543],[-73.98774,40.74981],[-73.9772,40.76436],[-73.96796,40.76046]]}},{"type":"Feature","properties":{"route":"QM16","routeId":"QM16","short":"QM16","color":"#00933C","longName":"Neponsit - Midtown Express","kind":"express"},"geometry":{"type":"LineString","coordinates":[[-73.97877,40.74603],[-73.98774,40.74981],[-73.9772,40.76436],[-73.96451,40.759],[-73.96346,40.76048],[-73.96318,40.76053],[-73.95082,40.75524],[-73.94303,40.75173],[-73.94286,40.7516],[-73.94285,40.75144],[-73.94347,40.75074],[-73.94345,40.75046],[-73.94211,40.74965],[-73.94165,40.74924],[-73.94076,40.74786],[-73.93993,40.74578],[-73.93764,40.74527],[-73.9336,40.74479],[-73.93463,40.73944],[-73.93499,40.73776],[-73.93515,40.73752],[-73.92734,40.73606],[-73.92436,40.7353],[-73.92265,40.73442],[-73.92104,40.73322],[-73.91903,40.73197],[-73.91809,40.73158],[-73.91577,40.73088],[-73.91162,40.72984],[-73.91099,40.72962],[-73.90987,40.72907],[-73.90831,40.7281],[-73.90632,40.72701],[-73.90471,40.72639],[-73.90311,40.72603],[-73.89532,40.7253],[-73.89405,40.72523],[-73.8926,40.72534],[-73.8915,40.72558],[-73.89064,40.72586],[-73.88979,40.72626],[-73.88736,40.72767],[-73.88625,40.72808],[-73.88031,40.72859],[-73.87948,40.72882],[-73.87654,40.73002],[-73.87357,40.73094],[-73.87211,40.7312],[-73.87172,40.73116],[-73.87174,40.73076],[-73.87155,40.72947],[-73.8711,40.72789],[-73.86997,40.72539],[-73.86947,40.72449],[-73.86423,40.71882],[-73.86002,40.71474],[-73.85978,40.71399],[-73.85988,40.71134],[-73.85934,40.70738],[-73.85913,40.70662],[-73.85849,40.70576],[-73.8559,40.70398],[-73.85555,40.70364],[-73.85537,40.7032],[-73.85539,40.70194],[-73.85528,40.70132],[-73.85357,40.69934],[-73.85284,40.6982],[-73.85291,40.69616],[-73.85257,40.69445],[-73.85237,40.69388],[-73.84979,40.68929],[-73.84874,40.68795],[-73.84766,40.68694],[-73.84724,40.68642],[-73.84485,40.68155],[-73.8447,40.68003],[-73.84331,40.67479],[-73.8434,40.67301],[-73.84309,40.67129],[-73.84139,40.66499],[-73.8396,40.65751],[-73.83658,40.64573],[-73.83298,40.63891],[-73.83068,40.63585],[-73.8296,40.63389],[-73.82906,40.6324],[-73.82585,40.62111],[-73.82533,40.61972],[-73.82453,40.6183],[-73.82382,40.61733],[-73.82015,40.613],[-73.81929,40.61142],[-73.81913,40.61067],[-73.81912,40.60961],[-73.8211,40.59707],[-73.82109,40.59641],[-73.81933,40.58984],[-73.81907,40.58779],[-73.81892,40.5876],[-73.81805,40.5871],[-73.81718,40.58573],[-73.82252,40.58321],[-73.82306,40.58398],[-73.82968,40.58206],[-73.83009,40.58184],[-73.83076,40.58163],[-73.83713,40.57986],[-73.84382,40.57764],[-73.84634,40.57667],[-73.85653,40.57249],[-73.85758,40.57212],[-73.86484,40.56917],[-73.86546,40.56905],[-73.86595,40.56903],[-73.86652,40.56912],[-73.86702,40.5693],[-73.86769,40.56929],[-73.868,40.56909],[-73.86844,40.56831],[-73.86893,40.56785],[-73.86932,40.56764],[-73.87314,40.56631],[-73.873,40.56611],[-73.87266,40.56619]]}},{"type":"Feature","properties":{"route":"QM17","routeId":"QM17","short":"QM17","color":"#00933C","longName":"Far Rockaway - Midtown Express","kind":"express"},"geometry":{"type":"LineString","coordinates":[[-73.97877,40.74603],[-73.98774,40.74981],[-73.9772,40.76436],[-73.96451,40.759],[-73.96346,40.76048],[-73.96318,40.76053],[-73.95082,40.75524],[-73.94303,40.75173],[-73.94286,40.7516],[-73.94285,40.75144],[-73.94347,40.75074],[-73.94345,40.75046],[-73.94211,40.74965],[-73.94165,40.74924],[-73.94076,40.74786],[-73.93993,40.74578],[-73.93764,40.74527],[-73.9336,40.74479],[-73.93463,40.73944],[-73.93499,40.73776],[-73.93515,40.73752],[-73.92734,40.73606],[-73.92436,40.7353],[-73.92265,40.73442],[-73.92104,40.73322],[-73.91903,40.73197],[-73.91809,40.73158],[-73.91577,40.73088],[-73.91162,40.72984],[-73.91099,40.72962],[-73.90987,40.72907],[-73.90831,40.7281],[-73.90632,40.72701],[-73.90471,40.72639],[-73.90311,40.72603],[-73.89532,40.7253],[-73.89405,40.72523],[-73.8926,40.72534],[-73.8915,40.72558],[-73.89064,40.72586],[-73.88979,40.72626],[-73.88736,40.72767],[-73.88625,40.72808],[-73.88031,40.72859],[-73.87948,40.72882],[-73.87654,40.73002],[-73.87357,40.73094],[-73.87211,40.7312],[-73.87172,40.73116],[-73.87174,40.73076],[-73.87155,40.72947],[-73.8711,40.72789],[-73.86997,40.72539],[-73.86947,40.72449],[-73.86423,40.71882],[-73.86002,40.71474],[-73.85978,40.71399],[-73.85988,40.71134],[-73.85934,40.70738],[-73.85913,40.70662],[-73.85849,40.70576],[-73.8559,40.70398],[-73.85555,40.70364],[-73.85537,40.7032],[-73.85539,40.70194],[-73.85528,40.70132],[-73.85357,40.69934],[-73.85284,40.6982],[-73.85291,40.69616],[-73.85257,40.69445],[-73.85237,40.69388],[-73.84979,40.68929],[-73.84874,40.68795],[-73.84766,40.68694],[-73.84724,40.68642],[-73.84485,40.68155],[-73.8447,40.68003],[-73.84331,40.67479],[-73.8434,40.67301],[-73.84309,40.67129],[-73.84139,40.66499],[-73.8396,40.65751],[-73.83658,40.64573],[-73.83298,40.63891],[-73.83068,40.63585],[-73.8296,40.63389],[-73.82906,40.6324],[-73.82585,40.62111],[-73.82533,40.61972],[-73.82453,40.6183],[-73.82382,40.61733],[-73.82015,40.613],[-73.81929,40.61142],[-73.81913,40.61067],[-73.81912,40.60961],[-73.8211,40.59707],[-73.82109,40.59641],[-73.81933,40.58984],[-73.81907,40.58779],[-73.81892,40.5876],[-73.81805,40.5871],[-73.81718,40.58573],[-73.81389,40.58711],[-73.81306,40.58738],[-73.8043,40.58834],[-73.80088,40.58918],[-73.80106,40.59073],[-73.8009,40.59104],[-73.79949,40.59262],[-73.79907,40.59271],[-73.79145,40.59316],[-73.78697,40.59494],[-73.7745,40.59578],[-73.77233,40.59585],[-73.76755,40.59632],[-73.76658,40.59617],[-73.76557,40.59583],[-73.76494,40.59575],[-73.76171,40.59606],[-73.76059,40.59605],[-73.75961,40.59586],[-73.75809,40.59533],[-73.75602,40.59515],[-73.7532,40.59506],[-73.75319,40.59738],[-73.75149,40.60223],[-73.75241,40.60233],[-73.75417,40.60227],[-73.75389,40.60331]]}},{"type":"Feature","properties":{"route":"QM18","routeId":"QM18","short":"QM18","color":"#00933C","longName":"South Ozone Park - Midtown Express","kind":"express"},"geometry":{"type":"LineString","coordinates":[[-73.80991,40.66845],[-73.80987,40.66859],[-73.82089,40.67057],[-73.8192,40.67592],[-73.81922,40.67621],[-73.83092,40.70003],[-73.83284,40.70451],[-73.83263,40.70498],[-73.83196,40.70539],[-73.8318,40.70558],[-73.83172,40.70594],[-73.83181,40.70634],[-73.83176,40.70685],[-73.8316,40.70717],[-73.83093,40.70798],[-73.83055,40.70881],[-73.82772,40.71064],[-73.8281,40.71098],[-73.82535,40.71207],[-73.83059,40.71427],[-73.83162,40.71494],[-73.83453,40.71717],[-73.83707,40.71863],[-73.84832,40.72364],[-73.84943,40.72437],[-73.85076,40.72572],[-73.85151,40.72626],[-73.8521,40.72658],[-73.86575,40.73157],[-73.86621,40.7318],[-73.86842,40.73315],[-73.86851,40.73328],[-73.86851,40.73344],[-73.8683,40.73364],[-73.86749,40.73399],[-73.8673,40.734],[-73.86703,40.73376],[-73.86705,40.73357],[-73.8672,40.73342],[-73.86974,40.73264],[-73.86988,40.73248],[-73.87066,40.73211],[-73.87379,40.73111],[-73.87643,40.73038],[-73.87934,40.72922],[-73.88041,40.72889],[-73.88108,40.72878],[-73.88505,40.72847],[-73.88653,40.72814],[-73.8877,40.72767],[-73.8905,40.72611],[-73.89221,40.72556],[-73.89376,40.72538],[-73.89498,40.72542],[-73.90371,40.72626],[-73.90486,40.72651],[-73.90619,40.72703],[-73.90995,40.72927],[-73.91098,40.72975],[-73.91778,40.7316],[-73.91848,40.73186],[-73.91959,40.73243],[-73.92292,40.73485],[-73.92385,40.73534],[-73.92508,40.73582],[-73.92632,40.73615],[-73.93091,40.73706],[-73.93291,40.73736],[-73.93509,40.73778],[-73.93731,40.73807],[-73.93865,40.73836],[-73.93959,40.73865],[-73.94458,40.74073],[-73.94676,40.74124],[-73.94884,40.74164],[-73.94975,40.74175],[-73.95196,40.7416],[-73.95547,40.74165],[-73.96084,40.74284],[-73.96104,40.7429],[-73.96463,40.74576],[-73.96611,40.74679],[-73.96724,40.74737],[-73.96873,40.74798],[-73.96926,40.74806],[-73.96983,40.74795],[-73.9702,40.74761],[-73.97122,40.74635],[-73.97189,40.74603],[-73.97263,40.74592],[-73.9733,40.74595],[-73.97559,40.74685],[-73.97589,40.74688],[-73.97632,40.74666],[-73.97736,40.74543],[-73.98774,40.74981],[-73.9772,40.76436],[-73.96796,40.76046]]}},{"type":"Feature","properties":{"route":"QM2","routeId":"QM2","short":"QM2","color":"#00933C","longName":"Bay Terrace - Midtown Express","kind":"express"},"geometry":{"type":"LineString","coordinates":[[-73.7766,40.78255],[-73.77655,40.78249],[-73.77728,40.78213],[-73.77782,40.78176],[-73.77916,40.78053],[-73.77976,40.78019],[-73.78049,40.77989],[-73.78129,40.78052],[-73.78155,40.78084],[-73.78175,40.78131],[-73.78176,40.7816],[-73.78162,40.78211],[-73.78108,40.78254],[-73.77971,40.78312],[-73.77981,40.78334],[-73.78014,40.78362],[-73.78052,40.78382],[-73.78136,40.78407],[-73.78166,40.78431],[-73.78175,40.78481],[-73.78162,40.78542],[-73.78166,40.78596],[-73.78255,40.78737],[-73.78264,40.78772],[-73.7826,40.78812],[-73.78231,40.78873],[-73.78279,40.78885],[-73.78355,40.78891],[-73.78487,40.78882],[-73.78702,40.78892],[-73.78802,40.78883],[-73.78871,40.78863],[-73.78959,40.78825],[-73.7925,40.78693],[-73.79343,40.78637],[-73.79412,40.78613],[-73.79458,40.78601],[-73.79486,40.78606],[-73.79495,40.78617],[-73.79483,40.7865],[-73.79498,40.78667],[-73.79685,40.78632],[-73.79676,40.78726],[-73.79766,40.79087],[-73.79804,40.79198],[-73.79801,40.79219],[-73.79765,40.79287],[-73.79749,40.794],[-73.8014,40.79432],[-73.80245,40.78652],[-73.80389,40.78653],[-73.81025,40.78715],[-73.81403,40.7876],[-73.81615,40.78832],[-73.82234,40.78688],[-73.8213,40.78424],[-73.8213,40.78361],[-73.82144,40.7831],[-73.82181,40.78232],[-73.82269,40.78103],[-73.82291,40.78057],[-73.82383,40.7784],[-73.82434,40.77676],[-73.82461,40.77669],[-73.82549,40.7762],[-73.82586,40.77586],[-73.82627,40.77455],[-73.82648,40.77318],[-73.82782,40.77319],[-73.82794,40.77276],[-73.82835,40.7724],[-73.82878,40.77228],[-73.82957,40.77225],[-73.82957,40.77074],[-73.83011,40.77055],[-73.83122,40.76978],[-73.83163,40.76961],[-73.83257,40.76937],[-73.8335,40.77163],[-73.83551,40.77056],[-73.83752,40.76848],[-73.83822,40.76765],[-73.83959,40.76549],[-73.84072,40.76394],[-73.84157,40.76334],[-73.84386,40.76226],[-73.84479,40.76174],[-73.84885,40.75921],[-73.85035,40.75863],[-73.85108,40.75852],[-73.85208,40.75868],[-73.85346,40.75938],[-73.85371,40.75944],[-73.85428,40.75935],[-73.8546,40.75907],[-73.8546,40.75861],[-73.8538,40.75722],[-73.85341,40.75626],[-73.85296,40.75444],[-73.85249,40.75315],[-73.85072,40.74976],[-73.84867,40.747],[-73.84754,40.7451],[-73.84697,40.74388],[-73.8458,40.74014],[-73.8497,40.73818],[-73.85131,40.73761],[-73.85332,40.73712],[-73.85583,40.73665],[-73.86453,40.7341],[-73.8736,40.73117],[-73.87643,40.73038],[-73.87978,40.72905],[-73.88108,40.72878],[-73.88527,40.72844],[-73.88653,40.72814],[-73.8877,40.72767],[-73.8905,40.72611],[-73.89173,40.72567],[-73.89281,40.72546],[-73.89376,40.72538],[-73.89498,40.72542],[-73.90339,40.72622],[-73.90486,40.72651],[-73.90619,40.72703],[-73.90995,40.72927],[-73.91098,40.72975],[-73.91778,40.7316],[-73.91848,40.73186],[-73.91959,40.73243],[-73.92241,40.73452],[-73.92356,40.73521],[-73.92463,40.73567],[-73.92632,40.73615],[-73.93105,40.73709],[-73.93291,40.73736],[-73.93509,40.73778],[-73.93731,40.73807],[-73.93865,40.73836],[-73.93959,40.73865],[-73.94458,40.74073],[-73.94884,40.74164],[-73.94994,40.74176],[-73.95196,40.7416],[-73.95547,40.74165],[-73.95884,40.74235],[-73.96097,40.74288],[-73.96463,40.74576],[-73.96611,40.74679],[-73.96724,40.74737],[-73.96873,40.74798],[-73.96926,40.74806],[-73.96983,40.74795],[-73.9702,40.74761],[-73.97122,40.74635],[-73.97189,40.74603],[-73.97315,40.74592],[-73.97464,40.74647],[-73.97588,40.74481],[-73.98774,40.74981],[-73.9772,40.76436],[-73.96825,40.76058]]}},{"type":"Feature","properties":{"route":"QM20","routeId":"QM20","short":"QM20","color":"#00933C","longName":"Bay Terrace - Midtown Express","kind":"express"},"geometry":{"type":"LineString","coordinates":[[-73.78265,40.7789],[-73.78303,40.77864],[-73.78323,40.77816],[-73.78317,40.77754],[-73.7828,40.7767],[-73.78893,40.77493],[-73.7915,40.77432],[-73.79233,40.77403],[-73.79264,40.77407],[-73.79501,40.7859],[-73.79585,40.78557],[-73.79855,40.78367],[-73.80251,40.78026],[-73.80427,40.77937],[-73.80574,40.77885],[-73.81723,40.77654],[-73.81765,40.77641],[-73.82167,40.77689],[-73.82461,40.77669],[-73.82549,40.7762],[-73.82586,40.77586],[-73.82627,40.77455],[-73.82648,40.77318],[-73.82782,40.77319],[-73.82794,40.77276],[-73.82835,40.7724],[-73.82878,40.77228],[-73.82957,40.77225],[-73.82957,40.77074],[-73.83011,40.77055],[-73.83122,40.76978],[-73.83257,40.76937],[-73.8335,40.77163],[-73.83551,40.77056],[-73.83752,40.76848],[-73.83822,40.76765],[-73.84046,40.76423],[-73.841,40.76371],[-73.84157,40.76334],[-73.84411,40.76213],[-73.8482,40.75955],[-73.8499,40.75876],[-73.85081,40.75854],[-73.85157,40.75855],[-73.85234,40.75878],[-73.85346,40.75938],[-73.85381,40.75945],[-73.85428,40.75935],[-73.8546,40.75907],[-73.8546,40.75861],[-73.8538,40.75722],[-73.85341,40.75626],[-73.85296,40.75444],[-73.85249,40.75315],[-73.85072,40.74976],[-73.84867,40.747],[-73.84754,40.7451],[-73.84697,40.74388],[-73.8458,40.74014],[-73.8497,40.73818],[-73.85131,40.73761],[-73.85332,40.73712],[-73.85583,40.73665],[-73.86453,40.7341],[-73.8736,40.73117],[-73.87643,40.73038],[-73.87978,40.72905],[-73.88108,40.72878],[-73.88527,40.72844],[-73.88653,40.72814],[-73.8877,40.72767],[-73.88994,40.72638],[-73.89076,40.726],[-73.89193,40.72562],[-73.89333,40.7254],[-73.89498,40.72542],[-73.90245,40.72612],[-73.90385,40.72628],[-73.90523,40.72663],[-73.90619,40.72703],[-73.90995,40.72927],[-73.91098,40.72975],[-73.91778,40.7316],[-73.91848,40.73186],[-73.91959,40.73243],[-73.92241,40.73452],[-73.92356,40.73521],[-73.92463,40.73567],[-73.92632,40.73615],[-73.93105,40.73709],[-73.93291,40.73736],[-73.93509,40.73778],[-73.93731,40.73807],[-73.93865,40.73836],[-73.93959,40.73865],[-73.94458,40.74073],[-73.94884,40.74164],[-73.94994,40.74176],[-73.95196,40.7416],[-73.95547,40.74165],[-73.95884,40.74235],[-73.96097,40.74288],[-73.96463,40.74576],[-73.96611,40.74679],[-73.96724,40.74737],[-73.96873,40.74798],[-73.96926,40.74806],[-73.96983,40.74795],[-73.9702,40.74761],[-73.97122,40.74635],[-73.97189,40.74603],[-73.97315,40.74592],[-73.97464,40.74647],[-73.97588,40.74481],[-73.98774,40.74981],[-73.9772,40.76436],[-73.96825,40.76058]]}},{"type":"Feature","properties":{"route":"QM21","routeId":"QM21","short":"QM21","color":"#00933C","longName":"Rochdale Village - Midtown Exp.","kind":"express"},"geometry":{"type":"LineString","coordinates":[[-73.77303,40.67946],[-73.7656,40.67487],[-73.76573,40.6748],[-73.76522,40.67347],[-73.77372,40.67224],[-73.77428,40.67203],[-73.7745,40.67185],[-73.77456,40.67208],[-73.77856,40.67734],[-73.77976,40.67876],[-73.78583,40.68906],[-73.78744,40.68852],[-73.79042,40.68779],[-73.7932,40.68664],[-73.79511,40.68599],[-73.80519,40.68313],[-73.80547,40.68369],[-73.80728,40.68626],[-73.81228,40.69512],[-73.81427,40.69843],[-73.81552,40.70082],[-73.81749,40.70514],[-73.81906,40.70778],[-73.81927,40.70875],[-73.81928,40.7094],[-73.82111,40.71033],[-73.83119,40.71449],[-73.83488,40.71724],[-73.83637,40.71814],[-73.8479,40.72326],[-73.84881,40.72375],[-73.84975,40.72447],[-73.85108,40.72579],[-73.85219,40.72648],[-73.86499,40.73117],[-73.8658,40.73157],[-73.8682,40.73301],[-73.86851,40.73328],[-73.86851,40.73344],[-73.8683,40.73364],[-73.86749,40.73399],[-73.86723,40.73398],[-73.86709,40.73388],[-73.86703,40.73369],[-73.8672,40.73342],[-73.86974,40.73264],[-73.86988,40.73248],[-73.87066,40.73211],[-73.87379,40.73111],[-73.87643,40.73038],[-73.87978,40.72905],[-73.88108,40.72878],[-73.88432,40.72855],[-73.88561,40.72839],[-73.88653,40.72814],[-73.88741,40.72781],[-73.88994,40.72638],[-73.89139,40.72578],[-73.89221,40.72556],[-73.89333,40.7254],[-73.89498,40.72542],[-73.90339,40.72622],[-73.90424,40.72635],[-73.90523,40.72663],[-73.90619,40.72703],[-73.90995,40.72927],[-73.91098,40.72975],[-73.91778,40.7316],[-73.91875,40.73199],[-73.92004,40.73274],[-73.92292,40.73485],[-73.92385,40.73534],[-73.92508,40.73582],[-73.92632,40.73615],[-73.93091,40.73706],[-73.93291,40.73736],[-73.93509,40.73778],[-73.93731,40.73807],[-73.93865,40.73836],[-73.93959,40.73865],[-73.94458,40.74073],[-73.94676,40.74124],[-73.94884,40.74164],[-73.94975,40.74175],[-73.95196,40.7416],[-73.95547,40.74165],[-73.95884,40.74235],[-73.96097,40.74288],[-73.96463,40.74576],[-73.96611,40.74679],[-73.96825,40.74783],[-73.96894,40.74803],[-73.96945,40.74805],[-73.96983,40.74795],[-73.9702,40.74761],[-73.97122,40.74635],[-73.97168,40.74611],[-73.97223,40.74596],[-73.9733,40.74595],[-73.97571,40.74688],[-73.97603,40.74684],[-73.97632,40.74666],[-73.97736,40.74543],[-73.97588,40.74481],[-73.98089,40.73791],[-73.98798,40.7409],[-73.9798,40.75221],[-73.97646,40.75661],[-73.97234,40.76232],[-73.96796,40.76046]]}},{"type":"Feature","properties":{"route":"QM24","routeId":"QM24","short":"QM24","color":"#00933C","longName":"Glendale - Midtown Express","kind":"express"},"geometry":{"type":"LineString","coordinates":[[-73.87631,40.70234],[-73.89457,40.70082],[-73.89581,40.70424],[-73.89745,40.70758],[-73.89935,40.71035],[-73.90021,40.71192],[-73.90067,40.71287],[-73.90118,40.71466],[-73.89601,40.71709],[-73.89117,40.71949],[-73.87378,40.72755],[-73.87171,40.72907],[-73.87149,40.72919],[-73.87132,40.72918],[-73.87151,40.73076],[-73.8714,40.73137],[-73.87073,40.73261],[-73.87026,40.73298],[-73.87001,40.73303],[-73.86982,40.73297],[-73.8697,40.7328],[-73.8698,40.73255],[-73.87066,40.73211],[-73.87379,40.73111],[-73.87643,40.73038],[-73.87978,40.72905],[-73.88108,40.72878],[-73.88527,40.72844],[-73.88653,40.72814],[-73.8877,40.72767],[-73.8905,40.72611],[-73.89221,40.72556],[-73.89376,40.72538],[-73.89498,40.72542],[-73.90371,40.72626],[-73.90486,40.72651],[-73.90619,40.72703],[-73.90995,40.72927],[-73.91098,40.72975],[-73.91778,40.7316],[-73.91848,40.73186],[-73.91959,40.73243],[-73.92292,40.73485],[-73.92385,40.73534],[-73.92508,40.73582],[-73.92632,40.73615],[-73.93091,40.73706],[-73.93291,40.73736],[-73.93509,40.73778],[-73.93731,40.73807],[-73.93865,40.73836],[-73.93959,40.73865],[-73.94458,40.74073],[-73.94676,40.74124],[-73.94884,40.74164],[-73.94975,40.74175],[-73.95196,40.7416],[-73.95547,40.74165],[-73.96084,40.74284],[-73.96104,40.7429],[-73.96463,40.74576],[-73.96611,40.74679],[-73.96724,40.74737],[-73.96873,40.74798],[-73.96926,40.74806],[-73.96983,40.74795],[-73.9702,40.74761],[-73.97122,40.74635],[-73.97189,40.74603],[-73.97315,40.74592],[-73.97464,40.74647],[-73.97588,40.74481],[-73.98774,40.74981],[-73.9772,40.76436],[-73.96818,40.76055]]}},{"type":"Feature","properties":{"route":"QM25","routeId":"QM25","short":"QM25","color":"#00933C","longName":"Glendale - Downtown Express","kind":"express"},"geometry":{"type":"LineString","coordinates":[[-73.87631,40.70234],[-73.89457,40.70082],[-73.89581,40.70424],[-73.89745,40.70758],[-73.89935,40.71035],[-73.90021,40.71192],[-73.90067,40.71287],[-73.90118,40.71466],[-73.89601,40.71709],[-73.89117,40.71949],[-73.87378,40.72755],[-73.87171,40.72907],[-73.87149,40.72919],[-73.87132,40.72918],[-73.87151,40.73076],[-73.8714,40.73137],[-73.87073,40.73261],[-73.87026,40.73298],[-73.87001,40.73303],[-73.86982,40.73297],[-73.8697,40.7328],[-73.8698,40.73255],[-73.87066,40.73211],[-73.87379,40.73111],[-73.87643,40.73038],[-73.87978,40.72905],[-73.88108,40.72878],[-73.88527,40.72844],[-73.88653,40.72814],[-73.8877,40.72767],[-73.8905,40.72611],[-73.89221,40.72556],[-73.89376,40.72538],[-73.89498,40.72542],[-73.90385,40.72628],[-73.90486,40.72651],[-73.90619,40.72703],[-73.90995,40.72927],[-73.91098,40.72975],[-73.91778,40.7316],[-73.91848,40.73186],[-73.91959,40.73243],[-73.92292,40.73485],[-73.92463,40.73567],[-73.92632,40.73615],[-73.93091,40.73706],[-73.93291,40.73736],[-73.93509,40.73778],[-73.93731,40.73807],[-73.93865,40.73836],[-73.93959,40.73865],[-73.94458,40.74073],[-73.94676,40.74124],[-73.94884,40.74164],[-73.94975,40.74175],[-73.95196,40.7416],[-73.95547,40.74165],[-73.96084,40.74284],[-73.96104,40.7429],[-73.96463,40.74576],[-73.96611,40.74679],[-73.96825,40.74783],[-73.96916,40.74806],[-73.96983,40.74795],[-73.9702,40.74761],[-73.97122,40.74635],[-73.97189,40.74603],[-73.97263,40.74592],[-73.9733,40.74595],[-73.97559,40.74685],[-73.97589,40.74688],[-73.97632,40.74666],[-73.97736,40.74543],[-73.97224,40.74328],[-73.97273,40.74202],[-73.97308,40.73977],[-73.97328,40.73918],[-73.97484,40.7369],[-73.97502,40.73635],[-73.97504,40.73584],[-73.97399,40.73158],[-73.97341,40.73079],[-73.97265,40.73018],[-73.97224,40.72975],[-73.9719,40.72918],[-73.9718,40.72863],[-73.97191,40.7273],[-73.97216,40.72624],[-73.97426,40.72277],[-73.97458,40.72197],[-73.975,40.71857],[-73.97528,40.71746],[-73.97554,40.7168],[-73.97668,40.71457],[-73.978,40.71216],[-73.97839,40.71176],[-73.97903,40.71137],[-73.9796,40.71113],[-73.98036,40.71097],[-73.98476,40.71063],[-73.99053,40.70995],[-73.99755,40.70894],[-73.99909,40.70852],[-73.99944,40.70855],[-73.9996,40.70864],[-74.00062,40.70988],[-74.0011,40.71023],[-74.00163,40.70952],[-74.0034,40.70813],[-74.00406,40.70747],[-74.00507,40.70689],[-74.00736,40.70521],[-74.01019,40.70332],[-74.01229,40.70278],[-74.01285,40.70244],[-74.01376,40.70243],[-74.01421,40.7027],[-74.01444,40.70324],[-74.01442,40.70376],[-74.01424,40.70452],[-74.01448,40.70474],[-74.01493,40.70483],[-74.01446,40.70595],[-74.01431,40.70623],[-74.01382,40.70656],[-74.01336,40.70717],[-74.01077,40.71101],[-74.01014,40.71208],[-74.00862,40.71139],[-74.00802,40.71145],[-74.00607,40.71196],[-74.00518,40.71203],[-74.00341,40.71087],[-74.00175,40.70955]]}},{"type":"Feature","properties":{"route":"QM31","routeId":"QM31","short":"QM31","color":"#00933C","longName":"Fresh Meadows - Midtown Express","kind":"express"},"geometry":{"type":"LineString","coordinates":[[-73.78638,40.74013],[-73.78612,40.73959],[-73.78615,40.73904],[-73.78574,40.73868],[-73.78548,40.73815],[-73.78436,40.73578],[-73.78432,40.7352],[-73.78414,40.735],[-73.78389,40.73499],[-73.78118,40.72929],[-73.78914,40.7267],[-73.79208,40.72581],[-73.80865,40.72013],[-73.81721,40.71773],[-73.8191,40.71739],[-73.821,40.71734],[-73.8237,40.7174],[-73.82691,40.71704],[-73.82779,40.71657],[-73.8281,40.71628],[-73.82848,40.71568],[-73.8291,40.71513],[-73.82965,40.71488],[-73.83119,40.71449],[-73.83488,40.71724],[-73.83637,40.71814],[-73.8479,40.72326],[-73.84881,40.72375],[-73.84975,40.72447],[-73.85108,40.72579],[-73.85219,40.72648],[-73.86499,40.73117],[-73.8658,40.73157],[-73.8682,40.73301],[-73.86851,40.73328],[-73.86851,40.73344],[-73.8683,40.73364],[-73.86749,40.73399],[-73.8673,40.734],[-73.86703,40.73376],[-73.86705,40.73357],[-73.8672,40.73342],[-73.86974,40.73264],[-73.86988,40.73248],[-73.87066,40.73211],[-73.87379,40.73111],[-73.87643,40.73038],[-73.87934,40.72922],[-73.88041,40.72889],[-73.88108,40.72878],[-73.88505,40.72847],[-73.88653,40.72814],[-73.8877,40.72767],[-73.8905,40.72611],[-73.89221,40.72556],[-73.89376,40.72538],[-73.89498,40.72542],[-73.90339,40.72622],[-73.90451,40.72642],[-73.9057,40.72681],[-73.90769,40.72788],[-73.90995,40.72927],[-73.91098,40.72975],[-73.91778,40.7316],[-73.91848,40.73186],[-73.91959,40.73243],[-73.92292,40.73485],[-73.92385,40.73534],[-73.92508,40.73582],[-73.92632,40.73615],[-73.93091,40.73706],[-73.93291,40.73736],[-73.93509,40.73778],[-73.93731,40.73807],[-73.93865,40.73836],[-73.93959,40.73865],[-73.94458,40.74073],[-73.94676,40.74124],[-73.94884,40.74164],[-73.94975,40.74175],[-73.95196,40.7416],[-73.95547,40.74165],[-73.96084,40.74284],[-73.96104,40.7429],[-73.96463,40.74576],[-73.96611,40.74679],[-73.96825,40.74783],[-73.96894,40.74803],[-73.96945,40.74805],[-73.96983,40.74795],[-73.9702,40.74761],[-73.97105,40.74652],[-73.97142,40.74621],[-73.97223,40.74596],[-73.9733,40.74595],[-73.97583,40.74707],[-73.97588,40.74725],[-73.97541,40.74791],[-73.97627,40.74827],[-73.96841,40.75907]]}},{"type":"Feature","properties":{"route":"QM32","routeId":"QM32","short":"QM32","color":"#00933C","longName":"Bay Terrace - Midtown Express","kind":"express"},"geometry":{"type":"LineString","coordinates":[[-73.7766,40.78255],[-73.77655,40.78249],[-73.77728,40.78213],[-73.77782,40.78176],[-73.77916,40.78053],[-73.77976,40.78019],[-73.78049,40.77989],[-73.78129,40.78052],[-73.78155,40.78084],[-73.78175,40.78131],[-73.78176,40.7816],[-73.78162,40.78211],[-73.78108,40.78254],[-73.77971,40.78312],[-73.77981,40.78334],[-73.78014,40.78362],[-73.78052,40.78382],[-73.78136,40.78407],[-73.78166,40.78431],[-73.78175,40.78481],[-73.78162,40.78542],[-73.78166,40.78596],[-73.78255,40.78737],[-73.78264,40.78772],[-73.7826,40.78812],[-73.78231,40.78873],[-73.78279,40.78885],[-73.78355,40.78891],[-73.78487,40.78882],[-73.78702,40.78892],[-73.78802,40.78883],[-73.78871,40.78863],[-73.78959,40.78825],[-73.7925,40.78693],[-73.79343,40.78637],[-73.79412,40.78613],[-73.79458,40.78601],[-73.79486,40.78606],[-73.79495,40.78617],[-73.79483,40.7865],[-73.79498,40.78667],[-73.79685,40.78632],[-73.79676,40.78726],[-73.79766,40.79087],[-73.79804,40.79198],[-73.79801,40.79219],[-73.79765,40.79287],[-73.79749,40.794],[-73.8014,40.79432],[-73.80245,40.78652],[-73.80389,40.78653],[-73.81025,40.78715],[-73.81403,40.7876],[-73.81615,40.78832],[-73.82234,40.78688],[-73.82445,40.78676],[-73.82527,40.78319],[-73.82575,40.7816],[-73.82954,40.77501],[-73.8307,40.77365],[-73.83173,40.77276],[-73.8327,40.7721],[-73.83426,40.77119],[-73.83547,40.77058],[-73.83568,40.77039],[-73.83822,40.76765],[-73.83959,40.76549],[-73.84072,40.76394],[-73.84157,40.76334],[-73.84386,40.76226],[-73.84479,40.76174],[-73.8482,40.75955],[-73.84975,40.75881],[-73.85081,40.75854],[-73.85157,40.75855],[-73.85234,40.75878],[-73.85346,40.75938],[-73.85381,40.75945],[-73.85428,40.75935],[-73.8546,40.75907],[-73.8546,40.75861],[-73.8538,40.75722],[-73.85341,40.75626],[-73.85296,40.75444],[-73.85249,40.75315],[-73.85072,40.74976],[-73.84867,40.747],[-73.84754,40.7451],[-73.84697,40.74388],[-73.8458,40.74014],[-73.8497,40.73818],[-73.85131,40.73761],[-73.85332,40.73712],[-73.85583,40.73665],[-73.86453,40.7341],[-73.8736,40.73117],[-73.87643,40.73038],[-73.87978,40.72905],[-73.88108,40.72878],[-73.88527,40.72844],[-73.88653,40.72814],[-73.8877,40.72767],[-73.8905,40.72611],[-73.89173,40.72567],[-73.89281,40.72546],[-73.89376,40.72538],[-73.89498,40.72542],[-73.90339,40.72622],[-73.90486,40.72651],[-73.90619,40.72703],[-73.90995,40.72927],[-73.91098,40.72975],[-73.91778,40.7316],[-73.91848,40.73186],[-73.91959,40.73243],[-73.92241,40.73452],[-73.92356,40.73521],[-73.92463,40.73567],[-73.92632,40.73615],[-73.93105,40.73709],[-73.93291,40.73736],[-73.93509,40.73778],[-73.93731,40.73807],[-73.93865,40.73836],[-73.93959,40.73865],[-73.94458,40.74073],[-73.94884,40.74164],[-73.94994,40.74176],[-73.95196,40.7416],[-73.95547,40.74165],[-73.95884,40.74235],[-73.96097,40.74288],[-73.96463,40.74576],[-73.96611,40.74679],[-73.96724,40.74737],[-73.96873,40.74798],[-73.96926,40.74806],[-73.96983,40.74795],[-73.9702,40.74761],[-73.97122,40.74635],[-73.97168,40.74611],[-73.97223,40.74596],[-73.97294,40.74591],[-73.9733,40.74595],[-73.97372,40.74612],[-73.97586,40.7471],[-73.97585,40.7473],[-73.97541,40.74791],[-73.97627,40.74827],[-73.96853,40.75891]]}},{"type":"Feature","properties":{"route":"QM34","routeId":"QM34","short":"QM34","color":"#00933C","longName":"Glendale - Midtown Express","kind":"express"},"geometry":{"type":"LineString","coordinates":[[-73.97634,40.74818],[-73.96778,40.75995],[-73.96747,40.76026],[-73.96451,40.759],[-73.96346,40.76048],[-73.96325,40.76054],[-73.95082,40.75524],[-73.94303,40.75173],[-73.94286,40.7516],[-73.94285,40.75144],[-73.94347,40.75074],[-73.94345,40.75046],[-73.94211,40.74965],[-73.94165,40.74924],[-73.94076,40.74786],[-73.93993,40.74578],[-73.93764,40.74527],[-73.9336,40.74479],[-73.93463,40.73944],[-73.93499,40.73776],[-73.93515,40.73752],[-73.92734,40.73606],[-73.92436,40.7353],[-73.92265,40.73442],[-73.92104,40.73322],[-73.91903,40.73197],[-73.91809,40.73158],[-73.91577,40.73088],[-73.91162,40.72984],[-73.91099,40.72962],[-73.90987,40.72907],[-73.90831,40.7281],[-73.90632,40.72701],[-73.90471,40.72639],[-73.90311,40.72603],[-73.89532,40.7253],[-73.89405,40.72523],[-73.8926,40.72534],[-73.8915,40.72558],[-73.89064,40.72586],[-73.88979,40.72626],[-73.88736,40.72767],[-73.88625,40.72808],[-73.88031,40.72859],[-73.87948,40.72882],[-73.87654,40.73002],[-73.87357,40.73094],[-73.87211,40.7312],[-73.87172,40.73116],[-73.87174,40.73076],[-73.87149,40.72919],[-73.87378,40.72755],[-73.89117,40.71949],[-73.89601,40.71709],[-73.90118,40.71466],[-73.90067,40.71287],[-73.90021,40.71192],[-73.89935,40.71035],[-73.89745,40.70758],[-73.89581,40.70424],[-73.89457,40.70082],[-73.87514,40.70242]]}},{"type":"Feature","properties":{"route":"QM35","routeId":"QM35","short":"QM35","color":"#00933C","longName":"Glen Oaks - Midtown Express","kind":"express"},"geometry":{"type":"LineString","coordinates":[[-73.712,40.7473],[-73.71482,40.74912],[-73.7147,40.74934],[-73.71472,40.74955],[-73.71486,40.74978],[-73.71524,40.75004],[-73.71576,40.75024],[-73.71632,40.75008],[-73.71945,40.75206],[-73.72105,40.75218],[-73.72134,40.75266],[-73.72252,40.75351],[-73.72309,40.7545],[-73.72324,40.75498],[-73.72312,40.75559],[-73.72275,40.75622],[-73.7224,40.75825],[-73.7227,40.76013],[-73.72314,40.76193],[-73.72385,40.7638],[-73.72396,40.76387],[-73.72428,40.76461],[-73.72537,40.76434],[-73.72687,40.76387],[-73.72769,40.76349],[-73.72853,40.76304],[-73.73087,40.76154],[-73.73216,40.76091],[-73.7341,40.76013],[-73.73583,40.75929],[-73.73942,40.75729],[-73.73912,40.75676],[-73.73913,40.75626],[-73.73923,40.75596],[-73.73965,40.75551],[-73.74104,40.75482],[-73.74138,40.75444],[-73.74176,40.75352],[-73.74139,40.75231],[-73.74152,40.75206],[-73.74184,40.75181],[-73.7428,40.75166],[-73.74568,40.75161],[-73.74663,40.75186],[-73.74717,40.75237],[-73.74844,40.75163],[-73.74952,40.75124],[-73.75359,40.75044],[-73.75698,40.74961],[-73.75544,40.74666],[-73.75347,40.74245],[-73.7624,40.73952],[-73.76703,40.73829],[-73.77023,40.73704],[-73.77863,40.73459],[-73.78302,40.73316],[-73.78389,40.73499],[-73.78373,40.7351],[-73.78374,40.73538],[-73.7842,40.73587],[-73.78555,40.73867],[-73.78555,40.7392],[-73.78575,40.73941],[-73.78605,40.73942],[-73.78617,40.73928],[-73.78615,40.73904],[-73.78574,40.73868],[-73.78548,40.73815],[-73.78436,40.73578],[-73.78432,40.7352],[-73.78414,40.735],[-73.78389,40.73499],[-73.78118,40.72929],[-73.78914,40.7267],[-73.79208,40.72581],[-73.80865,40.72013],[-73.81721,40.71773],[-73.8191,40.71739],[-73.821,40.71734],[-73.8237,40.7174],[-73.82691,40.71704],[-73.82779,40.71657],[-73.8281,40.71628],[-73.82848,40.71568],[-73.8291,40.71513],[-73.82965,40.71488],[-73.83119,40.71449],[-73.83488,40.71724],[-73.83637,40.71814],[-73.8479,40.72326],[-73.84881,40.72375],[-73.84975,40.72447],[-73.85108,40.72579],[-73.85219,40.72648],[-73.86499,40.73117],[-73.8658,40.73157],[-73.8682,40.73301],[-73.86851,40.73328],[-73.86851,40.73344],[-73.8683,40.73364],[-73.86749,40.73399],[-73.8673,40.734],[-73.86703,40.73376],[-73.86705,40.73357],[-73.8672,40.73342],[-73.86974,40.73264],[-73.86988,40.73248],[-73.87066,40.73211],[-73.87379,40.73111],[-73.87643,40.73038],[-73.87934,40.72922],[-73.88041,40.72889],[-73.88108,40.72878],[-73.88505,40.72847],[-73.88653,40.72814],[-73.8877,40.72767],[-73.8905,40.72611],[-73.89221,40.72556],[-73.89376,40.72538],[-73.89498,40.72542],[-73.90339,40.72622],[-73.90451,40.72642],[-73.9057,40.72681],[-73.90769,40.72788],[-73.90995,40.72927],[-73.91098,40.72975],[-73.91778,40.7316],[-73.91848,40.73186],[-73.91959,40.73243],[-73.92292,40.73485],[-73.92385,40.73534],[-73.92508,40.73582],[-73.92632,40.73615],[-73.93091,40.73706],[-73.93291,40.73736],[-73.93509,40.73778],[-73.93731,40.73807],[-73.93865,40.73836],[-73.93959,40.73865],[-73.94458,40.74073],[-73.94676,40.74124],[-73.94884,40.74164],[-73.94975,40.74175],[-73.95196,40.7416],[-73.95547,40.74165],[-73.96084,40.74284],[-73.96104,40.7429],[-73.96463,40.74576],[-73.96611,40.74679],[-73.96825,40.74783],[-73.96894,40.74803],[-73.96945,40.74805],[-73.96983,40.74795],[-73.9702,40.74761],[-73.97105,40.74652],[-73.97142,40.74621],[-73.97223,40.74596],[-73.9733,40.74595],[-73.97583,40.74707],[-73.97588,40.74725],[-73.97541,40.74791],[-73.97627,40.74827],[-73.96841,40.75907]]}},{"type":"Feature","properties":{"route":"QM36","routeId":"QM36","short":"QM36","color":"#00933C","longName":"Lake Success - Midtown Express","kind":"express"},"geometry":{"type":"LineString","coordinates":[[-73.71487,40.75729],[-73.71445,40.75727],[-73.71427,40.75738],[-73.71367,40.75822],[-73.71316,40.75865],[-73.71246,40.75904],[-73.71236,40.75924],[-73.70871,40.75876],[-73.70471,40.75916],[-73.70444,40.75907],[-73.70434,40.75894],[-73.70433,40.7586],[-73.70449,40.75825],[-73.70455,40.75761],[-73.70416,40.75505],[-73.70395,40.75452],[-73.70346,40.75384],[-73.70224,40.75299],[-73.70212,40.75233],[-73.71905,40.74339],[-73.72659,40.74091],[-73.7272,40.7408],[-73.73005,40.74057],[-73.73115,40.74038],[-73.73159,40.74021],[-73.73442,40.73865],[-73.7359,40.73817],[-73.74659,40.73586],[-73.77495,40.73099],[-73.78118,40.72929],[-73.78914,40.7267],[-73.79208,40.72581],[-73.80865,40.72013],[-73.81721,40.71773],[-73.8191,40.71739],[-73.821,40.71734],[-73.8237,40.7174],[-73.82691,40.71704],[-73.82779,40.71657],[-73.8281,40.71628],[-73.82848,40.71568],[-73.8291,40.71513],[-73.82965,40.71488],[-73.83119,40.71449],[-73.83488,40.71724],[-73.83637,40.71814],[-73.8479,40.72326],[-73.84881,40.72375],[-73.84975,40.72447],[-73.85108,40.72579],[-73.85219,40.72648],[-73.86499,40.73117],[-73.8658,40.73157],[-73.8682,40.73301],[-73.86851,40.73328],[-73.86851,40.73344],[-73.8683,40.73364],[-73.86749,40.73399],[-73.8673,40.734],[-73.86703,40.73376],[-73.86705,40.73357],[-73.8672,40.73342],[-73.86974,40.73264],[-73.86988,40.73248],[-73.87066,40.73211],[-73.87379,40.73111],[-73.87643,40.73038],[-73.87934,40.72922],[-73.88041,40.72889],[-73.88108,40.72878],[-73.88505,40.72847],[-73.88653,40.72814],[-73.8877,40.72767],[-73.8905,40.72611],[-73.89221,40.72556],[-73.89376,40.72538],[-73.89498,40.72542],[-73.90339,40.72622],[-73.90451,40.72642],[-73.9057,40.72681],[-73.90769,40.72788],[-73.90995,40.72927],[-73.91098,40.72975],[-73.91778,40.7316],[-73.91848,40.73186],[-73.91959,40.73243],[-73.92292,40.73485],[-73.92385,40.73534],[-73.92508,40.73582],[-73.92632,40.73615],[-73.93091,40.73706],[-73.93291,40.73736],[-73.93509,40.73778],[-73.93731,40.73807],[-73.93865,40.73836],[-73.93959,40.73865],[-73.94458,40.74073],[-73.94676,40.74124],[-73.94884,40.74164],[-73.94975,40.74175],[-73.95196,40.7416],[-73.95547,40.74165],[-73.96084,40.74284],[-73.96104,40.7429],[-73.96463,40.74576],[-73.96611,40.74679],[-73.96825,40.74783],[-73.96894,40.74803],[-73.96945,40.74805],[-73.96983,40.74795],[-73.9702,40.74761],[-73.97105,40.74652],[-73.97142,40.74621],[-73.97223,40.74596],[-73.9733,40.74595],[-73.97583,40.74707],[-73.97588,40.74725],[-73.97541,40.74791],[-73.97627,40.74827],[-73.96841,40.75907]]}},{"type":"Feature","properties":{"route":"QM4","routeId":"QM4","short":"QM4","color":"#00933C","longName":"Electchester - Midtown Express","kind":"express"},"geometry":{"type":"LineString","coordinates":[[-73.80473,40.73798],[-73.80518,40.73177],[-73.80745,40.73194],[-73.80957,40.7323],[-73.81085,40.7324],[-73.81152,40.73238],[-73.81323,40.73212],[-73.81583,40.73205],[-73.81693,40.73193],[-73.81757,40.7318],[-73.82455,40.72971],[-73.8266,40.72918],[-73.83025,40.72802],[-73.83093,40.72795],[-73.83201,40.7281],[-73.83279,40.728],[-73.84801,40.72349],[-73.84923,40.72421],[-73.85108,40.72579],[-73.85219,40.72648],[-73.86499,40.73117],[-73.8658,40.73157],[-73.8682,40.73301],[-73.86851,40.73328],[-73.86851,40.73344],[-73.8683,40.73364],[-73.86749,40.73399],[-73.8673,40.734],[-73.86703,40.73376],[-73.86705,40.73357],[-73.8672,40.73342],[-73.86974,40.73264],[-73.86988,40.73248],[-73.87066,40.73211],[-73.87379,40.73111],[-73.87643,40.73038],[-73.87934,40.72922],[-73.88041,40.72889],[-73.88108,40.72878],[-73.88505,40.72847],[-73.88653,40.72814],[-73.8877,40.72767],[-73.8905,40.72611],[-73.89221,40.72556],[-73.89376,40.72538],[-73.89498,40.72542],[-73.90371,40.72626],[-73.90486,40.72651],[-73.90619,40.72703],[-73.90995,40.72927],[-73.91098,40.72975],[-73.91778,40.7316],[-73.91848,40.73186],[-73.91959,40.73243],[-73.92292,40.73485],[-73.92385,40.73534],[-73.92508,40.73582],[-73.92632,40.73615],[-73.93091,40.73706],[-73.93291,40.73736],[-73.93509,40.73778],[-73.93731,40.73807],[-73.93865,40.73836],[-73.93959,40.73865],[-73.94458,40.74073],[-73.94676,40.74124],[-73.94884,40.74164],[-73.94975,40.74175],[-73.95196,40.7416],[-73.95547,40.74165],[-73.96084,40.74284],[-73.96104,40.7429],[-73.96463,40.74576],[-73.96611,40.74679],[-73.96724,40.74737],[-73.96873,40.74798],[-73.96926,40.74806],[-73.96983,40.74795],[-73.9702,40.74761],[-73.97122,40.74635],[-73.97189,40.74603],[-73.97315,40.74592],[-73.97464,40.74647],[-73.97588,40.74481],[-73.98774,40.74981],[-73.9772,40.76436],[-73.96818,40.76055]]}},{"type":"Feature","properties":{"route":"QM40","routeId":"QM40","short":"QM40","color":"#00933C","longName":"Lefrak City - Midtown Express","kind":"express"},"geometry":{"type":"LineString","coordinates":[[-73.97634,40.74818],[-73.96778,40.75995],[-73.96747,40.76026],[-73.96451,40.759],[-73.96346,40.76048],[-73.96318,40.76053],[-73.95082,40.75524],[-73.94303,40.75173],[-73.94286,40.7516],[-73.94285,40.75144],[-73.94347,40.75074],[-73.94345,40.75046],[-73.94211,40.74965],[-73.94165,40.74924],[-73.94076,40.74786],[-73.93993,40.74578],[-73.93764,40.74527],[-73.9336,40.74479],[-73.93463,40.73944],[-73.93499,40.73776],[-73.93515,40.73752],[-73.92734,40.73606],[-73.92436,40.7353],[-73.92311,40.7347],[-73.91987,40.73244],[-73.91841,40.7317],[-73.9146,40.73056],[-73.91145,40.72978],[-73.91015,40.72922],[-73.90831,40.7281],[-73.90603,40.72689],[-73.90444,40.72631],[-73.90347,40.72609],[-73.90226,40.72594],[-73.89486,40.72526],[-73.89323,40.72526],[-73.89224,40.7254],[-73.89064,40.72586],[-73.88979,40.72626],[-73.88736,40.72767],[-73.88625,40.72808],[-73.88063,40.72855],[-73.87977,40.72873],[-73.87654,40.73002],[-73.87357,40.73094],[-73.87211,40.7312],[-73.87147,40.73113],[-73.87125,40.73166],[-73.86837,40.73257],[-73.8659,40.73135],[-73.86236,40.73009],[-73.86219,40.73031],[-73.85833,40.7323],[-73.85755,40.73246],[-73.85495,40.73282],[-73.8503,40.73433],[-73.85199,40.73774],[-73.85275,40.73752],[-73.85517,40.73706],[-73.85882,40.73598],[-73.86009,40.73839],[-73.86583,40.73668],[-73.86576,40.73654]]}},{"type":"Feature","properties":{"route":"QM42","routeId":"QM42","short":"QM42","color":"#00933C","longName":"Forest Hills - Midtown Express","kind":"express"},"geometry":{"type":"LineString","coordinates":[[-73.97634,40.74818],[-73.96778,40.75995],[-73.96747,40.76026],[-73.96451,40.759],[-73.96346,40.76048],[-73.96318,40.76053],[-73.95082,40.75524],[-73.94303,40.75173],[-73.94286,40.7516],[-73.94285,40.75144],[-73.94347,40.75074],[-73.94345,40.75046],[-73.94211,40.74965],[-73.94165,40.74924],[-73.94076,40.74786],[-73.93993,40.74578],[-73.93764,40.74527],[-73.9336,40.74479],[-73.93463,40.73944],[-73.93499,40.73776],[-73.93515,40.73752],[-73.92734,40.73606],[-73.92436,40.7353],[-73.92311,40.7347],[-73.91987,40.73244],[-73.91841,40.7317],[-73.9146,40.73056],[-73.91145,40.72978],[-73.91015,40.72922],[-73.90831,40.7281],[-73.90603,40.72689],[-73.90444,40.72631],[-73.90347,40.72609],[-73.90226,40.72594],[-73.89486,40.72526],[-73.89323,40.72526],[-73.89202,40.72545],[-73.89033,40.726],[-73.88736,40.72767],[-73.88625,40.72808],[-73.88063,40.72855],[-73.87977,40.72873],[-73.87654,40.73002],[-73.87357,40.73094],[-73.87211,40.7312],[-73.87147,40.73113],[-73.87125,40.73166],[-73.86803,40.73269],[-73.86736,40.73277],[-73.86434,40.73377],[-73.85567,40.73634],[-73.85403,40.7366],[-73.8508,40.73031],[-73.85028,40.72971],[-73.84936,40.72909],[-73.84913,40.72775],[-73.84889,40.72704],[-73.84809,40.72576],[-73.84667,40.72433],[-73.84655,40.72394],[-73.84657,40.72357],[-73.84695,40.72308],[-73.84802,40.72284],[-73.84946,40.72264],[-73.8517,40.72263],[-73.85223,40.72256],[-73.85491,40.72146],[-73.85519,40.72109],[-73.85615,40.71905],[-73.85922,40.71416],[-73.85936,40.71405],[-73.85978,40.71399],[-73.85988,40.71189],[-73.85008,40.71038]]}},{"type":"Feature","properties":{"route":"QM44","routeId":"QM44","short":"QM44","color":"#00933C","longName":"Electchester - Midtown Express","kind":"express"},"geometry":{"type":"LineString","coordinates":[[-73.80473,40.73798],[-73.80518,40.73177],[-73.80745,40.73194],[-73.80957,40.7323],[-73.81085,40.7324],[-73.81152,40.73238],[-73.81323,40.73212],[-73.81583,40.73205],[-73.81693,40.73193],[-73.81757,40.7318],[-73.82455,40.72971],[-73.8266,40.72918],[-73.83025,40.72802],[-73.83093,40.72795],[-73.83201,40.7281],[-73.83279,40.728],[-73.84801,40.72349],[-73.84923,40.72421],[-73.85108,40.72579],[-73.85219,40.72648],[-73.86499,40.73117],[-73.8658,40.73157],[-73.8682,40.73301],[-73.86851,40.73328],[-73.86851,40.73344],[-73.8683,40.73364],[-73.86749,40.73399],[-73.8673,40.734],[-73.86703,40.73376],[-73.86705,40.73357],[-73.8672,40.73342],[-73.86974,40.73264],[-73.86988,40.73248],[-73.87066,40.73211],[-73.87379,40.73111],[-73.87643,40.73038],[-73.87934,40.72922],[-73.88041,40.72889],[-73.88108,40.72878],[-73.88505,40.72847],[-73.88653,40.72814],[-73.8877,40.72767],[-73.8905,40.72611],[-73.89221,40.72556],[-73.89376,40.72538],[-73.89498,40.72542],[-73.90339,40.72622],[-73.90451,40.72642],[-73.9057,40.72681],[-73.90769,40.72788],[-73.90995,40.72927],[-73.91098,40.72975],[-73.91778,40.7316],[-73.91848,40.73186],[-73.91959,40.73243],[-73.92292,40.73485],[-73.92385,40.73534],[-73.92508,40.73582],[-73.92632,40.73615],[-73.93091,40.73706],[-73.93291,40.73736],[-73.93509,40.73778],[-73.93731,40.73807],[-73.93865,40.73836],[-73.93959,40.73865],[-73.94458,40.74073],[-73.94676,40.74124],[-73.94884,40.74164],[-73.94975,40.74175],[-73.95196,40.7416],[-73.95547,40.74165],[-73.96084,40.74284],[-73.96104,40.7429],[-73.96463,40.74576],[-73.96611,40.74679],[-73.96724,40.74737],[-73.96873,40.74798],[-73.96926,40.74806],[-73.96983,40.74795],[-73.9702,40.74761],[-73.97122,40.74635],[-73.97168,40.74611],[-73.97223,40.74596],[-73.9733,40.74595],[-73.97583,40.74707],[-73.97588,40.74725],[-73.97541,40.74791],[-73.97627,40.74827],[-73.96841,40.75907]]}},{"type":"Feature","properties":{"route":"QM5","routeId":"QM5","short":"QM5","color":"#00933C","longName":"Glen Oaks - Midtown Express","kind":"express"},"geometry":{"type":"LineString","coordinates":[[-73.712,40.7473],[-73.71482,40.74912],[-73.7147,40.74934],[-73.71472,40.74955],[-73.71486,40.74978],[-73.71524,40.75004],[-73.71576,40.75024],[-73.71632,40.75008],[-73.71945,40.75206],[-73.72105,40.75218],[-73.72134,40.75266],[-73.72252,40.75351],[-73.72309,40.7545],[-73.72324,40.75498],[-73.72312,40.75559],[-73.72275,40.75622],[-73.7224,40.75825],[-73.7227,40.76013],[-73.72314,40.76193],[-73.72385,40.7638],[-73.72396,40.76387],[-73.72428,40.76461],[-73.72537,40.76434],[-73.72687,40.76387],[-73.72769,40.76349],[-73.72853,40.76304],[-73.73087,40.76154],[-73.73216,40.76091],[-73.7341,40.76013],[-73.73583,40.75929],[-73.73942,40.75729],[-73.73912,40.75676],[-73.73913,40.75626],[-73.73923,40.75596],[-73.73965,40.75551],[-73.74104,40.75482],[-73.74138,40.75444],[-73.74176,40.75352],[-73.74139,40.75231],[-73.74152,40.75206],[-73.74184,40.75181],[-73.7428,40.75166],[-73.74568,40.75161],[-73.74663,40.75186],[-73.74717,40.75237],[-73.74844,40.75163],[-73.74952,40.75124],[-73.75359,40.75044],[-73.75698,40.74961],[-73.75544,40.74666],[-73.75347,40.74245],[-73.7624,40.73952],[-73.76703,40.73829],[-73.77023,40.73704],[-73.77863,40.73459],[-73.78302,40.73316],[-73.78389,40.73499],[-73.78373,40.7351],[-73.78374,40.73538],[-73.7842,40.73587],[-73.78555,40.73867],[-73.78555,40.7392],[-73.78575,40.73941],[-73.78605,40.73942],[-73.78617,40.73928],[-73.78615,40.73904],[-73.78574,40.73868],[-73.78548,40.73815],[-73.78436,40.73578],[-73.78432,40.7352],[-73.78414,40.735],[-73.78389,40.73499],[-73.78118,40.72929],[-73.78914,40.7267],[-73.79208,40.72581],[-73.80865,40.72013],[-73.81721,40.71773],[-73.8191,40.71739],[-73.821,40.71734],[-73.8237,40.7174],[-73.82691,40.71704],[-73.82779,40.71657],[-73.8281,40.71628],[-73.82848,40.71568],[-73.8291,40.71513],[-73.82965,40.71488],[-73.83119,40.71449],[-73.83488,40.71724],[-73.83637,40.71814],[-73.8479,40.72326],[-73.84881,40.72375],[-73.84975,40.72447],[-73.85108,40.72579],[-73.85219,40.72648],[-73.86499,40.73117],[-73.8658,40.73157],[-73.8682,40.73301],[-73.86851,40.73328],[-73.86851,40.73344],[-73.8683,40.73364],[-73.86749,40.73399],[-73.8673,40.734],[-73.86703,40.73376],[-73.86705,40.73357],[-73.8672,40.73342],[-73.86974,40.73264],[-73.86988,40.73248],[-73.87066,40.73211],[-73.87379,40.73111],[-73.87643,40.73038],[-73.87934,40.72922],[-73.88041,40.72889],[-73.88108,40.72878],[-73.88505,40.72847],[-73.88653,40.72814],[-73.8877,40.72767],[-73.8905,40.72611],[-73.89221,40.72556],[-73.89376,40.72538],[-73.89498,40.72542],[-73.90371,40.72626],[-73.90486,40.72651],[-73.90619,40.72703],[-73.90995,40.72927],[-73.91098,40.72975],[-73.91778,40.7316],[-73.91848,40.73186],[-73.91959,40.73243],[-73.92292,40.73485],[-73.92385,40.73534],[-73.92508,40.73582],[-73.92632,40.73615],[-73.93091,40.73706],[-73.93291,40.73736],[-73.93509,40.73778],[-73.93731,40.73807],[-73.93865,40.73836],[-73.93959,40.73865],[-73.94458,40.74073],[-73.94676,40.74124],[-73.94884,40.74164],[-73.94975,40.74175],[-73.95196,40.7416],[-73.95547,40.74165],[-73.96084,40.74284],[-73.96104,40.7429],[-73.96463,40.74576],[-73.96611,40.74679],[-73.96724,40.74737],[-73.96873,40.74798],[-73.96926,40.74806],[-73.96983,40.74795],[-73.9702,40.74761],[-73.97122,40.74635],[-73.97189,40.74603],[-73.97315,40.74592],[-73.97464,40.74647],[-73.97588,40.74481],[-73.98774,40.74981],[-73.9772,40.76436],[-73.96825,40.76058]]}},{"type":"Feature","properties":{"route":"QM6","routeId":"QM6","short":"QM6","color":"#00933C","longName":"Lake Success - Midtown Express","kind":"express"},"geometry":{"type":"LineString","coordinates":[[-73.71487,40.75729],[-73.71445,40.75727],[-73.71427,40.75738],[-73.71367,40.75822],[-73.71316,40.75865],[-73.71246,40.75904],[-73.71236,40.75924],[-73.70871,40.75876],[-73.70471,40.75916],[-73.70444,40.75907],[-73.70434,40.75894],[-73.70433,40.7586],[-73.70449,40.75825],[-73.70455,40.75761],[-73.70416,40.75505],[-73.70395,40.75452],[-73.70346,40.75384],[-73.70224,40.75299],[-73.70212,40.75233],[-73.71905,40.74339],[-73.72659,40.74091],[-73.7272,40.7408],[-73.73005,40.74057],[-73.73115,40.74038],[-73.73159,40.74021],[-73.73442,40.73865],[-73.7359,40.73817],[-73.74659,40.73586],[-73.77495,40.73099],[-73.78118,40.72929],[-73.78914,40.7267],[-73.79208,40.72581],[-73.80865,40.72013],[-73.81721,40.71773],[-73.8191,40.71739],[-73.821,40.71734],[-73.8237,40.7174],[-73.82691,40.71704],[-73.82779,40.71657],[-73.8281,40.71628],[-73.82848,40.71568],[-73.8291,40.71513],[-73.82965,40.71488],[-73.83119,40.71449],[-73.83488,40.71724],[-73.83637,40.71814],[-73.8479,40.72326],[-73.84881,40.72375],[-73.84975,40.72447],[-73.85108,40.72579],[-73.85219,40.72648],[-73.86499,40.73117],[-73.8658,40.73157],[-73.8682,40.73301],[-73.86851,40.73328],[-73.86851,40.73344],[-73.8683,40.73364],[-73.86749,40.73399],[-73.8673,40.734],[-73.86703,40.73376],[-73.86705,40.73357],[-73.8672,40.73342],[-73.86974,40.73264],[-73.86988,40.73248],[-73.87066,40.73211],[-73.87379,40.73111],[-73.87643,40.73038],[-73.87934,40.72922],[-73.88041,40.72889],[-73.88108,40.72878],[-73.88505,40.72847],[-73.88653,40.72814],[-73.8877,40.72767],[-73.8905,40.72611],[-73.89221,40.72556],[-73.89376,40.72538],[-73.89498,40.72542],[-73.90371,40.72626],[-73.90486,40.72651],[-73.90619,40.72703],[-73.90995,40.72927],[-73.91098,40.72975],[-73.91778,40.7316],[-73.91848,40.73186],[-73.91959,40.73243],[-73.92292,40.73485],[-73.92385,40.73534],[-73.92508,40.73582],[-73.92632,40.73615],[-73.93091,40.73706],[-73.93291,40.73736],[-73.93509,40.73778],[-73.93731,40.73807],[-73.93865,40.73836],[-73.93959,40.73865],[-73.94458,40.74073],[-73.94676,40.74124],[-73.94884,40.74164],[-73.94975,40.74175],[-73.95196,40.7416],[-73.95547,40.74165],[-73.96084,40.74284],[-73.96104,40.7429],[-73.96463,40.74576],[-73.96611,40.74679],[-73.96724,40.74737],[-73.96873,40.74798],[-73.96926,40.74806],[-73.96983,40.74795],[-73.9702,40.74761],[-73.97122,40.74635],[-73.97189,40.74603],[-73.97315,40.74592],[-73.97464,40.74647],[-73.97588,40.74481],[-73.98774,40.74981],[-73.9772,40.76436],[-73.96826,40.76059]]}},{"type":"Feature","properties":{"route":"QM63","routeId":"QM63","short":"QM63","color":"#00933C","longName":"Rosedale - Midtown Express","kind":"express"},"geometry":{"type":"LineString","coordinates":[[-73.73648,40.65304],[-73.72648,40.65278],[-73.72634,40.65419],[-73.72642,40.65489],[-73.7271,40.65561],[-73.72869,40.6578],[-73.73298,40.66262],[-73.72975,40.66434],[-73.72988,40.66511],[-73.72986,40.66614],[-73.72975,40.6667],[-73.72951,40.66757],[-73.72805,40.67159],[-73.72751,40.67416],[-73.72939,40.67421],[-73.73313,40.67363],[-73.73405,40.67369],[-73.73502,40.67402],[-73.73654,40.67484],[-73.74559,40.67793],[-73.75226,40.68003],[-73.75349,40.6802],[-73.75522,40.68027],[-73.75598,40.68008],[-73.75868,40.67905],[-73.75952,40.67898],[-73.76021,40.67909],[-73.76709,40.6824],[-73.77116,40.68458],[-73.77235,40.68531],[-73.77572,40.68768],[-73.77656,40.68837],[-73.77714,40.68901],[-73.77915,40.69166],[-73.77999,40.69139],[-73.78446,40.68948],[-73.78583,40.68897],[-73.78668,40.68869],[-73.7904,40.68776],[-73.7939,40.68628],[-73.80519,40.68309],[-73.80609,40.68485],[-73.80989,40.69134],[-73.81241,40.69586],[-73.81407,40.69833],[-73.8163,40.70313],[-73.81625,40.70382],[-73.819,40.70801],[-73.81916,40.70885],[-73.81913,40.7093],[-73.82102,40.71026],[-73.83058,40.71423],[-73.83118,40.71458],[-73.83474,40.71728],[-73.83563,40.71784],[-73.83754,40.71882],[-73.84802,40.72344],[-73.84936,40.72428],[-73.85137,40.72597],[-73.85224,40.72646],[-73.85461,40.72738],[-73.86524,40.73121],[-73.86722,40.73235],[-73.86761,40.7327],[-73.86844,40.73316],[-73.86851,40.73333],[-73.86836,40.73356],[-73.86758,40.73391],[-73.86724,40.73395],[-73.86702,40.73382],[-73.86697,40.73363],[-73.86734,40.73332],[-73.8687,40.73294],[-73.87375,40.73123],[-73.87667,40.73043],[-73.87951,40.72928],[-73.88111,40.72889],[-73.88457,40.72861],[-73.88583,40.72843],[-73.88739,40.72793],[-73.88987,40.7264],[-73.89117,40.72582],[-73.89236,40.7255],[-73.89293,40.72542],[-73.89402,40.72534],[-73.89498,40.72538],[-73.90303,40.72612],[-73.90427,40.72632],[-73.9051,40.72654],[-73.90653,40.72714],[-73.9101,40.72931],[-73.91141,40.72986],[-73.91506,40.73082],[-73.91618,40.73105],[-73.91865,40.73183],[-73.91986,40.73248],[-73.92282,40.73473],[-73.92419,40.73541],[-73.92584,40.73596],[-73.93121,40.737],[-73.9382,40.73815],[-73.93943,40.73848],[-73.94465,40.74063],[-73.94721,40.74121],[-73.94967,40.74164],[-73.95132,40.74152],[-73.95523,40.74156],[-73.95948,40.74238],[-73.96061,40.74281],[-73.96126,40.74317],[-73.96766,40.74764],[-73.96838,40.74795],[-73.96883,40.74805],[-73.96968,40.74806],[-73.97036,40.74785],[-73.97096,40.7474],[-73.97182,40.74634],[-73.97219,40.74611],[-73.97252,40.74601],[-73.97298,40.74595],[-73.97344,40.74601],[-73.97569,40.74685],[-73.976,40.74683],[-73.97632,40.74663],[-73.97736,40.74539],[-73.9759,40.74478],[-73.98087,40.73788],[-73.98805,40.74088],[-73.98705,40.74214],[-73.97236,40.76228],[-73.96677,40.75996]]}},{"type":"Feature","properties":{"route":"QM64","routeId":"QM64","short":"QM64","color":"#00933C","longName":"Elmont - Midtown Express","kind":"express"},"geometry":{"type":"LineString","coordinates":[[-73.71741,40.69434],[-73.71825,40.69316],[-73.71961,40.69204],[-73.72051,40.6925],[-73.72218,40.69075],[-73.72433,40.69072],[-73.72441,40.69029],[-73.72912,40.69107],[-73.73168,40.69248],[-73.74354,40.69622],[-73.74504,40.6964],[-73.76238,40.69163],[-73.76245,40.69235],[-73.76238,40.69347],[-73.7616,40.69573],[-73.76174,40.69664],[-73.76262,40.69868],[-73.76348,40.69996],[-73.76657,40.70274],[-73.76681,40.704],[-73.76784,40.70359],[-73.77087,40.70439],[-73.77279,40.7048],[-73.77691,40.70555],[-73.77797,40.70563],[-73.77978,40.7054],[-73.78069,40.70538],[-73.78208,40.70548],[-73.7829,40.70534],[-73.78597,40.70418],[-73.78969,40.70304],[-73.79121,40.70234],[-73.79244,40.70222],[-73.79469,40.70126],[-73.79797,40.70008],[-73.79914,40.69952],[-73.80002,40.69885],[-73.8025,40.6978],[-73.8089,40.69257],[-73.80954,40.69225],[-73.81028,40.69205],[-73.81276,40.69646],[-73.81383,40.6979],[-73.81436,40.69889],[-73.81575,40.70207],[-73.8163,40.70313],[-73.81625,40.70382],[-73.819,40.70801],[-73.81916,40.70885],[-73.81913,40.7093],[-73.82102,40.71026],[-73.83058,40.71423],[-73.83118,40.71458],[-73.83474,40.71728],[-73.83563,40.71784],[-73.83754,40.71882],[-73.84802,40.72344],[-73.84936,40.72428],[-73.85137,40.72597],[-73.85224,40.72646],[-73.85461,40.72738],[-73.86524,40.73121],[-73.86722,40.73235],[-73.86761,40.7327],[-73.86844,40.73316],[-73.86851,40.73333],[-73.86836,40.73356],[-73.86758,40.73391],[-73.86724,40.73395],[-73.86702,40.73382],[-73.86697,40.73363],[-73.86734,40.73332],[-73.8687,40.73294],[-73.87375,40.73123],[-73.87667,40.73043],[-73.87951,40.72928],[-73.88111,40.72889],[-73.88457,40.72861],[-73.88583,40.72843],[-73.88739,40.72793],[-73.88987,40.7264],[-73.89117,40.72582],[-73.89236,40.7255],[-73.89293,40.72542],[-73.89402,40.72534],[-73.89498,40.72538],[-73.90303,40.72612],[-73.90427,40.72632],[-73.9051,40.72654],[-73.90653,40.72714],[-73.9101,40.72931],[-73.91141,40.72986],[-73.91506,40.73082],[-73.91618,40.73105],[-73.91865,40.73183],[-73.91986,40.73248],[-73.92282,40.73473],[-73.92419,40.73541],[-73.92584,40.73596],[-73.93121,40.737],[-73.9382,40.73815],[-73.93943,40.73848],[-73.94465,40.74063],[-73.94721,40.74121],[-73.94967,40.74164],[-73.95132,40.74152],[-73.95523,40.74156],[-73.95948,40.74238],[-73.96061,40.74281],[-73.96126,40.74317],[-73.96766,40.74764],[-73.96838,40.74795],[-73.96883,40.74805],[-73.96968,40.74806],[-73.97036,40.74785],[-73.97096,40.7474],[-73.97182,40.74634],[-73.97219,40.74611],[-73.97252,40.74601],[-73.97298,40.74595],[-73.97344,40.74601],[-73.97569,40.74685],[-73.976,40.74683],[-73.97632,40.74663],[-73.97736,40.74539],[-73.9759,40.74478],[-73.98087,40.73788],[-73.98805,40.74088],[-73.98705,40.74214],[-73.97236,40.76228],[-73.96677,40.75996]]}},{"type":"Feature","properties":{"route":"QM65","routeId":"QM65","short":"QM65","color":"#00933C","longName":"Laurelton-Rochdale-Lower Manhattan","kind":"express"},"geometry":{"type":"LineString","coordinates":[[-73.73734,40.67515],[-73.74559,40.67796],[-73.75237,40.68009],[-73.75451,40.68033],[-73.75521,40.68032],[-73.75597,40.68014],[-73.75852,40.67914],[-73.75924,40.67903],[-73.75984,40.67905],[-73.76032,40.67918],[-73.76159,40.67981],[-73.76176,40.67917],[-73.76276,40.67772],[-73.76342,40.67636],[-73.76386,40.67367],[-73.77372,40.67224],[-73.77428,40.67203],[-73.7745,40.67185],[-73.77456,40.67208],[-73.77856,40.67734],[-73.77976,40.67876],[-73.78583,40.68906],[-73.78744,40.68852],[-73.79042,40.68779],[-73.7932,40.68664],[-73.79511,40.68599],[-73.80519,40.68313],[-73.80547,40.68369],[-73.80728,40.68626],[-73.81228,40.69512],[-73.81427,40.69843],[-73.81552,40.70082],[-73.81749,40.70514],[-73.81906,40.70778],[-73.81927,40.70875],[-73.81928,40.7094],[-73.82111,40.71033],[-73.83059,40.71427],[-73.83162,40.71494],[-73.83403,40.71682],[-73.83574,40.71792],[-73.83766,40.7189],[-73.84832,40.72364],[-73.84923,40.72421],[-73.85114,40.72584],[-73.85219,40.72648],[-73.86499,40.73117],[-73.8658,40.73157],[-73.8682,40.73301],[-73.86851,40.73328],[-73.86851,40.73344],[-73.8683,40.73364],[-73.86749,40.73399],[-73.86723,40.73398],[-73.86709,40.73388],[-73.86703,40.73369],[-73.8672,40.73342],[-73.86974,40.73264],[-73.86988,40.73248],[-73.87066,40.73211],[-73.87379,40.73111],[-73.87643,40.73038],[-73.87934,40.72922],[-73.88041,40.72889],[-73.88108,40.72878],[-73.88505,40.72847],[-73.88653,40.72814],[-73.8877,40.72767],[-73.8905,40.72611],[-73.89221,40.72556],[-73.89376,40.72538],[-73.89498,40.72542],[-73.90371,40.72626],[-73.90486,40.72651],[-73.90619,40.72703],[-73.90995,40.72927],[-73.91098,40.72975],[-73.91778,40.7316],[-73.91848,40.73186],[-73.91959,40.73243],[-73.92292,40.73485],[-73.92385,40.73534],[-73.92508,40.73582],[-73.92632,40.73615],[-73.93091,40.73706],[-73.93291,40.73736],[-73.93509,40.73778],[-73.93731,40.73807],[-73.93865,40.73836],[-73.93959,40.73865],[-73.94458,40.74073],[-73.94676,40.74124],[-73.94884,40.74164],[-73.94975,40.74175],[-73.95196,40.7416],[-73.95547,40.74165],[-73.95884,40.74235],[-73.96097,40.74288],[-73.96463,40.74576],[-73.96611,40.74679],[-73.96825,40.74783],[-73.96894,40.74803],[-73.96945,40.74805],[-73.96983,40.74795],[-73.9702,40.74761],[-73.97122,40.74635],[-73.97189,40.74603],[-73.97263,40.74592],[-73.9733,40.74595],[-73.97559,40.74685],[-73.97589,40.74688],[-73.97632,40.74666],[-73.97736,40.74543],[-73.97224,40.74328],[-73.97273,40.74202],[-73.97308,40.73977],[-73.97328,40.73918],[-73.97484,40.7369],[-73.97502,40.73635],[-73.97504,40.73584],[-73.97399,40.73158],[-73.97341,40.73079],[-73.97265,40.73018],[-73.97224,40.72975],[-73.9719,40.72918],[-73.9718,40.72863],[-73.97191,40.7273],[-73.97216,40.72624],[-73.97426,40.72277],[-73.97458,40.72197],[-73.975,40.71857],[-73.97528,40.71746],[-73.97554,40.7168],[-73.97668,40.71457],[-73.978,40.71216],[-73.97839,40.71176],[-73.97903,40.71137],[-73.9796,40.71113],[-73.98036,40.71097],[-73.98476,40.71063],[-73.99053,40.70995],[-73.99755,40.70894],[-73.99909,40.70852],[-73.99944,40.70855],[-73.9996,40.70864],[-74.00062,40.70988],[-74.0011,40.71023],[-74.00163,40.70952],[-74.0034,40.70813],[-74.00406,40.70747],[-74.00507,40.70689],[-74.00736,40.70521],[-74.01019,40.70332],[-74.01229,40.70278],[-74.01285,40.70244],[-74.01376,40.70243],[-74.01421,40.7027],[-74.01444,40.70324],[-74.01442,40.70376],[-74.01424,40.70452],[-74.01448,40.70474],[-74.01493,40.70483],[-74.01446,40.70595],[-74.01431,40.70623],[-74.01382,40.70656],[-74.01336,40.70717],[-74.01077,40.71101],[-74.01014,40.71208],[-74.00862,40.71139],[-74.00802,40.71145],[-74.00607,40.71196],[-74.00518,40.71203],[-74.00341,40.71087],[-74.00175,40.70955]]}},{"type":"Feature","properties":{"route":"QM68","routeId":"QM68","short":"QM68","color":"#00933C","longName":"Floral Park - Midtown Express","kind":"express"},"geometry":{"type":"LineString","coordinates":[[-73.70182,40.73873],[-73.7299,40.7327],[-73.73088,40.73265],[-73.7315,40.73271],[-73.73526,40.73347],[-73.73674,40.73349],[-73.73851,40.73318],[-73.74081,40.73229],[-73.74367,40.73061],[-73.74803,40.72779],[-73.75298,40.72536],[-73.755,40.72413],[-73.76014,40.7207],[-73.76459,40.71883],[-73.76731,40.71728],[-73.77355,40.71511],[-73.78719,40.71181],[-73.78789,40.71179],[-73.78878,40.71205],[-73.7893,40.71201],[-73.79243,40.71093],[-73.79446,40.7101],[-73.79556,40.70974],[-73.81512,40.70418],[-73.81753,40.70775],[-73.81844,40.70876],[-73.81925,40.70938],[-73.82102,40.71026],[-73.83058,40.71423],[-73.83118,40.71458],[-73.83474,40.71728],[-73.83563,40.71784],[-73.83754,40.71882],[-73.84802,40.72344],[-73.84936,40.72428],[-73.85137,40.72597],[-73.85224,40.72646],[-73.85461,40.72738],[-73.86524,40.73121],[-73.86722,40.73235],[-73.86761,40.7327],[-73.86844,40.73316],[-73.86851,40.73333],[-73.86836,40.73356],[-73.86758,40.73391],[-73.86724,40.73395],[-73.86702,40.73382],[-73.86697,40.73363],[-73.86734,40.73332],[-73.8687,40.73294],[-73.87375,40.73123],[-73.87667,40.73043],[-73.87951,40.72928],[-73.88111,40.72889],[-73.88457,40.72861],[-73.88583,40.72843],[-73.88739,40.72793],[-73.88987,40.7264],[-73.89117,40.72582],[-73.89236,40.7255],[-73.89293,40.72542],[-73.89402,40.72534],[-73.89498,40.72538],[-73.90303,40.72612],[-73.90427,40.72632],[-73.9051,40.72654],[-73.90653,40.72714],[-73.9101,40.72931],[-73.91141,40.72986],[-73.91506,40.73082],[-73.91618,40.73105],[-73.91865,40.73183],[-73.91986,40.73248],[-73.92282,40.73473],[-73.92419,40.73541],[-73.92584,40.73596],[-73.93121,40.737],[-73.9382,40.73815],[-73.93943,40.73848],[-73.94465,40.74063],[-73.94721,40.74121],[-73.94967,40.74164],[-73.95132,40.74152],[-73.95523,40.74156],[-73.95948,40.74238],[-73.96061,40.74281],[-73.96126,40.74317],[-73.96766,40.74764],[-73.96838,40.74795],[-73.96883,40.74805],[-73.96968,40.74806],[-73.97036,40.74785],[-73.97096,40.7474],[-73.97182,40.74634],[-73.97219,40.74611],[-73.97252,40.74601],[-73.97298,40.74595],[-73.97344,40.74601],[-73.97569,40.74685],[-73.976,40.74683],[-73.97632,40.74663],[-73.97736,40.74539],[-73.9759,40.74478],[-73.98087,40.73788],[-73.98805,40.74088],[-73.98705,40.74214],[-73.97236,40.76228],[-73.96677,40.75996]]}},{"type":"Feature","properties":{"route":"QM7","routeId":"QM7","short":"QM7","color":"#00933C","longName":"Fresh Meadows - Downtown Express","kind":"express"},"geometry":{"type":"LineString","coordinates":[[-73.78593,40.73882],[-73.7857,40.73861],[-73.78436,40.73578],[-73.78432,40.7352],[-73.78414,40.735],[-73.78389,40.73499],[-73.78118,40.72929],[-73.78914,40.7267],[-73.79208,40.72581],[-73.80865,40.72013],[-73.81721,40.71773],[-73.8191,40.71739],[-73.821,40.71734],[-73.8237,40.7174],[-73.82691,40.71704],[-73.82779,40.71657],[-73.8281,40.71628],[-73.82848,40.71568],[-73.8291,40.71513],[-73.82965,40.71488],[-73.83119,40.71449],[-73.83488,40.71724],[-73.83637,40.71814],[-73.8479,40.72326],[-73.84881,40.72375],[-73.84975,40.72447],[-73.85108,40.72579],[-73.85219,40.72648],[-73.86499,40.73117],[-73.8658,40.73157],[-73.8682,40.73301],[-73.86851,40.73328],[-73.86851,40.73344],[-73.8683,40.73364],[-73.86749,40.73399],[-73.8673,40.734],[-73.86703,40.73376],[-73.86705,40.73357],[-73.8672,40.73342],[-73.86974,40.73264],[-73.86988,40.73248],[-73.87066,40.73211],[-73.87379,40.73111],[-73.87643,40.73038],[-73.87934,40.72922],[-73.88041,40.72889],[-73.88108,40.72878],[-73.88505,40.72847],[-73.88653,40.72814],[-73.8877,40.72767],[-73.8905,40.72611],[-73.89221,40.72556],[-73.89376,40.72538],[-73.89498,40.72542],[-73.90371,40.72626],[-73.90486,40.72651],[-73.90619,40.72703],[-73.90995,40.72927],[-73.91098,40.72975],[-73.91778,40.7316],[-73.91848,40.73186],[-73.91959,40.73243],[-73.92292,40.73485],[-73.92463,40.73567],[-73.92632,40.73615],[-73.93091,40.73706],[-73.93291,40.73736],[-73.93509,40.73778],[-73.93731,40.73807],[-73.93865,40.73836],[-73.93959,40.73865],[-73.94458,40.74073],[-73.94676,40.74124],[-73.94884,40.74164],[-73.94975,40.74175],[-73.95196,40.7416],[-73.95547,40.74165],[-73.96084,40.74284],[-73.96104,40.7429],[-73.96463,40.74576],[-73.96611,40.74679],[-73.96825,40.74783],[-73.96894,40.74803],[-73.96945,40.74805],[-73.96983,40.74795],[-73.97001,40.7478],[-73.97122,40.74635],[-73.97189,40.74603],[-73.97263,40.74592],[-73.9733,40.74595],[-73.97559,40.74685],[-73.97589,40.74688],[-73.97632,40.74666],[-73.97736,40.74543],[-73.97224,40.74328],[-73.97273,40.74202],[-73.97308,40.73977],[-73.97328,40.73918],[-73.97484,40.7369],[-73.97502,40.73635],[-73.97504,40.73584],[-73.97399,40.73158],[-73.97341,40.73079],[-73.97265,40.73018],[-73.97224,40.72975],[-73.9719,40.72918],[-73.9718,40.72863],[-73.97191,40.7273],[-73.97216,40.72624],[-73.97426,40.72277],[-73.97458,40.72197],[-73.975,40.71857],[-73.97528,40.71746],[-73.97554,40.7168],[-73.97668,40.71457],[-73.978,40.71216],[-73.97839,40.71176],[-73.97903,40.71137],[-73.9796,40.71113],[-73.98036,40.71097],[-73.98476,40.71063],[-73.99053,40.70995],[-73.99755,40.70894],[-73.99909,40.70852],[-73.99944,40.70855],[-73.9996,40.70864],[-74.00062,40.70988],[-74.0011,40.71023],[-74.00163,40.70952],[-74.0034,40.70813],[-74.00406,40.70747],[-74.00507,40.70689],[-74.00736,40.70521],[-74.01019,40.70332],[-74.01229,40.70278],[-74.01285,40.70244],[-74.01376,40.70243],[-74.01421,40.7027],[-74.01444,40.70324],[-74.01442,40.70376],[-74.01424,40.70452],[-74.01448,40.70474],[-74.01493,40.70483],[-74.01446,40.70595],[-74.01431,40.70623],[-74.01382,40.70656],[-74.01336,40.70717],[-74.01077,40.71101],[-74.01014,40.71208],[-74.00862,40.71139],[-74.00802,40.71145],[-74.00607,40.71196],[-74.00518,40.71203],[-74.00341,40.71087],[-74.00175,40.70955]]}},{"type":"Feature","properties":{"route":"QM8","routeId":"QM8","short":"QM8","color":"#00933C","longName":"Glen Oaks - Downtown Express","kind":"express"},"geometry":{"type":"LineString","coordinates":[[-73.712,40.7473],[-73.71482,40.74912],[-73.7147,40.74934],[-73.71472,40.74955],[-73.71486,40.74978],[-73.71524,40.75004],[-73.71576,40.75024],[-73.71632,40.75008],[-73.71945,40.75206],[-73.72105,40.75218],[-73.72134,40.75266],[-73.72252,40.75351],[-73.72309,40.7545],[-73.72324,40.75498],[-73.72312,40.75559],[-73.72275,40.75622],[-73.7224,40.75825],[-73.7227,40.76013],[-73.72314,40.76193],[-73.72385,40.7638],[-73.72396,40.76387],[-73.72428,40.76461],[-73.72537,40.76434],[-73.72687,40.76387],[-73.72769,40.76349],[-73.72853,40.76304],[-73.73087,40.76154],[-73.73216,40.76091],[-73.7341,40.76013],[-73.73583,40.75929],[-73.73942,40.75729],[-73.73912,40.75676],[-73.73913,40.75626],[-73.73923,40.75596],[-73.73965,40.75551],[-73.74104,40.75482],[-73.74138,40.75444],[-73.74176,40.75352],[-73.74139,40.75231],[-73.74152,40.75206],[-73.74184,40.75181],[-73.7428,40.75166],[-73.74568,40.75161],[-73.74663,40.75186],[-73.74717,40.75237],[-73.74844,40.75163],[-73.74952,40.75124],[-73.75359,40.75044],[-73.75698,40.74961],[-73.75544,40.74666],[-73.75347,40.74245],[-73.7624,40.73952],[-73.76703,40.73829],[-73.77023,40.73704],[-73.77863,40.73459],[-73.78302,40.73316],[-73.78118,40.72929],[-73.78914,40.7267],[-73.79208,40.72581],[-73.80865,40.72013],[-73.81721,40.71773],[-73.8191,40.71739],[-73.821,40.71734],[-73.8237,40.7174],[-73.82691,40.71704],[-73.82779,40.71657],[-73.8281,40.71628],[-73.82848,40.71568],[-73.8291,40.71513],[-73.82965,40.71488],[-73.83119,40.71449],[-73.83488,40.71724],[-73.83637,40.71814],[-73.8479,40.72326],[-73.84881,40.72375],[-73.84975,40.72447],[-73.85108,40.72579],[-73.85219,40.72648],[-73.86499,40.73117],[-73.8658,40.73157],[-73.8682,40.73301],[-73.86851,40.73328],[-73.86851,40.73344],[-73.8683,40.73364],[-73.86749,40.73399],[-73.8673,40.734],[-73.86703,40.73376],[-73.86705,40.73357],[-73.8672,40.73342],[-73.86974,40.73264],[-73.86988,40.73248],[-73.87066,40.73211],[-73.87379,40.73111],[-73.87643,40.73038],[-73.87934,40.72922],[-73.88041,40.72889],[-73.88108,40.72878],[-73.88505,40.72847],[-73.88653,40.72814],[-73.8877,40.72767],[-73.8905,40.72611],[-73.89221,40.72556],[-73.89376,40.72538],[-73.89498,40.72542],[-73.90371,40.72626],[-73.90486,40.72651],[-73.90619,40.72703],[-73.90995,40.72927],[-73.91098,40.72975],[-73.91778,40.7316],[-73.91848,40.73186],[-73.91959,40.73243],[-73.92292,40.73485],[-73.92463,40.73567],[-73.92632,40.73615],[-73.93091,40.73706],[-73.93291,40.73736],[-73.93509,40.73778],[-73.93731,40.73807],[-73.93865,40.73836],[-73.93959,40.73865],[-73.94458,40.74073],[-73.94676,40.74124],[-73.94884,40.74164],[-73.94975,40.74175],[-73.95196,40.7416],[-73.95547,40.74165],[-73.96084,40.74284],[-73.96104,40.7429],[-73.96463,40.74576],[-73.96611,40.74679],[-73.96825,40.74783],[-73.96894,40.74803],[-73.96945,40.74805],[-73.96983,40.74795],[-73.97001,40.7478],[-73.97122,40.74635],[-73.97189,40.74603],[-73.97263,40.74592],[-73.9733,40.74595],[-73.97559,40.74685],[-73.97589,40.74688],[-73.97632,40.74666],[-73.97736,40.74543],[-73.97224,40.74328],[-73.97273,40.74202],[-73.97308,40.73977],[-73.97328,40.73918],[-73.97484,40.7369],[-73.97502,40.73635],[-73.97504,40.73584],[-73.97399,40.73158],[-73.97341,40.73079],[-73.97265,40.73018],[-73.97224,40.72975],[-73.9719,40.72918],[-73.9718,40.72863],[-73.97191,40.7273],[-73.97216,40.72624],[-73.97426,40.72277],[-73.97458,40.72197],[-73.975,40.71857],[-73.97528,40.71746],[-73.97554,40.7168],[-73.97668,40.71457],[-73.978,40.71216],[-73.97839,40.71176],[-73.97903,40.71137],[-73.9796,40.71113],[-73.98036,40.71097],[-73.98476,40.71063],[-73.99053,40.70995],[-73.99755,40.70894],[-73.99909,40.70852],[-73.99944,40.70855],[-73.9996,40.70864],[-74.00062,40.70988],[-74.0011,40.71023],[-74.00163,40.70952],[-74.0034,40.70813],[-74.00406,40.70747],[-74.00507,40.70689],[-74.00736,40.70521],[-74.01019,40.70332],[-74.01229,40.70278],[-74.01285,40.70244],[-74.01376,40.70243],[-74.01421,40.7027],[-74.01444,40.70324],[-74.01442,40.70376],[-74.01424,40.70452],[-74.01448,40.70474],[-74.01493,40.70483],[-74.01446,40.70595],[-74.01431,40.70623],[-74.01382,40.70656],[-74.01336,40.70717],[-74.01077,40.71101],[-74.01014,40.71208],[-74.00862,40.71139],[-74.00802,40.71145],[-74.00607,40.71196],[-74.00518,40.71203],[-74.00341,40.71087],[-74.00175,40.70955]]}},{"type":"Feature","properties":{"route":"S40","routeId":"S40","short":"S40","color":"#B933AD","longName":"St. George - Amazon","kind":"local"},"geometry":{"type":"LineString","coordinates":[[-74.07411,40.64334],[-74.07433,40.64326],[-74.07441,40.6434],[-74.07482,40.64317],[-74.07513,40.64288],[-74.07532,40.64282],[-74.07563,40.64286],[-74.07799,40.64593],[-74.07948,40.64681],[-74.08047,40.64726],[-74.08262,40.64767],[-74.08486,40.64834],[-74.08549,40.64839],[-74.0864,40.64816],[-74.08814,40.64719],[-74.08894,40.64665],[-74.0897,40.64629],[-74.09543,40.64488],[-74.09814,40.64466],[-74.10065,40.64474],[-74.10101,40.64479],[-74.10262,40.64531],[-74.10342,40.64537],[-74.10847,40.64516],[-74.11081,40.64464],[-74.11152,40.64435],[-74.1122,40.64395],[-74.11239,40.64366],[-74.11248,40.64318],[-74.11386,40.64288],[-74.11666,40.64111],[-74.11827,40.6404],[-74.11856,40.64038],[-74.1191,40.64077],[-74.11949,40.64084],[-74.11988,40.64081],[-74.12042,40.64056],[-74.12247,40.63855],[-74.12321,40.63803],[-74.12459,40.63745],[-74.12566,40.63718],[-74.12865,40.63733],[-74.12912,40.63859],[-74.12973,40.63946],[-74.13065,40.64016],[-74.13099,40.64034],[-74.1314,40.64042],[-74.13666,40.64023],[-74.13859,40.6397],[-74.13991,40.63977],[-74.14055,40.63971],[-74.14102,40.63959],[-74.14287,40.63885],[-74.14478,40.63795],[-74.15037,40.63707],[-74.15387,40.63679],[-74.15904,40.63684],[-74.16016,40.63713],[-74.16218,40.638],[-74.16303,40.63851],[-74.16441,40.63963],[-74.16602,40.64027],[-74.16655,40.62736],[-74.16898,40.62782],[-74.17177,40.62758],[-74.17254,40.62742],[-74.17543,40.62609],[-74.17577,40.62601],[-74.17814,40.6261],[-74.18297,40.62883],[-74.18616,40.63047],[-74.18667,40.63002],[-74.18614,40.62937],[-74.18476,40.6289],[-74.18023,40.62624],[-74.1785,40.62459],[-74.17772,40.62336],[-74.1774,40.62242],[-74.17734,40.62132],[-74.17753,40.62039],[-74.17951,40.61484],[-74.181,40.61246],[-74.1815,40.61197],[-74.18283,40.611],[-74.18355,40.61023],[-74.18489,40.61065],[-74.18875,40.61155],[-74.1887,40.61199],[-74.18797,40.6135],[-74.18776,40.61416],[-74.18755,40.61428],[-74.18735,40.61428],[-74.18639,40.61713],[-74.18623,40.61739],[-74.186,40.61765],[-74.18575,40.61779],[-74.18438,40.61835],[-74.1852,40.6189]]}},{"type":"Feature","properties":{"route":"S42","routeId":"S42","short":"S42","color":"#00AEEF","longName":"St. George - Clyde Place","kind":"local"},"geometry":{"type":"LineString","coordinates":[[-74.0742,40.64331],[-74.07433,40.64326],[-74.07441,40.6434],[-74.07458,40.64333],[-74.07513,40.64288],[-74.07538,40.64255],[-74.07516,40.64221],[-74.07579,40.64144],[-74.07581,40.64095],[-74.07551,40.63965],[-74.07645,40.63952],[-74.07704,40.64195],[-74.07789,40.64158],[-74.07797,40.6418],[-74.07913,40.64333],[-74.08115,40.64586],[-74.08143,40.64602],[-74.08435,40.64675],[-74.08508,40.64686],[-74.08566,40.64685],[-74.08654,40.64648],[-74.08414,40.64342],[-74.08653,40.64256],[-74.08755,40.63861],[-74.08753,40.63827],[-74.08729,40.63783],[-74.08797,40.63771],[-74.08814,40.63762],[-74.08925,40.63604],[-74.08969,40.63566],[-74.09043,40.63546],[-74.09245,40.63563],[-74.0933,40.63646],[-74.09344,40.63671],[-74.09388,40.63802],[-74.09409,40.63925],[-74.0903,40.63989],[-74.09007,40.63913]]}},{"type":"Feature","properties":{"route":"S44","routeId":"S44","short":"S44","color":"#FAA61A","longName":"St. George - Staten Island Mall","kind":"local"},"geometry":{"type":"LineString","coordinates":[[-74.16708,40.57573],[-74.16425,40.57437],[-74.16417,40.57418],[-74.16418,40.57398],[-74.16667,40.57259],[-74.16803,40.57373],[-74.16837,40.57392],[-74.16977,40.57396],[-74.16948,40.57865],[-74.16936,40.57937],[-74.16833,40.57887],[-74.16811,40.57912],[-74.16807,40.57931],[-74.16859,40.58035],[-74.16656,40.58548],[-74.16713,40.58565],[-74.16845,40.58579],[-74.16833,40.58649],[-74.16771,40.58855],[-74.1673,40.5891],[-74.16598,40.59041],[-74.16266,40.59293],[-74.16227,40.59342],[-74.16182,40.59451],[-74.16182,40.59548],[-74.16283,40.60038],[-74.16318,40.60166],[-74.16306,40.60251],[-74.16215,40.60505],[-74.16214,40.60614],[-74.1624,40.60719],[-74.16237,40.6078],[-74.162,40.60832],[-74.16102,40.60888],[-74.16064,40.60927],[-74.15924,40.61237],[-74.15786,40.61398],[-74.15654,40.61684],[-74.15574,40.61796],[-74.15362,40.61987],[-74.15083,40.62166],[-74.14923,40.62316],[-74.14855,40.62613],[-74.14692,40.63115],[-74.14205,40.63023],[-74.1406,40.62965],[-74.13893,40.63103],[-74.13655,40.63331],[-74.13611,40.63396],[-74.13053,40.63087],[-74.1267,40.63125],[-74.1249,40.63172],[-74.11195,40.63324],[-74.11279,40.63752],[-74.10974,40.63785],[-74.10919,40.63814],[-74.10759,40.63843],[-74.10706,40.63869],[-74.10481,40.63896],[-74.09985,40.64018],[-74.09847,40.64026],[-74.09479,40.64075],[-74.09596,40.64481],[-74.09467,40.64504],[-74.0897,40.64629],[-74.08894,40.64665],[-74.08814,40.64719],[-74.0864,40.64816],[-74.0858,40.64835],[-74.08504,40.64838],[-74.08262,40.64767],[-74.08029,40.64721],[-74.0785,40.64626],[-74.07799,40.64593],[-74.07516,40.64221],[-74.07502,40.64214],[-74.073,40.64252],[-74.07263,40.64269],[-74.07241,40.64287],[-74.07236,40.64322],[-74.07281,40.64379],[-74.07303,40.64371]]}},{"type":"Feature","properties":{"route":"S46","routeId":"S46","short":"S46","color":"#006CB7","longName":"St. George - West Shore Plaza","kind":"local"},"geometry":{"type":"LineString","coordinates":[[-74.07376,40.64332],[-74.07426,40.64315],[-74.07441,40.6434],[-74.07458,40.64333],[-74.07513,40.64288],[-74.07538,40.64255],[-74.07516,40.64221],[-74.07575,40.64154],[-74.07583,40.64122],[-74.07549,40.63974],[-74.076,40.63775],[-74.07698,40.63777],[-74.07827,40.63823],[-74.07879,40.63828],[-74.07916,40.63814],[-74.08196,40.63653],[-74.08376,40.63573],[-74.08512,40.63636],[-74.0855,40.63577],[-74.08669,40.63452],[-74.08809,40.63416],[-74.08875,40.63354],[-74.08965,40.63339],[-74.08984,40.63324],[-74.09006,40.63281],[-74.09026,40.63266],[-74.09054,40.63261],[-74.09084,40.63261],[-74.09119,40.63271],[-74.09213,40.63332],[-74.09256,40.63332],[-74.09286,40.63317],[-74.09321,40.63311],[-74.09449,40.63334],[-74.09563,40.63312],[-74.09596,40.63318],[-74.09628,40.63334],[-74.09723,40.63399],[-74.09894,40.63401],[-74.10253,40.63466],[-74.10296,40.63468],[-74.11535,40.63475],[-74.11965,40.63433],[-74.12933,40.63361],[-74.13082,40.63413],[-74.13476,40.63603],[-74.13932,40.63613],[-74.14028,40.63625],[-74.14129,40.63343],[-74.14407,40.63409],[-74.14408,40.63426],[-74.14584,40.63457],[-74.14692,40.63115],[-74.1489,40.63155],[-74.14982,40.63157],[-74.15522,40.63207],[-74.15507,40.63375],[-74.15633,40.63371],[-74.15639,40.63248],[-74.15813,40.63254],[-74.15809,40.63143],[-74.15994,40.63158],[-74.16171,40.63163],[-74.16253,40.63171],[-74.16458,40.63212],[-74.16633,40.63216],[-74.16652,40.62749],[-74.16774,40.62273],[-74.16916,40.62053],[-74.1701,40.61937],[-74.17144,40.61749],[-74.17317,40.61543],[-74.17783,40.60955],[-74.17869,40.60853],[-74.17919,40.60846],[-74.17947,40.6083],[-74.17947,40.6081],[-74.17916,40.60774],[-74.17755,40.6063],[-74.17904,40.60506],[-74.17828,40.60441],[-74.1773,40.6051],[-74.17699,40.60584],[-74.17714,40.60629],[-74.1791,40.60803],[-74.18051,40.60616],[-74.18399,40.60284],[-74.18405,40.60267],[-74.18454,40.60227],[-74.18521,40.60203],[-74.18625,40.6019],[-74.19011,40.60235],[-74.19183,40.602],[-74.19294,40.60165],[-74.19289,40.60158],[-74.19266,40.60165]]}},{"type":"Feature","properties":{"route":"S48","routeId":"S48","short":"S48","color":"#EE352E","longName":"St. George - Mariners Harbor","kind":"local"},"geometry":{"type":"LineString","coordinates":[[-74.17125,40.63933],[-74.17129,40.6405],[-74.1696,40.64094],[-74.16918,40.64095],[-74.1679,40.64079],[-74.16602,40.64027],[-74.16655,40.62736],[-74.16434,40.62695],[-74.15857,40.6263],[-74.15452,40.62573],[-74.14681,40.62494],[-74.14401,40.62499],[-74.13877,40.62428],[-74.13758,40.62423],[-74.13692,40.6244],[-74.13388,40.62627],[-74.13354,40.62636],[-74.13099,40.62633],[-74.13036,40.62638],[-74.12226,40.62745],[-74.11852,40.62889],[-74.11619,40.62893],[-74.11335,40.62927],[-74.10621,40.63057],[-74.1026,40.63092],[-74.09889,40.63145],[-74.09763,40.63184],[-74.09715,40.63191],[-74.08927,40.63047],[-74.08885,40.63034],[-74.08807,40.63107],[-74.08483,40.63506],[-74.0843,40.63549],[-74.08196,40.63653],[-74.07916,40.63814],[-74.07879,40.63828],[-74.07827,40.63823],[-74.07698,40.63777],[-74.076,40.63775],[-74.07549,40.63974],[-74.07581,40.64095],[-74.07575,40.64154],[-74.07516,40.64221],[-74.07502,40.64214],[-74.07372,40.64237],[-74.073,40.64252],[-74.07263,40.64269],[-74.07241,40.64287],[-74.07233,40.64306],[-74.07238,40.64327],[-74.07272,40.64368],[-74.07313,40.64354]]}},{"type":"Feature","properties":{"route":"S51","routeId":"S51","short":"S51","color":"#006CB7","longName":"St. George - Grant City","kind":"local"},"geometry":{"type":"LineString","coordinates":[[-74.11205,40.58118],[-74.1122,40.58126],[-74.1111,40.58187],[-74.11029,40.58218],[-74.10141,40.57747],[-74.10111,40.57728],[-74.10014,40.57613],[-74.09021,40.57074],[-74.08872,40.57228],[-74.08825,40.57265],[-74.08065,40.57704],[-74.07898,40.5781],[-74.07538,40.58132],[-74.07344,40.58334],[-74.07253,40.58417],[-74.07149,40.58493],[-74.06912,40.5878],[-74.06675,40.59014],[-74.06486,40.59176],[-74.0633,40.59288],[-74.06292,40.59374],[-74.0628,40.59513],[-74.06239,40.59574],[-74.06181,40.59617],[-74.06172,40.59643],[-74.06177,40.5966],[-74.0637,40.59894],[-74.05663,40.60125],[-74.05763,40.60274],[-74.0578,40.60277],[-74.06975,40.61899],[-74.07099,40.62044],[-74.07307,40.62313],[-74.0742,40.6242],[-74.07635,40.62793],[-74.07673,40.63003],[-74.07671,40.63036],[-74.07646,40.63112],[-74.07533,40.63312],[-74.07512,40.63375],[-74.07524,40.63451],[-74.07544,40.63509],[-74.07623,40.63663],[-74.07549,40.63974],[-74.07581,40.64095],[-74.07579,40.64144],[-74.07516,40.64221],[-74.07502,40.64214],[-74.07372,40.64237],[-74.073,40.64252],[-74.07263,40.64269],[-74.07241,40.64287],[-74.07236,40.64322],[-74.07261,40.64358],[-74.07292,40.64347]]}},{"type":"Feature","properties":{"route":"S52","routeId":"S52","short":"S52","color":"#B933AD","longName":"St. George - Staten Island Univ. Hospital","kind":"local"},"geometry":{"type":"LineString","coordinates":[[-74.08669,40.58374],[-74.07779,40.57915],[-74.07513,40.58156],[-74.07344,40.58334],[-74.07242,40.58426],[-74.07149,40.58493],[-74.06912,40.5878],[-74.06661,40.59027],[-74.06741,40.59114],[-74.06832,40.59278],[-74.06892,40.5928],[-74.07158,40.59277],[-74.07267,40.59239],[-74.07464,40.59129],[-74.07642,40.59058],[-74.0767,40.59055],[-74.07888,40.59393],[-74.07044,40.59673],[-74.07079,40.5972],[-74.07176,40.59779],[-74.07196,40.59799],[-74.07179,40.59935],[-74.07247,40.60148],[-74.07092,40.60209],[-74.07027,40.60212],[-74.06979,40.60236],[-74.06816,40.60644],[-74.06794,40.60662],[-74.06714,40.60698],[-74.07121,40.61153],[-74.07071,40.61179],[-74.07393,40.61603],[-74.07576,40.6188],[-74.07787,40.62119],[-74.0796,40.62459],[-74.07958,40.62478],[-74.07805,40.62645],[-74.07565,40.62665],[-74.07594,40.62715],[-74.07633,40.62712],[-74.08175,40.63],[-74.08142,40.63033],[-74.0849,40.63363],[-74.08592,40.63403],[-74.08669,40.63452],[-74.0855,40.63577],[-74.08512,40.63636],[-74.08606,40.63679],[-74.08639,40.63702],[-74.08729,40.63783],[-74.08755,40.63834],[-74.08752,40.63875],[-74.08653,40.64256],[-74.08414,40.64342],[-74.08613,40.64598],[-74.08393,40.64512],[-74.08239,40.64463],[-74.08029,40.64478],[-74.07814,40.64203],[-74.07789,40.64158],[-74.07704,40.64195],[-74.07645,40.63952],[-74.07551,40.63965],[-74.07583,40.64122],[-74.07575,40.64154],[-74.07516,40.64221],[-74.07502,40.64214],[-74.07479,40.64217],[-74.073,40.64252],[-74.07241,40.64287],[-74.07233,40.64306],[-74.07252,40.64348],[-74.07281,40.64379],[-74.07309,40.6437]]}},{"type":"Feature","properties":{"route":"S53","routeId":"S53","short":"S53","color":"#EE352E","longName":"Port Richmond - Bay Ridge","kind":"local"},"geometry":{"type":"LineString","coordinates":[[-74.13047,40.64006],[-74.13041,40.64002],[-74.13102,40.63917],[-74.13136,40.63918],[-74.13218,40.63953],[-74.13476,40.63603],[-74.13082,40.63413],[-74.12933,40.63361],[-74.11721,40.63456],[-74.1161,40.62851],[-74.11359,40.62369],[-74.11335,40.62304],[-74.11208,40.62199],[-74.11076,40.62105],[-74.10978,40.62056],[-74.10609,40.61899],[-74.10565,40.6187],[-74.10353,40.6164],[-74.10207,40.6146],[-74.10014,40.61318],[-74.09921,40.61228],[-74.09859,40.61146],[-74.09742,40.61026],[-74.09545,40.61025],[-74.09411,40.61004],[-74.09299,40.60974],[-74.09158,40.60916],[-74.09099,40.60862],[-74.09058,40.60836],[-74.08417,40.60463],[-74.08129,40.60069],[-74.08119,40.60039],[-74.08123,40.59961],[-74.08168,40.59879],[-74.0817,40.59855],[-74.08074,40.5986],[-74.07743,40.59842],[-74.07666,40.59826],[-74.0752,40.59768],[-74.07427,40.59757],[-74.07386,40.59762],[-74.07336,40.5978],[-74.07298,40.59803],[-74.0725,40.5985],[-74.07207,40.59864],[-74.07197,40.5985],[-74.07199,40.5981],[-74.07191,40.5979],[-74.07079,40.5972],[-74.07044,40.59673],[-74.0637,40.59894],[-74.0647,40.60045],[-74.06503,40.60134],[-74.06553,40.60129],[-74.06609,40.60135],[-74.06648,40.60157],[-74.06673,40.60186],[-74.06692,40.60226],[-74.06678,40.60252],[-74.06659,40.60261],[-74.06625,40.60263],[-74.06567,40.60251],[-74.06302,40.60175],[-74.06028,40.60174],[-74.05912,40.60185],[-74.03093,40.61095],[-74.03005,40.61142],[-74.02941,40.61193],[-74.0276,40.61393],[-74.02626,40.61511],[-74.02574,40.61605],[-74.0275,40.61695],[-74.02444,40.62042],[-74.02836,40.62277],[-74.02842,40.62262]]}},{"type":"Feature","properties":{"route":"S54","routeId":"S54","short":"S54","color":"#FAA61A","longName":"West New Brighton - Eltingville","kind":"local"},"geometry":{"type":"LineString","coordinates":[[-74.15416,40.5339],[-74.15426,40.53396],[-74.15398,40.53428],[-74.14954,40.53803],[-74.14587,40.54241],[-74.14682,40.54299],[-74.14763,40.54362],[-74.1479,40.54395],[-74.14849,40.54481],[-74.15043,40.54818],[-74.15083,40.54996],[-74.15142,40.55085],[-74.15037,40.55129],[-74.15119,40.55331],[-74.15586,40.56375],[-74.15511,40.56493],[-74.15477,40.56539],[-74.15333,40.56643],[-74.1518,40.5678],[-74.15038,40.56885],[-74.14742,40.57124],[-74.14724,40.57145],[-74.14699,40.57203],[-74.14579,40.57186],[-74.13353,40.57333],[-74.13196,40.57373],[-74.12773,40.57522],[-74.12579,40.57578],[-74.12568,40.57597],[-74.12708,40.57642],[-74.12726,40.57756],[-74.12691,40.5784],[-74.1269,40.57879],[-74.1281,40.58063],[-74.12905,40.58161],[-74.12974,40.58206],[-74.13059,40.58295],[-74.13098,40.58319],[-74.13179,40.58354],[-74.13284,40.58376],[-74.13334,40.58404],[-74.13372,40.5846],[-74.1335,40.58564],[-74.13356,40.58588],[-74.13373,40.58608],[-74.13841,40.58898],[-74.13864,40.58901],[-74.13832,40.58954],[-74.13648,40.59183],[-74.13549,40.59369],[-74.13408,40.59294],[-74.13383,40.59274],[-74.13281,40.59307],[-74.13242,40.59153],[-74.13281,40.59307],[-74.13244,40.59308],[-74.13191,40.59281],[-74.13124,40.5929],[-74.13081,40.59283],[-74.13075,40.59253],[-74.13081,40.59283],[-74.13124,40.5929],[-74.13191,40.59281],[-74.13263,40.59316],[-74.13302,40.59314],[-74.13346,40.59297],[-74.13392,40.59301],[-74.13543,40.59381],[-74.13495,40.59476],[-74.13376,40.59633],[-74.13282,40.59724],[-74.13193,40.59789],[-74.13095,40.59849],[-74.13031,40.59869],[-74.12544,40.59813],[-74.12502,40.59817],[-74.12318,40.59915],[-74.12312,40.59907],[-74.12283,40.59901],[-74.1225,40.59956],[-74.12059,40.60083],[-74.12089,40.60644],[-74.12126,40.60991],[-74.12257,40.61306],[-74.12252,40.61408],[-74.12275,40.61495],[-74.12355,40.61656],[-74.12362,40.61805],[-74.12336,40.61891],[-74.12347,40.61979],[-74.12367,40.62082],[-74.12461,40.62331],[-74.12472,40.62382],[-74.12485,40.62582],[-74.1254,40.62822],[-74.12525,40.62824],[-74.12468,40.62862],[-74.12321,40.62923],[-74.12548,40.63263],[-74.12573,40.63306],[-74.12597,40.63385],[-74.11721,40.63456],[-74.11754,40.6362],[-74.11765,40.63805],[-74.11519,40.63833],[-74.11581,40.64164],[-74.11666,40.64111],[-74.11801,40.64054],[-74.11791,40.64023]]}},{"type":"Feature","properties":{"route":"S55","routeId":"S55","short":"S55","color":"#FAA61A","longName":"Rossville - Staten Island Mall","kind":"local"},"geometry":{"type":"LineString","coordinates":[[-74.16136,40.58369],[-74.16202,40.58298],[-74.16238,40.58233],[-74.1634,40.57967],[-74.16369,40.57751],[-74.16381,40.5773],[-74.16438,40.57678],[-74.16915,40.57931],[-74.16962,40.57944],[-74.17011,40.57268],[-74.1697,40.56809],[-74.1698,40.56562],[-74.16981,40.56366],[-74.16973,40.56353],[-74.16984,40.56106],[-74.17129,40.56131],[-74.17112,40.55981],[-74.17057,40.56015],[-74.16977,40.56022],[-74.16984,40.56106],[-74.17137,40.56133],[-74.17472,40.56276],[-74.17659,40.56324],[-74.1776,40.56377],[-74.17731,40.56176],[-74.17623,40.55662],[-74.17515,40.55079],[-74.17467,40.54954],[-74.17508,40.5467],[-74.17582,40.5454],[-74.17656,40.54441],[-74.17743,40.54241],[-74.17736,40.54082],[-74.17721,40.54006],[-74.17737,40.53935],[-74.18077,40.53589],[-74.18958,40.53304],[-74.19251,40.53147],[-74.19401,40.53083],[-74.18849,40.52312],[-74.1925,40.52166],[-74.19563,40.51971],[-74.1962,40.5194],[-74.19713,40.51911],[-74.19739,40.52025],[-74.19916,40.52264],[-74.20152,40.52624],[-74.20277,40.5259],[-74.2073,40.52524],[-74.20793,40.52521],[-74.20896,40.52536],[-74.20933,40.52535],[-74.20962,40.52521],[-74.20992,40.5249],[-74.2102,40.52474],[-74.21143,40.52441],[-74.212,40.5243],[-74.21564,40.52396],[-74.2156,40.52531],[-74.21568,40.52628],[-74.21702,40.52911],[-74.21813,40.53281],[-74.21833,40.53512],[-74.2177,40.53829],[-74.21764,40.53906],[-74.21773,40.541],[-74.218,40.54189],[-74.2204,40.54798]]}},{"type":"Feature","properties":{"route":"S56","routeId":"S56","short":"S56","color":"#6CBE45","longName":"Huguenot - Staten Island Mall","kind":"local"},"geometry":{"type":"LineString","coordinates":[[-74.16136,40.58369],[-74.16202,40.58298],[-74.16238,40.58233],[-74.1634,40.57967],[-74.16369,40.57751],[-74.16381,40.5773],[-74.16438,40.57678],[-74.16915,40.57931],[-74.16962,40.57944],[-74.17011,40.57268],[-74.1697,40.56809],[-74.1698,40.56562],[-74.16981,40.56366],[-74.16973,40.56353],[-74.16984,40.56106],[-74.17129,40.56131],[-74.17112,40.55981],[-74.17057,40.56015],[-74.16977,40.56022],[-74.16984,40.56106],[-74.17137,40.56133],[-74.17472,40.56276],[-74.17659,40.56324],[-74.17814,40.56407],[-74.18141,40.56525],[-74.18232,40.56548],[-74.18284,40.56548],[-74.18374,40.56533],[-74.18556,40.56446],[-74.18935,40.56363],[-74.18993,40.56333],[-74.19066,40.5627],[-74.19106,40.56255],[-74.1918,40.56251],[-74.19288,40.56266],[-74.1934,40.5625],[-74.19407,40.56207],[-74.19767,40.55889],[-74.19023,40.55163],[-74.18935,40.55106],[-74.18757,40.55014],[-74.18869,40.54884],[-74.19005,40.54785],[-74.19516,40.54466],[-74.19587,40.54434],[-74.1973,40.54325],[-74.19794,40.54309],[-74.20025,40.54286],[-74.20303,40.54221],[-74.20699,40.54174],[-74.20664,40.54014],[-74.20626,40.53917],[-74.2029,40.532],[-74.20256,40.52949],[-74.20118,40.52674],[-74.20152,40.52624],[-74.19916,40.52264],[-74.19739,40.52025],[-74.19713,40.51911],[-74.1962,40.5194],[-74.19563,40.51971],[-74.1925,40.52166],[-74.18849,40.52312],[-74.19114,40.52685],[-74.19127,40.52679]]}},{"type":"Feature","properties":{"route":"S57","routeId":"S57","short":"S57","color":"#6CBE45","longName":"Port Richmond - New Dorp","kind":"local"},"geometry":{"type":"LineString","coordinates":[[-74.11224,40.56558],[-74.11015,40.56429],[-74.11227,40.56145],[-74.11644,40.56393],[-74.12013,40.56043],[-74.12717,40.5647],[-74.12871,40.56488],[-74.13014,40.56526],[-74.12817,40.56663],[-74.12722,40.56757],[-74.126,40.56823],[-74.12346,40.5699],[-74.12177,40.5713],[-74.12148,40.57175],[-74.12134,40.57253],[-74.12139,40.57297],[-74.1219,40.57453],[-74.12186,40.5748],[-74.1216,40.57505],[-74.12124,40.57524],[-74.11746,40.57311],[-74.11631,40.57395],[-74.11982,40.57584],[-74.12124,40.57524],[-74.12191,40.57509],[-74.12318,40.57574],[-74.12533,40.57589],[-74.12708,40.57642],[-74.12726,40.57756],[-74.12691,40.5784],[-74.12688,40.57873],[-74.1281,40.58063],[-74.12905,40.58161],[-74.12986,40.58216],[-74.13072,40.58304],[-74.13153,40.58345],[-74.13284,40.58376],[-74.13334,40.58404],[-74.13372,40.5846],[-74.1335,40.58564],[-74.13356,40.58588],[-74.13386,40.58619],[-74.13678,40.58792],[-74.13841,40.58898],[-74.13864,40.58901],[-74.13832,40.58954],[-74.13648,40.59183],[-74.13549,40.59369],[-74.13408,40.59294],[-74.13383,40.59274],[-74.13281,40.59307],[-74.13242,40.59153],[-74.13281,40.59307],[-74.13244,40.59308],[-74.13191,40.59281],[-74.13124,40.5929],[-74.13081,40.59283],[-74.13075,40.59253],[-74.13081,40.59283],[-74.13124,40.5929],[-74.13191,40.59281],[-74.13263,40.59316],[-74.13302,40.59314],[-74.13346,40.59297],[-74.13392,40.59301],[-74.13543,40.59381],[-74.13495,40.59476],[-74.13376,40.59633],[-74.13282,40.59724],[-74.13159,40.59811],[-74.13071,40.59859],[-74.13086,40.59886],[-74.13099,40.59949],[-74.13228,40.60952],[-74.13234,40.61234],[-74.13231,40.6128],[-74.1321,40.61321],[-74.13328,40.61454],[-74.13418,40.61538],[-74.13449,40.6155],[-74.1377,40.61601],[-74.14512,40.61696],[-74.14401,40.62499],[-74.14127,40.6246],[-74.14121,40.62497],[-74.13784,40.62768],[-74.13376,40.63115],[-74.13284,40.63211],[-74.13611,40.63396],[-74.13441,40.63657],[-74.13155,40.64038],[-74.13121,40.6404],[-74.13084,40.64026]]}},{"type":"Feature","properties":{"route":"S59","routeId":"S59","short":"S59","color":"#EE352E","longName":"Port Richmond - Tottenville","kind":"local"},"geometry":{"type":"LineString","coordinates":[[-74.13089,40.64029],[-74.13041,40.64002],[-74.13102,40.63917],[-74.13136,40.63918],[-74.13218,40.63953],[-74.13441,40.63657],[-74.13655,40.63331],[-74.13893,40.63103],[-74.14079,40.6295],[-74.14195,40.62842],[-74.14268,40.62622],[-74.14304,40.62564],[-74.14328,40.62551],[-74.14397,40.62536],[-74.14401,40.62499],[-74.14611,40.62491],[-74.14876,40.62511],[-74.14918,40.62327],[-74.14932,40.62305],[-74.15083,40.62166],[-74.15362,40.61987],[-74.15574,40.61796],[-74.15654,40.61684],[-74.15778,40.61411],[-74.15924,40.61237],[-74.16064,40.60927],[-74.16102,40.60888],[-74.162,40.60832],[-74.16239,40.60774],[-74.16246,40.60704],[-74.16234,40.60592],[-74.16237,40.60505],[-74.16327,40.60251],[-74.16338,40.60167],[-74.16303,40.60042],[-74.16207,40.59542],[-74.16204,40.59467],[-74.16226,40.59402],[-74.16254,40.59344],[-74.16299,40.59289],[-74.16603,40.59065],[-74.16765,40.58902],[-74.16805,40.58837],[-74.16852,40.58678],[-74.16869,40.58587],[-74.16829,40.58576],[-74.16713,40.58565],[-74.16656,40.58548],[-74.16859,40.58035],[-74.16807,40.57931],[-74.16811,40.57912],[-74.16833,40.57887],[-74.16915,40.57931],[-74.16962,40.57944],[-74.16984,40.57701],[-74.1696,40.57699],[-74.1693,40.57685],[-74.16425,40.57437],[-74.16416,40.57408],[-74.16418,40.57398],[-74.16667,40.57259],[-74.1697,40.57092],[-74.16995,40.57085],[-74.1697,40.56809],[-74.16983,40.56091],[-74.17004,40.56081],[-74.17122,40.56069],[-74.17117,40.5603],[-74.1704,40.56043],[-74.16996,40.56042],[-74.16978,40.56034],[-74.16712,40.54831],[-74.16682,40.54774],[-74.16623,40.54725],[-74.16575,40.54538],[-74.16535,40.54433],[-74.16424,40.54332],[-74.15797,40.53662],[-74.15703,40.53595],[-74.15398,40.53428],[-74.15635,40.53177],[-74.15705,40.53118],[-74.16765,40.52675],[-74.16898,40.52655],[-74.17672,40.52679],[-74.17841,40.52673],[-74.19223,40.52177],[-74.1928,40.52151],[-74.1962,40.5194],[-74.19713,40.51911],[-74.19913,40.51871],[-74.19985,40.51845],[-74.21095,40.5114],[-74.2122,40.51087],[-74.22268,40.50871],[-74.22747,40.50821],[-74.23007,40.50774],[-74.23475,40.50623],[-74.25136,40.50287],[-74.25234,40.5057],[-74.25211,40.50757],[-74.25183,40.50759],[-74.2469,40.50906],[-74.24687,40.50895]]}},{"type":"Feature","properties":{"route":"S61","routeId":"S61","short":"S61","color":"#EE352E","longName":"St. George - Staten Island Mall","kind":"local"},"geometry":{"type":"LineString","coordinates":[[-74.07407,40.64294],[-74.07441,40.6434],[-74.07482,40.64317],[-74.07538,40.64255],[-74.07516,40.64221],[-74.07575,40.64154],[-74.07583,40.64122],[-74.07549,40.63974],[-74.076,40.63775],[-74.07698,40.63777],[-74.07827,40.63823],[-74.07879,40.63828],[-74.07916,40.63814],[-74.08196,40.63653],[-74.08302,40.63601],[-74.08407,40.6356],[-74.08462,40.63527],[-74.08807,40.63107],[-74.08842,40.63069],[-74.0893,40.62998],[-74.09202,40.62596],[-74.10022,40.6192],[-74.10235,40.61701],[-74.10278,40.61673],[-74.10622,40.61524],[-74.11252,40.61388],[-74.12916,40.61256],[-74.13022,40.61252],[-74.13071,40.61258],[-74.13231,40.61242],[-74.13231,40.60989],[-74.13212,40.60855],[-74.14087,40.6081],[-74.14079,40.60729],[-74.13202,40.60778],[-74.13125,40.60138],[-74.1368,40.60091],[-74.1402,40.6007],[-74.14003,40.59857],[-74.14273,40.59489],[-74.14542,40.5915],[-74.14587,40.58822],[-74.14628,40.58616],[-74.14657,40.58581],[-74.14764,40.58499],[-74.15187,40.58713],[-74.15853,40.5909],[-74.15919,40.59014],[-74.1613,40.5881],[-74.16298,40.58631],[-74.16025,40.58475],[-74.16202,40.58298],[-74.16227,40.58258],[-74.1634,40.57967],[-74.16369,40.57751],[-74.16381,40.5773],[-74.16438,40.57678],[-74.1646,40.57686],[-74.16915,40.57931],[-74.16962,40.57944],[-74.16984,40.57701],[-74.1696,40.57699],[-74.16763,40.576]]}},{"type":"Feature","properties":{"route":"S62","routeId":"S62","short":"S62","color":"#B933AD","longName":"St. George - Travis","kind":"local"},"geometry":{"type":"LineString","coordinates":[[-74.07398,40.64297],[-74.07411,40.64292],[-74.07441,40.6434],[-74.07482,40.64317],[-74.07538,40.64255],[-74.07516,40.64221],[-74.07575,40.64154],[-74.07583,40.64122],[-74.07549,40.63974],[-74.076,40.63775],[-74.07698,40.63777],[-74.07827,40.63823],[-74.07879,40.63828],[-74.07916,40.63814],[-74.08196,40.63653],[-74.08302,40.63601],[-74.08407,40.6356],[-74.08462,40.63527],[-74.08807,40.63107],[-74.08842,40.63069],[-74.0893,40.62998],[-74.09202,40.62596],[-74.10022,40.6192],[-74.10235,40.61701],[-74.1032,40.61654],[-74.10622,40.61524],[-74.11252,40.61388],[-74.12916,40.61256],[-74.13022,40.61252],[-74.13071,40.61258],[-74.13203,40.61243],[-74.13625,40.61225],[-74.15362,40.60879],[-74.15336,40.60816],[-74.1532,40.6082],[-74.15319,40.60833],[-74.15339,40.60884],[-74.1604,40.60741],[-74.16563,40.60681],[-74.16837,40.60611],[-74.17092,40.60484],[-74.17268,40.6041],[-74.17512,40.60203],[-74.18535,40.59479],[-74.19294,40.59039],[-74.19813,40.58725],[-74.20019,40.58646],[-74.19963,40.5862],[-74.19893,40.58638],[-74.19887,40.58655]]}},{"type":"Feature","properties":{"route":"S66","routeId":"S66","short":"S66","color":"#6CBE45","longName":"St. George - Port Richmond","kind":"local"},"geometry":{"type":"LineString","coordinates":[[-74.13084,40.64026],[-74.13041,40.64002],[-74.13102,40.63917],[-74.13136,40.63918],[-74.13218,40.63953],[-74.13476,40.63603],[-74.13082,40.63413],[-74.12945,40.63367],[-74.1299,40.63297],[-74.13059,40.63139],[-74.13016,40.6299],[-74.13199,40.62431],[-74.13206,40.62389],[-74.13207,40.62261],[-74.13127,40.61757],[-74.13071,40.61258],[-74.13022,40.61252],[-74.12916,40.61256],[-74.11252,40.61388],[-74.10622,40.61524],[-74.10353,40.6164],[-74.10207,40.6146],[-74.10014,40.61318],[-74.09935,40.61242],[-74.09833,40.61273],[-74.09806,40.6129],[-74.09781,40.61372],[-74.09729,40.61434],[-74.09735,40.61498],[-74.09717,40.61529],[-74.0947,40.61635],[-74.09431,40.61662],[-74.09408,40.61733],[-74.09408,40.61802],[-74.0937,40.61867],[-74.09325,40.61878],[-74.09264,40.61873],[-74.09194,40.61857],[-74.09093,40.61862],[-74.09065,40.61872],[-74.09022,40.61943],[-74.09134,40.61982],[-74.09377,40.62028],[-74.09407,40.62024],[-74.0942,40.62015],[-74.09444,40.61996],[-74.09462,40.61961],[-74.09496,40.61957],[-74.09769,40.61871],[-74.09774,40.61881],[-74.09969,40.61964],[-74.09202,40.62596],[-74.0893,40.62998],[-74.08842,40.63069],[-74.08807,40.63107],[-74.08462,40.63527],[-74.08407,40.6356],[-74.08302,40.63601],[-74.08196,40.63653],[-74.07916,40.63814],[-74.07879,40.63828],[-74.07827,40.63823],[-74.07698,40.63777],[-74.076,40.63775],[-74.07549,40.63974],[-74.07581,40.64095],[-74.07575,40.64154],[-74.07516,40.64221],[-74.07502,40.64214],[-74.07372,40.64237],[-74.073,40.64252],[-74.07263,40.64269],[-74.07241,40.64287],[-74.07233,40.64306],[-74.07238,40.64327],[-74.07252,40.64348],[-74.07298,40.64332]]}},{"type":"Feature","properties":{"route":"S74","routeId":"S74","short":"S74","color":"#EE352E","longName":"St. George - Bricktown Mall","kind":"local"},"geometry":{"type":"LineString","coordinates":[[-74.0737,40.64321],[-74.07419,40.64305],[-74.07441,40.6434],[-74.07482,40.64317],[-74.07513,40.64288],[-74.07538,40.64255],[-74.07516,40.64221],[-74.07575,40.64154],[-74.07583,40.64122],[-74.07549,40.63974],[-74.07623,40.63663],[-74.07544,40.63509],[-74.07524,40.63451],[-74.07512,40.63375],[-74.07533,40.63312],[-74.07653,40.63097],[-74.07674,40.63021],[-74.07635,40.62793],[-74.07594,40.62715],[-74.07792,40.62692],[-74.08008,40.62457],[-74.08011,40.62443],[-74.08527,40.62278],[-74.08585,40.62016],[-74.0862,40.61796],[-74.08657,40.61716],[-74.08784,40.61528],[-74.08779,40.61503],[-74.08749,40.61462],[-74.08719,40.61331],[-74.0894,40.61007],[-74.09099,40.60862],[-74.09176,40.60769],[-74.09249,40.60697],[-74.09267,40.60659],[-74.09272,40.60624],[-74.09245,40.60401],[-74.09287,40.60116],[-74.09189,40.59963],[-74.09172,40.59918],[-74.09179,40.59868],[-74.09273,40.59745],[-74.09404,40.59655],[-74.09661,40.59569],[-74.0998,40.59388],[-74.1002,40.59357],[-74.10062,40.59304],[-74.10091,40.59225],[-74.10094,40.5914],[-74.10082,40.59042],[-74.10101,40.58992],[-74.10209,40.58873],[-74.10454,40.58648],[-74.10877,40.583],[-74.10959,40.58246],[-74.1111,40.58187],[-74.11316,40.5807],[-74.11374,40.58025],[-74.11557,40.57846],[-74.11602,40.57834],[-74.11667,40.57829],[-74.11709,40.57814],[-74.1177,40.57757],[-74.11849,40.57661],[-74.11896,40.57623],[-74.1213,40.57522],[-74.12191,40.57509],[-74.12318,40.57574],[-74.12533,40.57589],[-74.12708,40.57642],[-74.12735,40.5757],[-74.12773,40.57522],[-74.13287,40.57346],[-74.13462,40.57319],[-74.14579,40.57186],[-74.14699,40.57203],[-74.14724,40.57145],[-74.14742,40.57124],[-74.15032,40.56889],[-74.1518,40.5678],[-74.15333,40.56643],[-74.15477,40.56539],[-74.15586,40.56375],[-74.15694,40.56272],[-74.15825,40.56219],[-74.16152,40.56126],[-74.1638,40.56031],[-74.16506,40.5601],[-74.17129,40.56131],[-74.17112,40.55981],[-74.17057,40.56015],[-74.16977,40.56022],[-74.16984,40.56106],[-74.17137,40.56133],[-74.17393,40.56246],[-74.17519,40.56292],[-74.17659,40.56324],[-74.17814,40.56407],[-74.18141,40.56525],[-74.18232,40.56548],[-74.18284,40.56548],[-74.18358,40.56537],[-74.18404,40.56522],[-74.18497,40.56469],[-74.18556,40.56446],[-74.18952,40.56357],[-74.18993,40.56333],[-74.19066,40.5627],[-74.19106,40.56255],[-74.1918,40.56251],[-74.19288,40.56266],[-74.1934,40.5625],[-74.19407,40.56207],[-74.19683,40.55967],[-74.19888,40.55779],[-74.20034,40.55627],[-74.20082,40.556],[-74.20181,40.55583],[-74.20316,40.55604],[-74.20355,40.55621],[-74.20417,40.55676],[-74.20494,40.55721],[-74.20566,40.55749],[-74.20633,40.55757],[-74.20748,40.55753],[-74.21032,40.55707],[-74.21241,40.55632],[-74.21347,40.55568],[-74.20953,40.54548],[-74.20798,40.5417],[-74.21208,40.54141],[-74.21478,40.54141],[-74.21776,40.54114],[-74.22112,40.54988],[-74.22131,40.55016],[-74.22407,40.54859],[-74.22666,40.54785],[-74.22774,40.54734],[-74.23166,40.54469],[-74.23326,40.54421],[-74.235,40.54315],[-74.23689,40.54233],[-74.23727,40.54203],[-74.23763,40.54065],[-74.2374,40.53842],[-74.23723,40.53769],[-74.23747,40.53651],[-74.23731,40.53627],[-74.23609,40.53531],[-74.23587,40.53489],[-74.23602,40.53451],[-74.23632,40.53416],[-74.23781,40.5331],[-74.23869,40.53288],[-74.23897,40.53274],[-74.23941,40.52967],[-74.23937,40.52821],[-74.23458,40.52793],[-74.23457,40.52821],[-74.23446,40.52839],[-74.23344,40.52946],[-74.23321,40.52959],[-74.23107,40.52953]]}},{"type":"Feature","properties":{"route":"S76","routeId":"S76","short":"S76","color":"#B933AD","longName":"St. George - Oakwood","kind":"local"},"geometry":{"type":"LineString","coordinates":[[-74.07331,40.64334],[-74.07419,40.64305],[-74.07441,40.6434],[-74.07482,40.64317],[-74.07538,40.64255],[-74.07516,40.64221],[-74.07579,40.64144],[-74.07581,40.64095],[-74.07549,40.63974],[-74.07623,40.63663],[-74.07544,40.63509],[-74.07524,40.63451],[-74.07512,40.63375],[-74.07533,40.63312],[-74.07653,40.63097],[-74.07674,40.63012],[-74.07641,40.62821],[-74.07623,40.62765],[-74.07442,40.6245],[-74.0742,40.6242],[-74.07307,40.62313],[-74.07254,40.62247],[-74.08,40.61855],[-74.08719,40.61331],[-74.0894,40.61007],[-74.09099,40.60862],[-74.09176,40.60769],[-74.09249,40.60697],[-74.09267,40.60659],[-74.09272,40.60624],[-74.09245,40.60401],[-74.09287,40.60116],[-74.09202,40.59991],[-74.09172,40.59918],[-74.09179,40.59868],[-74.09266,40.59752],[-74.09404,40.59655],[-74.09661,40.59569],[-74.10007,40.59369],[-74.10055,40.59317],[-74.10091,40.59225],[-74.10094,40.5914],[-74.10082,40.59042],[-74.10095,40.59],[-74.10209,40.58873],[-74.10454,40.58648],[-74.10837,40.5833],[-74.10924,40.58267],[-74.10959,40.58246],[-74.11128,40.58178],[-74.11316,40.5807],[-74.11374,40.58025],[-74.11557,40.57846],[-74.11602,40.57834],[-74.11667,40.57829],[-74.11709,40.57814],[-74.11748,40.57781],[-74.11858,40.57652],[-74.1191,40.57615],[-74.11982,40.57584],[-74.10661,40.56879],[-74.09764,40.56448],[-74.10174,40.55989],[-74.10338,40.56069],[-74.10557,40.56198],[-74.11015,40.56429],[-74.1115,40.56254],[-74.11318,40.56007],[-74.11321,40.55984],[-74.11304,40.55949],[-74.1134,40.55866],[-74.11326,40.55792],[-74.11333,40.5576],[-74.11349,40.55747],[-74.11513,40.55697],[-74.11585,40.55651],[-74.11662,40.5555],[-74.11726,40.55436],[-74.11724,40.55379],[-74.1175,40.55349],[-74.11734,40.55343]]}},{"type":"Feature","properties":{"route":"S78","routeId":"S78","short":"S78","color":"#FAA61A","longName":"St. George - Bricktown Mall","kind":"local"},"geometry":{"type":"LineString","coordinates":[[-74.07405,40.64323],[-74.07426,40.64315],[-74.07441,40.6434],[-74.07482,40.64317],[-74.07513,40.64288],[-74.07538,40.64255],[-74.07516,40.64221],[-74.07579,40.64144],[-74.07581,40.64095],[-74.07549,40.63974],[-74.076,40.63775],[-74.07698,40.63777],[-74.07794,40.63811],[-74.07805,40.63626],[-74.0792,40.63254],[-74.07943,40.63214],[-74.07993,40.63159],[-74.08175,40.63],[-74.07633,40.62712],[-74.07792,40.62692],[-74.07979,40.62488],[-74.07787,40.62119],[-74.07576,40.6188],[-74.07393,40.61603],[-74.07088,40.61203],[-74.07094,40.61176],[-74.07121,40.61153],[-74.07424,40.61008],[-74.07509,40.60954],[-74.07731,40.60729],[-74.07768,40.60653],[-74.07785,40.6058],[-74.0778,40.60442],[-74.07758,40.60368],[-74.07703,40.60362],[-74.07578,40.60418],[-74.07522,40.60357],[-74.0741,40.60258],[-74.07258,40.60166],[-74.07204,40.59998],[-74.07202,40.59943],[-74.07216,40.59891],[-74.07298,40.59803],[-74.07336,40.5978],[-74.07398,40.5976],[-74.0745,40.59757],[-74.0752,40.59768],[-74.07666,40.59826],[-74.07743,40.59842],[-74.08126,40.59861],[-74.08231,40.59839],[-74.0847,40.5975],[-74.08504,40.59729],[-74.08548,40.5968],[-74.08755,40.59179],[-74.08782,40.59136],[-74.09263,40.58591],[-74.10167,40.57861],[-74.10369,40.5765],[-74.10385,40.57644],[-74.11822,40.56217],[-74.12062,40.55998],[-74.12101,40.55974],[-74.12183,40.55952],[-74.1241,40.55968],[-74.12463,40.55956],[-74.12519,40.55929],[-74.13037,40.55456],[-74.13183,40.55352],[-74.13418,40.55159],[-74.13766,40.54946],[-74.13875,40.54845],[-74.14276,40.54545],[-74.14408,40.54439],[-74.14484,40.5434],[-74.14593,40.54245],[-74.14963,40.53805],[-74.15372,40.53456],[-74.15635,40.53177],[-74.15705,40.53118],[-74.16779,40.52671],[-74.16898,40.52655],[-74.17672,40.52679],[-74.17841,40.52673],[-74.19223,40.52177],[-74.1928,40.52151],[-74.1962,40.5194],[-74.19713,40.51911],[-74.19913,40.51871],[-74.19985,40.51845],[-74.21095,40.5114],[-74.2122,40.51087],[-74.22268,40.50871],[-74.22747,40.50821],[-74.23007,40.50774],[-74.23475,40.50623],[-74.25136,40.50287],[-74.25234,40.5057],[-74.25211,40.50757],[-74.25117,40.50778],[-74.24527,40.50955],[-74.24856,40.51308],[-74.24722,40.51375],[-74.24458,40.51547],[-74.24354,40.51576],[-74.24115,40.51663],[-74.24073,40.517],[-74.23957,40.52086],[-74.23931,40.52203],[-74.23922,40.52318],[-74.23937,40.52821],[-74.23458,40.52793],[-74.23457,40.52821],[-74.23446,40.52839],[-74.23344,40.52946],[-74.23321,40.52959],[-74.23107,40.52953]]}},{"type":"Feature","properties":{"route":"S79+","routeId":"S79+","short":"S79-SBS","color":"#006CB7","longName":"Staten Island Mall - Bay Ridge","kind":"sbs"},"geometry":{"type":"LineString","coordinates":[[-74.0284,40.62267],[-74.02836,40.62277],[-74.02444,40.62042],[-74.0275,40.61695],[-74.02668,40.61651],[-74.02885,40.61414],[-74.03122,40.6113],[-74.03225,40.61068],[-74.0361,40.60938],[-74.05763,40.60244],[-74.0589,40.60215],[-74.05974,40.60204],[-74.06091,40.6021],[-74.06393,40.60289],[-74.06665,40.60347],[-74.07239,40.60577],[-74.07438,40.60638],[-74.07539,40.60661],[-74.07698,40.60685],[-74.07746,40.60674],[-74.07768,40.60653],[-74.07785,40.6058],[-74.0778,40.60442],[-74.07764,40.60381],[-74.07669,40.60194],[-74.07649,40.60102],[-74.07715,40.59984],[-74.0784,40.59864],[-74.07845,40.59847],[-74.08074,40.5986],[-74.0817,40.59855],[-74.08231,40.59839],[-74.0847,40.5975],[-74.08522,40.59714],[-74.08548,40.5968],[-74.08755,40.59179],[-74.08782,40.59136],[-74.09263,40.58591],[-74.10167,40.57861],[-74.10369,40.5765],[-74.10385,40.57644],[-74.11758,40.56278],[-74.11917,40.5613],[-74.12062,40.55998],[-74.12131,40.55962],[-74.12221,40.55952],[-74.12363,40.55969],[-74.1241,40.55968],[-74.12487,40.55947],[-74.1253,40.55921],[-74.13037,40.55456],[-74.13183,40.55352],[-74.13418,40.55159],[-74.13766,40.54946],[-74.13875,40.54845],[-74.14408,40.54439],[-74.14484,40.5434],[-74.14593,40.54245],[-74.14963,40.53805],[-74.15398,40.53428],[-74.15703,40.53595],[-74.15797,40.53662],[-74.16424,40.54332],[-74.16535,40.54433],[-74.16575,40.54538],[-74.16623,40.54725],[-74.16682,40.54774],[-74.16712,40.54831],[-74.16977,40.56022],[-74.16983,40.56091],[-74.17004,40.56081],[-74.17122,40.56069],[-74.17083,40.56121],[-74.16984,40.56106],[-74.16973,40.56353],[-74.16965,40.56379],[-74.16953,40.56862],[-74.16985,40.57278],[-74.16953,40.57815],[-74.16936,40.57937],[-74.16833,40.57887],[-74.16811,40.57912],[-74.16807,40.57931],[-74.16859,40.58035],[-74.16656,40.58548],[-74.16623,40.5858],[-74.16569,40.58597],[-74.16522,40.58595],[-74.16501,40.58587],[-74.16288,40.58471],[-74.16236,40.58426],[-74.16118,40.58388],[-74.16131,40.58374]]}},{"type":"Feature","properties":{"route":"S81","routeId":"S81","short":"S81","color":"#006CB7","longName":"St. George - Grant City LTD","kind":"limited"},"geometry":{"type":"LineString","coordinates":[[-74.07399,40.64312],[-74.07419,40.64305],[-74.07441,40.6434],[-74.07482,40.64317],[-74.07513,40.64288],[-74.07538,40.64255],[-74.07516,40.64221],[-74.07575,40.64154],[-74.07583,40.64122],[-74.07549,40.63974],[-74.07623,40.63663],[-74.07544,40.63509],[-74.07524,40.63451],[-74.07512,40.63375],[-74.07533,40.63312],[-74.07653,40.63097],[-74.07674,40.63021],[-74.07628,40.62775],[-74.0742,40.6242],[-74.07307,40.62313],[-74.07099,40.62044],[-74.06975,40.61899],[-74.05875,40.60409],[-74.05675,40.60122],[-74.0638,40.59891],[-74.06197,40.59661],[-74.0619,40.59641],[-74.06201,40.59619],[-74.0625,40.59584],[-74.06296,40.59515],[-74.06305,40.59378],[-74.06341,40.59295],[-74.06501,40.5918],[-74.0667,40.59037],[-74.06931,40.58778],[-74.07157,40.58503],[-74.07268,40.5842],[-74.07356,40.58339],[-74.07511,40.58175],[-74.07902,40.57823],[-74.07958,40.57781],[-74.08825,40.57275],[-74.08879,40.57235],[-74.09032,40.5708],[-74.10014,40.57613],[-74.10111,40.57728],[-74.10231,40.57794],[-74.10369,40.5765],[-74.1038,40.57653],[-74.10532,40.57729],[-74.10611,40.578],[-74.1115,40.58089]]}},{"type":"Feature","properties":{"route":"S84","routeId":"S84","short":"S84","color":"#EE352E","longName":"St. George - Bricktown Mall LTD","kind":"limited"},"geometry":{"type":"LineString","coordinates":[[-74.0737,40.64321],[-74.07419,40.64305],[-74.07441,40.6434],[-74.07482,40.64317],[-74.07513,40.64288],[-74.07538,40.64255],[-74.07516,40.64221],[-74.07575,40.64154],[-74.07583,40.64122],[-74.07549,40.63974],[-74.07623,40.63663],[-74.07544,40.63509],[-74.07524,40.63451],[-74.07512,40.63375],[-74.07533,40.63312],[-74.07653,40.63097],[-74.07674,40.63021],[-74.07635,40.62793],[-74.07594,40.62715],[-74.07792,40.62692],[-74.08008,40.62457],[-74.08011,40.62443],[-74.08527,40.62278],[-74.08585,40.62016],[-74.0862,40.61796],[-74.08657,40.61716],[-74.08784,40.61528],[-74.08779,40.61503],[-74.08749,40.61462],[-74.08719,40.61331],[-74.0894,40.61007],[-74.09099,40.60862],[-74.09176,40.60769],[-74.09249,40.60697],[-74.09267,40.60659],[-74.09272,40.60624],[-74.09245,40.60401],[-74.09287,40.60116],[-74.09189,40.59963],[-74.09172,40.59918],[-74.09179,40.59868],[-74.09273,40.59745],[-74.09404,40.59655],[-74.09661,40.59569],[-74.0998,40.59388],[-74.1002,40.59357],[-74.10062,40.59304],[-74.10091,40.59225],[-74.10094,40.5914],[-74.10082,40.59042],[-74.10101,40.58992],[-74.10209,40.58873],[-74.10454,40.58648],[-74.10877,40.583],[-74.10959,40.58246],[-74.1111,40.58187],[-74.11316,40.5807],[-74.11374,40.58025],[-74.11557,40.57846],[-74.11602,40.57834],[-74.11667,40.57829],[-74.11709,40.57814],[-74.1177,40.57757],[-74.11849,40.57661],[-74.11896,40.57623],[-74.1213,40.57522],[-74.12191,40.57509],[-74.12318,40.57574],[-74.12533,40.57589],[-74.12708,40.57642],[-74.12735,40.5757],[-74.12773,40.57522],[-74.13287,40.57346],[-74.13462,40.57319],[-74.14579,40.57186],[-74.14699,40.57203],[-74.14724,40.57145],[-74.14742,40.57124],[-74.15032,40.56889],[-74.1518,40.5678],[-74.15333,40.56643],[-74.15477,40.56539],[-74.15586,40.56375],[-74.15694,40.56272],[-74.15825,40.56219],[-74.16152,40.56126],[-74.1638,40.56031],[-74.16506,40.5601],[-74.17129,40.56131],[-74.17112,40.55981],[-74.17057,40.56015],[-74.16977,40.56022],[-74.16984,40.56106],[-74.17137,40.56133],[-74.17393,40.56246],[-74.17519,40.56292],[-74.17659,40.56324],[-74.17814,40.56407],[-74.18141,40.56525],[-74.18232,40.56548],[-74.18284,40.56548],[-74.18358,40.56537],[-74.18404,40.56522],[-74.18497,40.56469],[-74.18556,40.56446],[-74.18952,40.56357],[-74.18993,40.56333],[-74.19066,40.5627],[-74.19106,40.56255],[-74.1918,40.56251],[-74.19288,40.56266],[-74.1934,40.5625],[-74.19407,40.56207],[-74.19683,40.55967],[-74.19888,40.55779],[-74.20034,40.55627],[-74.20082,40.556],[-74.20181,40.55583],[-74.20316,40.55604],[-74.20355,40.55621],[-74.20417,40.55676],[-74.20494,40.55721],[-74.20566,40.55749],[-74.20633,40.55757],[-74.20748,40.55753],[-74.21032,40.55707],[-74.21241,40.55632],[-74.21347,40.55568],[-74.20953,40.54548],[-74.20798,40.5417],[-74.21208,40.54141],[-74.21478,40.54141],[-74.21776,40.54114],[-74.22112,40.54988],[-74.22131,40.55016],[-74.22407,40.54859],[-74.22666,40.54785],[-74.22774,40.54734],[-74.23166,40.54469],[-74.23326,40.54421],[-74.235,40.54315],[-74.23689,40.54233],[-74.23727,40.54203],[-74.23763,40.54065],[-74.2374,40.53842],[-74.23723,40.53769],[-74.23747,40.53651],[-74.23731,40.53627],[-74.23609,40.53531],[-74.23587,40.53489],[-74.23602,40.53451],[-74.23632,40.53416],[-74.23781,40.5331],[-74.23869,40.53288],[-74.23897,40.53274],[-74.23941,40.52967],[-74.23937,40.52821],[-74.23458,40.52793],[-74.23457,40.52821],[-74.23446,40.52839],[-74.23344,40.52946],[-74.23321,40.52959],[-74.23107,40.52953]]}},{"type":"Feature","properties":{"route":"S86","routeId":"S86","short":"S86","color":"#B933AD","longName":"St. George - Oakwood LTD","kind":"limited"},"geometry":{"type":"LineString","coordinates":[[-74.07331,40.64334],[-74.07419,40.64305],[-74.07441,40.6434],[-74.07482,40.64317],[-74.07538,40.64255],[-74.07516,40.64221],[-74.07579,40.64144],[-74.07581,40.64095],[-74.07549,40.63974],[-74.07623,40.63663],[-74.07544,40.63509],[-74.07524,40.63451],[-74.07512,40.63375],[-74.07533,40.63312],[-74.07653,40.63097],[-74.07674,40.63012],[-74.07641,40.62821],[-74.07623,40.62765],[-74.07442,40.6245],[-74.0742,40.6242],[-74.07307,40.62313],[-74.07254,40.62247],[-74.08,40.61855],[-74.08719,40.61331],[-74.0894,40.61007],[-74.09099,40.60862],[-74.09176,40.60769],[-74.09249,40.60697],[-74.09267,40.60659],[-74.09272,40.60624],[-74.09245,40.60401],[-74.09287,40.60116],[-74.09202,40.59991],[-74.09172,40.59918],[-74.09179,40.59868],[-74.09266,40.59752],[-74.09404,40.59655],[-74.09661,40.59569],[-74.10007,40.59369],[-74.10055,40.59317],[-74.10091,40.59225],[-74.10094,40.5914],[-74.10082,40.59042],[-74.10095,40.59],[-74.10209,40.58873],[-74.10454,40.58648],[-74.10837,40.5833],[-74.10924,40.58267],[-74.10959,40.58246],[-74.11128,40.58178],[-74.11316,40.5807],[-74.11374,40.58025],[-74.11557,40.57846],[-74.11602,40.57834],[-74.11667,40.57829],[-74.11709,40.57814],[-74.11748,40.57781],[-74.11858,40.57652],[-74.1191,40.57615],[-74.11982,40.57584],[-74.10661,40.56879],[-74.09764,40.56448],[-74.10174,40.55989],[-74.10338,40.56069],[-74.10557,40.56198],[-74.11015,40.56429],[-74.1115,40.56254],[-74.11318,40.56007],[-74.11321,40.55984],[-74.11304,40.55949],[-74.1134,40.55866],[-74.11326,40.55792],[-74.11333,40.5576],[-74.11349,40.55747],[-74.11513,40.55697],[-74.11585,40.55651],[-74.11662,40.5555],[-74.11726,40.55436],[-74.11724,40.55379],[-74.1175,40.55349],[-74.11734,40.55343]]}},{"type":"Feature","properties":{"route":"S89","routeId":"S89","short":"S89","color":"#EE352E","longName":"Eltingville - Bayonne LTD","kind":"limited"},"geometry":{"type":"LineString","coordinates":[[-74.15416,40.5339],[-74.15426,40.53396],[-74.15398,40.53428],[-74.15703,40.53595],[-74.15797,40.53662],[-74.16424,40.54332],[-74.16535,40.54433],[-74.16575,40.54538],[-74.16623,40.54725],[-74.16682,40.54774],[-74.16712,40.54831],[-74.16977,40.56022],[-74.16984,40.56106],[-74.17129,40.56131],[-74.17123,40.56075],[-74.17109,40.56081],[-74.17083,40.56121],[-74.16984,40.56106],[-74.16973,40.56353],[-74.16965,40.56379],[-74.16953,40.56862],[-74.16985,40.57278],[-74.16953,40.57815],[-74.16936,40.57937],[-74.16438,40.57678],[-74.16381,40.5773],[-74.16369,40.57751],[-74.1634,40.57967],[-74.16227,40.58258],[-74.16202,40.58298],[-74.16025,40.58475],[-74.16746,40.58892],[-74.16584,40.59053],[-74.16282,40.59277],[-74.16227,40.59342],[-74.16182,40.59451],[-74.16182,40.59548],[-74.16283,40.60038],[-74.16318,40.60166],[-74.16306,40.60251],[-74.16215,40.60505],[-74.16214,40.60614],[-74.1624,40.60719],[-74.16237,40.6078],[-74.162,40.60832],[-74.16102,40.60888],[-74.16064,40.60927],[-74.15924,40.61237],[-74.15786,40.61398],[-74.15654,40.61684],[-74.15574,40.61796],[-74.15362,40.61987],[-74.15083,40.62166],[-74.14923,40.62316],[-74.14855,40.62613],[-74.14692,40.63115],[-74.14379,40.63055],[-74.1434,40.63196],[-74.14518,40.63227],[-74.14546,40.63253],[-74.14516,40.63432],[-74.14472,40.63578],[-74.14322,40.63964],[-74.14006,40.6471],[-74.13916,40.64859],[-74.13685,40.65175],[-74.13607,40.65269],[-74.13558,40.65321],[-74.13506,40.6536],[-74.13408,40.65401],[-74.13333,40.65415],[-74.13187,40.65423],[-74.12844,40.65403],[-74.1269,40.65402],[-74.12534,40.6542],[-74.12337,40.65463],[-74.12123,40.65542],[-74.11957,40.6562],[-74.11714,40.65793],[-74.11601,40.65858],[-74.11507,40.65902],[-74.11283,40.65975],[-74.11022,40.66033],[-74.10952,40.66059],[-74.10886,40.66095],[-74.10831,40.66143],[-74.10777,40.66228],[-74.10762,40.66292],[-74.1077,40.6637],[-74.10856,40.66596],[-74.10865,40.66672],[-74.109,40.6668],[-74.1104,40.66747],[-74.10782,40.67049],[-74.10797,40.67058],[-74.10726,40.67143]]}},{"type":"Feature","properties":{"route":"S90","routeId":"S90","short":"S90","color":"#B933AD","longName":"St. George - Amazon","kind":"limited"},"geometry":{"type":"LineString","coordinates":[[-74.07411,40.64334],[-74.07433,40.64326],[-74.07441,40.6434],[-74.07482,40.64317],[-74.07513,40.64288],[-74.07532,40.64282],[-74.07563,40.64286],[-74.07799,40.64593],[-74.07948,40.64681],[-74.08047,40.64726],[-74.08262,40.64767],[-74.08486,40.64834],[-74.08549,40.64839],[-74.0864,40.64816],[-74.08814,40.64719],[-74.08894,40.64665],[-74.0897,40.64629],[-74.09543,40.64488],[-74.09814,40.64466],[-74.10065,40.64474],[-74.10101,40.64479],[-74.10262,40.64531],[-74.10342,40.64537],[-74.10847,40.64516],[-74.11081,40.64464],[-74.11152,40.64435],[-74.1122,40.64395],[-74.11239,40.64366],[-74.11248,40.64318],[-74.11386,40.64288],[-74.11666,40.64111],[-74.11827,40.6404],[-74.11856,40.64038],[-74.1191,40.64077],[-74.11949,40.64084],[-74.11988,40.64081],[-74.12042,40.64056],[-74.12247,40.63855],[-74.12321,40.63803],[-74.12459,40.63745],[-74.12566,40.63718],[-74.12865,40.63733],[-74.12912,40.63859],[-74.12973,40.63946],[-74.13065,40.64016],[-74.13099,40.64034],[-74.1314,40.64042],[-74.13666,40.64023],[-74.13859,40.6397],[-74.13991,40.63977],[-74.14055,40.63971],[-74.14102,40.63959],[-74.14287,40.63885],[-74.14478,40.63795],[-74.15037,40.63707],[-74.15387,40.63679],[-74.15904,40.63684],[-74.16016,40.63713],[-74.16218,40.638],[-74.16303,40.63851],[-74.16441,40.63963],[-74.16602,40.64027],[-74.16655,40.62736],[-74.16898,40.62782],[-74.17177,40.62758],[-74.17254,40.62742],[-74.17543,40.62609],[-74.17577,40.62601],[-74.17814,40.6261],[-74.18297,40.62883],[-74.18616,40.63047],[-74.18667,40.63002],[-74.18614,40.62937],[-74.18476,40.6289],[-74.18023,40.62624],[-74.1785,40.62459],[-74.17772,40.62336],[-74.1774,40.62242],[-74.17734,40.62132],[-74.17753,40.62039],[-74.17951,40.61484],[-74.181,40.61246],[-74.1815,40.61197],[-74.18283,40.611],[-74.18355,40.61023],[-74.18489,40.61065],[-74.18875,40.61155],[-74.1887,40.61199],[-74.18797,40.6135],[-74.18776,40.61416],[-74.18755,40.61428],[-74.18735,40.61428],[-74.18639,40.61713],[-74.18623,40.61739],[-74.186,40.61765],[-74.18575,40.61779],[-74.18438,40.61835],[-74.1852,40.6189]]}},{"type":"Feature","properties":{"route":"S91","routeId":"S91","short":"S91","color":"#EE352E","longName":"St. George - Staten Island Mall LTD","kind":"limited"},"geometry":{"type":"LineString","coordinates":[[-74.16708,40.57573],[-74.16425,40.57437],[-74.16417,40.57418],[-74.16418,40.57398],[-74.16667,40.57259],[-74.16803,40.57373],[-74.16837,40.57392],[-74.16977,40.57396],[-74.16953,40.57815],[-74.16936,40.57937],[-74.1646,40.57686],[-74.16438,40.57678],[-74.16381,40.5773],[-74.16369,40.57751],[-74.1634,40.57967],[-74.16227,40.58258],[-74.16202,40.58298],[-74.16025,40.58475],[-74.16298,40.58631],[-74.1613,40.5881],[-74.15919,40.59014],[-74.15853,40.5909],[-74.15187,40.58713],[-74.14764,40.58499],[-74.14657,40.58581],[-74.14628,40.58616],[-74.14587,40.58822],[-74.14542,40.5915],[-74.14298,40.59456],[-74.14003,40.59857],[-74.1402,40.6007],[-74.1368,40.60091],[-74.13125,40.60138],[-74.13194,40.60733],[-74.13228,40.60952],[-74.13231,40.61242],[-74.13071,40.61258],[-74.13022,40.61252],[-74.12916,40.61256],[-74.11252,40.61388],[-74.10622,40.61524],[-74.10278,40.61673],[-74.10235,40.61701],[-74.10022,40.6192],[-74.09202,40.62596],[-74.0893,40.62998],[-74.08842,40.63069],[-74.08807,40.63107],[-74.08462,40.63527],[-74.08407,40.6356],[-74.08302,40.63601],[-74.08196,40.63653],[-74.07916,40.63814],[-74.07879,40.63828],[-74.07827,40.63823],[-74.07698,40.63777],[-74.076,40.63775],[-74.07549,40.63974],[-74.07581,40.64095],[-74.07575,40.64154],[-74.07516,40.64221],[-74.07502,40.64214],[-74.07372,40.64237],[-74.073,40.64252],[-74.07263,40.64269],[-74.07241,40.64287],[-74.07233,40.64306],[-74.07238,40.64327],[-74.07252,40.64348],[-74.07298,40.64332]]}},{"type":"Feature","properties":{"route":"S92","routeId":"S92","short":"S92","color":"#B933AD","longName":"St. George - Travis LTD","kind":"limited"},"geometry":{"type":"LineString","coordinates":[[-74.07398,40.64297],[-74.07411,40.64292],[-74.07441,40.6434],[-74.07482,40.64317],[-74.07538,40.64255],[-74.07516,40.64221],[-74.07575,40.64154],[-74.07583,40.64122],[-74.07549,40.63974],[-74.076,40.63775],[-74.07698,40.63777],[-74.07827,40.63823],[-74.07879,40.63828],[-74.07916,40.63814],[-74.08196,40.63653],[-74.08302,40.63601],[-74.08407,40.6356],[-74.08462,40.63527],[-74.08807,40.63107],[-74.08842,40.63069],[-74.0893,40.62998],[-74.09202,40.62596],[-74.10022,40.6192],[-74.10235,40.61701],[-74.1032,40.61654],[-74.10622,40.61524],[-74.11252,40.61388],[-74.12916,40.61256],[-74.13022,40.61252],[-74.13071,40.61258],[-74.13203,40.61243],[-74.13625,40.61225],[-74.15362,40.60879],[-74.15336,40.60816],[-74.1532,40.6082],[-74.15319,40.60833],[-74.15339,40.60884],[-74.1604,40.60741],[-74.16563,40.60681],[-74.16837,40.60611],[-74.17092,40.60484],[-74.17268,40.6041],[-74.17512,40.60203],[-74.18535,40.59479],[-74.19294,40.59039],[-74.19813,40.58725],[-74.20019,40.58646],[-74.19963,40.5862],[-74.19893,40.58638],[-74.19887,40.58655]]}},{"type":"Feature","properties":{"route":"S93","routeId":"S93","short":"S93","color":"#EE352E","longName":"College of Staten Island - Bay Ridge LTD","kind":"limited"},"geometry":{"type":"LineString","coordinates":[[-74.15169,40.59891],[-74.1509,40.59891],[-74.15081,40.59899],[-74.15086,40.60035],[-74.15116,40.6004],[-74.15376,40.60039],[-74.15448,40.60214],[-74.15423,40.60367],[-74.15427,40.60524],[-74.15339,40.60654],[-74.15308,40.6074],[-74.15319,40.60833],[-74.15339,40.60884],[-74.13625,40.61225],[-74.13203,40.61243],[-74.13071,40.61258],[-74.13022,40.61252],[-74.12916,40.61256],[-74.11252,40.61388],[-74.10622,40.61524],[-74.10353,40.6164],[-74.10207,40.6146],[-74.10014,40.61318],[-74.09921,40.61228],[-74.09859,40.61146],[-74.09742,40.61026],[-74.09545,40.61025],[-74.09411,40.61004],[-74.09299,40.60974],[-74.09158,40.60916],[-74.08922,40.60793],[-74.08561,40.60658],[-74.08309,40.60615],[-74.07998,40.60597],[-74.07845,40.60567],[-74.07566,40.6054],[-74.07357,40.60507],[-74.0713,40.60443],[-74.06843,40.60332],[-74.06714,40.60301],[-74.06411,40.60202],[-74.06302,40.60175],[-74.05939,40.60179],[-74.05824,40.6021],[-74.03262,40.61039],[-74.03093,40.61095],[-74.03005,40.61142],[-74.02927,40.61207],[-74.02849,40.61302],[-74.0276,40.61393],[-74.02626,40.61511],[-74.02574,40.61605],[-74.0275,40.61695],[-74.02444,40.62042],[-74.02836,40.62277],[-74.02871,40.62197]]}},{"type":"Feature","properties":{"route":"S94","routeId":"S94","short":"S94","color":"#FAA61A","longName":"St. George - Staten Island Mall LTD","kind":"limited"},"geometry":{"type":"LineString","coordinates":[[-74.16708,40.57573],[-74.16425,40.57437],[-74.16417,40.57418],[-74.16418,40.57398],[-74.16667,40.57259],[-74.16803,40.57373],[-74.16837,40.57392],[-74.16977,40.57396],[-74.16948,40.57865],[-74.16936,40.57937],[-74.16833,40.57887],[-74.16811,40.57912],[-74.16807,40.57931],[-74.16859,40.58035],[-74.16656,40.58548],[-74.16713,40.58565],[-74.16845,40.58579],[-74.16833,40.58649],[-74.16771,40.58855],[-74.1673,40.5891],[-74.16598,40.59041],[-74.16266,40.59293],[-74.16227,40.59342],[-74.16182,40.59451],[-74.16182,40.59548],[-74.16283,40.60038],[-74.16318,40.60166],[-74.16306,40.60251],[-74.16215,40.60505],[-74.16214,40.60614],[-74.1624,40.60719],[-74.16237,40.6078],[-74.162,40.60832],[-74.16102,40.60888],[-74.16064,40.60927],[-74.15924,40.61237],[-74.15786,40.61398],[-74.15654,40.61684],[-74.15574,40.61796],[-74.15362,40.61987],[-74.15083,40.62166],[-74.14923,40.62316],[-74.14855,40.62613],[-74.14692,40.63115],[-74.14205,40.63023],[-74.1406,40.62965],[-74.13893,40.63103],[-74.13655,40.63331],[-74.13611,40.63396],[-74.13053,40.63087],[-74.1267,40.63125],[-74.1249,40.63172],[-74.11195,40.63324],[-74.11279,40.63752],[-74.10974,40.63785],[-74.10919,40.63814],[-74.10759,40.63843],[-74.10706,40.63869],[-74.10481,40.63896],[-74.09985,40.64018],[-74.09847,40.64026],[-74.09479,40.64075],[-74.09596,40.64481],[-74.09467,40.64504],[-74.0897,40.64629],[-74.08894,40.64665],[-74.08814,40.64719],[-74.0864,40.64816],[-74.0858,40.64835],[-74.08504,40.64838],[-74.08262,40.64767],[-74.08029,40.64721],[-74.0785,40.64626],[-74.07799,40.64593],[-74.07516,40.64221],[-74.07502,40.64214],[-74.073,40.64252],[-74.07263,40.64269],[-74.07241,40.64287],[-74.07236,40.64322],[-74.07281,40.64379],[-74.07303,40.64371]]}},{"type":"Feature","properties":{"route":"S96","routeId":"S96","short":"S96","color":"#006CB7","longName":"St. George - West Shore Plaza LTD","kind":"limited"},"geometry":{"type":"LineString","coordinates":[[-74.07376,40.64332],[-74.07426,40.64315],[-74.07441,40.6434],[-74.07458,40.64333],[-74.07513,40.64288],[-74.07538,40.64255],[-74.07516,40.64221],[-74.07575,40.64154],[-74.07583,40.64122],[-74.07549,40.63974],[-74.076,40.63775],[-74.07698,40.63777],[-74.07827,40.63823],[-74.07879,40.63828],[-74.07916,40.63814],[-74.08196,40.63653],[-74.08376,40.63573],[-74.08512,40.63636],[-74.0855,40.63577],[-74.08669,40.63452],[-74.08809,40.63416],[-74.08875,40.63354],[-74.08965,40.63339],[-74.08984,40.63324],[-74.09006,40.63281],[-74.09026,40.63266],[-74.09054,40.63261],[-74.09084,40.63261],[-74.09119,40.63271],[-74.09213,40.63332],[-74.09256,40.63332],[-74.09286,40.63317],[-74.09321,40.63311],[-74.09449,40.63334],[-74.09563,40.63312],[-74.09596,40.63318],[-74.09628,40.63334],[-74.09723,40.63399],[-74.09894,40.63401],[-74.10253,40.63466],[-74.10296,40.63468],[-74.11535,40.63475],[-74.11965,40.63433],[-74.12933,40.63361],[-74.13082,40.63413],[-74.13476,40.63603],[-74.13932,40.63613],[-74.14028,40.63625],[-74.14129,40.63343],[-74.14407,40.63409],[-74.14408,40.63426],[-74.14584,40.63457],[-74.14692,40.63115],[-74.1489,40.63155],[-74.14982,40.63157],[-74.15522,40.63207],[-74.15507,40.63375],[-74.15633,40.63371],[-74.15639,40.63248],[-74.15813,40.63254],[-74.15809,40.63143],[-74.15994,40.63158],[-74.16171,40.63163],[-74.16253,40.63171],[-74.16458,40.63212],[-74.16633,40.63216],[-74.16652,40.62749],[-74.16774,40.62273],[-74.16916,40.62053],[-74.1701,40.61937],[-74.17144,40.61749],[-74.17317,40.61543],[-74.17783,40.60955],[-74.17869,40.60853],[-74.17919,40.60846],[-74.17947,40.6083],[-74.17947,40.6081],[-74.17916,40.60774],[-74.17755,40.6063],[-74.17904,40.60506],[-74.17828,40.60441],[-74.1773,40.6051],[-74.17699,40.60584],[-74.17714,40.60629],[-74.1791,40.60803],[-74.18051,40.60616],[-74.18399,40.60284],[-74.18405,40.60267],[-74.18454,40.60227],[-74.18521,40.60203],[-74.18625,40.6019],[-74.19011,40.60235],[-74.19183,40.602],[-74.19294,40.60165],[-74.19289,40.60158],[-74.19266,40.60165]]}},{"type":"Feature","properties":{"route":"S98","routeId":"S98","short":"S98","color":"#EE352E","longName":"St. George - Mariners Harbor LTD","kind":"limited"},"geometry":{"type":"LineString","coordinates":[[-74.17125,40.63933],[-74.17129,40.6405],[-74.1696,40.64094],[-74.16918,40.64095],[-74.1679,40.64079],[-74.16602,40.64027],[-74.16655,40.62736],[-74.16434,40.62695],[-74.15857,40.6263],[-74.15452,40.62573],[-74.14681,40.62494],[-74.14401,40.62499],[-74.13877,40.62428],[-74.13758,40.62423],[-74.13692,40.6244],[-74.13388,40.62627],[-74.13354,40.62636],[-74.13099,40.62633],[-74.13036,40.62638],[-74.12226,40.62745],[-74.11852,40.62889],[-74.11619,40.62893],[-74.11335,40.62927],[-74.10621,40.63057],[-74.1026,40.63092],[-74.09889,40.63145],[-74.09763,40.63184],[-74.09715,40.63191],[-74.08927,40.63047],[-74.08885,40.63034],[-74.08807,40.63107],[-74.08483,40.63506],[-74.0843,40.63549],[-74.08196,40.63653],[-74.07916,40.63814],[-74.07879,40.63828],[-74.07827,40.63823],[-74.07698,40.63777],[-74.076,40.63775],[-74.07549,40.63974],[-74.07581,40.64095],[-74.07575,40.64154],[-74.07516,40.64221],[-74.07502,40.64214],[-74.07372,40.64237],[-74.073,40.64252],[-74.07263,40.64269],[-74.07241,40.64287],[-74.07233,40.64306],[-74.07238,40.64327],[-74.07272,40.64368],[-74.07313,40.64354]]}},{"type":"Feature","properties":{"route":"SIM1","routeId":"SIM1","short":"SIM1","color":"#00933C","longName":"Eltingville - Lower Manhattan Express","kind":"express"},"geometry":{"type":"LineString","coordinates":[[-73.99707,40.72509],[-74.0117,40.70775],[-74.01372,40.70529],[-74.01412,40.70469],[-74.01567,40.70493],[-74.01644,40.70488],[-74.01648,40.70495],[-74.01572,40.7072],[-74.01535,40.70702],[-74.01512,40.70678],[-74.01492,40.70604],[-74.01524,40.70536],[-74.01561,40.704],[-74.01573,40.70293],[-74.01564,40.70202],[-74.01497,40.69994],[-74.01199,40.69173],[-74.01134,40.69054],[-74.00793,40.68636],[-74.00672,40.68439],[-74.00621,40.68303],[-74.00618,40.68267],[-74.00582,40.68184],[-74.00463,40.68033],[-74.00287,40.67832],[-74.00231,40.67754],[-73.99667,40.66845],[-73.99632,40.66763],[-73.99619,40.66698],[-73.99632,40.66586],[-73.99662,40.66518],[-73.99714,40.66458],[-74.01558,40.6468],[-74.02029,40.6424],[-74.02128,40.64127],[-74.02167,40.64056],[-74.02184,40.63977],[-74.02177,40.63913],[-74.02155,40.63863],[-74.02124,40.63821],[-74.02076,40.63779],[-74.01766,40.63586],[-74.01665,40.63505],[-74.01625,40.63443],[-74.01612,40.6339],[-74.01613,40.6331],[-74.01632,40.63227],[-74.01795,40.6278],[-74.01917,40.62497],[-74.02044,40.62341],[-74.02211,40.62163],[-74.02322,40.62028],[-74.0239,40.61972],[-74.02598,40.61725],[-74.02885,40.61414],[-74.03122,40.6113],[-74.03225,40.61068],[-74.0361,40.60938],[-74.05763,40.60244],[-74.0589,40.60215],[-74.05974,40.60204],[-74.06091,40.6021],[-74.06393,40.60289],[-74.06665,40.60347],[-74.07239,40.60577],[-74.07438,40.60638],[-74.07539,40.60661],[-74.07698,40.60685],[-74.07746,40.60674],[-74.07768,40.60653],[-74.07785,40.6058],[-74.0778,40.60442],[-74.07764,40.60381],[-74.07669,40.60194],[-74.07649,40.60102],[-74.07715,40.59984],[-74.0784,40.59864],[-74.07845,40.59847],[-74.08074,40.5986],[-74.0817,40.59855],[-74.08231,40.59839],[-74.0847,40.5975],[-74.08522,40.59714],[-74.08548,40.5968],[-74.08755,40.59179],[-74.08782,40.59136],[-74.09263,40.58591],[-74.10167,40.57861],[-74.10369,40.5765],[-74.10385,40.57644],[-74.11758,40.56278],[-74.11917,40.5613],[-74.12062,40.55998],[-74.12131,40.55962],[-74.12221,40.55952],[-74.12363,40.55969],[-74.1241,40.55968],[-74.12487,40.55947],[-74.1253,40.55921],[-74.13037,40.55456],[-74.13183,40.55352],[-74.13418,40.55159],[-74.13766,40.54946],[-74.13875,40.54845],[-74.14408,40.54439],[-74.14484,40.5434],[-74.14593,40.54245],[-74.14963,40.53805],[-74.15398,40.53428],[-74.15703,40.53595],[-74.15797,40.53662],[-74.16424,40.54332],[-74.16535,40.54433],[-74.16575,40.54538],[-74.16623,40.54725],[-74.16682,40.54774],[-74.16712,40.54831],[-74.16977,40.56022],[-74.16984,40.56106],[-74.17129,40.56131],[-74.17125,40.56094]]}},{"type":"Feature","properties":{"route":"SIM10","routeId":"SIM10","short":"SIM10","color":"#00933C","longName":"Eltingville - Midtown Manhattan Express","kind":"express"},"geometry":{"type":"LineString","coordinates":[[-73.97754,40.76625],[-73.97906,40.7669],[-73.98004,40.76552],[-73.97395,40.76295],[-73.9882,40.74343],[-73.98898,40.74231],[-73.98894,40.74202],[-73.98912,40.74134],[-73.9751,40.73544],[-73.97488,40.73427],[-73.97398,40.73096],[-73.97235,40.72985],[-73.97207,40.72951],[-73.97186,40.72907],[-73.97177,40.72826],[-73.97201,40.7266],[-73.97258,40.72541],[-73.97445,40.72231],[-73.97466,40.72138],[-73.97508,40.71809],[-73.97562,40.71659],[-73.97769,40.71254],[-73.97812,40.71196],[-73.97895,40.71134],[-73.98012,40.71095],[-73.98469,40.71061],[-73.98915,40.71011],[-73.99788,40.70882],[-73.99884,40.70847],[-74.00247,40.70651],[-74.00942,40.70215],[-74.00998,40.70194],[-74.01329,40.7012],[-74.01412,40.70121],[-74.01511,40.70155],[-74.01564,40.70202],[-74.016,40.70261],[-74.01655,40.70408],[-74.01663,40.70482],[-74.01572,40.7072],[-74.01526,40.7071],[-74.01505,40.70694],[-74.01482,40.70638],[-74.01524,40.70536],[-74.01561,40.704],[-74.01573,40.70293],[-74.01564,40.70202],[-74.01497,40.69994],[-74.01199,40.69173],[-74.01134,40.69054],[-74.00793,40.68636],[-74.00672,40.68439],[-74.00621,40.68303],[-74.00618,40.68267],[-74.00582,40.68184],[-74.00463,40.68033],[-74.00287,40.67832],[-74.00141,40.67619],[-73.99667,40.66845],[-73.99632,40.66763],[-73.99621,40.66712],[-73.99625,40.66613],[-73.9965,40.66538],[-73.99714,40.66458],[-74.01558,40.6468],[-74.02029,40.6424],[-74.02128,40.64127],[-74.02167,40.64056],[-74.02184,40.63977],[-74.02177,40.63913],[-74.02155,40.63863],[-74.02124,40.63821],[-74.02076,40.63779],[-74.01766,40.63586],[-74.01665,40.63505],[-74.01625,40.63443],[-74.01612,40.6339],[-74.01613,40.6331],[-74.01632,40.63227],[-74.01795,40.6278],[-74.01917,40.62497],[-74.02044,40.62341],[-74.02211,40.62163],[-74.02322,40.62028],[-74.0239,40.61972],[-74.02598,40.61725],[-74.02885,40.61414],[-74.03122,40.6113],[-74.03225,40.61068],[-74.0361,40.60938],[-74.05763,40.60244],[-74.0589,40.60215],[-74.05974,40.60204],[-74.06091,40.6021],[-74.06393,40.60289],[-74.06665,40.60347],[-74.07239,40.60577],[-74.07438,40.60638],[-74.07539,40.60661],[-74.07698,40.60685],[-74.07746,40.60674],[-74.07768,40.60653],[-74.07785,40.6058],[-74.0778,40.60442],[-74.07764,40.60381],[-74.07669,40.60194],[-74.07649,40.60102],[-74.07715,40.59984],[-74.0784,40.59864],[-74.07845,40.59847],[-74.08074,40.5986],[-74.0817,40.59855],[-74.08231,40.59839],[-74.0847,40.5975],[-74.08522,40.59714],[-74.08548,40.5968],[-74.08755,40.59179],[-74.08782,40.59136],[-74.09263,40.58591],[-74.10167,40.57861],[-74.10369,40.5765],[-74.10385,40.57644],[-74.11758,40.56278],[-74.11917,40.5613],[-74.12062,40.55998],[-74.12131,40.55962],[-74.12221,40.55952],[-74.12363,40.55969],[-74.1241,40.55968],[-74.12487,40.55947],[-74.1253,40.55921],[-74.13037,40.55456],[-74.13183,40.55352],[-74.13418,40.55159],[-74.13766,40.54946],[-74.13875,40.54845],[-74.14408,40.54439],[-74.14484,40.5434],[-74.14593,40.54245],[-74.14963,40.53805],[-74.15398,40.53428],[-74.15703,40.53595],[-74.15797,40.53662],[-74.16424,40.54332],[-74.16535,40.54433],[-74.16575,40.54538],[-74.16623,40.54725],[-74.16682,40.54774],[-74.16712,40.54831],[-74.16977,40.56022],[-74.16984,40.56106],[-74.17129,40.56131],[-74.17125,40.56094]]}},{"type":"Feature","properties":{"route":"SIM11","routeId":"SIM11","short":"SIM11","color":"#00933C","longName":"New Dorp - Midtown Manhattan Express","kind":"express"},"geometry":{"type":"LineString","coordinates":[[-74.11039,40.56398],[-74.11227,40.56145],[-74.11631,40.56385],[-74.10371,40.57637],[-74.10369,40.5765],[-74.10167,40.57861],[-74.09263,40.58591],[-74.08782,40.59136],[-74.08755,40.59179],[-74.08548,40.5968],[-74.08522,40.59714],[-74.0847,40.5975],[-74.08231,40.59839],[-74.0817,40.59855],[-74.08074,40.5986],[-74.07845,40.59847],[-74.07723,40.59956],[-74.07638,40.60096],[-74.07659,40.60195],[-74.07711,40.60311],[-74.07667,40.60548],[-74.07472,40.60527],[-74.07243,40.60479],[-74.0713,40.60443],[-74.06843,40.60332],[-74.06714,40.60301],[-74.06411,40.60202],[-74.06302,40.60175],[-74.05968,40.60176],[-74.05824,40.6021],[-74.03262,40.61039],[-74.03093,40.61095],[-74.03039,40.61121],[-74.02976,40.61163],[-74.02915,40.6122],[-74.02805,40.614],[-74.01981,40.62365],[-74.01911,40.62472],[-74.01856,40.6258],[-74.01704,40.62965],[-74.0161,40.63224],[-74.01591,40.63316],[-74.01593,40.63404],[-74.01636,40.63499],[-74.01686,40.63548],[-74.01763,40.63603],[-74.02044,40.63772],[-74.02112,40.63835],[-74.02148,40.63895],[-74.02163,40.63951],[-74.02159,40.64018],[-74.02141,40.64065],[-74.02054,40.64174],[-74.01682,40.6454],[-73.99674,40.66472],[-73.99643,40.66509],[-73.9961,40.6657],[-73.99589,40.66675],[-73.99599,40.66751],[-73.9965,40.66863],[-74.00112,40.67608],[-74.00242,40.67797],[-74.00559,40.68194],[-74.0061,40.68313],[-74.00616,40.68369],[-74.00639,40.6843],[-74.00777,40.68647],[-74.01013,40.68928],[-74.01141,40.69105],[-74.01204,40.69253],[-74.01509,40.7009],[-74.01543,40.70214],[-74.01553,40.7031],[-74.01547,40.70405],[-74.01463,40.70638],[-74.01469,40.70662],[-74.01489,40.70701],[-74.01523,40.70727],[-74.01597,40.7072],[-74.01676,40.70465],[-74.01671,40.70426],[-74.0161,40.70256],[-74.01556,40.70175],[-74.01516,40.70147],[-74.01428,40.70115],[-74.01329,40.70111],[-74.01219,40.70132],[-74.00987,40.70192],[-74.00919,40.70216],[-74.0018,40.70679],[-73.99827,40.70863],[-73.99683,40.70894],[-73.98932,40.70997],[-73.98509,40.71045],[-73.97989,40.71089],[-73.97876,40.71132],[-73.97816,40.71176],[-73.97789,40.71206],[-73.97675,40.71412],[-73.97525,40.71721],[-73.97495,40.71828],[-73.97439,40.72208],[-73.97414,40.72265],[-73.97237,40.72553],[-73.97191,40.72654],[-73.97156,40.72856],[-73.97166,40.7293],[-73.97203,40.72991],[-73.97357,40.73125],[-73.97388,40.73193],[-73.97432,40.73397],[-73.9748,40.73534],[-73.98805,40.74088],[-73.98705,40.74214],[-73.97236,40.76228],[-73.96869,40.76077]]}},{"type":"Feature","properties":{"route":"SIM15","routeId":"SIM15","short":"SIM15","color":"#00933C","longName":"Eltingville - Lower Manhattan Express","kind":"express"},"geometry":{"type":"LineString","coordinates":[[-74.0128,40.70802],[-74.01144,40.70999],[-74.00989,40.71247],[-74.00841,40.71435],[-74.00675,40.71361],[-74.00863,40.71139],[-74.00808,40.7114],[-74.00599,40.71198],[-74.00517,40.71194],[-74.00347,40.71088],[-74.00168,40.70947],[-74.00342,40.7081],[-74.00405,40.70743],[-74.005,40.70685],[-74.0101,40.70333],[-74.01233,40.70273],[-74.01284,40.70241],[-74.0138,40.70234],[-74.01424,40.7027],[-74.01445,40.70316],[-74.01423,40.70445],[-74.01433,40.70461],[-74.01449,40.70471],[-74.01547,40.7049],[-74.01644,40.70488],[-74.01648,40.70495],[-74.01572,40.7072],[-74.01543,40.70716],[-74.01502,40.7069],[-74.01488,40.70667],[-74.01482,40.70626],[-74.01524,40.70536],[-74.01561,40.704],[-74.01573,40.70293],[-74.01567,40.70215],[-74.01497,40.69994],[-74.01199,40.69173],[-74.01134,40.69054],[-74.00793,40.68636],[-74.00672,40.68439],[-74.00621,40.68303],[-74.00618,40.68267],[-74.00582,40.68184],[-74.00463,40.68033],[-74.00287,40.67832],[-74.00141,40.67619],[-73.99667,40.66845],[-73.99632,40.66763],[-73.99621,40.66712],[-73.99625,40.66613],[-73.9965,40.66538],[-73.99714,40.66458],[-74.01558,40.6468],[-74.02029,40.6424],[-74.02128,40.64127],[-74.02167,40.64056],[-74.02184,40.63977],[-74.02177,40.63913],[-74.02155,40.63863],[-74.02124,40.63821],[-74.02076,40.63779],[-74.01766,40.63586],[-74.01665,40.63505],[-74.01625,40.63443],[-74.01612,40.6339],[-74.01613,40.6331],[-74.01632,40.63227],[-74.01817,40.62726],[-74.01907,40.62514],[-74.01967,40.62415],[-74.02118,40.62226],[-74.02629,40.6163],[-74.02834,40.61426],[-74.02923,40.61362],[-74.03122,40.6113],[-74.03225,40.61068],[-74.0361,40.60938],[-74.05763,40.60244],[-74.0589,40.60215],[-74.05974,40.60204],[-74.06091,40.6021],[-74.06393,40.60289],[-74.06551,40.60309],[-74.06619,40.60327],[-74.07239,40.60577],[-74.07334,40.6061],[-74.07539,40.60661],[-74.07751,40.6069],[-74.0787,40.60681],[-74.08036,40.6065],[-74.08075,40.60649],[-74.08254,40.60666],[-74.08331,40.60682],[-74.08458,40.60723],[-74.09009,40.6094],[-74.09099,40.60862],[-74.09176,40.60769],[-74.09249,40.60697],[-74.09271,40.60642],[-74.09245,40.60401],[-74.09287,40.60116],[-74.09202,40.59991],[-74.09172,40.59918],[-74.09179,40.59868],[-74.09266,40.59752],[-74.09404,40.59655],[-74.09661,40.59569],[-74.10007,40.59369],[-74.10055,40.59317],[-74.10091,40.59225],[-74.10094,40.5914],[-74.10082,40.59051],[-74.1009,40.59011],[-74.10209,40.58873],[-74.10454,40.58648],[-74.10837,40.5833],[-74.10924,40.58267],[-74.10959,40.58246],[-74.11128,40.58178],[-74.11316,40.5807],[-74.11374,40.58025],[-74.11557,40.57846],[-74.11702,40.57818],[-74.11748,40.57781],[-74.11849,40.57661],[-74.11896,40.57623],[-74.1213,40.57522],[-74.12176,40.57493],[-74.1219,40.57465],[-74.12188,40.5744],[-74.12139,40.57297],[-74.12134,40.57253],[-74.12148,40.57175],[-74.12177,40.5713],[-74.12346,40.5699],[-74.126,40.56823],[-74.12722,40.56757],[-74.12817,40.56663],[-74.13031,40.56514],[-74.13139,40.56483],[-74.13174,40.56454],[-74.1324,40.56476],[-74.13458,40.56527],[-74.13356,40.56639],[-74.13462,40.57319],[-74.14579,40.57186],[-74.14699,40.57203],[-74.14724,40.57145],[-74.14742,40.57124],[-74.15032,40.56889],[-74.1518,40.5678],[-74.15333,40.56643],[-74.15477,40.56539],[-74.15586,40.56375],[-74.15684,40.5628],[-74.15723,40.56256],[-74.15825,40.56219],[-74.16152,40.56126],[-74.1638,40.56031],[-74.16495,40.5601],[-74.17129,40.56131],[-74.17125,40.56094]]}},{"type":"Feature","properties":{"route":"SIM1C","routeId":"SIM1C","short":"SIM1C","color":"#00933C","longName":"Eltingville - Manhattan Express","kind":"express"},"geometry":{"type":"LineString","coordinates":[[-73.97754,40.76625],[-73.97906,40.7669],[-73.98004,40.76552],[-73.97395,40.76295],[-73.98898,40.74231],[-73.98894,40.74202],[-73.98912,40.74134],[-73.9864,40.74019],[-73.99005,40.73515],[-73.9907,40.73479],[-73.9915,40.73163],[-74.00999,40.70979],[-74.0136,40.70544],[-74.01412,40.70469],[-74.01567,40.70493],[-74.01644,40.70488],[-74.01643,40.70516],[-74.01601,40.70646],[-74.01572,40.7072],[-74.01535,40.70702],[-74.01512,40.70678],[-74.01492,40.70604],[-74.01524,40.70536],[-74.01561,40.704],[-74.01573,40.70293],[-74.01564,40.70202],[-74.01497,40.69994],[-74.01199,40.69173],[-74.01134,40.69054],[-74.00793,40.68636],[-74.00672,40.68439],[-74.00621,40.68303],[-74.00618,40.68267],[-74.00582,40.68184],[-74.00463,40.68033],[-74.00287,40.67832],[-74.00141,40.67619],[-73.99667,40.66845],[-73.99632,40.66763],[-73.99621,40.66712],[-73.99625,40.66613],[-73.9965,40.66538],[-73.99714,40.66458],[-74.01558,40.6468],[-74.02029,40.6424],[-74.02128,40.64127],[-74.02167,40.64056],[-74.02184,40.63977],[-74.02177,40.63913],[-74.02155,40.63863],[-74.02124,40.63821],[-74.02076,40.63779],[-74.01766,40.63586],[-74.01665,40.63505],[-74.01625,40.63443],[-74.01612,40.6339],[-74.01613,40.6331],[-74.01632,40.63227],[-74.01795,40.6278],[-74.01917,40.62497],[-74.02044,40.62341],[-74.02211,40.62163],[-74.02322,40.62028],[-74.0239,40.61972],[-74.02598,40.61725],[-74.02885,40.61414],[-74.03122,40.6113],[-74.03225,40.61068],[-74.0361,40.60938],[-74.05763,40.60244],[-74.0589,40.60215],[-74.05974,40.60204],[-74.06091,40.6021],[-74.06393,40.60289],[-74.06665,40.60347],[-74.07239,40.60577],[-74.07438,40.60638],[-74.07539,40.60661],[-74.07698,40.60685],[-74.07746,40.60674],[-74.07768,40.60653],[-74.07785,40.6058],[-74.0778,40.60442],[-74.07764,40.60381],[-74.07669,40.60194],[-74.07649,40.60102],[-74.07715,40.59984],[-74.0784,40.59864],[-74.07845,40.59847],[-74.08074,40.5986],[-74.0817,40.59855],[-74.08231,40.59839],[-74.0847,40.5975],[-74.08522,40.59714],[-74.08548,40.5968],[-74.08755,40.59179],[-74.08782,40.59136],[-74.09263,40.58591],[-74.10167,40.57861],[-74.10369,40.5765],[-74.10385,40.57644],[-74.11758,40.56278],[-74.11917,40.5613],[-74.12062,40.55998],[-74.12131,40.55962],[-74.12221,40.55952],[-74.12363,40.55969],[-74.1241,40.55968],[-74.12487,40.55947],[-74.1253,40.55921],[-74.13037,40.55456],[-74.13183,40.55352],[-74.13418,40.55159],[-74.13766,40.54946],[-74.13875,40.54845],[-74.14408,40.54439],[-74.14484,40.5434],[-74.14593,40.54245],[-74.14963,40.53805],[-74.15398,40.53428],[-74.15703,40.53595],[-74.15797,40.53662],[-74.16424,40.54332],[-74.16535,40.54433],[-74.16575,40.54538],[-74.16623,40.54725],[-74.16682,40.54774],[-74.16712,40.54831],[-74.16977,40.56022],[-74.16984,40.56106],[-74.17129,40.56131],[-74.17125,40.56094]]}},{"type":"Feature","properties":{"route":"SIM2","routeId":"SIM2","short":"SIM2","color":"#00933C","longName":"Tottenville - Lower Manhattan Express","kind":"express"},"geometry":{"type":"LineString","coordinates":[[-74.00517,40.71657],[-74.00449,40.71625],[-74.01195,40.70745],[-74.01372,40.70529],[-74.01412,40.70469],[-74.01567,40.70493],[-74.01644,40.70488],[-74.01648,40.70495],[-74.01572,40.7072],[-74.01535,40.70702],[-74.01512,40.70678],[-74.01492,40.70604],[-74.01524,40.70536],[-74.01561,40.704],[-74.01573,40.70293],[-74.01564,40.70202],[-74.01497,40.69994],[-74.01199,40.69173],[-74.01134,40.69054],[-74.00793,40.68636],[-74.00672,40.68439],[-74.00621,40.68303],[-74.00618,40.68267],[-74.00582,40.68184],[-74.00463,40.68033],[-74.00287,40.67832],[-74.00141,40.67619],[-73.99667,40.66845],[-73.99632,40.66763],[-73.99621,40.66712],[-73.99625,40.66613],[-73.9965,40.66538],[-73.99714,40.66458],[-74.01558,40.6468],[-74.02029,40.6424],[-74.02128,40.64127],[-74.02167,40.64056],[-74.02184,40.63977],[-74.02177,40.63913],[-74.02155,40.63863],[-74.02124,40.63821],[-74.02076,40.63779],[-74.01766,40.63586],[-74.01665,40.63505],[-74.01625,40.63443],[-74.01612,40.6339],[-74.01613,40.6331],[-74.01632,40.63227],[-74.01817,40.62726],[-74.01907,40.62514],[-74.01967,40.62415],[-74.02118,40.62226],[-74.02629,40.6163],[-74.02834,40.61426],[-74.02923,40.61362],[-74.03122,40.6113],[-74.03225,40.61068],[-74.0361,40.60938],[-74.05763,40.60244],[-74.0589,40.60215],[-74.05974,40.60204],[-74.06091,40.6021],[-74.06393,40.60289],[-74.06551,40.60309],[-74.0673,40.60346],[-74.07233,40.60536],[-74.07456,40.60594],[-74.07708,40.60625],[-74.08205,40.60642],[-74.08407,40.60676],[-74.08605,40.60737],[-74.09198,40.60985],[-74.09317,40.61028],[-74.09468,40.61061],[-74.09604,40.61074],[-74.10846,40.61036],[-74.11045,40.61056],[-74.1127,40.61111],[-74.11373,40.61129],[-74.1151,40.61137],[-74.11574,40.61134],[-74.1174,40.61107],[-74.12175,40.60977],[-74.12357,40.60933],[-74.12723,40.60868],[-74.13063,40.60833],[-74.14293,40.60768],[-74.14424,40.60771],[-74.14552,40.60785],[-74.14751,40.60834],[-74.14879,40.60885],[-74.14972,40.60936],[-74.1506,40.60995],[-74.15767,40.6154],[-74.15954,40.61673],[-74.16225,40.61839],[-74.16478,40.61965],[-74.16775,40.6209],[-74.17134,40.62198],[-74.17216,40.62203],[-74.17287,40.62193],[-74.17442,40.62142],[-74.17527,40.62096],[-74.17602,40.6204],[-74.17693,40.61936],[-74.1774,40.61851],[-74.17796,40.61678],[-74.17844,40.61564],[-74.181,40.61152],[-74.18408,40.60615],[-74.18532,40.60466],[-74.18916,40.60095],[-74.19038,40.59943],[-74.19124,40.59783],[-74.19303,40.59307],[-74.19389,40.59125],[-74.19403,40.59007],[-74.19397,40.58944],[-74.19366,40.5884],[-74.19286,40.58675],[-74.19009,40.57422],[-74.19002,40.57325],[-74.19008,40.57234],[-74.19026,40.57146],[-74.19051,40.57096],[-74.19276,40.56797],[-74.19389,40.56671],[-74.19707,40.56349],[-74.20075,40.56012],[-74.20149,40.55965],[-74.20188,40.5595],[-74.20245,40.55934],[-74.20452,40.55898],[-74.20527,40.55874],[-74.20572,40.55851],[-74.207,40.55757],[-74.20566,40.55749],[-74.20457,40.55702],[-74.20355,40.55621],[-74.20329,40.55609],[-74.2023,40.55587],[-74.20152,40.55585],[-74.20082,40.556],[-74.20034,40.55627],[-74.19888,40.55779],[-74.19767,40.55889],[-74.19023,40.55163],[-74.18935,40.55106],[-74.18757,40.55014],[-74.18869,40.54884],[-74.19005,40.54785],[-74.19516,40.54466],[-74.19587,40.54434],[-74.1973,40.54325],[-74.19583,40.53995],[-74.19305,40.53433],[-74.1917,40.53183],[-74.18609,40.52397],[-74.1925,40.52166],[-74.1962,40.5194],[-74.19713,40.51911],[-74.19913,40.51871],[-74.19985,40.51845],[-74.21095,40.5114],[-74.21192,40.51096],[-74.22268,40.50871],[-74.22747,40.50821],[-74.23007,40.50774],[-74.23307,40.50673],[-74.2349,40.5062],[-74.25115,40.50291],[-74.25136,40.50287],[-74.25139,40.50296]]}},{"type":"Feature","properties":{"route":"SIM22","routeId":"SIM22","short":"SIM22","color":"#00933C","longName":"Eltingville - Midtown Manhattan Express","kind":"express"},"geometry":{"type":"LineString","coordinates":[[-74.15814,40.53071],[-74.15705,40.53118],[-74.15656,40.53156],[-74.15398,40.53428],[-74.15703,40.53595],[-74.15797,40.53662],[-74.16424,40.54332],[-74.16535,40.54433],[-74.16575,40.54538],[-74.16623,40.54725],[-74.16682,40.54774],[-74.16712,40.54831],[-74.16977,40.56022],[-74.16983,40.56091],[-74.17004,40.56081],[-74.17122,40.56069],[-74.17112,40.55981],[-74.17057,40.56015],[-74.16977,40.56022],[-74.16984,40.56106],[-74.17137,40.56133],[-74.17393,40.56246],[-74.17519,40.56292],[-74.17659,40.56324],[-74.17814,40.56407],[-74.18141,40.56525],[-74.18232,40.56548],[-74.18324,40.56543],[-74.18404,40.56522],[-74.18497,40.56469],[-74.18556,40.56446],[-74.18952,40.56357],[-74.18993,40.56333],[-74.19066,40.5627],[-74.19106,40.56255],[-74.1918,40.56251],[-74.19288,40.56266],[-74.1934,40.5625],[-74.19407,40.56207],[-74.19683,40.55967],[-74.19888,40.55779],[-74.20034,40.55627],[-74.20066,40.55606],[-74.20169,40.55583],[-74.2023,40.55587],[-74.20329,40.55609],[-74.20355,40.55621],[-74.20398,40.5566],[-74.20222,40.55791],[-74.20054,40.55929],[-74.20005,40.55984],[-74.19675,40.56286],[-74.19487,40.56471],[-74.19268,40.56699],[-74.19186,40.56795],[-74.19112,40.56894],[-74.19044,40.5702],[-74.19012,40.57102],[-74.18986,40.57217],[-74.18976,40.57372],[-74.18984,40.57459],[-74.19232,40.58548],[-74.19235,40.58781],[-74.19297,40.59066],[-74.19218,40.59462],[-74.19099,40.59782],[-74.18979,40.59986],[-74.18863,40.6012],[-74.18506,40.60462],[-74.18412,40.60571],[-74.1833,40.60691],[-74.1806,40.61173],[-74.17594,40.61915],[-74.17533,40.62068],[-74.17516,40.62188],[-74.17517,40.62258],[-74.17543,40.62346],[-74.17581,40.62397],[-74.17626,40.62432],[-74.17767,40.62503],[-74.17869,40.62592],[-74.17949,40.62647],[-74.18173,40.62781],[-74.18806,40.63062],[-74.19117,40.63214],[-74.19813,40.63598],[-74.20135,40.63757],[-74.20207,40.63802],[-74.20372,40.6393],[-74.20578,40.64106],[-74.20745,40.64206],[-74.2087,40.64265],[-74.21092,40.64338],[-74.21156,40.64336],[-74.21187,40.64323],[-74.21221,40.64294],[-74.21236,40.64255],[-74.21225,40.64193],[-74.2119,40.64154],[-74.21112,40.64105],[-74.20997,40.64073],[-74.20825,40.64058],[-74.20697,40.6402],[-74.2065,40.64021],[-74.206,40.64042],[-74.20578,40.64062],[-74.20483,40.64203],[-74.20163,40.64739],[-74.20083,40.6484],[-74.19971,40.64948],[-74.19767,40.65069],[-74.19034,40.65473],[-74.18908,40.65565],[-74.18776,40.65691],[-74.18721,40.65757],[-74.18448,40.6614],[-74.18245,40.66402],[-74.1806,40.66616],[-74.17438,40.67277],[-74.17286,40.67451],[-74.17148,40.67629],[-74.16334,40.68805],[-74.15565,40.69872],[-74.15435,40.7008],[-74.15321,40.70305],[-74.15186,40.70537],[-74.15032,40.70787],[-74.14968,40.7087],[-74.14848,40.7098],[-74.1466,40.71097],[-74.14574,40.71139],[-74.14068,40.71336],[-74.13982,40.71374],[-74.1377,40.71487],[-74.13639,40.7158],[-74.13524,40.71696],[-74.13451,40.71827],[-74.1335,40.72212],[-74.13267,40.7241],[-74.13213,40.725],[-74.13155,40.72577],[-74.13055,40.72679],[-74.12577,40.73065],[-74.12484,40.73171],[-74.12409,40.73298],[-74.12375,40.73389],[-74.12353,40.73491],[-74.12333,40.73872],[-74.12313,40.73998],[-74.12185,40.74384],[-74.1213,40.74507],[-74.1205,40.74644],[-74.11893,40.74833],[-74.11799,40.74921],[-74.11696,40.75003],[-74.11513,40.75119],[-74.11196,40.75281],[-74.10862,40.75436],[-74.10607,40.75543],[-74.10426,40.75606],[-74.10233,40.75654],[-74.09932,40.75695],[-74.08971,40.75713],[-74.08802,40.7573],[-74.08573,40.75777],[-74.08335,40.75863],[-74.07817,40.76108],[-74.07424,40.7628],[-74.06933,40.76507],[-74.06808,40.76572],[-74.06618,40.76696],[-74.06523,40.76769],[-74.06397,40.76883],[-74.06242,40.77059],[-74.05929,40.77518],[-74.05768,40.77708],[-74.0568,40.77885],[-74.05634,40.77944],[-74.05573,40.77988],[-74.05535,40.78005],[-74.05494,40.78018],[-74.05406,40.78031],[-74.05336,40.78029],[-74.05268,40.78016],[-74.04972,40.77907],[-74.04826,40.77845],[-74.04623,40.77732],[-74.04532,40.7771],[-74.04386,40.77688],[-74.04314,40.77668],[-74.03482,40.77371],[-74.02971,40.77124],[-74.02218,40.76801],[-74.0217,40.76762],[-74.02139,40.76696],[-74.02178,40.76511],[-74.02269,40.76316],[-74.02319,40.76281],[-74.02384,40.76278],[-74.02432,40.76301],[-74.02456,40.76338],[-74.02457,40.76357],[-74.02377,40.7645],[-74.02324,40.76548],[-74.02228,40.76644],[-74.0218,40.76673],[-74.02139,40.76686],[-74.02077,40.76691],[-74.01999,40.76683],[-74.01896,40.76645],[-74.00295,40.75954],[-73.99707,40.75715],[-73.9958,40.7568],[-73.99536,40.75688],[-73.99393,40.75897],[-73.97927,40.75282],[-73.97236,40.76228],[-73.96869,40.76077]]}},{"type":"Feature","properties":{"route":"SIM23","routeId":"SIM23","short":"SIM23","color":"#00933C","longName":"Annadale - Midtown Manhattan Express","kind":"express"},"geometry":{"type":"LineString","coordinates":[[-73.97305,40.76422],[-73.98456,40.74843],[-73.99915,40.75459],[-73.99597,40.75896],[-73.99694,40.75937],[-73.99761,40.75881],[-73.99788,40.75872],[-73.99829,40.75872],[-73.99948,40.75894],[-74.00246,40.7602],[-74.00353,40.76056],[-74.01909,40.76708],[-74.02022,40.7674],[-74.0208,40.76743],[-74.02138,40.76735],[-74.02218,40.76706],[-74.02286,40.76652],[-74.02356,40.76571],[-74.02425,40.76445],[-74.0248,40.76371],[-74.02461,40.7631],[-74.02416,40.76277],[-74.02371,40.76266],[-74.02334,40.76267],[-74.02298,40.76277],[-74.02267,40.76297],[-74.02224,40.76368],[-74.02184,40.7646],[-74.02149,40.7657],[-74.02126,40.76696],[-74.02151,40.76758],[-74.02211,40.7681],[-74.02568,40.76968],[-74.02977,40.77137],[-74.03276,40.77288],[-74.03499,40.77387],[-74.05338,40.78054],[-74.05428,40.78082],[-74.05531,40.7809],[-74.05608,40.78076],[-74.05672,40.7805],[-74.05726,40.78006],[-74.05782,40.77935],[-74.05811,40.77808],[-74.05963,40.77529],[-74.06213,40.77134],[-74.06327,40.76985],[-74.06448,40.76859],[-74.0662,40.76716],[-74.06788,40.76604],[-74.06954,40.76513],[-74.07847,40.7611],[-74.08338,40.75872],[-74.08573,40.75789],[-74.08758,40.75747],[-74.08974,40.75723],[-74.0989,40.75708],[-74.10081,40.7569],[-74.10268,40.75658],[-74.10448,40.75611],[-74.10617,40.75551],[-74.11029,40.75374],[-74.1141,40.75187],[-74.11628,40.75065],[-74.11782,40.74952],[-74.11859,40.74884],[-74.12005,40.74725],[-74.12072,40.74635],[-74.12126,40.74543],[-74.12171,40.74456],[-74.12211,40.74352],[-74.1233,40.73985],[-74.12348,40.73862],[-74.12363,40.7355],[-74.12381,40.73427],[-74.12435,40.73282],[-74.12508,40.73166],[-74.12625,40.73041],[-74.13041,40.72718],[-74.13165,40.72597],[-74.1334,40.72355],[-74.13588,40.71871],[-74.13656,40.71756],[-74.13758,40.71627],[-74.13846,40.71543],[-74.13923,40.71477],[-74.14089,40.71385],[-74.14594,40.71189],[-74.14753,40.71108],[-74.14892,40.71018],[-74.14995,40.70936],[-74.15118,40.70806],[-74.15209,40.70674],[-74.15557,40.70041],[-74.171,40.67819],[-74.17253,40.67616],[-74.1742,40.67422],[-74.18129,40.66702],[-74.18286,40.66522],[-74.18421,40.66339],[-74.18786,40.65773],[-74.18851,40.65689],[-74.18977,40.65571],[-74.19074,40.65503],[-74.19979,40.65005],[-74.20131,40.64895],[-74.20204,40.64829],[-74.20296,40.64727],[-74.20347,40.64686],[-74.20378,40.64645],[-74.20476,40.64475],[-74.20619,40.64192],[-74.20669,40.64122],[-74.20734,40.64096],[-74.20899,40.64101],[-74.21138,40.64143],[-74.21179,40.6416],[-74.21205,40.64188],[-74.21207,40.64229],[-74.21188,40.64254],[-74.21156,40.64272],[-74.21121,40.64278],[-74.20961,40.64281],[-74.20875,40.64261],[-74.20804,40.64228],[-74.20631,40.64128],[-74.20473,40.64007],[-74.20299,40.63857],[-74.2015,40.63755],[-74.19892,40.6363],[-74.19049,40.63169],[-74.18381,40.62862],[-74.18205,40.62768],[-74.179,40.62587],[-74.17764,40.62467],[-74.17714,40.62402],[-74.17668,40.6231],[-74.17649,40.6219],[-74.17659,40.62099],[-74.17777,40.61732],[-74.17844,40.61564],[-74.181,40.61152],[-74.18408,40.60615],[-74.18532,40.60466],[-74.18916,40.60095],[-74.19038,40.59943],[-74.19124,40.59783],[-74.1934,40.59196],[-74.19358,40.59048],[-74.19349,40.58954],[-74.19009,40.57422],[-74.19003,40.57288],[-74.19026,40.57146],[-74.19118,40.56999],[-74.19276,40.56797],[-74.19389,40.56671],[-74.19707,40.56349],[-74.20075,40.56012],[-74.20149,40.55965],[-74.20188,40.5595],[-74.20245,40.55934],[-74.20452,40.55898],[-74.20527,40.55874],[-74.20572,40.55851],[-74.207,40.55757],[-74.20566,40.55749],[-74.20457,40.55702],[-74.20355,40.55621],[-74.20329,40.55609],[-74.2023,40.55587],[-74.20152,40.55585],[-74.20082,40.556],[-74.20034,40.55627],[-74.19888,40.55779],[-74.19767,40.55889],[-74.19079,40.55215],[-74.18974,40.55128],[-74.1781,40.54535],[-74.17516,40.54377],[-74.16914,40.54106],[-74.16893,40.5405],[-74.16895,40.54025],[-74.16908,40.54007],[-74.16873,40.53953],[-74.16138,40.52938],[-74.16728,40.52688],[-74.16815,40.52663],[-74.16898,40.52655],[-74.17524,40.52675]]}},{"type":"Feature","properties":{"route":"SIM24","routeId":"SIM24","short":"SIM24","color":"#00933C","longName":"Prince's Bay - Midtown Manhattan Express","kind":"express"},"geometry":{"type":"LineString","coordinates":[[-73.97305,40.76422],[-73.98456,40.74843],[-73.99915,40.75459],[-73.99597,40.75896],[-73.99694,40.75937],[-73.99761,40.75881],[-73.99788,40.75872],[-73.99829,40.75872],[-73.99948,40.75894],[-74.00246,40.7602],[-74.00353,40.76056],[-74.01909,40.76708],[-74.02022,40.7674],[-74.0208,40.76743],[-74.02138,40.76735],[-74.02218,40.76706],[-74.02286,40.76652],[-74.02356,40.76571],[-74.02425,40.76445],[-74.0248,40.76371],[-74.02461,40.7631],[-74.02416,40.76277],[-74.02371,40.76266],[-74.02334,40.76267],[-74.02298,40.76277],[-74.02267,40.76297],[-74.02224,40.76368],[-74.02184,40.7646],[-74.02149,40.7657],[-74.02126,40.76696],[-74.02151,40.76758],[-74.02211,40.7681],[-74.02568,40.76968],[-74.02977,40.77137],[-74.03276,40.77288],[-74.03499,40.77387],[-74.05338,40.78054],[-74.0545,40.78086],[-74.05551,40.78088],[-74.05608,40.78076],[-74.05672,40.7805],[-74.05726,40.78006],[-74.05782,40.77935],[-74.05811,40.77808],[-74.05963,40.77529],[-74.06213,40.77134],[-74.06327,40.76985],[-74.06448,40.76859],[-74.0662,40.76716],[-74.06788,40.76604],[-74.0694,40.7652],[-74.07847,40.7611],[-74.08338,40.75872],[-74.08573,40.75789],[-74.08758,40.75747],[-74.08974,40.75723],[-74.09826,40.7571],[-74.10018,40.75698],[-74.10268,40.75658],[-74.10535,40.75582],[-74.11029,40.75374],[-74.11494,40.75143],[-74.11628,40.75065],[-74.11738,40.74986],[-74.11928,40.74815],[-74.12072,40.74635],[-74.12171,40.74456],[-74.12211,40.74352],[-74.12317,40.74032],[-74.1234,40.73937],[-74.12362,40.73561],[-74.12381,40.73427],[-74.12435,40.73282],[-74.12508,40.73166],[-74.12625,40.73041],[-74.13041,40.72718],[-74.13165,40.72597],[-74.1334,40.72355],[-74.13588,40.71871],[-74.13656,40.71756],[-74.13758,40.71627],[-74.13846,40.71543],[-74.13923,40.71477],[-74.14089,40.71385],[-74.14594,40.71189],[-74.14753,40.71108],[-74.14892,40.71018],[-74.14995,40.70936],[-74.15118,40.70806],[-74.15209,40.70674],[-74.15557,40.70041],[-74.171,40.67819],[-74.17253,40.67616],[-74.1742,40.67422],[-74.18129,40.66702],[-74.18286,40.66522],[-74.18421,40.66339],[-74.18786,40.65773],[-74.18851,40.65689],[-74.18977,40.65571],[-74.19074,40.65503],[-74.19979,40.65005],[-74.20131,40.64895],[-74.20204,40.64829],[-74.20296,40.64727],[-74.20347,40.64686],[-74.20378,40.64645],[-74.20476,40.64475],[-74.20619,40.64192],[-74.20669,40.64122],[-74.20734,40.64096],[-74.20899,40.64101],[-74.21138,40.64143],[-74.21179,40.6416],[-74.21196,40.64176],[-74.21205,40.64188],[-74.21207,40.64229],[-74.21177,40.64264],[-74.21156,40.64272],[-74.20999,40.64283],[-74.20932,40.64277],[-74.20875,40.64261],[-74.20804,40.64228],[-74.20631,40.64128],[-74.20473,40.64007],[-74.20299,40.63857],[-74.2015,40.63755],[-74.19892,40.6363],[-74.19049,40.63169],[-74.18381,40.62862],[-74.18205,40.62768],[-74.179,40.62587],[-74.17764,40.62467],[-74.17714,40.62402],[-74.17675,40.62331],[-74.17656,40.62262],[-74.17649,40.6219],[-74.17659,40.62099],[-74.17777,40.61732],[-74.17844,40.61564],[-74.181,40.61152],[-74.18408,40.60615],[-74.18532,40.60466],[-74.18916,40.60095],[-74.19038,40.59943],[-74.19124,40.59783],[-74.1934,40.59196],[-74.19358,40.59048],[-74.19349,40.58954],[-74.19009,40.57422],[-74.19003,40.57288],[-74.19026,40.57146],[-74.19118,40.56999],[-74.19276,40.56797],[-74.19389,40.56671],[-74.19707,40.56349],[-74.20075,40.56012],[-74.20149,40.55965],[-74.20188,40.5595],[-74.20245,40.55934],[-74.20452,40.55898],[-74.20527,40.55874],[-74.20572,40.55851],[-74.207,40.55757],[-74.20633,40.55757],[-74.20531,40.55738],[-74.20417,40.55676],[-74.20355,40.55621],[-74.20096,40.55079],[-74.19985,40.54813],[-74.1984,40.54529],[-74.19757,40.54386],[-74.19609,40.54049],[-74.19221,40.53273],[-74.1917,40.53183],[-74.18609,40.52397],[-74.18862,40.52307]]}},{"type":"Feature","properties":{"route":"SIM25","routeId":"SIM25","short":"SIM25","color":"#00933C","longName":"Tottenville - Midtown Manhattan Express","kind":"express"},"geometry":{"type":"LineString","coordinates":[[-74.2514,40.50299],[-74.25136,40.50287],[-74.25115,40.50291],[-74.2349,40.5062],[-74.23307,40.50673],[-74.23007,40.50774],[-74.22747,40.50821],[-74.22268,40.50871],[-74.2122,40.51087],[-74.21095,40.5114],[-74.19985,40.51845],[-74.19866,40.51883],[-74.19713,40.51911],[-74.19739,40.52025],[-74.19916,40.52264],[-74.20152,40.52624],[-74.20118,40.52674],[-74.20256,40.52949],[-74.2029,40.532],[-74.20307,40.53247],[-74.20626,40.53917],[-74.20664,40.54014],[-74.20699,40.54174],[-74.20798,40.5417],[-74.20807,40.5419],[-74.21347,40.55568],[-74.21241,40.55632],[-74.21075,40.55696],[-74.20953,40.55722],[-74.20722,40.55756],[-74.20633,40.55757],[-74.20566,40.55749],[-74.20457,40.55702],[-74.20398,40.5566],[-74.201,40.55889],[-74.19675,40.56286],[-74.19268,40.56699],[-74.19155,40.56834],[-74.19087,40.56935],[-74.19035,40.57041],[-74.19001,40.57144],[-74.18986,40.57217],[-74.18976,40.57372],[-74.18993,40.57523],[-74.19232,40.58548],[-74.19235,40.58781],[-74.19294,40.59039],[-74.19293,40.5909],[-74.19278,40.59132],[-74.19218,40.59462],[-74.19099,40.59782],[-74.18979,40.59986],[-74.18863,40.6012],[-74.18506,40.60462],[-74.18412,40.60571],[-74.1833,40.60691],[-74.1806,40.61173],[-74.17594,40.61915],[-74.17533,40.62068],[-74.17516,40.62188],[-74.17517,40.62258],[-74.17543,40.62346],[-74.17581,40.62397],[-74.17626,40.62432],[-74.17767,40.62503],[-74.17869,40.62592],[-74.17949,40.62647],[-74.18173,40.62781],[-74.18806,40.63062],[-74.19117,40.63214],[-74.19813,40.63598],[-74.20135,40.63757],[-74.20207,40.63802],[-74.20372,40.6393],[-74.20578,40.64106],[-74.20745,40.64206],[-74.2087,40.64265],[-74.21092,40.64338],[-74.21156,40.64336],[-74.21187,40.64323],[-74.21231,40.64279],[-74.21236,40.64224],[-74.21225,40.64193],[-74.2119,40.64154],[-74.21112,40.64105],[-74.20997,40.64073],[-74.20825,40.64058],[-74.20697,40.6402],[-74.2065,40.64021],[-74.206,40.64042],[-74.20578,40.64062],[-74.20483,40.64203],[-74.20163,40.64739],[-74.20083,40.6484],[-74.19971,40.64948],[-74.19767,40.65069],[-74.19034,40.65473],[-74.18908,40.65565],[-74.18776,40.65691],[-74.18721,40.65757],[-74.18448,40.6614],[-74.18245,40.66402],[-74.1806,40.66616],[-74.17438,40.67277],[-74.17286,40.67451],[-74.17148,40.67629],[-74.16334,40.68805],[-74.15565,40.69872],[-74.15435,40.7008],[-74.15321,40.70305],[-74.15186,40.70537],[-74.15032,40.70787],[-74.14968,40.7087],[-74.14848,40.7098],[-74.1466,40.71097],[-74.14574,40.71139],[-74.14068,40.71336],[-74.13982,40.71374],[-74.1377,40.71487],[-74.13639,40.7158],[-74.13524,40.71696],[-74.13451,40.71827],[-74.1335,40.72212],[-74.13267,40.7241],[-74.13213,40.725],[-74.13155,40.72577],[-74.13055,40.72679],[-74.12577,40.73065],[-74.12484,40.73171],[-74.12427,40.73264],[-74.12383,40.73364],[-74.12353,40.73491],[-74.12333,40.73872],[-74.12313,40.73998],[-74.12185,40.74384],[-74.12105,40.74554],[-74.12019,40.74687],[-74.11893,40.74833],[-74.11799,40.74921],[-74.11646,40.75038],[-74.11429,40.75164],[-74.10927,40.75407],[-74.10517,40.75577],[-74.10327,40.75633],[-74.1003,40.75686],[-74.09834,40.75699],[-74.08971,40.75713],[-74.08802,40.7573],[-74.08573,40.75777],[-74.08335,40.75863],[-74.07817,40.76108],[-74.07424,40.7628],[-74.06889,40.76528],[-74.06696,40.76642],[-74.06579,40.76725],[-74.06397,40.76883],[-74.06317,40.76969],[-74.06192,40.77129],[-74.05929,40.77518],[-74.05768,40.77708],[-74.0568,40.77885],[-74.05634,40.77944],[-74.05573,40.77988],[-74.05535,40.78005],[-74.05494,40.78018],[-74.05406,40.78031],[-74.05336,40.78029],[-74.05268,40.78016],[-74.04972,40.77907],[-74.04826,40.77845],[-74.04623,40.77732],[-74.04532,40.7771],[-74.04386,40.77688],[-74.04314,40.77668],[-74.03482,40.77371],[-74.02971,40.77124],[-74.02218,40.76801],[-74.0217,40.76762],[-74.02139,40.76696],[-74.02178,40.76511],[-74.02269,40.76316],[-74.02319,40.76281],[-74.02384,40.76278],[-74.02432,40.76301],[-74.02456,40.76338],[-74.02457,40.76357],[-74.02377,40.7645],[-74.02324,40.76548],[-74.02228,40.76644],[-74.0218,40.76673],[-74.02139,40.76686],[-74.02077,40.76691],[-74.01999,40.76683],[-74.01896,40.76645],[-74.00295,40.75954],[-73.99707,40.75715],[-73.9958,40.7568],[-73.99536,40.75688],[-73.99393,40.75897],[-73.97927,40.75282],[-73.97236,40.76228],[-73.96869,40.76077]]}},{"type":"Feature","properties":{"route":"SIM26","routeId":"SIM26","short":"SIM26","color":"#00933C","longName":"Tottenville - Midtown Manhattan Express","kind":"express"},"geometry":{"type":"LineString","coordinates":[[-73.96871,40.76078],[-73.96911,40.76095],[-73.97602,40.75146],[-73.99265,40.75842],[-73.99309,40.7578],[-73.99382,40.75819],[-73.99543,40.75874],[-73.99694,40.75937],[-73.99761,40.75881],[-73.99788,40.75872],[-73.99829,40.75872],[-73.99948,40.75894],[-74.00246,40.7602],[-74.00353,40.76056],[-74.01909,40.76708],[-74.01985,40.76732],[-74.02051,40.76743],[-74.0215,40.76732],[-74.02218,40.76706],[-74.02286,40.76652],[-74.02356,40.76571],[-74.02425,40.76445],[-74.0248,40.76371],[-74.02461,40.7631],[-74.02416,40.76277],[-74.02371,40.76266],[-74.02334,40.76267],[-74.02298,40.76277],[-74.02267,40.76297],[-74.02224,40.76368],[-74.02184,40.7646],[-74.02149,40.7657],[-74.02126,40.76696],[-74.02151,40.76758],[-74.02211,40.7681],[-74.02568,40.76968],[-74.02977,40.77137],[-74.03276,40.77288],[-74.03499,40.77387],[-74.05338,40.78054],[-74.05428,40.78082],[-74.05531,40.7809],[-74.05608,40.78076],[-74.05672,40.7805],[-74.05726,40.78006],[-74.05782,40.77935],[-74.05811,40.77808],[-74.05963,40.77529],[-74.06213,40.77134],[-74.06327,40.76985],[-74.06448,40.76859],[-74.0662,40.76716],[-74.06788,40.76604],[-74.0694,40.7652],[-74.07847,40.7611],[-74.08338,40.75872],[-74.08573,40.75789],[-74.08758,40.75747],[-74.08974,40.75723],[-74.09826,40.7571],[-74.10018,40.75698],[-74.10268,40.75658],[-74.10535,40.75582],[-74.11029,40.75374],[-74.11494,40.75143],[-74.11702,40.75013],[-74.11893,40.74852],[-74.11976,40.74761],[-74.12072,40.74635],[-74.12171,40.74456],[-74.12211,40.74352],[-74.12317,40.74032],[-74.1234,40.73937],[-74.12362,40.73561],[-74.12381,40.73427],[-74.12435,40.73282],[-74.12508,40.73166],[-74.12625,40.73041],[-74.13041,40.72718],[-74.13165,40.72597],[-74.1334,40.72355],[-74.13588,40.71871],[-74.13656,40.71756],[-74.13758,40.71627],[-74.13846,40.71543],[-74.13923,40.71477],[-74.14089,40.71385],[-74.14594,40.71189],[-74.14753,40.71108],[-74.14892,40.71018],[-74.14995,40.70936],[-74.15118,40.70806],[-74.15209,40.70674],[-74.15557,40.70041],[-74.171,40.67819],[-74.17253,40.67616],[-74.1742,40.67422],[-74.18129,40.66702],[-74.18286,40.66522],[-74.18421,40.66339],[-74.18786,40.65773],[-74.18851,40.65689],[-74.18977,40.65571],[-74.19074,40.65503],[-74.19979,40.65005],[-74.20131,40.64895],[-74.20204,40.64829],[-74.20296,40.64727],[-74.20347,40.64686],[-74.20378,40.64645],[-74.20476,40.64475],[-74.20619,40.64192],[-74.20669,40.64122],[-74.20734,40.64096],[-74.20899,40.64101],[-74.21138,40.64143],[-74.21179,40.6416],[-74.21196,40.64176],[-74.21205,40.64188],[-74.21207,40.64229],[-74.21177,40.64264],[-74.21156,40.64272],[-74.20999,40.64283],[-74.20932,40.64277],[-74.20875,40.64261],[-74.20804,40.64228],[-74.20631,40.64128],[-74.20473,40.64007],[-74.20299,40.63857],[-74.2015,40.63755],[-74.19892,40.6363],[-74.19049,40.63169],[-74.18411,40.62877],[-74.18181,40.62754],[-74.179,40.62587],[-74.17764,40.62467],[-74.17714,40.62402],[-74.17675,40.62331],[-74.17656,40.62262],[-74.17651,40.62148],[-74.17671,40.62057],[-74.17777,40.61732],[-74.17817,40.61622],[-74.17876,40.61507],[-74.181,40.61152],[-74.18331,40.60738],[-74.18436,40.60577],[-74.18532,40.60466],[-74.18916,40.60095],[-74.19038,40.59943],[-74.19124,40.59783],[-74.19303,40.59307],[-74.19389,40.59125],[-74.19403,40.59007],[-74.19397,40.58944],[-74.19366,40.5884],[-74.19286,40.58675],[-74.19009,40.57422],[-74.19002,40.57325],[-74.19008,40.57234],[-74.19026,40.57146],[-74.19051,40.57096],[-74.19276,40.56797],[-74.19389,40.56671],[-74.19707,40.56349],[-74.20075,40.56012],[-74.20149,40.55965],[-74.20188,40.5595],[-74.20245,40.55934],[-74.20452,40.55898],[-74.20527,40.55874],[-74.20572,40.55851],[-74.20713,40.55747],[-74.20773,40.55712],[-74.20946,40.55655],[-74.21314,40.55484],[-74.2144,40.55418],[-74.21604,40.55314],[-74.2193,40.55071],[-74.22004,40.55003],[-74.22082,40.54906],[-74.21776,40.54114],[-74.21766,40.54015],[-74.2177,40.53829],[-74.21833,40.53512],[-74.21813,40.53281],[-74.21702,40.52911],[-74.21566,40.5262],[-74.21562,40.52402],[-74.21673,40.52237],[-74.21723,40.52114],[-74.21748,40.52091],[-74.22008,40.51962],[-74.22337,40.51826],[-74.22409,40.51821],[-74.22535,40.51844],[-74.22673,40.51914],[-74.2286,40.51919],[-74.23012,40.51893],[-74.23073,40.51853],[-74.23179,40.51732],[-74.23374,40.51561],[-74.23526,40.51459],[-74.23767,40.5133],[-74.23969,40.51193],[-74.24342,40.5101],[-74.25117,40.50778],[-74.25211,40.50757],[-74.25234,40.5057],[-74.25136,40.50287],[-74.23451,40.50629],[-74.23007,40.50774],[-74.23019,40.50808]]}},{"type":"Feature","properties":{"route":"SIM3","routeId":"SIM3","short":"SIM3","color":"#00933C","longName":"Pt. Richmond - Midtown Manhattan Express","kind":"express"},"geometry":{"type":"LineString","coordinates":[[-74.12967,40.63375],[-74.13082,40.63413],[-74.13476,40.63603],[-74.13655,40.63331],[-74.13893,40.63103],[-74.14079,40.6295],[-74.14195,40.62842],[-74.14268,40.62622],[-74.14304,40.62564],[-74.14328,40.62551],[-74.14397,40.62536],[-74.14401,40.62499],[-74.14611,40.62491],[-74.14876,40.62511],[-74.14918,40.62327],[-74.14932,40.62305],[-74.15083,40.62166],[-74.15362,40.61987],[-74.15574,40.61796],[-74.15553,40.61785],[-74.15392,40.61759],[-74.15086,40.61742],[-74.14785,40.6171],[-74.14419,40.61686],[-74.1377,40.61601],[-74.13449,40.6155],[-74.13418,40.61538],[-74.13328,40.61454],[-74.1321,40.61321],[-74.13231,40.6128],[-74.13231,40.61242],[-74.13071,40.61258],[-74.13022,40.61252],[-74.12916,40.61256],[-74.11683,40.61351],[-74.11694,40.61215],[-74.11664,40.61017],[-74.11704,40.61017],[-74.11725,40.61025],[-74.11733,40.6104],[-74.1173,40.61059],[-74.11712,40.61073],[-74.11627,40.61104],[-74.115,40.61113],[-74.11343,40.61101],[-74.1102,40.61026],[-74.10874,40.61012],[-74.09648,40.61056],[-74.09452,40.61038],[-74.09278,40.60992],[-74.08643,40.60727],[-74.08457,40.60668],[-74.08235,40.60626],[-74.07677,40.60603],[-74.07474,40.60575],[-74.07246,40.60518],[-74.06851,40.60364],[-74.06437,40.60226],[-74.0632,40.60199],[-74.06107,40.60176],[-74.05939,40.60179],[-74.05824,40.6021],[-74.03093,40.61095],[-74.03005,40.61142],[-74.02941,40.61193],[-74.02887,40.61259],[-74.02805,40.614],[-74.02151,40.62159],[-74.01935,40.62431],[-74.01829,40.62645],[-74.0161,40.63224],[-74.01591,40.63316],[-74.01593,40.63404],[-74.01636,40.63499],[-74.0173,40.63581],[-74.02044,40.63772],[-74.02081,40.63802],[-74.0213,40.6386],[-74.02157,40.63922],[-74.02164,40.63978],[-74.02159,40.64018],[-74.02125,40.64092],[-74.02054,40.64174],[-74.01682,40.6454],[-73.99674,40.66472],[-73.99643,40.66509],[-73.9961,40.6657],[-73.9959,40.66656],[-73.99599,40.66751],[-73.9965,40.66863],[-74.00112,40.67608],[-74.00242,40.67797],[-74.00559,40.68194],[-74.0061,40.68313],[-74.00616,40.68369],[-74.00639,40.6843],[-74.00777,40.68647],[-74.01013,40.68928],[-74.01141,40.69105],[-74.01204,40.69253],[-74.01509,40.7009],[-74.01543,40.70214],[-74.01553,40.7031],[-74.01547,40.70405],[-74.01463,40.70638],[-74.01469,40.70662],[-74.01489,40.70701],[-74.01523,40.70727],[-74.01597,40.7072],[-74.01676,40.70465],[-74.01671,40.70426],[-74.0161,40.70256],[-74.01556,40.70175],[-74.01516,40.70147],[-74.01428,40.70115],[-74.01329,40.70111],[-74.01219,40.70132],[-74.00987,40.70192],[-74.00919,40.70216],[-74.0018,40.70679],[-73.99827,40.70863],[-73.99683,40.70894],[-73.98932,40.70997],[-73.98509,40.71045],[-73.97989,40.71089],[-73.97906,40.71117],[-73.97857,40.71144],[-73.97816,40.71176],[-73.97771,40.7123],[-73.97525,40.71721],[-73.97495,40.71828],[-73.97452,40.7215],[-73.97427,40.72238],[-73.97237,40.72553],[-73.97191,40.72654],[-73.97155,40.72871],[-73.97172,40.72945],[-73.97225,40.73013],[-73.97294,40.73064],[-73.97357,40.73125],[-73.97388,40.73193],[-73.97432,40.73397],[-73.9748,40.73534],[-73.99281,40.74289],[-73.97618,40.76564],[-73.97685,40.76595]]}},{"type":"Feature","properties":{"route":"SIM30","routeId":"SIM30","short":"SIM30","color":"#00933C","longName":"Sunnyside - Midtown Manhattan Express","kind":"express"},"geometry":{"type":"LineString","coordinates":[[-73.97754,40.76625],[-73.97906,40.7669],[-73.98004,40.76552],[-73.97395,40.76295],[-73.98088,40.75347],[-73.99265,40.75842],[-73.99309,40.7578],[-73.99382,40.75819],[-73.99543,40.75874],[-73.99694,40.75937],[-73.99761,40.75881],[-73.99788,40.75872],[-73.99829,40.75872],[-73.99948,40.75894],[-74.00246,40.7602],[-74.00353,40.76056],[-74.01909,40.76708],[-74.02022,40.7674],[-74.0208,40.76743],[-74.02138,40.76735],[-74.02218,40.76706],[-74.02286,40.76652],[-74.02356,40.76571],[-74.02425,40.76445],[-74.0248,40.76371],[-74.02461,40.7631],[-74.02416,40.76277],[-74.02371,40.76266],[-74.02334,40.76267],[-74.02298,40.76277],[-74.02267,40.76297],[-74.02224,40.76368],[-74.02184,40.7646],[-74.02149,40.7657],[-74.02126,40.76696],[-74.02151,40.76758],[-74.02211,40.7681],[-74.02568,40.76968],[-74.02977,40.77137],[-74.03276,40.77288],[-74.03499,40.77387],[-74.05338,40.78054],[-74.0545,40.78086],[-74.05551,40.78088],[-74.05608,40.78076],[-74.05672,40.7805],[-74.05726,40.78006],[-74.05782,40.77935],[-74.05811,40.77808],[-74.05963,40.77529],[-74.06213,40.77134],[-74.06327,40.76985],[-74.06448,40.76859],[-74.0662,40.76716],[-74.06788,40.76604],[-74.06954,40.76513],[-74.07847,40.7611],[-74.08338,40.75872],[-74.08573,40.75789],[-74.08758,40.75747],[-74.08974,40.75723],[-74.0989,40.75708],[-74.10081,40.7569],[-74.10268,40.75658],[-74.10535,40.75582],[-74.10779,40.75484],[-74.11048,40.75365],[-74.11494,40.75143],[-74.11702,40.75013],[-74.11893,40.74852],[-74.11976,40.74761],[-74.12072,40.74635],[-74.12156,40.74486],[-74.12211,40.74352],[-74.1233,40.73985],[-74.12348,40.73862],[-74.12363,40.7355],[-74.12381,40.73427],[-74.12435,40.73282],[-74.12508,40.73166],[-74.12625,40.73041],[-74.13041,40.72718],[-74.13165,40.72597],[-74.1334,40.72355],[-74.13588,40.71871],[-74.13656,40.71756],[-74.13758,40.71627],[-74.13846,40.71543],[-74.13923,40.71477],[-74.14089,40.71385],[-74.14594,40.71189],[-74.14753,40.71108],[-74.14892,40.71018],[-74.14995,40.70936],[-74.15118,40.70806],[-74.15209,40.70674],[-74.15557,40.70041],[-74.171,40.67819],[-74.17253,40.67616],[-74.1742,40.67422],[-74.18129,40.66702],[-74.18286,40.66522],[-74.18421,40.66339],[-74.18786,40.65773],[-74.18851,40.65689],[-74.18977,40.65571],[-74.19074,40.65503],[-74.19979,40.65005],[-74.20131,40.64895],[-74.20204,40.64829],[-74.20296,40.64727],[-74.20347,40.64686],[-74.20378,40.64645],[-74.20476,40.64475],[-74.20619,40.64192],[-74.20669,40.64122],[-74.20734,40.64096],[-74.20899,40.64101],[-74.21138,40.64143],[-74.21179,40.6416],[-74.21196,40.64176],[-74.21205,40.64188],[-74.21207,40.64229],[-74.21177,40.64264],[-74.21156,40.64272],[-74.20999,40.64283],[-74.20932,40.64277],[-74.20875,40.64261],[-74.20804,40.64228],[-74.20631,40.64128],[-74.20473,40.64007],[-74.20299,40.63857],[-74.2015,40.63755],[-74.19892,40.6363],[-74.19049,40.63169],[-74.18411,40.62877],[-74.18031,40.62666],[-74.17931,40.62606],[-74.17854,40.62464],[-74.17243,40.62746],[-74.17177,40.62758],[-74.16898,40.62782],[-74.16434,40.62695],[-74.15857,40.6263],[-74.15452,40.62573],[-74.14681,40.62494],[-74.14401,40.62499],[-74.13877,40.62428],[-74.13758,40.62423],[-74.13692,40.6244],[-74.13388,40.62627],[-74.13354,40.62636],[-74.13099,40.62633],[-74.13036,40.62638],[-74.12226,40.62745],[-74.11852,40.62889],[-74.11619,40.62893],[-74.11335,40.62927],[-74.10621,40.63057],[-74.1026,40.63092],[-74.09889,40.63145],[-74.09763,40.63184],[-74.09715,40.63191],[-74.08927,40.63047],[-74.08885,40.63034],[-74.08807,40.63107],[-74.08575,40.63396],[-74.0849,40.63363],[-74.08142,40.63033],[-74.08175,40.63],[-74.07633,40.62712],[-74.07792,40.62692],[-74.07979,40.62488],[-74.07787,40.62119],[-74.07576,40.6188],[-74.07393,40.61603],[-74.07088,40.61203],[-74.07097,40.61172],[-74.07121,40.61153],[-74.07182,40.61129]]}},{"type":"Feature","properties":{"route":"SIM31","routeId":"SIM31","short":"SIM31","color":"#00933C","longName":"Eltingville - Midtown Manhattan Express","kind":"express"},"geometry":{"type":"LineString","coordinates":[[-73.96871,40.76078],[-73.97395,40.76295],[-73.98898,40.74231],[-73.98894,40.74202],[-73.98912,40.74134],[-73.9751,40.73544],[-73.97488,40.73427],[-73.97398,40.73096],[-73.97235,40.72985],[-73.97207,40.72951],[-73.97186,40.72907],[-73.97177,40.72826],[-73.97201,40.7266],[-73.97258,40.72541],[-73.97423,40.72273],[-73.9745,40.72216],[-73.97508,40.71809],[-73.97523,40.71757],[-73.97562,40.71659],[-73.97686,40.71415],[-73.97769,40.71254],[-73.97812,40.71196],[-73.97895,40.71134],[-73.98005,40.71096],[-73.98469,40.71061],[-73.98915,40.71011],[-73.9969,40.70901],[-73.99821,40.70872],[-74.00001,40.70786],[-74.00348,40.70592],[-74.00693,40.70366],[-74.00942,40.70215],[-74.00998,40.70194],[-74.01329,40.7012],[-74.01412,40.70121],[-74.01484,40.70142],[-74.01543,40.70179],[-74.0159,40.7024],[-74.01655,40.70408],[-74.01664,40.70455],[-74.01657,40.70511],[-74.01615,40.70618],[-74.01572,40.7072],[-74.01526,40.7071],[-74.01488,40.70667],[-74.01482,40.70626],[-74.01524,40.70536],[-74.01561,40.704],[-74.01571,40.70333],[-74.0157,40.70229],[-74.01497,40.69994],[-74.01199,40.69173],[-74.01134,40.69054],[-74.00793,40.68636],[-74.00672,40.68439],[-74.00621,40.68303],[-74.00618,40.68267],[-74.00582,40.68184],[-74.00463,40.68033],[-74.00287,40.67832],[-74.00141,40.67619],[-73.99667,40.66845],[-73.99632,40.66763],[-73.99621,40.66712],[-73.99625,40.66613],[-73.9965,40.66538],[-73.99714,40.66458],[-74.01558,40.6468],[-74.02029,40.6424],[-74.02128,40.64127],[-74.02167,40.64056],[-74.02184,40.63977],[-74.02177,40.63913],[-74.02155,40.63863],[-74.02124,40.63821],[-74.02076,40.63779],[-74.01766,40.63586],[-74.01665,40.63505],[-74.01625,40.63443],[-74.01612,40.6339],[-74.01613,40.6331],[-74.01632,40.63227],[-74.01795,40.6278],[-74.01917,40.62497],[-74.02044,40.62341],[-74.02211,40.62163],[-74.02322,40.62028],[-74.0239,40.61972],[-74.02598,40.61725],[-74.02885,40.61414],[-74.03122,40.6113],[-74.03225,40.61068],[-74.0361,40.60938],[-74.05763,40.60244],[-74.0589,40.60215],[-74.05974,40.60204],[-74.06091,40.6021],[-74.06393,40.60289],[-74.06551,40.60309],[-74.0673,40.60346],[-74.07233,40.60536],[-74.07456,40.60594],[-74.07708,40.60625],[-74.08205,40.60642],[-74.08407,40.60676],[-74.08605,40.60737],[-74.0926,40.61009],[-74.09384,40.61045],[-74.09562,40.61071],[-74.09669,40.61074],[-74.10736,40.61038],[-74.10908,40.61038],[-74.10994,40.61047],[-74.11122,40.61073],[-74.11198,40.61092],[-74.11262,40.61121],[-74.114,40.61161],[-74.11526,40.61169],[-74.11627,40.61157],[-74.11787,40.6111],[-74.11934,40.61092],[-74.12101,40.61027],[-74.12326,40.60967],[-74.12511,40.60929],[-74.12758,40.6089],[-74.12932,40.6087],[-74.13098,40.6086],[-74.14087,40.6081],[-74.14079,40.60729],[-74.13202,40.60778],[-74.13125,40.60138],[-74.1368,40.60091],[-74.1402,40.6007],[-74.14003,40.59857],[-74.14273,40.59489],[-74.14542,40.5915],[-74.14587,40.58822],[-74.14628,40.58616],[-74.14657,40.58581],[-74.14764,40.58499],[-74.15187,40.58713],[-74.15853,40.5909],[-74.15919,40.59014],[-74.1613,40.5881],[-74.16298,40.58631],[-74.16025,40.58475],[-74.16202,40.58298],[-74.16227,40.58258],[-74.1634,40.57967],[-74.16369,40.57751],[-74.16381,40.5773],[-74.16438,40.57678],[-74.1646,40.57686],[-74.16915,40.57931],[-74.16962,40.57944],[-74.17011,40.57268],[-74.1697,40.56809],[-74.1698,40.56562],[-74.16981,40.56366],[-74.16973,40.56353],[-74.16984,40.56106],[-74.17129,40.56131],[-74.17125,40.56094]]}},{"type":"Feature","properties":{"route":"SIM32","routeId":"SIM32","short":"SIM32","color":"#00933C","longName":"Travis - Lower Manhattan Express","kind":"express"},"geometry":{"type":"LineString","coordinates":[[-74.00605,40.71698],[-74.00449,40.71625],[-74.01195,40.70745],[-74.01372,40.70529],[-74.01412,40.70469],[-74.01567,40.70493],[-74.01644,40.70488],[-74.01648,40.70495],[-74.01572,40.7072],[-74.01543,40.70716],[-74.01502,40.7069],[-74.01488,40.70667],[-74.01482,40.70626],[-74.01524,40.70536],[-74.01561,40.704],[-74.01573,40.70293],[-74.01567,40.70215],[-74.01497,40.69994],[-74.01199,40.69173],[-74.01134,40.69054],[-74.00793,40.68636],[-74.00672,40.68439],[-74.00621,40.68303],[-74.00618,40.68267],[-74.00582,40.68184],[-74.00463,40.68033],[-74.00287,40.67832],[-74.00141,40.67619],[-73.99667,40.66845],[-73.99632,40.66763],[-73.99621,40.66712],[-73.99625,40.66613],[-73.9965,40.66538],[-73.99714,40.66458],[-74.01558,40.6468],[-74.02029,40.6424],[-74.02128,40.64127],[-74.02167,40.64056],[-74.02184,40.63977],[-74.02177,40.63913],[-74.02155,40.63863],[-74.02124,40.63821],[-74.02076,40.63779],[-74.01766,40.63586],[-74.01665,40.63505],[-74.01625,40.63443],[-74.01612,40.6339],[-74.01613,40.6331],[-74.01632,40.63227],[-74.01795,40.6278],[-74.01917,40.62497],[-74.02044,40.62341],[-74.02211,40.62163],[-74.02322,40.62028],[-74.0239,40.61972],[-74.02598,40.61725],[-74.02885,40.61414],[-74.03077,40.61179],[-74.03122,40.6113],[-74.03154,40.61108],[-74.03225,40.61068],[-74.03489,40.60978],[-74.05217,40.60417],[-74.05763,40.60244],[-74.0589,40.60215],[-74.05974,40.60204],[-74.06091,40.6021],[-74.06393,40.60289],[-74.06551,40.60309],[-74.0673,40.60346],[-74.07233,40.60536],[-74.07456,40.60594],[-74.07708,40.60625],[-74.08205,40.60642],[-74.08407,40.60676],[-74.08605,40.60737],[-74.0926,40.61009],[-74.09384,40.61045],[-74.09513,40.61067],[-74.09669,40.61074],[-74.10736,40.61038],[-74.10908,40.61038],[-74.10994,40.61047],[-74.11122,40.61073],[-74.11198,40.61092],[-74.11262,40.61121],[-74.114,40.61161],[-74.11526,40.61169],[-74.11627,40.61157],[-74.11787,40.6111],[-74.11934,40.61092],[-74.12101,40.61027],[-74.12326,40.60967],[-74.12511,40.60929],[-74.12758,40.6089],[-74.12932,40.6087],[-74.14284,40.60798],[-74.14453,40.60801],[-74.14647,40.60834],[-74.14805,40.60886],[-74.14959,40.60962],[-74.1604,40.60741],[-74.16563,40.60681],[-74.16798,40.60622],[-74.16876,40.60596],[-74.17077,40.60491],[-74.17268,40.6041],[-74.17512,40.60203],[-74.18535,40.59479],[-74.19294,40.59039],[-74.19813,40.58725],[-74.20019,40.58646],[-74.19963,40.5862],[-74.19893,40.58638],[-74.19883,40.58663]]}},{"type":"Feature","properties":{"route":"SIM33","routeId":"SIM33","short":"SIM33","color":"#00933C","longName":"Mariners Harbor - Manhattan Express","kind":"express"},"geometry":{"type":"LineString","coordinates":[[-73.99097,40.73384],[-73.9915,40.73163],[-73.99681,40.72541],[-74.00284,40.72834],[-74.00933,40.72897],[-74.01077,40.72905],[-74.01127,40.72518],[-74.01183,40.72232],[-74.01294,40.71741],[-74.01352,40.71525],[-74.01446,40.7154],[-74.01539,40.71582],[-74.01622,40.71474],[-74.01392,40.71374],[-74.01502,40.70984],[-74.01501,40.7094],[-74.01566,40.70764],[-74.01562,40.70745],[-74.01498,40.70667],[-74.01491,40.7062],[-74.01524,40.70536],[-74.01561,40.704],[-74.01571,40.70333],[-74.0157,40.70229],[-74.01497,40.69994],[-74.01199,40.69173],[-74.01134,40.69054],[-74.00793,40.68636],[-74.00672,40.68439],[-74.00621,40.68303],[-74.00618,40.68267],[-74.00582,40.68184],[-74.00463,40.68033],[-74.00287,40.67832],[-74.00141,40.67619],[-73.99667,40.66845],[-73.99632,40.66763],[-73.99621,40.66712],[-73.99625,40.66613],[-73.9965,40.66538],[-73.99714,40.66458],[-74.01558,40.6468],[-74.02029,40.6424],[-74.02128,40.64127],[-74.02167,40.64056],[-74.02184,40.63977],[-74.02177,40.63913],[-74.02155,40.63863],[-74.02124,40.63821],[-74.02076,40.63779],[-74.01766,40.63586],[-74.01665,40.63505],[-74.01625,40.63443],[-74.01612,40.6339],[-74.01613,40.6331],[-74.01632,40.63227],[-74.01795,40.6278],[-74.01917,40.62497],[-74.02044,40.62341],[-74.02211,40.62163],[-74.02322,40.62028],[-74.0239,40.61972],[-74.02598,40.61725],[-74.02885,40.61414],[-74.03077,40.61179],[-74.03122,40.6113],[-74.03194,40.61081],[-74.0361,40.60938],[-74.05763,40.60244],[-74.0589,40.60215],[-74.05974,40.60204],[-74.06091,40.6021],[-74.06393,40.60289],[-74.06551,40.60309],[-74.0673,40.60346],[-74.07233,40.60536],[-74.07456,40.60594],[-74.07708,40.60625],[-74.08205,40.60642],[-74.08407,40.60676],[-74.08605,40.60737],[-74.0926,40.61009],[-74.09428,40.61054],[-74.09513,40.61067],[-74.09669,40.61074],[-74.10736,40.61038],[-74.10908,40.61038],[-74.10994,40.61047],[-74.11122,40.61073],[-74.11198,40.61092],[-74.11262,40.61121],[-74.11364,40.61153],[-74.11475,40.61169],[-74.11627,40.61157],[-74.11787,40.6111],[-74.11934,40.61092],[-74.12101,40.61027],[-74.12192,40.61],[-74.12456,40.6094],[-74.12758,40.6089],[-74.12932,40.6087],[-74.14284,40.60798],[-74.14416,40.60799],[-74.14568,40.60816],[-74.14718,40.60854],[-74.14805,40.60886],[-74.14959,40.60962],[-74.1604,40.60741],[-74.1624,40.60719],[-74.16239,40.60774],[-74.16211,40.60821],[-74.16177,40.60848],[-74.16102,40.60888],[-74.16064,40.60927],[-74.15924,40.61237],[-74.15786,40.61398],[-74.15654,40.61684],[-74.15574,40.61796],[-74.15362,40.61987],[-74.15083,40.62166],[-74.14932,40.62305],[-74.14918,40.62327],[-74.14876,40.62511],[-74.15452,40.62573],[-74.15857,40.6263],[-74.16434,40.62695],[-74.16655,40.62736],[-74.16602,40.64027],[-74.16572,40.64018]]}},{"type":"Feature","properties":{"route":"SIM33C","routeId":"SIM33C","short":"SIM33C","color":"#00933C","longName":"Mariners Harbor - Greenwich Village Express","kind":"express"},"geometry":{"type":"LineString","coordinates":[[-74.16602,40.64013],[-74.16655,40.62736],[-74.16434,40.62695],[-74.15857,40.6263],[-74.15452,40.62573],[-74.14876,40.62511],[-74.14918,40.62327],[-74.14932,40.62305],[-74.15083,40.62166],[-74.15362,40.61987],[-74.15574,40.61796],[-74.15654,40.61684],[-74.15786,40.61398],[-74.15924,40.61237],[-74.16064,40.60927],[-74.16102,40.60888],[-74.16177,40.60848],[-74.16211,40.60821],[-74.16239,40.60774],[-74.1624,40.60719],[-74.1604,40.60741],[-74.15217,40.60909],[-74.14985,40.6087],[-74.14818,40.60803],[-74.1466,40.60755],[-74.14498,40.60727],[-74.14394,40.60719],[-74.14293,40.60718],[-74.12978,40.6079],[-74.12625,40.6083],[-74.12313,40.60891],[-74.12122,40.60938],[-74.12117,40.60882],[-74.11651,40.6094],[-74.11664,40.61017],[-74.11719,40.61021],[-74.11733,40.6104],[-74.1173,40.61059],[-74.11712,40.61073],[-74.11627,40.61104],[-74.11531,40.61112],[-74.11343,40.61101],[-74.1102,40.61026],[-74.10874,40.61012],[-74.10509,40.61024],[-74.10305,40.61004],[-74.1015,40.61006],[-74.09609,40.61029],[-74.09489,40.61018],[-74.09299,40.60974],[-74.09158,40.60916],[-74.08922,40.60793],[-74.08561,40.60658],[-74.08309,40.60615],[-74.07998,40.60597],[-74.07845,40.60567],[-74.07566,40.6054],[-74.07357,40.60507],[-74.0713,40.60443],[-74.06843,40.60332],[-74.06714,40.60301],[-74.06411,40.60202],[-74.06302,40.60175],[-74.06028,40.60174],[-74.05939,40.60179],[-74.05824,40.6021],[-74.03174,40.61068],[-74.03093,40.61095],[-74.03005,40.61142],[-74.02915,40.6122],[-74.02805,40.614],[-74.02151,40.62159],[-74.01935,40.62431],[-74.01829,40.62645],[-74.0161,40.63224],[-74.01591,40.63316],[-74.01593,40.63404],[-74.01636,40.63499],[-74.0173,40.63581],[-74.02044,40.63772],[-74.02081,40.63802],[-74.0213,40.6386],[-74.02157,40.63922],[-74.02164,40.63978],[-74.02159,40.64018],[-74.02125,40.64092],[-74.02054,40.64174],[-74.01682,40.6454],[-73.99674,40.66472],[-73.99643,40.66509],[-73.9961,40.6657],[-73.9959,40.66656],[-73.99599,40.66751],[-73.9965,40.66863],[-74.00112,40.67608],[-74.00242,40.67797],[-74.00559,40.68194],[-74.0061,40.68313],[-74.00616,40.68369],[-74.00639,40.6843],[-74.00777,40.68647],[-74.01091,40.6903],[-74.0117,40.69166],[-74.01509,40.7009],[-74.01539,40.70196],[-74.01553,40.7031],[-74.01547,40.70405],[-74.01463,40.70638],[-74.01489,40.70701],[-74.01523,40.70727],[-74.01597,40.7072],[-74.01625,40.70625],[-74.01686,40.70482],[-74.01568,40.70483],[-74.01496,40.70469],[-74.01439,40.70616],[-74.01389,40.70653],[-74.01353,40.70694],[-74.01144,40.70999],[-74.00989,40.71247],[-74.0056,40.71795],[-74.00524,40.71857],[-74.00516,40.71896],[-74.00532,40.72226],[-74.00377,40.72622],[-74.00215,40.72973],[-74.00142,40.73105],[-73.99281,40.74289],[-73.98805,40.74088],[-73.98705,40.74214],[-73.97236,40.76228],[-73.97717,40.76432],[-73.97618,40.76564],[-73.97698,40.76601]]}},{"type":"Feature","properties":{"route":"SIM34","routeId":"SIM34","short":"SIM34","color":"#00933C","longName":"Mariners Harbor - Lower Manhattan Express","kind":"express"},"geometry":{"type":"LineString","coordinates":[[-74.16602,40.64013],[-74.16655,40.62736],[-74.16434,40.62695],[-74.15857,40.6263],[-74.15452,40.62573],[-74.14876,40.62511],[-74.14918,40.62327],[-74.14932,40.62305],[-74.15083,40.62166],[-74.15362,40.61987],[-74.15574,40.61796],[-74.15553,40.61785],[-74.15392,40.61759],[-74.15086,40.61742],[-74.14785,40.6171],[-74.14419,40.61686],[-74.1377,40.61601],[-74.13449,40.6155],[-74.13418,40.61538],[-74.13328,40.61454],[-74.1321,40.61321],[-74.13231,40.6128],[-74.13231,40.61242],[-74.13071,40.61258],[-74.13022,40.61252],[-74.12916,40.61256],[-74.11683,40.61351],[-74.11694,40.61215],[-74.11664,40.61017],[-74.11704,40.61017],[-74.11725,40.61025],[-74.11733,40.6104],[-74.1173,40.61059],[-74.11712,40.61073],[-74.11627,40.61104],[-74.115,40.61113],[-74.11343,40.61101],[-74.1102,40.61026],[-74.10874,40.61012],[-74.09694,40.61055],[-74.09519,40.61048],[-74.09402,40.61028],[-74.09278,40.60992],[-74.08643,40.60727],[-74.08457,40.60668],[-74.08235,40.60626],[-74.07677,40.60603],[-74.07474,40.60575],[-74.07246,40.60518],[-74.06851,40.60364],[-74.06437,40.60226],[-74.06252,40.60189],[-74.06028,40.60174],[-74.05939,40.60179],[-74.05824,40.6021],[-74.03262,40.61039],[-74.03093,40.61095],[-74.03039,40.61121],[-74.02976,40.61163],[-74.02915,40.6122],[-74.02805,40.614],[-74.02151,40.62159],[-74.01935,40.62431],[-74.01829,40.62645],[-74.0161,40.63224],[-74.01591,40.63316],[-74.01593,40.63404],[-74.01636,40.63499],[-74.0173,40.63581],[-74.02044,40.63772],[-74.02081,40.63802],[-74.0213,40.6386],[-74.02157,40.63922],[-74.02164,40.63978],[-74.02159,40.64018],[-74.02125,40.64092],[-74.02054,40.64174],[-74.01682,40.6454],[-73.99698,40.66448],[-73.99643,40.66509],[-73.99598,40.66611],[-73.99589,40.66689],[-73.99599,40.66751],[-73.99628,40.66822],[-73.99689,40.66929],[-74.00112,40.67608],[-74.00216,40.6776],[-74.00559,40.68194],[-74.0061,40.68313],[-74.00616,40.68369],[-74.00639,40.6843],[-74.00777,40.68647],[-74.01091,40.6903],[-74.0117,40.69166],[-74.01509,40.7009],[-74.01539,40.70196],[-74.01553,40.7031],[-74.01547,40.70405],[-74.01463,40.70638],[-74.01489,40.70701],[-74.01523,40.70727],[-74.01597,40.7072],[-74.01625,40.70625],[-74.01686,40.70482],[-74.01568,40.70483],[-74.01496,40.70469],[-74.01439,40.70616],[-74.01389,40.70653],[-74.01353,40.70694],[-74.01144,40.70999],[-74.00989,40.71247],[-74.00578,40.71767],[-74.0053,40.71844],[-74.00516,40.71919],[-74.00535,40.72215],[-74.00377,40.72622],[-74.00265,40.72873]]}},{"type":"Feature","properties":{"route":"SIM35","routeId":"SIM35","short":"SIM35","color":"#00933C","longName":"Port Richmond - Lower Manhattan Express","kind":"express"},"geometry":{"type":"LineString","coordinates":[[-74.12967,40.63375],[-74.13082,40.63413],[-74.13476,40.63603],[-74.13655,40.63331],[-74.13893,40.63103],[-74.14079,40.6295],[-74.14195,40.62842],[-74.1424,40.62694],[-74.14287,40.62588],[-74.14315,40.62556],[-74.14397,40.62536],[-74.14401,40.62499],[-74.13877,40.62428],[-74.13758,40.62423],[-74.13692,40.6244],[-74.13375,40.62632],[-74.13068,40.62635],[-74.12513,40.62709],[-74.12485,40.62582],[-74.12472,40.62382],[-74.12461,40.62331],[-74.12373,40.62099],[-74.11934,40.62181],[-74.11851,40.62246],[-74.11829,40.62301],[-74.1183,40.62379],[-74.11701,40.62451],[-74.11335,40.62304],[-74.11208,40.62199],[-74.11076,40.62105],[-74.10978,40.62056],[-74.10609,40.61899],[-74.10565,40.6187],[-74.10353,40.6164],[-74.10207,40.6146],[-74.10014,40.61318],[-74.09921,40.61228],[-74.09859,40.61146],[-74.09742,40.61026],[-74.09545,40.61025],[-74.09411,40.61004],[-74.09299,40.60974],[-74.09158,40.60916],[-74.08922,40.60793],[-74.08561,40.60658],[-74.08309,40.60615],[-74.07998,40.60597],[-74.07845,40.60567],[-74.07566,40.6054],[-74.07357,40.60507],[-74.0713,40.60443],[-74.06843,40.60332],[-74.06714,40.60301],[-74.06411,40.60202],[-74.06302,40.60175],[-74.05968,40.60176],[-74.05824,40.6021],[-74.03262,40.61039],[-74.03093,40.61095],[-74.03039,40.61121],[-74.02976,40.61163],[-74.02915,40.6122],[-74.02805,40.614],[-74.02151,40.62159],[-74.01935,40.62431],[-74.01829,40.62645],[-74.0161,40.63224],[-74.01591,40.63316],[-74.01593,40.63404],[-74.01636,40.63499],[-74.0173,40.63581],[-74.02044,40.63772],[-74.02081,40.63802],[-74.0213,40.6386],[-74.02157,40.63922],[-74.02164,40.63978],[-74.02159,40.64018],[-74.02125,40.64092],[-74.02054,40.64174],[-74.01682,40.6454],[-73.99698,40.66448],[-73.99649,40.665],[-73.99608,40.66575],[-73.9959,40.66656],[-73.99594,40.66728],[-73.99614,40.66793],[-73.99678,40.66911],[-74.00112,40.67608],[-74.00216,40.6776],[-74.00559,40.68194],[-74.0061,40.68313],[-74.00616,40.68369],[-74.00639,40.6843],[-74.00777,40.68647],[-74.01091,40.6903],[-74.0117,40.69166],[-74.01509,40.7009],[-74.01539,40.70196],[-74.01553,40.7031],[-74.01547,40.70405],[-74.01463,40.70638],[-74.01489,40.70701],[-74.01523,40.70727],[-74.01597,40.7072],[-74.01625,40.70625],[-74.01686,40.70482],[-74.01539,40.70479],[-74.01455,40.70461],[-74.01423,40.70445],[-74.01445,40.70316],[-74.01424,40.7027],[-74.0138,40.70234],[-74.01284,40.70241],[-74.01233,40.70273],[-74.0101,40.70333],[-74.005,40.70685],[-74.00405,40.70743],[-74.00342,40.7081],[-74.00176,40.7094]]}},{"type":"Feature","properties":{"route":"SIM3C","routeId":"SIM3C","short":"SIM3C","color":"#00933C","longName":"Pt. Richmond - Manhattan Express","kind":"express"},"geometry":{"type":"LineString","coordinates":[[-73.97754,40.76625],[-73.97906,40.7669],[-73.98004,40.76552],[-73.97395,40.76295],[-73.98898,40.74231],[-73.98894,40.74202],[-73.98912,40.74134],[-73.9864,40.74019],[-73.99005,40.73515],[-73.9907,40.73479],[-73.9915,40.73163],[-74.00999,40.70979],[-74.0136,40.70544],[-74.01412,40.70469],[-74.01567,40.70493],[-74.01644,40.70488],[-74.01643,40.70516],[-74.01601,40.70646],[-74.01572,40.7072],[-74.01526,40.7071],[-74.01488,40.70667],[-74.01482,40.70626],[-74.01524,40.70536],[-74.01561,40.704],[-74.01571,40.70333],[-74.0157,40.70229],[-74.01497,40.69994],[-74.01199,40.69173],[-74.01134,40.69054],[-74.00793,40.68636],[-74.00672,40.68439],[-74.00621,40.68303],[-74.00618,40.68267],[-74.00582,40.68184],[-74.00463,40.68033],[-74.00287,40.67832],[-74.00141,40.67619],[-73.99667,40.66845],[-73.99632,40.66763],[-73.99621,40.66712],[-73.99625,40.66613],[-73.9965,40.66538],[-73.99714,40.66458],[-74.01558,40.6468],[-74.02029,40.6424],[-74.02128,40.64127],[-74.02167,40.64056],[-74.02184,40.63977],[-74.02177,40.63913],[-74.02155,40.63863],[-74.02124,40.63821],[-74.02076,40.63779],[-74.01766,40.63586],[-74.01665,40.63505],[-74.01625,40.63443],[-74.01612,40.6339],[-74.01613,40.6331],[-74.01632,40.63227],[-74.01795,40.6278],[-74.01917,40.62497],[-74.02044,40.62341],[-74.02211,40.62163],[-74.02322,40.62028],[-74.0239,40.61972],[-74.02598,40.61725],[-74.02885,40.61414],[-74.03122,40.6113],[-74.03194,40.61081],[-74.0327,40.61052],[-74.05352,40.60374],[-74.05763,40.60244],[-74.05912,40.60211],[-74.06027,40.60205],[-74.06091,40.6021],[-74.06393,40.60289],[-74.06665,40.60347],[-74.07239,40.60577],[-74.07334,40.6061],[-74.07539,40.60661],[-74.07751,40.6069],[-74.0787,40.60681],[-74.08036,40.6065],[-74.08075,40.60649],[-74.08254,40.60666],[-74.08331,40.60682],[-74.08458,40.60723],[-74.09244,40.61032],[-74.09378,40.61071],[-74.09457,40.61086],[-74.09577,40.61099],[-74.09716,40.611],[-74.09957,40.61089],[-74.10227,40.61057],[-74.10361,40.61051],[-74.10846,40.61036],[-74.10994,40.61047],[-74.11198,40.61092],[-74.11314,40.61138],[-74.11441,40.61167],[-74.11574,40.61165],[-74.11684,40.61143],[-74.11695,40.61245],[-74.11683,40.61351],[-74.12916,40.61256],[-74.13097,40.61256],[-74.13097,40.61283],[-74.1321,40.61321],[-74.13328,40.61454],[-74.13418,40.61538],[-74.13449,40.6155],[-74.1377,40.61601],[-74.14419,40.61686],[-74.14785,40.6171],[-74.15086,40.61742],[-74.15392,40.61759],[-74.15553,40.61785],[-74.15574,40.61796],[-74.15362,40.61987],[-74.15083,40.62166],[-74.14932,40.62305],[-74.14918,40.62327],[-74.14876,40.62511],[-74.14611,40.62491],[-74.14401,40.62499],[-74.14397,40.62536],[-74.14328,40.62551],[-74.14304,40.62564],[-74.14268,40.62622],[-74.14195,40.62842],[-74.14079,40.6295],[-74.13893,40.63103],[-74.13655,40.63331],[-74.13476,40.63603],[-74.13082,40.63413],[-74.12974,40.63377]]}},{"type":"Feature","properties":{"route":"SIM4","routeId":"SIM4","short":"SIM4","color":"#00933C","longName":"Eltingville - Lower Manhattan Express","kind":"express"},"geometry":{"type":"LineString","coordinates":[[-74.17573,40.55661],[-74.17585,40.55651],[-74.17605,40.55649],[-74.17623,40.55662],[-74.17731,40.56176],[-74.1776,40.56377],[-74.17659,40.56324],[-74.17472,40.56276],[-74.17129,40.56131],[-74.17112,40.55981],[-74.17057,40.56015],[-74.16977,40.56022],[-74.16984,40.56106],[-74.16973,40.56353],[-74.16965,40.56379],[-74.16953,40.56862],[-74.16985,40.57278],[-74.16953,40.57815],[-74.16936,40.57937],[-74.16438,40.57678],[-74.16381,40.5773],[-74.16369,40.57751],[-74.1634,40.57967],[-74.16227,40.58258],[-74.16202,40.58298],[-74.16025,40.58475],[-74.16746,40.58892],[-74.16584,40.59053],[-74.16282,40.59277],[-74.16227,40.59342],[-74.16182,40.59451],[-74.16182,40.59548],[-74.16283,40.60038],[-74.16318,40.60166],[-74.16316,40.60207],[-74.16215,40.60505],[-74.16214,40.60614],[-74.1624,40.60719],[-74.16237,40.6078],[-74.162,40.60832],[-74.16102,40.60888],[-74.16064,40.60927],[-74.15917,40.61249],[-74.15796,40.61384],[-74.15766,40.61437],[-74.15831,40.61482],[-74.15934,40.61505],[-74.15958,40.61521],[-74.15974,40.61549],[-74.15972,40.61566],[-74.15942,40.61592],[-74.15907,40.61595],[-74.15844,40.61567],[-74.15067,40.6097],[-74.14988,40.60917],[-74.14904,40.60872],[-74.14774,40.6082],[-74.14661,40.60787],[-74.14544,40.60764],[-74.14406,40.6075],[-74.14293,40.60749],[-74.13205,40.60806],[-74.12742,40.60843],[-74.12523,40.60877],[-74.12264,40.60933],[-74.11723,40.61087],[-74.11531,40.61112],[-74.11343,40.61101],[-74.1102,40.61026],[-74.10874,40.61012],[-74.10509,40.61024],[-74.10305,40.61004],[-74.09653,40.61029],[-74.09545,40.61025],[-74.09312,40.60985],[-74.09144,40.60937],[-74.08643,40.60727],[-74.08605,40.607],[-74.08476,40.60646],[-74.08309,40.60615],[-74.07998,40.60597],[-74.07845,40.60567],[-74.07566,40.6054],[-74.07357,40.60507],[-74.0713,40.60443],[-74.06843,40.60332],[-74.06714,40.60301],[-74.06411,40.60202],[-74.06302,40.60175],[-74.05968,40.60176],[-74.05824,40.6021],[-74.03093,40.61095],[-74.03005,40.61142],[-74.02941,40.61193],[-74.02887,40.61259],[-74.02805,40.614],[-74.02151,40.62159],[-74.01935,40.62431],[-74.01829,40.62645],[-74.0161,40.63224],[-74.01591,40.63316],[-74.01593,40.63404],[-74.01636,40.63499],[-74.0173,40.63581],[-74.02044,40.63772],[-74.02081,40.63802],[-74.0213,40.6386],[-74.02157,40.63922],[-74.02164,40.63978],[-74.02159,40.64018],[-74.02125,40.64092],[-74.02054,40.64174],[-74.01682,40.6454],[-73.99698,40.66448],[-73.99643,40.66509],[-73.99598,40.66611],[-73.99589,40.66689],[-73.99599,40.66751],[-73.99628,40.66822],[-73.99689,40.66929],[-74.00112,40.67608],[-74.00216,40.6776],[-74.00559,40.68194],[-74.0061,40.68313],[-74.00616,40.68369],[-74.00639,40.6843],[-74.00777,40.68647],[-74.01091,40.6903],[-74.0117,40.69166],[-74.01509,40.7009],[-74.01539,40.70196],[-74.01553,40.7031],[-74.01547,40.70405],[-74.01463,40.70638],[-74.01489,40.70701],[-74.01523,40.70727],[-74.01597,40.7072],[-74.01625,40.70625],[-74.01686,40.70482],[-74.01568,40.70483],[-74.01496,40.70469],[-74.01439,40.70616],[-74.01389,40.70653],[-74.01353,40.70694],[-74.01144,40.70999],[-74.00989,40.71247],[-74.00653,40.71671]]}},{"type":"Feature","properties":{"route":"SIM4C","routeId":"SIM4C","short":"SIM4C","color":"#00933C","longName":"Huguenot - Manhattan Express","kind":"express"},"geometry":{"type":"LineString","coordinates":[[-73.97754,40.76625],[-73.97906,40.7669],[-73.98004,40.76552],[-73.97395,40.76295],[-73.98898,40.74231],[-73.98894,40.74202],[-73.98912,40.74134],[-73.9864,40.74019],[-73.99005,40.73515],[-73.9907,40.73479],[-73.9915,40.73163],[-74.00999,40.70979],[-74.0136,40.70544],[-74.01412,40.70469],[-74.01567,40.70493],[-74.01644,40.70488],[-74.01643,40.70516],[-74.01601,40.70646],[-74.01572,40.7072],[-74.01526,40.7071],[-74.01488,40.70667],[-74.01482,40.70626],[-74.01524,40.70536],[-74.01561,40.704],[-74.01571,40.70333],[-74.0157,40.70229],[-74.01497,40.69994],[-74.01199,40.69173],[-74.01134,40.69054],[-74.00793,40.68636],[-74.00672,40.68439],[-74.00621,40.68303],[-74.00618,40.68267],[-74.00582,40.68184],[-74.00463,40.68033],[-74.00287,40.67832],[-74.00141,40.67619],[-73.99667,40.66845],[-73.99632,40.66763],[-73.99621,40.66712],[-73.99625,40.66613],[-73.9965,40.66538],[-73.99714,40.66458],[-74.01558,40.6468],[-74.02029,40.6424],[-74.02128,40.64127],[-74.02167,40.64056],[-74.02184,40.63977],[-74.02177,40.63913],[-74.02155,40.63863],[-74.02124,40.63821],[-74.02076,40.63779],[-74.01766,40.63586],[-74.01665,40.63505],[-74.01618,40.63424],[-74.01611,40.63335],[-74.01619,40.63278],[-74.01795,40.6278],[-74.01907,40.62514],[-74.0194,40.62458],[-74.02028,40.62334],[-74.02629,40.6163],[-74.02834,40.61426],[-74.02923,40.61362],[-74.03122,40.6113],[-74.03194,40.61081],[-74.0361,40.60938],[-74.05763,40.60244],[-74.0589,40.60215],[-74.05974,40.60204],[-74.06091,40.6021],[-74.06393,40.60289],[-74.06551,40.60309],[-74.0673,40.60346],[-74.07233,40.60536],[-74.07456,40.60594],[-74.07708,40.60625],[-74.07771,40.60641],[-74.07929,40.60652],[-74.08117,40.60652],[-74.08254,40.60666],[-74.08331,40.60682],[-74.08684,40.6077],[-74.09198,40.60985],[-74.09317,40.61028],[-74.09468,40.61061],[-74.09604,40.61074],[-74.10846,40.61036],[-74.11045,40.61056],[-74.1127,40.61111],[-74.11373,40.61129],[-74.11541,40.61136],[-74.11628,40.61128],[-74.1174,40.61107],[-74.12175,40.60977],[-74.12357,40.60933],[-74.12571,40.60891],[-74.12853,40.60852],[-74.13063,40.60833],[-74.14293,40.60768],[-74.14424,40.60771],[-74.14552,40.60785],[-74.14679,40.60813],[-74.14806,40.60854],[-74.14879,40.60885],[-74.15001,40.60954],[-74.15767,40.6154],[-74.15803,40.61587],[-74.15805,40.61601],[-74.15792,40.61623],[-74.15775,40.61632],[-74.15733,40.61631],[-74.15718,40.61621],[-74.15706,40.61571],[-74.15778,40.61411],[-74.15917,40.61249],[-74.16064,40.60927],[-74.16102,40.60888],[-74.162,40.60832],[-74.16239,40.60774],[-74.16246,40.60704],[-74.16234,40.60592],[-74.16237,40.60505],[-74.16327,40.60251],[-74.16338,40.60167],[-74.16303,40.60042],[-74.1621,40.5956],[-74.16202,40.59507],[-74.16208,40.59449],[-74.16254,40.59344],[-74.16299,40.59289],[-74.16603,40.59065],[-74.16765,40.58902],[-74.16025,40.58475],[-74.16202,40.58298],[-74.16227,40.58258],[-74.1634,40.57967],[-74.16369,40.57751],[-74.16381,40.5773],[-74.16438,40.57678],[-74.16915,40.57931],[-74.16962,40.57944],[-74.17011,40.57268],[-74.1697,40.56809],[-74.1698,40.56562],[-74.16981,40.56366],[-74.16973,40.56353],[-74.16984,40.56106],[-74.17129,40.56131],[-74.17117,40.5603],[-74.1704,40.56043],[-74.16996,40.56042],[-74.16978,40.56034],[-74.16984,40.56106],[-74.17105,40.56124],[-74.17188,40.56153],[-74.17387,40.55934],[-74.17505,40.55771],[-74.17575,40.55658],[-74.17605,40.55649],[-74.17623,40.55662],[-74.17672,40.55892],[-74.17731,40.56176],[-74.1776,40.56377],[-74.17814,40.56407],[-74.18141,40.56525],[-74.18246,40.56549],[-74.18358,40.56537],[-74.18404,40.56522],[-74.18497,40.56469],[-74.18556,40.56446],[-74.18952,40.56357],[-74.18993,40.56333],[-74.19066,40.5627],[-74.19106,40.56255],[-74.1918,40.56251],[-74.19288,40.56266],[-74.19316,40.56261],[-74.19374,40.5623],[-74.19767,40.55889],[-74.19023,40.55163],[-74.18935,40.55106],[-74.18757,40.55014],[-74.18869,40.54884],[-74.19005,40.54785],[-74.19516,40.54466],[-74.19587,40.54434],[-74.19661,40.54375]]}},{"type":"Feature","properties":{"route":"SIM5","routeId":"SIM5","short":"SIM5","color":"#00933C","longName":"Eltingville - Lower Manhattan Express","kind":"express"},"geometry":{"type":"LineString","coordinates":[[-74.00184,40.70934],[-74.00342,40.7081],[-74.00405,40.70743],[-74.005,40.70685],[-74.0101,40.70333],[-74.01233,40.70273],[-74.01284,40.70241],[-74.0138,40.70234],[-74.01424,40.7027],[-74.01445,40.70316],[-74.01423,40.70445],[-74.01433,40.70461],[-74.01449,40.70471],[-74.01547,40.7049],[-74.01644,40.70488],[-74.01648,40.70495],[-74.01572,40.7072],[-74.01543,40.70716],[-74.01502,40.7069],[-74.01488,40.70667],[-74.01482,40.70626],[-74.01524,40.70536],[-74.01561,40.704],[-74.01573,40.70293],[-74.01567,40.70215],[-74.01497,40.69994],[-74.01199,40.69173],[-74.01134,40.69054],[-74.00793,40.68636],[-74.00672,40.68439],[-74.00621,40.68303],[-74.00618,40.68267],[-74.00582,40.68184],[-74.00463,40.68033],[-74.00287,40.67832],[-74.00231,40.67754],[-73.99667,40.66845],[-73.99632,40.66763],[-73.99619,40.66698],[-73.99632,40.66586],[-73.99662,40.66518],[-73.99714,40.66458],[-74.01558,40.6468],[-74.02029,40.6424],[-74.02128,40.64127],[-74.02167,40.64056],[-74.02184,40.63977],[-74.02177,40.63913],[-74.02155,40.63863],[-74.02124,40.63821],[-74.02076,40.63779],[-74.01766,40.63586],[-74.01665,40.63505],[-74.01625,40.63443],[-74.01612,40.6339],[-74.01613,40.6331],[-74.01632,40.63227],[-74.01795,40.6278],[-74.01917,40.62497],[-74.02044,40.62341],[-74.02211,40.62163],[-74.02322,40.62028],[-74.0239,40.61972],[-74.02598,40.61725],[-74.02885,40.61414],[-74.03122,40.6113],[-74.03225,40.61068],[-74.0361,40.60938],[-74.05352,40.60374],[-74.05763,40.60244],[-74.0589,40.60215],[-74.05974,40.60204],[-74.06091,40.6021],[-74.06393,40.60289],[-74.06642,40.60342],[-74.06701,40.6037],[-74.06713,40.60388],[-74.06713,40.60417],[-74.06691,40.60439],[-74.06654,40.60447],[-74.06633,40.60443],[-74.0661,40.60427],[-74.06482,40.60042],[-74.0638,40.59891],[-74.06192,40.59649],[-74.06194,40.59626],[-74.0625,40.59584],[-74.06296,40.59515],[-74.06302,40.59393],[-74.06329,40.59318],[-74.06349,40.59287],[-74.06501,40.5918],[-74.0667,40.59037],[-74.06931,40.58778],[-74.07157,40.58503],[-74.07268,40.5842],[-74.07356,40.58339],[-74.07511,40.58175],[-74.07921,40.57808],[-74.08825,40.57275],[-74.08879,40.57235],[-74.09032,40.5708],[-74.10014,40.57613],[-74.10111,40.57728],[-74.10231,40.57794],[-74.11758,40.56278],[-74.12062,40.55998],[-74.12101,40.55974],[-74.12164,40.55954],[-74.12221,40.55952],[-74.12363,40.55969],[-74.1241,40.55968],[-74.12463,40.55956],[-74.12519,40.55929],[-74.13037,40.55456],[-74.13183,40.55352],[-74.13418,40.55159],[-74.13779,40.54936],[-74.13875,40.54845],[-74.14408,40.54439],[-74.14484,40.5434],[-74.14593,40.54245],[-74.14728,40.54334],[-74.14763,40.54362],[-74.14801,40.54409],[-74.15043,40.54818],[-74.15083,40.54996],[-74.15016,40.55078],[-74.15119,40.55331],[-74.15301,40.55732],[-74.15671,40.55637],[-74.16103,40.55581],[-74.16271,40.56076],[-74.1638,40.56031],[-74.16506,40.5601],[-74.17129,40.56131],[-74.17125,40.56094]]}},{"type":"Feature","properties":{"route":"SIM6","routeId":"SIM6","short":"SIM6","color":"#00933C","longName":"Eltingville - Midtown Manhattan Express","kind":"express"},"geometry":{"type":"LineString","coordinates":[[-74.17121,40.5606],[-74.17117,40.5603],[-74.1704,40.56043],[-74.16996,40.56042],[-74.16978,40.56034],[-74.16981,40.56106],[-74.16495,40.5601],[-74.1638,40.56031],[-74.16271,40.56076],[-74.16103,40.55581],[-74.15671,40.55637],[-74.15301,40.55732],[-74.15119,40.55331],[-74.15037,40.55129],[-74.15142,40.55085],[-74.15083,40.54996],[-74.15043,40.54818],[-74.14849,40.54481],[-74.1479,40.54395],[-74.14763,40.54362],[-74.14682,40.54299],[-74.14587,40.54241],[-74.14476,40.54335],[-74.14405,40.54431],[-74.13863,40.54843],[-74.1377,40.54927],[-74.13607,40.55038],[-74.13434,40.55135],[-74.13175,40.55345],[-74.13019,40.55454],[-74.12509,40.55921],[-74.1246,40.55945],[-74.12385,40.55958],[-74.12221,40.55941],[-74.12165,40.55942],[-74.12101,40.5596],[-74.12043,40.55994],[-74.11631,40.56385],[-74.10911,40.57099],[-74.10371,40.57637],[-74.10369,40.5765],[-74.10231,40.57794],[-74.10111,40.57728],[-74.10014,40.57613],[-74.09021,40.57074],[-74.08872,40.57228],[-74.08825,40.57265],[-74.07917,40.57795],[-74.07538,40.58132],[-74.07344,40.58334],[-74.07253,40.58417],[-74.07149,40.58493],[-74.06912,40.5878],[-74.06675,40.59014],[-74.06486,40.59176],[-74.06338,40.5928],[-74.06319,40.59305],[-74.06292,40.59374],[-74.0628,40.59513],[-74.06239,40.59574],[-74.06181,40.59617],[-74.06172,40.59643],[-74.06177,40.5966],[-74.06415,40.59959],[-74.0647,40.60045],[-74.06503,40.60134],[-74.06594,40.60132],[-74.06638,40.6015],[-74.06688,40.60209],[-74.06689,40.6024],[-74.06678,40.60252],[-74.06642,40.60264],[-74.06593,40.60257],[-74.06302,40.60175],[-74.06028,40.60174],[-74.05912,40.60185],[-74.03093,40.61095],[-74.03005,40.61142],[-74.02941,40.61193],[-74.02887,40.61259],[-74.02805,40.614],[-74.02151,40.62159],[-74.01935,40.62431],[-74.01829,40.62645],[-74.0161,40.63224],[-74.01591,40.63316],[-74.01593,40.63404],[-74.01636,40.63499],[-74.0173,40.63581],[-74.02044,40.63772],[-74.02081,40.63802],[-74.0213,40.6386],[-74.02157,40.63922],[-74.02164,40.63978],[-74.02159,40.64018],[-74.02125,40.64092],[-74.02054,40.64174],[-74.01682,40.6454],[-73.99674,40.66472],[-73.99643,40.66509],[-73.9961,40.6657],[-73.9959,40.66656],[-73.99599,40.66751],[-73.9965,40.66863],[-74.00112,40.67608],[-74.00242,40.67797],[-74.00559,40.68194],[-74.0061,40.68313],[-74.00616,40.68369],[-74.00639,40.6843],[-74.00777,40.68647],[-74.01013,40.68928],[-74.01141,40.69105],[-74.01204,40.69253],[-74.01509,40.7009],[-74.01543,40.70214],[-74.01553,40.7031],[-74.01547,40.70405],[-74.01463,40.70638],[-74.01469,40.70662],[-74.01489,40.70701],[-74.01523,40.70727],[-74.01597,40.7072],[-74.01676,40.70465],[-74.01671,40.70426],[-74.0161,40.70256],[-74.01556,40.70175],[-74.01516,40.70147],[-74.01428,40.70115],[-74.01329,40.70111],[-74.01219,40.70132],[-74.00987,40.70192],[-74.00919,40.70216],[-74.0018,40.70679],[-73.99827,40.70863],[-73.99683,40.70894],[-73.98932,40.70997],[-73.98509,40.71045],[-73.97989,40.71089],[-73.97876,40.71132],[-73.97816,40.71176],[-73.97789,40.71206],[-73.97675,40.71412],[-73.97525,40.71721],[-73.97495,40.71828],[-73.97439,40.72208],[-73.97414,40.72265],[-73.97237,40.72553],[-73.97191,40.72654],[-73.97156,40.72856],[-73.97166,40.7293],[-73.97203,40.72991],[-73.97357,40.73125],[-73.97388,40.73193],[-73.97432,40.73397],[-73.9748,40.73534],[-73.98805,40.74088],[-73.98705,40.74214],[-73.97236,40.76228],[-73.96869,40.76077]]}},{"type":"Feature","properties":{"route":"SIM7","routeId":"SIM7","short":"SIM7","color":"#00933C","longName":"Eltingville - Greenwich Village Express","kind":"express"},"geometry":{"type":"LineString","coordinates":[[-73.99097,40.73384],[-73.9915,40.73163],[-73.99681,40.72541],[-74.00284,40.72834],[-74.00933,40.72897],[-74.01077,40.72905],[-74.01127,40.72518],[-74.01183,40.72232],[-74.01294,40.71741],[-74.01352,40.71525],[-74.01446,40.7154],[-74.01539,40.71582],[-74.01622,40.71474],[-74.01392,40.71374],[-74.01502,40.70984],[-74.01501,40.7094],[-74.01566,40.70764],[-74.01562,40.70745],[-74.01498,40.70667],[-74.01491,40.7062],[-74.01524,40.70536],[-74.01561,40.704],[-74.01571,40.70333],[-74.0157,40.70229],[-74.01497,40.69994],[-74.01199,40.69173],[-74.01134,40.69054],[-74.00793,40.68636],[-74.00672,40.68439],[-74.00621,40.68303],[-74.00618,40.68267],[-74.00582,40.68184],[-74.00463,40.68033],[-74.00287,40.67832],[-74.00141,40.67619],[-73.99667,40.66845],[-73.99632,40.66763],[-73.99621,40.66712],[-73.99625,40.66613],[-73.9965,40.66538],[-73.99714,40.66458],[-74.01558,40.6468],[-74.02029,40.6424],[-74.02128,40.64127],[-74.02167,40.64056],[-74.02184,40.63977],[-74.02177,40.63913],[-74.02155,40.63863],[-74.02124,40.63821],[-74.02076,40.63779],[-74.01766,40.63586],[-74.01665,40.63505],[-74.01625,40.63443],[-74.01612,40.6339],[-74.01613,40.6331],[-74.01632,40.63227],[-74.01795,40.6278],[-74.01917,40.62497],[-74.02044,40.62341],[-74.02211,40.62163],[-74.02322,40.62028],[-74.0239,40.61972],[-74.02598,40.61725],[-74.02885,40.61414],[-74.03122,40.6113],[-74.03225,40.61068],[-74.0361,40.60938],[-74.05763,40.60244],[-74.0589,40.60215],[-74.05974,40.60204],[-74.06091,40.6021],[-74.06393,40.60289],[-74.06665,40.60347],[-74.07239,40.60577],[-74.07438,40.60638],[-74.07539,40.60661],[-74.07698,40.60685],[-74.07746,40.60674],[-74.07768,40.60653],[-74.07785,40.6058],[-74.0778,40.60442],[-74.07764,40.60381],[-74.07669,40.60194],[-74.07649,40.60102],[-74.07715,40.59984],[-74.0784,40.59864],[-74.07845,40.59847],[-74.08074,40.5986],[-74.0817,40.59855],[-74.08231,40.59839],[-74.0847,40.5975],[-74.08522,40.59714],[-74.08548,40.5968],[-74.08755,40.59179],[-74.08782,40.59136],[-74.09263,40.58591],[-74.10167,40.57861],[-74.10369,40.5765],[-74.10385,40.57644],[-74.11758,40.56278],[-74.11917,40.5613],[-74.12062,40.55998],[-74.12131,40.55962],[-74.12221,40.55952],[-74.12363,40.55969],[-74.1241,40.55968],[-74.12487,40.55947],[-74.1253,40.55921],[-74.13037,40.55456],[-74.13183,40.55352],[-74.13418,40.55159],[-74.13766,40.54946],[-74.13875,40.54845],[-74.14408,40.54439],[-74.14484,40.5434],[-74.14593,40.54245],[-74.14963,40.53805],[-74.15398,40.53428],[-74.15703,40.53595],[-74.15797,40.53662],[-74.16424,40.54332],[-74.16535,40.54433],[-74.16575,40.54538],[-74.16623,40.54725],[-74.16682,40.54774],[-74.16712,40.54831],[-74.16977,40.56022],[-74.16984,40.56106],[-74.17129,40.56131],[-74.17125,40.56094]]}},{"type":"Feature","properties":{"route":"SIM8","routeId":"SIM8","short":"SIM8","color":"#00933C","longName":"Huguenot - Midtown Manhattan Express","kind":"express"},"geometry":{"type":"LineString","coordinates":[[-74.19674,40.54366],[-74.19587,40.54434],[-74.19516,40.54466],[-74.19199,40.54661],[-74.19005,40.54785],[-74.18869,40.54884],[-74.18763,40.55006],[-74.18546,40.55292],[-74.18095,40.55729],[-74.18081,40.55759],[-74.18022,40.5583],[-74.18018,40.55896],[-74.18141,40.56525],[-74.17814,40.56407],[-74.17659,40.56324],[-74.17472,40.56276],[-74.17129,40.56131],[-74.17112,40.55981],[-74.17057,40.56015],[-74.16977,40.56022],[-74.16984,40.56106],[-74.16973,40.56353],[-74.16965,40.56379],[-74.16953,40.56862],[-74.16985,40.57278],[-74.16953,40.57815],[-74.16936,40.57937],[-74.16438,40.57678],[-74.16381,40.5773],[-74.16369,40.57751],[-74.1634,40.57967],[-74.16227,40.58258],[-74.16202,40.58298],[-74.16025,40.58475],[-74.16746,40.58892],[-74.16584,40.59053],[-74.16282,40.59277],[-74.16227,40.59342],[-74.16208,40.59382],[-74.16182,40.59451],[-74.16179,40.59529],[-74.16283,40.60038],[-74.16318,40.60166],[-74.16306,40.60251],[-74.16215,40.60505],[-74.16214,40.60614],[-74.1624,40.60719],[-74.16239,40.60774],[-74.162,40.60832],[-74.16102,40.60888],[-74.16064,40.60927],[-74.15924,40.61237],[-74.15786,40.61398],[-74.15678,40.61631],[-74.15904,40.61679],[-74.16204,40.61861],[-74.16396,40.61958],[-74.17326,40.62361],[-74.1774,40.62568],[-74.17916,40.62625],[-74.18173,40.62781],[-74.18806,40.63062],[-74.19117,40.63214],[-74.19813,40.63598],[-74.20135,40.63757],[-74.20207,40.63802],[-74.20372,40.6393],[-74.20593,40.64117],[-74.20784,40.64226],[-74.2087,40.64265],[-74.21114,40.64341],[-74.21156,40.64336],[-74.21187,40.64323],[-74.21231,40.64279],[-74.21236,40.64224],[-74.21225,40.64193],[-74.2119,40.64154],[-74.21112,40.64105],[-74.20997,40.64073],[-74.20825,40.64058],[-74.20697,40.6402],[-74.2065,40.64021],[-74.206,40.64042],[-74.20578,40.64062],[-74.20483,40.64203],[-74.20163,40.64739],[-74.20083,40.6484],[-74.19971,40.64948],[-74.19767,40.65069],[-74.19034,40.65473],[-74.18908,40.65565],[-74.18776,40.65691],[-74.18721,40.65757],[-74.18448,40.6614],[-74.18245,40.66402],[-74.1806,40.66616],[-74.17438,40.67277],[-74.17286,40.67451],[-74.17148,40.67629],[-74.16334,40.68805],[-74.15565,40.69872],[-74.15435,40.7008],[-74.15321,40.70305],[-74.15186,40.70537],[-74.15032,40.70787],[-74.14968,40.7087],[-74.14848,40.7098],[-74.1466,40.71097],[-74.14574,40.71139],[-74.14068,40.71336],[-74.13982,40.71374],[-74.1377,40.71487],[-74.13639,40.7158],[-74.13524,40.71696],[-74.13451,40.71827],[-74.1335,40.72212],[-74.13267,40.7241],[-74.13213,40.725],[-74.13155,40.72577],[-74.13055,40.72679],[-74.12577,40.73065],[-74.12484,40.73171],[-74.12409,40.73298],[-74.12375,40.73389],[-74.12353,40.73491],[-74.12333,40.73872],[-74.12313,40.73998],[-74.12206,40.74322],[-74.12153,40.74461],[-74.12079,40.74599],[-74.12019,40.74687],[-74.11893,40.74833],[-74.11712,40.74991],[-74.11513,40.75119],[-74.11012,40.75368],[-74.107,40.75505],[-74.10517,40.75577],[-74.10327,40.75633],[-74.1003,40.75686],[-74.09834,40.75699],[-74.08971,40.75713],[-74.08802,40.7573],[-74.08573,40.75777],[-74.08335,40.75863],[-74.07817,40.76108],[-74.07424,40.7628],[-74.06889,40.76528],[-74.06696,40.76642],[-74.06579,40.76725],[-74.06397,40.76883],[-74.06317,40.76969],[-74.06192,40.77129],[-74.05929,40.77518],[-74.05768,40.77708],[-74.0568,40.77885],[-74.05634,40.77944],[-74.05573,40.77988],[-74.05535,40.78005],[-74.05494,40.78018],[-74.05406,40.78031],[-74.05336,40.78029],[-74.05268,40.78016],[-74.04972,40.77907],[-74.04826,40.77845],[-74.04623,40.77732],[-74.04532,40.7771],[-74.04386,40.77688],[-74.04314,40.77668],[-74.03482,40.77371],[-74.02971,40.77124],[-74.02218,40.76801],[-74.0217,40.76762],[-74.02139,40.76696],[-74.02178,40.76511],[-74.02269,40.76316],[-74.02319,40.76281],[-74.02384,40.76278],[-74.02432,40.76301],[-74.02456,40.76338],[-74.02457,40.76357],[-74.02377,40.7645],[-74.02324,40.76548],[-74.02228,40.76644],[-74.0218,40.76673],[-74.02139,40.76686],[-74.02077,40.76691],[-74.01999,40.76683],[-74.01896,40.76645],[-74.00295,40.75954],[-73.99707,40.75715],[-73.9958,40.7568],[-73.99536,40.75688],[-73.99393,40.75897],[-73.97927,40.75282],[-73.97236,40.76228],[-73.96869,40.76077]]}},{"type":"Feature","properties":{"route":"SIM9","routeId":"SIM9","short":"SIM9","color":"#00933C","longName":"Eltingville - Greenwich Village Express","kind":"express"},"geometry":{"type":"LineString","coordinates":[[-73.99097,40.73384],[-73.9915,40.73163],[-73.99681,40.72541],[-74.00284,40.72834],[-74.00933,40.72897],[-74.01077,40.72905],[-74.01127,40.72518],[-74.01183,40.72232],[-74.01294,40.71741],[-74.01352,40.71525],[-74.01446,40.7154],[-74.01539,40.71582],[-74.01622,40.71474],[-74.01392,40.71374],[-74.01502,40.70984],[-74.01501,40.7094],[-74.01566,40.70764],[-74.01562,40.70745],[-74.01498,40.70667],[-74.01491,40.7062],[-74.01524,40.70536],[-74.01561,40.704],[-74.01571,40.70333],[-74.0157,40.70229],[-74.01497,40.69994],[-74.01199,40.69173],[-74.01134,40.69054],[-74.00793,40.68636],[-74.00672,40.68439],[-74.00621,40.68303],[-74.00618,40.68267],[-74.00582,40.68184],[-74.00463,40.68033],[-74.00287,40.67832],[-74.00141,40.67619],[-73.99667,40.66845],[-73.99632,40.66763],[-73.99619,40.66676],[-73.99625,40.66613],[-73.99643,40.66553],[-73.99662,40.66518],[-73.99714,40.66458],[-74.01558,40.6468],[-74.02029,40.6424],[-74.02132,40.6412],[-74.02167,40.64056],[-74.02184,40.63977],[-74.02177,40.63913],[-74.02155,40.63863],[-74.02124,40.63821],[-74.02076,40.63779],[-74.01766,40.63586],[-74.0169,40.6353],[-74.01637,40.63465],[-74.01612,40.6339],[-74.01613,40.6331],[-74.01632,40.63227],[-74.01817,40.62726],[-74.01917,40.62497],[-74.02044,40.62341],[-74.02211,40.62163],[-74.02322,40.62028],[-74.0239,40.61972],[-74.02598,40.61725],[-74.02885,40.61414],[-74.03122,40.6113],[-74.03225,40.61068],[-74.05217,40.60417],[-74.05763,40.60244],[-74.05912,40.60211],[-74.05974,40.60204],[-74.06091,40.6021],[-74.06393,40.60289],[-74.06642,40.60342],[-74.06701,40.6037],[-74.06713,40.60388],[-74.06713,40.60417],[-74.06691,40.60439],[-74.06654,40.60447],[-74.06633,40.60443],[-74.0661,40.60427],[-74.06482,40.60042],[-74.0638,40.59891],[-74.06192,40.59649],[-74.06194,40.59626],[-74.0625,40.59584],[-74.06296,40.59515],[-74.06302,40.59393],[-74.06329,40.59318],[-74.06349,40.59287],[-74.06501,40.5918],[-74.0667,40.59037],[-74.06931,40.58778],[-74.07157,40.58503],[-74.07268,40.5842],[-74.07356,40.58339],[-74.07511,40.58175],[-74.07902,40.57823],[-74.07958,40.57781],[-74.08825,40.57275],[-74.08879,40.57235],[-74.09032,40.5708],[-74.10014,40.57613],[-74.10111,40.57728],[-74.10231,40.57794],[-74.11758,40.56278],[-74.12062,40.55998],[-74.12123,40.55965],[-74.12183,40.55952],[-74.12363,40.55969],[-74.12428,40.55966],[-74.12487,40.55947],[-74.1253,40.55921],[-74.13037,40.55456],[-74.13183,40.55352],[-74.13418,40.55159],[-74.13766,40.54946],[-74.13875,40.54845],[-74.14408,40.54439],[-74.14484,40.5434],[-74.14593,40.54245],[-74.14963,40.53805],[-74.15398,40.53428],[-74.15439,40.53451]]}},{"type":"Feature","properties":{"route":"X27","routeId":"X27","short":"X27","color":"#00933C","longName":"Bay Ridge - Manhattan Express","kind":"express"},"geometry":{"type":"LineString","coordinates":[[-73.97285,40.76249],[-73.97395,40.76295],[-73.98898,40.74231],[-73.98894,40.74202],[-73.98912,40.74134],[-73.9864,40.74019],[-73.99005,40.73515],[-73.9907,40.73479],[-73.9915,40.73163],[-74.00999,40.70979],[-74.0136,40.70544],[-74.01412,40.70469],[-74.01567,40.70493],[-74.01644,40.70488],[-74.01643,40.70516],[-74.01572,40.7072],[-74.01535,40.70702],[-74.01512,40.70678],[-74.01492,40.70604],[-74.01524,40.70536],[-74.01561,40.704],[-74.01573,40.70293],[-74.01564,40.70202],[-74.01497,40.69994],[-74.01199,40.69173],[-74.01134,40.69054],[-74.00793,40.68636],[-74.00672,40.68439],[-74.00621,40.68303],[-74.00618,40.68267],[-74.00582,40.68184],[-74.00463,40.68033],[-74.00287,40.67832],[-74.00141,40.67619],[-73.99667,40.66845],[-73.99632,40.66763],[-73.99621,40.66712],[-73.99625,40.66613],[-73.9965,40.66538],[-73.99714,40.66458],[-74.01745,40.64506],[-74.02067,40.64186],[-74.02176,40.64098],[-74.0227,40.64045],[-74.02375,40.6401],[-74.02473,40.63998],[-74.02577,40.64004],[-74.02668,40.64025],[-74.02936,40.64137],[-74.03087,40.64174],[-74.03108,40.64195],[-74.03101,40.6422],[-74.03072,40.64232],[-74.03019,40.64213],[-74.02895,40.64083],[-74.02833,40.64054],[-74.02686,40.63953],[-74.02695,40.63944],[-74.02473,40.63812],[-74.02527,40.6376],[-74.02605,40.63571],[-74.03597,40.6388],[-74.03611,40.63811],[-74.03605,40.6373],[-74.03658,40.63657],[-74.03734,40.63587],[-74.03753,40.63547],[-74.03746,40.63517],[-74.03675,40.63429],[-74.03695,40.63362],[-74.03787,40.63229],[-74.03962,40.6306],[-74.0401,40.62985],[-74.04009,40.62941],[-74.03984,40.62832],[-74.03993,40.628],[-74.04066,40.62668],[-74.04072,40.62622],[-74.04066,40.62489],[-74.04083,40.62375],[-74.04081,40.62348],[-74.04034,40.62269],[-74.04017,40.62218],[-74.04018,40.62158],[-74.04042,40.621],[-74.0405,40.62053],[-74.04041,40.61996],[-74.03796,40.61585],[-74.03707,40.61381],[-74.03641,40.61287],[-74.03609,40.61254],[-74.03456,40.61495],[-74.03264,40.61398],[-74.03489,40.61138],[-74.03521,40.61171]]}},{"type":"Feature","properties":{"route":"X28","routeId":"X28","short":"X28","color":"#00933C","longName":"Sea Gate / Bensonhurst - Manhattan Express","kind":"express"},"geometry":{"type":"LineString","coordinates":[[-74.00224,40.57325],[-74.00258,40.5733],[-74.00324,40.57688],[-74.00216,40.577],[-74.0014,40.5731],[-74.0003,40.57292],[-73.99811,40.57274],[-73.99662,40.57274],[-73.99491,40.57286],[-73.99382,40.573],[-73.99176,40.57341],[-73.98871,40.57427],[-73.98947,40.57847],[-73.98525,40.57893],[-73.98583,40.58172],[-73.98627,40.5831],[-73.98654,40.58381],[-73.98734,40.5852],[-73.9937,40.59315],[-73.99864,40.59726],[-74.00283,40.60019],[-74.01551,40.60682],[-74.01698,40.60766],[-74.01172,40.61275],[-74.02288,40.61947],[-74.02215,40.62048],[-74.01966,40.62353],[-74.01902,40.62459],[-74.01881,40.6253],[-74.01829,40.62645],[-74.01628,40.63173],[-74.01591,40.63316],[-74.01593,40.63404],[-74.01618,40.63471],[-74.01653,40.63518],[-74.01763,40.63603],[-74.02044,40.63772],[-74.02112,40.63835],[-74.02148,40.63895],[-74.02163,40.63951],[-74.02159,40.64018],[-74.02141,40.64065],[-74.02054,40.64174],[-74.01682,40.6454],[-73.99674,40.66472],[-73.99643,40.66509],[-73.9961,40.6657],[-73.9959,40.66656],[-73.99599,40.66751],[-73.9965,40.66863],[-74.00112,40.67608],[-74.00242,40.67797],[-74.00559,40.68194],[-74.0061,40.68313],[-74.00616,40.68369],[-74.00639,40.6843],[-74.00777,40.68647],[-74.01091,40.6903],[-74.0117,40.69166],[-74.01509,40.7009],[-74.01539,40.70196],[-74.01553,40.7031],[-74.01547,40.70405],[-74.01463,40.70638],[-74.01489,40.70701],[-74.01523,40.70727],[-74.01597,40.7072],[-74.01625,40.70625],[-74.01686,40.70482],[-74.01568,40.70483],[-74.01496,40.70469],[-74.01439,40.70616],[-74.01389,40.70653],[-74.01353,40.70694],[-74.01144,40.70999],[-74.00989,40.71247],[-74.0056,40.71795],[-74.00524,40.71857],[-74.00516,40.71896],[-74.00532,40.72226],[-74.00377,40.72622],[-74.00215,40.72973],[-74.00142,40.73105],[-73.99281,40.74289],[-73.98805,40.74088],[-73.98705,40.74214],[-73.97236,40.76228],[-73.97275,40.76244]]}},{"type":"Feature","properties":{"route":"X37","routeId":"X37","short":"X37","color":"#00933C","longName":"Bay Ridge - Midtown Manhattan Express","kind":"express"},"geometry":{"type":"LineString","coordinates":[[-73.97285,40.76249],[-73.97395,40.76295],[-73.9882,40.74343],[-73.98898,40.74231],[-73.98894,40.74202],[-73.98912,40.74134],[-73.97952,40.73732],[-73.97804,40.73666],[-73.97789,40.73644],[-73.97508,40.73526],[-73.97398,40.73096],[-73.97235,40.72985],[-73.97192,40.72923],[-73.97176,40.72854],[-73.97201,40.7266],[-73.97258,40.72541],[-73.97445,40.72231],[-73.97466,40.72138],[-73.97508,40.71809],[-73.97523,40.71757],[-73.97578,40.71627],[-73.97769,40.71254],[-73.97799,40.71211],[-73.97831,40.71178],[-73.97895,40.71134],[-73.98005,40.71096],[-73.98469,40.71061],[-73.98915,40.71011],[-73.9969,40.70901],[-73.99821,40.70872],[-74.00001,40.70786],[-74.00348,40.70592],[-74.00693,40.70366],[-74.00942,40.70215],[-74.00998,40.70194],[-74.01329,40.7012],[-74.01412,40.70121],[-74.01484,40.70142],[-74.01543,40.70179],[-74.0159,40.7024],[-74.01655,40.70408],[-74.01664,40.70455],[-74.01657,40.70511],[-74.01615,40.70618],[-74.01572,40.7072],[-74.01535,40.70702],[-74.01512,40.70678],[-74.01492,40.70604],[-74.01524,40.70536],[-74.01561,40.704],[-74.01573,40.70293],[-74.01564,40.70202],[-74.01497,40.69994],[-74.01199,40.69173],[-74.01134,40.69054],[-74.00793,40.68636],[-74.00672,40.68439],[-74.00621,40.68303],[-74.00618,40.68267],[-74.00582,40.68184],[-74.00463,40.68033],[-74.00287,40.67832],[-74.00141,40.67619],[-73.99667,40.66845],[-73.99632,40.66763],[-73.99621,40.66712],[-73.99625,40.66613],[-73.9965,40.66538],[-73.99714,40.66458],[-74.01745,40.64506],[-74.02067,40.64186],[-74.02176,40.64098],[-74.0227,40.64045],[-74.02375,40.6401],[-74.02473,40.63998],[-74.02577,40.64004],[-74.02668,40.64025],[-74.02936,40.64137],[-74.03087,40.64174],[-74.03108,40.64195],[-74.03101,40.6422],[-74.03072,40.64232],[-74.03019,40.64213],[-74.02895,40.64083],[-74.02833,40.64054],[-74.02686,40.63953],[-74.02695,40.63944],[-74.02473,40.63812],[-74.02527,40.6376],[-74.02605,40.63571],[-74.03597,40.6388],[-74.03611,40.63811],[-74.03605,40.6373],[-74.03658,40.63657],[-74.03734,40.63587],[-74.03753,40.63547],[-74.03746,40.63517],[-74.03675,40.63429],[-74.03695,40.63362],[-74.03787,40.63229],[-74.03962,40.6306],[-74.0401,40.62985],[-74.04009,40.62941],[-74.03984,40.62832],[-74.03993,40.628],[-74.04066,40.62668],[-74.04072,40.62622],[-74.04066,40.62489],[-74.04083,40.62375],[-74.04081,40.62348],[-74.04034,40.62269],[-74.04017,40.62218],[-74.04018,40.62158],[-74.04042,40.621],[-74.0405,40.62053],[-74.04041,40.61996],[-74.03796,40.61585],[-74.03707,40.61381],[-74.03641,40.61287],[-74.03609,40.61254],[-74.03456,40.61495],[-74.03264,40.61398],[-74.03489,40.61138],[-74.03521,40.61171]]}},{"type":"Feature","properties":{"route":"X38","routeId":"X38","short":"X38","color":"#00933C","longName":"Sea Gate / Bensonhurst - Midtown Manhattan Express","kind":"express"},"geometry":{"type":"LineString","coordinates":[[-74.00224,40.57325],[-74.00258,40.5733],[-74.00324,40.57688],[-74.00216,40.577],[-74.0014,40.5731],[-74.0003,40.57292],[-73.99811,40.57274],[-73.99662,40.57274],[-73.99491,40.57286],[-73.99382,40.573],[-73.99176,40.57341],[-73.9866,40.57488],[-73.98734,40.5787],[-73.98525,40.57893],[-73.98583,40.58172],[-73.98627,40.5831],[-73.98654,40.58381],[-73.98734,40.5852],[-73.9937,40.59315],[-73.99864,40.59726],[-74.00283,40.60019],[-74.01551,40.60682],[-74.01698,40.60766],[-74.01172,40.61275],[-74.02288,40.61947],[-74.02215,40.62048],[-74.01966,40.62353],[-74.01902,40.62459],[-74.01881,40.6253],[-74.01829,40.62645],[-74.01628,40.63173],[-74.01591,40.63316],[-74.01593,40.63404],[-74.01618,40.63471],[-74.01653,40.63518],[-74.01763,40.63603],[-74.02044,40.63772],[-74.02112,40.63835],[-74.02148,40.63895],[-74.02163,40.63951],[-74.02159,40.64018],[-74.02141,40.64065],[-74.02054,40.64174],[-74.01682,40.6454],[-73.99674,40.66472],[-73.99643,40.66509],[-73.9961,40.6657],[-73.9959,40.66656],[-73.99599,40.66751],[-73.9965,40.66863],[-74.00112,40.67608],[-74.00242,40.67797],[-74.00559,40.68194],[-74.0061,40.68313],[-74.00616,40.68369],[-74.00639,40.6843],[-74.00777,40.68647],[-74.01091,40.6903],[-74.0117,40.69166],[-74.01509,40.7009],[-74.01539,40.70196],[-74.01553,40.7031],[-74.01547,40.70405],[-74.01463,40.70638],[-74.01489,40.70701],[-74.01523,40.70727],[-74.01597,40.7072],[-74.01633,40.70593],[-74.01672,40.70496],[-74.01671,40.70426],[-74.01657,40.70383],[-74.0161,40.70256],[-74.01556,40.70175],[-74.01489,40.70134],[-74.01428,40.70115],[-74.01342,40.7011],[-74.01251,40.70125],[-74.00987,40.70192],[-74.00919,40.70216],[-74.0018,40.70679],[-73.99827,40.70863],[-73.99683,40.70894],[-73.98932,40.70997],[-73.98509,40.71045],[-73.97989,40.71089],[-73.97876,40.71132],[-73.97816,40.71176],[-73.97789,40.71206],[-73.97675,40.71412],[-73.97525,40.71721],[-73.97495,40.71828],[-73.97439,40.72208],[-73.97414,40.72265],[-73.97237,40.72553],[-73.97191,40.72654],[-73.97156,40.72856],[-73.97166,40.7293],[-73.97203,40.72991],[-73.97357,40.73125],[-73.97388,40.73193],[-73.97432,40.73397],[-73.9748,40.73534],[-73.98805,40.74088],[-73.98705,40.74214],[-73.97236,40.76228],[-73.97275,40.76244]]}}]}