station,agency,agency_name,charger_type,ports,address,city,zip,borough,latitude,longitude,placement,placement_note,public_access,listed_fee,source
ACS_LINDEN_1_L3,ACS,Children's Services,Level 3 Fast Charger,1,2554 Linden Blvd,East New York,11208,Brooklyn,40.668034,-73.869949,city,,,,NYC Open Data fc53-9hrv
ACS_LINDEN_2_L3,ACS,Children's Services,Level 3 Fast Charger,1,2554 Linden Blvd,East New York,11208,Brooklyn,40.668034,-73.869949,city,,,,NYC Open Data fc53-9hrv
ACS_LINDEN-1,ACS,Children's Services,Level 2 Charger,1,2554 Linden Blvd,Brooklyn,11208,Brooklyn,40.668034,-73.869949,city,,,,NYC Open Data fc53-9hrv
ACSSTMARKSPL1,ACS,Children's Services,Level 2 Charger,1,350 St Marks Pl,Staten Island,10301,Staten Island,40.640708,-74.077697,city,,,,NYC Open Data fc53-9hrv
CITYHALL EAST,CITYHALL,City Hall,Level 2 Charger,2,New York City Hall,New York,10007,Manhattan,40.712806,-74.006096,city,,,,NYC Open Data fc53-9hrv
CITYHALL WEST,CITYHALL,City Hall,Level 2 Charger,2,New York City Hall,New York,10007,Manhattan,40.712806,-74.006096,city,,,No,NYC Open Data fc53-9hrv
DCAS_1CENTRE-S1,DCAS,Citywide Administrative Services,EV Solar Arc Charger,1,1 Centre St,New York,10007,Manhattan,40.713001,-74.004181,city,,,,NYC Open Data fc53-9hrv
DCAS_1CNTR_1_L3,DCAS,Citywide Administrative Services,Level 3 Fast Charger,1,1 Centre St,New York,10007,Manhattan,40.713001,-74.004181,city,,,,NYC Open Data fc53-9hrv
DCAS_1CNTR_2_L3,DCAS,Citywide Administrative Services,Level 3 Fast Charger,1,1 Centre St,New York,10007,Manhattan,40.713001,-74.004181,city,,,,NYC Open Data fc53-9hrv
DCAS_BKNVY_1_L3,DCAS,Citywide Administrative Services,Level 3 Fast Charger,1,2 Navy St,Brooklyn,11201,Brooklyn,40.70061,-73.98042,city,,,,NYC Open Data fc53-9hrv
DCAS_CSHLD_1_L3,DCAS,Citywide Administrative Services,Level 3 Fast Charger,1,6626 Metropolitan Avenue,Queens,11379,Queens,40.712377,-73.892143,city,,,,NYC Open Data fc53-9hrv
DCAS_CSHLD_2_L3,DCAS,Citywide Administrative Services,Level 3 Fast Charger,1,6626 Metropolitan Avenue,Queens,11379,Queens,40.712377,-73.892143,city,,,,NYC Open Data fc53-9hrv
DCAS_CSHLD_3_L3,DCAS,Citywide Administrative Services,Level 3 Fast Charger,1,66-26 Metropolitan Avenue,Queens,11379,Queens,40.712377,-73.892143,city,,,,NYC Open Data fc53-9hrv
DCAS_KENTAVE1,DCAS,Citywide Administrative Services,Level 2 Charger,1,390 Kent Ave,Brooklyn,11249,Brooklyn,40.711246,-73.968348,city,,,,NYC Open Data fc53-9hrv
DCAS_KENTAVE2,DCAS,Citywide Administrative Services,Level 2 Charger,1,390 Kent Ave,Brooklyn,11249,Brooklyn,40.711246,-73.968348,city,,,,NYC Open Data fc53-9hrv
DCAS_KENTAVE3,DCAS,Citywide Administrative Services,Level 2 Charger,1,390 Kent Ave,Brooklyn,11249,Brooklyn,40.711246,-73.968348,city,,,,NYC Open Data fc53-9hrv
DCAS_KENTAVE4,DCAS,Citywide Administrative Services,Level 2 Charger,2,390 Kent Ave,Brooklyn,11249,Brooklyn,40.711246,-73.968348,city,,,,NYC Open Data fc53-9hrv
DCAS_KNTAV_1_L3,DCAS,Citywide Administrative Services,Level 3 Fast Charger,1,390 Kent Ave,Southside,11249,Brooklyn,40.711246,-73.968348,city,,,,NYC Open Data fc53-9hrv
DCAS_KNTAV_2_L3,DCAS,Citywide Administrative Services,Level 3 Fast Charger,1,390 Kent Ave,Southside,11249,Brooklyn,40.711246,-73.968348,city,,,,NYC Open Data fc53-9hrv
DCAS_PSAC2_1_L3,DCAS,Citywide Administrative Services,Level 3 Fast Charger,1,350 Marconi Street,The Bronx,10461,Bronx,40.853529,-73.839048,city,,,,NYC Open Data fc53-9hrv
DCAS_PSAC2_2_L3,DCAS,Citywide Administrative Services,Level 3 Fast Charger,1,350 Marconi Street,The Bronx,10461,Bronx,40.853529,-73.839048,city,,,,NYC Open Data fc53-9hrv
DCAS_PSAC2_3_L3,DCAS,Citywide Administrative Services,Level 3 Fast Charger,1,350 Marconi Street,The Bronx,10461,Bronx,40.853529,-73.839048,city,,,,NYC Open Data fc53-9hrv
DCAS_PSAC2_4_L3,DCAS,Citywide Administrative Services,Level 3 Fast Charger,1,350 Marconi St,The Bronx,10461,Bronx,40.853529,-73.839048,city,,,,NYC Open Data fc53-9hrv
DCAS_QBH_1_L3,DCAS,Citywide Administrative Services,Level 3 Fast Charger,1,Union Tpke/Queens Blvd,Jamaica,11415,Queens,40.713329,-73.828601,facility,"Queens Borough Hall, with the rest of its station group",,,NYC Open Data fc53-9hrv
DCAS_QBH_2_L3,DCAS,Citywide Administrative Services,Level 3 Fast Charger,1,Union Tpke/Queens Blvd,Jamaica,11415,Queens,40.713329,-73.828601,facility,"Queens Borough Hall, with the rest of its station group",,,NYC Open Data fc53-9hrv
DCAS_QBH_3_L3,DCAS,Citywide Administrative Services,Level 3 Fast Charger,1,Union Tpke/Queens Blvd,Jamaica,11415,Queens,40.713329,-73.828601,facility,"Queens Borough Hall, with the rest of its station group",,,NYC Open Data fc53-9hrv
DCAS_QBH_4_L3,DCAS,Citywide Administrative Services,Level 3 Fast Charger,1,120-55 Queens Blvd,Queens,11415,Queens,40.713329,-73.828601,city,,,,NYC Open Data fc53-9hrv
DCAS100GLD_1_L3,DCAS,Citywide Administrative Services,Level 3 Fast Charger,1,100 Gold St,New York,10038,Manhattan,40.710353,-74.004007,city,,,,NYC Open Data fc53-9hrv
DCAS100GLD_2_L3,DCAS,Citywide Administrative Services,Level 3 Fast Charger,1,100 Gold Street,New York,10038,Manhattan,40.710353,-74.004007,city,,,,NYC Open Data fc53-9hrv
DCAS100GLD_3_L3,DCAS,Citywide Administrative Services,Level 3 Fast Charger,1,100 Gold St,New York,10038,Manhattan,40.710353,-74.004007,city,,,,NYC Open Data fc53-9hrv
DCAS100GLD_4_L3,DCAS,Citywide Administrative Services,Level 3 Fast Charger,1,100 Gold St,New York,10038,Manhattan,40.710353,-74.004007,city,,,,NYC Open Data fc53-9hrv
DCAS100GLD_5_L3,DCAS,Citywide Administrative Services,Level 3 Fast Charger,1,100 Gold St,New York,10038,Manhattan,40.710353,-74.004007,city,,,,NYC Open Data fc53-9hrv
DCAS100GOLD,DCAS,Citywide Administrative Services,Level 2 Charger,1,100 Gold St,New York,10038,Manhattan,40.710353,-74.004007,city,,,,NYC Open Data fc53-9hrv
DCASCSTHSE_1_L3,DCAS,Citywide Administrative Services,Level 3 Fast Charger,1,6626 Metropolitan Ave,Middle Village,11379,Queens,40.712377,-73.892143,city,,dcas,No,NYC Open Data fc53-9hrv
DCASCSTHSE_2_L3,DCAS,Citywide Administrative Services,Level 3 Fast Charger,1,6626 Metropolitan Ave,Middle Village,11379,Queens,40.712377,-73.892143,city,,dcas,No,NYC Open Data fc53-9hrv
DCASCSTHSE_3_L3,DCAS,Citywide Administrative Services,Level 3 Fast Charger,1,6626 Metropolitan Ave,Middle Village,11379,Queens,40.712377,-73.892143,city,,dcas,No,NYC Open Data fc53-9hrv
DCASNAVYYARD01,DCAS,Citywide Administrative Services,Level 2 Charger,1,2 Navy St,Brooklyn,11201,Brooklyn,40.70061,-73.98042,city,,,,NYC Open Data fc53-9hrv
DCASNAVYYARD02,DCAS,Citywide Administrative Services,Level 2 Charger,1,2 Navy St,Brooklyn,11201,Brooklyn,40.70061,-73.98042,city,,,,NYC Open Data fc53-9hrv
DCASNAVYYARD03,DCAS,Citywide Administrative Services,Level 2 Charger,1,2 Navy St,Brooklyn,11201,Brooklyn,40.70061,-73.98042,city,,,,NYC Open Data fc53-9hrv
DCASNAVYYARD04,DCAS,Citywide Administrative Services,Level 2 Charger,1,2 Navy St,Downtown Brooklyn,11201,Brooklyn,40.70061,-73.98042,city,,,,NYC Open Data fc53-9hrv
DDC_HQ-S1,DDC,Design and Construction,EV Solar Arc Charger,1,3030 Thomson Ave,Queens,11101,Queens,40.745042,-73.936191,city,,,,NYC Open Data fc53-9hrv
DDC_HQ-S2,DDC,Design and Construction,EV Solar Arc Charger,1,3030 Thomson Ave,Queens,11101,Queens,40.745042,-73.936191,city,,,,NYC Open Data fc53-9hrv
DDC_LIC-2,DDC,Design and Construction,Level 2 Charger,2,30-30 Thomson Ave,Long Island City,11101,Queens,40.745042,-73.936191,city,,,,NYC Open Data fc53-9hrv
DDC_LIC-3,DDC,Design and Construction,Level 2 Charger,1,2 31St St,Long Island City,11101,Queens,40.745095,-73.936635,facility,"Design and Construction headquarters in Long Island City, with the rest of its station group",,,NYC Open Data fc53-9hrv
DDC_LIC-S1,DDC,Design and Construction,EV Solar Arc Charger,1,30-20 Thomson Ave,Long Island City,11101,Queens,40.745095,-73.936635,city,,,,NYC Open Data fc53-9hrv
DDC_LIC-S2,DDC,Design and Construction,EV Solar Arc Charger,1,30-20 Thomson Ave,Long Island City,11101,Queens,40.745095,-73.936635,city,,,,NYC Open Data fc53-9hrv
DDC_THOMSN_1_L3,DDC,Design and Construction,Level 3 Fast Charger,1,30-30 Thomson Avenue,Queens,11101,Queens,40.745042,-73.936191,city,,,,NYC Open Data fc53-9hrv
DEP_ CONEY ISLA,DEP,Environmental Protection,Level 2 Charger,2,2501 Knapp St,Brooklyn,11235,Brooklyn,40.592214,-73.932546,city,,,,NYC Open Data fc53-9hrv
DEP_179PMP_1_L3,DEP,Environmental Protection,Level 3 Fast Charger,1,2405 Amsterdam Avenue,New York,10033,Manhattan,40.846982,-73.931709,city,,,,NYC Open Data fc53-9hrv
DEP_179PMP_2_L3,DEP,Environmental Protection,Level 3 Fast Charger,1,2405 Amsterdam Avenue,New York,10033,Manhattan,40.846982,-73.931709,city,,,,NYC Open Data fc53-9hrv
DEP_26WARD# 1,DEP,Environmental Protection,Level 2 Charger,2,12266 Flatlands Ave,Brooklyn,11207,Brooklyn,40.654817,-73.881479,city,,,,NYC Open Data fc53-9hrv
DEP_26WARD# 2,DEP,Environmental Protection,Level 2 Charger,2,12266 Flatlands Ave,Brooklyn,11207,Brooklyn,40.654817,-73.881479,city,,,,NYC Open Data fc53-9hrv
DEP_26WARD_1_L3,DEP,Environmental Protection,Level 3 Fast Charger,1,165 Schroeders Ave,Starrett City,11239,Brooklyn,40.648214,-73.877613,facility,"26th Ward wastewater plant, with the rest of its station group",,,NYC Open Data fc53-9hrv
DEP_26WARD_2_L3,DEP,Environmental Protection,Level 3 Fast Charger,1,1540 Van Siclen Ave,Starrett City,11239,Brooklyn,40.648214,-73.877613,city,,,,NYC Open Data fc53-9hrv
DEP_26WARD_3_L3,DEP,Environmental Protection,Level 3 Fast Charger,1,12266 Flatlands Ave,Brooklyn,11207,Brooklyn,40.654817,-73.881479,city,,,,NYC Open Data fc53-9hrv
DEP_26WARD_4_L3,DEP,Environmental Protection,Level 3 Fast Charger,1,12266 Flatlands Ave,Brooklyn,11207,Brooklyn,40.654817,-73.881479,city,,,,NYC Open Data fc53-9hrv
DEP_26WARD_5_L3,DEP,Environmental Protection,Level 3 Fast Charger,1,12266 Flatlands Ave,Brooklyn,11207,Brooklyn,40.654817,-73.881479,city,,,,NYC Open Data fc53-9hrv
DEP_26WARD_6_L3,DEP,Environmental Protection,Level 3 Fast Charger,1,12266 Flatlands Ave,Brooklyn,11207,Brooklyn,40.654817,-73.881479,city,,,,NYC Open Data fc53-9hrv
DEP_26WRDP_1_L3,DEP,Environmental Protection,Level 3 Fast Charger,1,12266 Flatlands Ave,Brooklyn,11207,Brooklyn,40.654817,-73.881479,city,,,,NYC Open Data fc53-9hrv
DEP_26WRDP_2_L3,DEP,Environmental Protection,Level 3 Fast Charger,1,12266 Flatlands Ave,Brooklyn,11207,Brooklyn,40.654817,-73.881479,city,,,,NYC Open Data fc53-9hrv
DEP_26WRDP_3_L3,DEP,Environmental Protection,Level 3 Fast Charger,1,12266 Flatlands Ave,Brooklyn,11207,Brooklyn,40.654817,-73.881479,city,,,,NYC Open Data fc53-9hrv
DEP_26WRDP_4_L3,DEP,Environmental Protection,Level 3 Fast Charger,1,12266 Flatlands Ave,Brooklyn,11207,Brooklyn,40.654817,-73.881479,city,,,,NYC Open Data fc53-9hrv
DEP_3701JEROME2,DEP,Environmental Protection,Level 2 Charger,2,3701 Jerome Ave,Bronx,10467,Bronx,40.887018,-73.878095,city,,,,NYC Open Data fc53-9hrv
DEP_623MYRTLE1,DEP,Environmental Protection,Level 2 Charger,2,623 Myrtle Ave,Bedford-Stuyvesant,11205,Brooklyn,40.694275,-73.958854,city,,,,NYC Open Data fc53-9hrv
DEP_623MYRTLE2,DEP,Environmental Protection,Level 2 Charger,2,623 Myrtle Ave,Bedford-Stuyvesant,11205,Brooklyn,40.694275,-73.958854,city,,,,NYC Open Data fc53-9hrv
DEP_6PCT_1_L3,DEP,Environmental Protection,Level 3 Fast Charger,1,2 Walker Rd,Valhalla,10595,Upstate,41.076168,-73.813809,address,geocoded by the Census Bureau,,,NYC Open Data fc53-9hrv
DEP_7WARDS#1,DEP,Environmental Protection,Level 2 Charger,2,7 Ward's Island Bridge,New York,10035,Manhattan,40.792839,-73.922819,city,,,,NYC Open Data fc53-9hrv
DEP_7WARDSI-S2,DEP,Environmental Protection,EV Solar Arc Charger,1,4 Central Rd,New York,10035,Manhattan,40.791469,-73.921474,facility,"Wards Island wastewater plant, with the rest of its station group",,,NYC Open Data fc53-9hrv
DEP_7WARDSI-S3,DEP,Environmental Protection,EV Solar Arc Charger,1,116 K Rd,New York,10035,Manhattan,40.791469,-73.921474,city,,,,NYC Open Data fc53-9hrv
DEP_7WARDSI-S4,DEP,Environmental Protection,EV Solar Arc Charger,1,117 K Rd,New York,10035,Manhattan,40.791483,-73.921463,city,,,,NYC Open Data fc53-9hrv
DEP_7WARDSI-S5,DEP,Environmental Protection,EV Solar Arc Charger,1,116 K Rd,New York,10035,Manhattan,40.791469,-73.921474,city,,,,NYC Open Data fc53-9hrv
DEP_7WARDSI-S6,DEP,Environmental Protection,EV Solar Arc Charger,1,116 K Rd,New York,10035,Manhattan,40.791469,-73.921474,city,,,,NYC Open Data fc53-9hrv
DEP_7WARDSI-S7,DEP,Environmental Protection,EV Solar Arc Charger,1,116 K Rd,New York,10035,Manhattan,40.791469,-73.921474,city,,,,NYC Open Data fc53-9hrv
DEP_930ZEREGA_1,DEP,Environmental Protection,Level 2 Charger,2,930 Zerega Ave,East Bronx,10473,Bronx,40.827109,-73.843596,city,,,,NYC Open Data fc53-9hrv
DEP_ARKVILLE-1,DEP,Environmental Protection,Level 2 Charger,2,Co Rd 38,Arkville,12406,Upstate,42.159014,-74.619756,facility,"Environmental Protection, Arkville, with the rest of its station group",,,NYC Open Data fc53-9hrv
DEP_ARKVILLE-2,DEP,Environmental Protection,Level 2 Charger,2,669 County Road 38,Arkville,12406,Upstate,42.159014,-74.619756,address,geocoded by the Census Bureau,,,NYC Open Data fc53-9hrv
DEP_ARKVILLE-3,DEP,Environmental Protection,Level 2 Charger,2,669 County Road 38,Arkville,12406,Upstate,42.159014,-74.619756,address,geocoded by the Census Bureau,,,NYC Open Data fc53-9hrv
DEP_ARKVILLE-4,DEP,Environmental Protection,Level 2 Charger,2,669 County Road 38,Arkville,12406,Upstate,42.159014,-74.619756,address,geocoded by the Census Bureau,,,NYC Open Data fc53-9hrv
DEP_ARKVILLE-5,DEP,Environmental Protection,Level 2 Charger,2,669 Co Rd 38,Arkville,12406,Upstate,42.159014,-74.619756,address,geocoded by the Census Bureau,,,NYC Open Data fc53-9hrv
DEP_ASHOKANBNL1,DEP,Environmental Protection,Level 2 Charger,2,2471 B W S Rd,Olivebridge,12461,Upstate,41.945705,-74.20342,approx,"Ashokan Reservoir area, Olivebridge; the listed address could not be matched",,,NYC Open Data fc53-9hrv
DEP_ASHOKANBNL2,DEP,Environmental Protection,Level 2 Charger,2,2471 B W S Rd,Olivebridge,12461,Upstate,41.945705,-74.20342,approx,"Ashokan Reservoir area, Olivebridge; the listed address could not be matched",,,NYC Open Data fc53-9hrv
DEP_ASHOKN_1_L3,DEP,Environmental Protection,Level 3 Fast Charger,1,2398 NY-28A,Olivebridge,12461,Upstate,41.945705,-74.20342,address,geocoded by the Census Bureau,,,NYC Open Data fc53-9hrv
DEP_ASTORIA #1,DEP,Environmental Protection,Level 2 Charger,2,43-1 Berrian Blvd,Queens,11105,Queens,40.778421,-73.894593,city,,,,NYC Open Data fc53-9hrv
DEP_ASTORIA#2,DEP,Environmental Protection,Level 2 Charger,2,43-1 Berrian Blvd,Queens,11105,Queens,40.778421,-73.894593,city,,,,NYC Open Data fc53-9hrv
DEP_AVIATN_1_L3,DEP,Environmental Protection,Level 3 Fast Charger,1,84 Citation Dr,Wappingers Falls,12590,Upstate,41.62875,-73.887693,address,geocoded by the Census Bureau,,,NYC Open Data fc53-9hrv
DEP_AVIATN_2_L3,DEP,Environmental Protection,Level 3 Fast Charger,1,84 Citation Dr,Wappingers Falls,12590,Upstate,41.62875,-73.887693,address,geocoded by the Census Bureau,,,NYC Open Data fc53-9hrv
DEP_BEERSTNPCT,DEP,Environmental Protection,Level 2 Charger,2,21852 NY-10,Walton,13856,Upstate,42.124692,-75.163401,address,geocoded by the Census Bureau,,,NYC Open Data fc53-9hrv
DEP_BKSEWR_1_L3,DEP,Environmental Protection,Level 3 Fast Charger,1,855 Remsen Ave,Brooklyn,11236,Brooklyn,40.646913,-73.913395,city,,,,NYC Open Data fc53-9hrv
DEP_BKSEWR_2_L3,DEP,Environmental Protection,Level 3 Fast Charger,1,855 Remsen Ave,Brooklyn,11236,Brooklyn,40.646913,-73.913395,city,,,,NYC Open Data fc53-9hrv
DEP_BKSEWR_3_L3,DEP,Environmental Protection,Level 3 Fast Charger,1,855 Remsen Ave,Brooklyn,11236,Brooklyn,40.646913,-73.913395,city,,,,NYC Open Data fc53-9hrv
DEP_BKSEWR_4_L3,DEP,Environmental Protection,Level 3 Fast Charger,1,855 Remsen Ave,Brooklyn,11236,Brooklyn,40.646913,-73.913395,city,,,,NYC Open Data fc53-9hrv
DEP_BKWATER-S1,DEP,Environmental Protection,EV Solar Arc Charger,1,22 N 15th St,Brooklyn,11222,Brooklyn,40.724694,-73.956901,city,,,,NYC Open Data fc53-9hrv
DEP_BWRYBY_1_L3,DEP,Environmental Protection,Level 3 Fast Charger,1,4301 Berrian Blvd,Astoria,11105,Queens,40.778421,-73.894593,city,,,,NYC Open Data fc53-9hrv
DEP_BXWM-S1,DEP,Environmental Protection,EV Solar Arc Charger,1,3201 Jerome Ave,The Bronx,10468,Bronx,40.877534,-73.887189,city,,,,NYC Open Data fc53-9hrv
DEP_CDIS4_01,DEP,Environmental Protection,Level 2 Charger,2,911 State Rt. 208,Gardiner,12589,Upstate,41.650618,-74.139262,address,geocoded by the Census Bureau,,,NYC Open Data fc53-9hrv
DEP_CFP_1_L3,DEP,Environmental Protection,Level 3 Fast Charger,1,3701 Jerome Ave,The Bronx,10467,Bronx,40.887018,-73.878095,city,,,,NYC Open Data fc53-9hrv
DEP_CFP_2_L3,DEP,Environmental Protection,Level 3 Fast Charger,1,3701 Jerome Ave,The Bronx,10467,Bronx,40.887018,-73.878095,city,,,,NYC Open Data fc53-9hrv
DEP_CLOVEPUMP,DEP,Environmental Protection,Level 2 Charger,2,1270 Victory Blvd,Staten Island,10301,Staten Island,40.615436,-74.105751,city,,,,NYC Open Data fc53-9hrv
DEP_CRFLSP_1_L3,DEP,Environmental Protection,Level 3 Fast Charger,1,16 Samantha Lane,Carmel Hamlet,10512,Upstate,41.35926,-73.669399,address,,,,NYC Open Data fc53-9hrv
DEP_CROTONFP-BX,DEP,Environmental Protection,Level 2 Charger,2,3701 Jerome Ave,Bronx,10467,Bronx,40.887018,-73.878095,city,,,,NYC Open Data fc53-9hrv
DEP_CROTONFP-S1,DEP,Environmental Protection,EV Solar Arc Charger,1,3701 Jerome Ave,Bronx,10467,Bronx,40.887018,-73.878095,city,,,,NYC Open Data fc53-9hrv
DEP_CROTONLK-1,DEP,Environmental Protection,Level 2 Charger,2,1020 Croton Dam Road,Yorktown Heights,10598,Upstate,41.234485,-73.804285,approx,Croton Dam Road; the listed number could not be matched,,,NYC Open Data fc53-9hrv
DEP_CROTONLK-2,DEP,Environmental Protection,Level 2 Charger,2,1120 Croton Dam Road,Ossining,10598,Upstate,41.234485,-73.804285,address,geocoded by the Census Bureau,,,NYC Open Data fc53-9hrv
DEP_CRSSRIVER-1,DEP,Environmental Protection,Level 2 Charger,2,241 Cross River Rd,Katonah,10536,Upstate,41.26852,-73.660718,address,geocoded by the Census Bureau,,,NYC Open Data fc53-9hrv
DEP_CRSSRIVER-2,DEP,Environmental Protection,Level 2 Charger,2,241 Cross River Rd,Katonah,10536,Upstate,41.26852,-73.660718,address,geocoded by the Census Bureau,,,NYC Open Data fc53-9hrv
DEP_CRTNLK_1_L3,DEP,Environmental Protection,Level 3 Fast Charger,1,1120 Croton Dam Road,Ossining,10598,Upstate,41.234485,-73.804285,address,geocoded by the Census Bureau,,,NYC Open Data fc53-9hrv
DEP_GILBOA_1_L3,DEP,Environmental Protection,Level 3 Fast Charger,1,370 NY-990V,Gilboa,12076,Upstate,42.39181,-74.446389,address,geocoded by the Census Bureau,,,NYC Open Data fc53-9hrv
DEP_GOWANUSSP,DEP,Environmental Protection,Level 2 Charger,2,201 Douglass St,Brooklyn,11217,Brooklyn,40.681639,-73.987684,city,,,,NYC Open Data fc53-9hrv
DEP_GRAHMSVLLE1,DEP,Environmental Protection,Level 2 Charger,2,7870 Ny-42,Grahamsville,12740,Upstate,41.841965,-74.542304,address,geocoded by the Census Bureau,,,NYC Open Data fc53-9hrv
DEP_GRAHMSVLLE2,DEP,Environmental Protection,Level 2 Charger,2,7866 Ny-42,Grahamsville,12740,Upstate,41.841912,-74.542244,address,geocoded by the Census Bureau,,,NYC Open Data fc53-9hrv
DEP_GRAHMSVLLE3,DEP,Environmental Protection,Level 2 Charger,2,7866 NY-42,Grahamsville,12740,Upstate,41.841912,-74.542244,address,geocoded by the Census Bureau,,,NYC Open Data fc53-9hrv
DEP_GRAHMSVLLE4,DEP,Environmental Protection,Level 2 Charger,2,7870 New York 42,Grahamsville,12740,Upstate,41.841965,-74.542304,address,geocoded by the Census Bureau,,,NYC Open Data fc53-9hrv
DEP_GRHMS_1_L3,DEP,Environmental Protection,Level 3 Fast Charger,1,7892 42,Neversink,12740,Upstate,41.841965,-74.542304,approx,"Route 42, Grahamsville; the listed number could not be matched",,,NYC Open Data fc53-9hrv
DEP_GRHMS_2_L3,DEP,Environmental Protection,Level 3 Fast Charger,1,7866 New York 42,Grahamsville,12740,Upstate,41.841912,-74.542244,address,geocoded by the Census Bureau,,,NYC Open Data fc53-9hrv
DEP_GRN_INFRA_1,DEP,Environmental Protection,Level 2 Charger,2,305 Seigel St,East Williamsburg,11206,Brooklyn,40.705517,-73.934242,city,,,,NYC Open Data fc53-9hrv
DEP_GRNGRG_1_L3,DEP,Environmental Protection,Level 3 Fast Charger,1,570 Van Aken Road,Grand Gorge,12434,Upstate,42.361458,-74.473457,address,,,,NYC Open Data fc53-9hrv
DEP_GRWATR_1_L3,DEP,Environmental Protection,Level 3 Fast Charger,1,164-11 110th Avenue,Queens,11433,Queens,40.693916,-73.787682,city,,,,NYC Open Data fc53-9hrv
DEP_GRWATR_2_L3,DEP,Environmental Protection,Level 3 Fast Charger,1,164-11 110th Avenue,Queens,11433,Queens,40.693916,-73.787682,city,,,,NYC Open Data fc53-9hrv
DEP_GRWATR_3_L3,DEP,Environmental Protection,Level 3 Fast Charger,1,164-21 110th Avenue,Queens,11433,Queens,40.694094,-73.787263,city,,,,NYC Open Data fc53-9hrv
DEP_HILLVW1A-B,DEP,Environmental Protection,Level 2 Charger,2,123 Hillview Ave,Yonkers,10704,Upstate,40.908911,-73.871191,address,geocoded by the Census Bureau,,,NYC Open Data fc53-9hrv
DEP_HILLVW2A-B,DEP,Environmental Protection,Level 2 Charger,2,100 Central Park Avenue,Yonkers,10704,Upstate,40.909969,-73.876864,address,geocoded by the Census Bureau,,,NYC Open Data fc53-9hrv
DEP_HILLVW-S2,DEP,Environmental Protection,EV Solar Arc Charger,1,492 Central Park Ave,Yonkers,10704,Upstate,40.91766,-73.870052,address,geocoded by the Census Bureau,,,NYC Open Data fc53-9hrv
DEP_HNTSPT_1_L3,DEP,Environmental Protection,Level 3 Fast Charger,1,1270 Ryawa Ave,Bronx,10474,Bronx,40.804827,-73.884759,city,,,,NYC Open Data fc53-9hrv
DEP_HNTSPT_2_L3,DEP,Environmental Protection,Level 3 Fast Charger,1,1270 Ryawa Ave,Bronx,10474,Bronx,40.804827,-73.884759,city,,,,NYC Open Data fc53-9hrv
DEP_HNTSPT_3_L3,DEP,Environmental Protection,Level 3 Fast Charger,1,1270 Ryawa Ave,Bronx,10474,Bronx,40.804827,-73.884759,city,,,,NYC Open Data fc53-9hrv
DEP_HNTSPT_4_L3,DEP,Environmental Protection,Level 3 Fast Charger,1,1270 Ryawa Ave,Bronx,10474,Bronx,40.804827,-73.884759,city,,,,NYC Open Data fc53-9hrv
DEP_HNTSPT_5_L3,DEP,Environmental Protection,Level 3 Fast Charger,1,1270 Ryawa Ave,Bronx,10474,Bronx,40.804827,-73.884759,city,,,,NYC Open Data fc53-9hrv
DEP_HNTSPT_6_L3,DEP,Environmental Protection,Level 3 Fast Charger,1,1270 Ryawa Ave,Bronx,10474,Bronx,40.804827,-73.884759,city,,,,NYC Open Data fc53-9hrv
DEP_HUDRIVPUMP1,DEP,Environmental Protection,Level 2 Charger,2,199 River Rd N,Wappingers Falls,12590,Upstate,41.561195,-73.957359,address,geocoded by the Census Bureau,,,NYC Open Data fc53-9hrv
DEP_HUDRIVPUMP2,DEP,Environmental Protection,Level 2 Charger,2,199 River Rd N,Wappingers Falls,12590,Upstate,41.561195,-73.957359,address,geocoded by the Census Bureau,,,NYC Open Data fc53-9hrv
DEP_JAMAICAPLNT,DEP,Environmental Protection,Level 2 Charger,1,150-20 134Th St,Jamaica,11420,Queens,40.662964,-73.806765,city,,,,NYC Open Data fc53-9hrv
DEP_JEROME_1_L3,DEP,Environmental Protection,Level 3 Fast Charger,1,3201 Jerome Ave,West Bronx,10468,Bronx,40.877534,-73.887189,city,,,,NYC Open Data fc53-9hrv
DEP_JEROME_2_L3,DEP,Environmental Protection,Level 3 Fast Charger,1,3201 Jerome Avenue,The Bronx,10468,Bronx,40.877534,-73.887189,city,,,,NYC Open Data fc53-9hrv
DEP_JEROME_3_L3,DEP,Environmental Protection,Level 3 Fast Charger,1,3201 Jerome Avenue,The Bronx,10468,Bronx,40.877534,-73.887189,city,,,,NYC Open Data fc53-9hrv
DEP_JRMRES_1_L3,DEP,Environmental Protection,Level 3 Fast Charger,1,3055 Goulden Avenue,Bronx,10468,Bronx,40.877917,-73.892251,city,,,,NYC Open Data fc53-9hrv
DEP_KINGSTON-1,DEP,Environmental Protection,Level 2 Charger,2,91 Smith Ave,Kingston,12401,Upstate,41.93061,-73.998958,address,geocoded by the Census Bureau,,,NYC Open Data fc53-9hrv
DEP_KINGSTON-2,DEP,Environmental Protection,Level 2 Charger,2,91 Smith Ave,Kingston,12401,Upstate,41.93061,-73.998958,address,geocoded by the Census Bureau,,,NYC Open Data fc53-9hrv
DEP_KINGSTON-3,DEP,Environmental Protection,Level 2 Charger,2,91 Smith Ave,Kingston,12401,Upstate,41.93061,-73.998958,address,geocoded by the Census Bureau,,,NYC Open Data fc53-9hrv
DEP_KINGSTONDPS,DEP,Environmental Protection,Level 2 Charger,2,134 Flatbush Ave,Kingston,12401,Upstate,41.938822,-73.995932,address,geocoded by the Census Bureau,,,NYC Open Data fc53-9hrv
DEP_KNGSTN_1_L3,DEP,Environmental Protection,Level 3 Fast Charger,1,71 Smith Avenue,Kingston,12401,Upstate,41.930305,-73.998458,address,geocoded by the Census Bureau,,,NYC Open Data fc53-9hrv
DEP_LFRK_66+67,DEP,Environmental Protection,Level 2 Charger,2,59-17 Junction Blvd,Flushing,11373,Queens,40.734606,-73.864774,city,,,,NYC Open Data fc53-9hrv
DEP_LFRK_68+69,DEP,Environmental Protection,Level 2 Charger,2,59-17 Junction Blvd,Flushing,11373,Queens,40.734606,-73.864774,city,,,,NYC Open Data fc53-9hrv
DEP_LFRK_70+71,DEP,Environmental Protection,Level 2 Charger,2,59-17 Junction Blvd,Flushing,11373,Queens,40.734606,-73.864774,city,,,,NYC Open Data fc53-9hrv
DEP_LFRK_72+73,DEP,Environmental Protection,Level 2 Charger,2,59-17 Junction Blvd,Flushing,11373,Queens,40.734606,-73.864774,city,,,,NYC Open Data fc53-9hrv
DEP_LFRK_74+75,DEP,Environmental Protection,Level 2 Charger,2,59-17 Junction Blvd,Flushing,11373,Queens,40.734606,-73.864774,city,,,,NYC Open Data fc53-9hrv
DEP_LFRK_76+77,DEP,Environmental Protection,Level 2 Charger,2,59-17 Junction Blvd,Flushing,11373,Queens,40.734606,-73.864774,city,,,,NYC Open Data fc53-9hrv
DEP_LFRK_78+79,DEP,Environmental Protection,Level 2 Charger,2,59-17 Junction Blvd,Flushing,11373,Queens,40.734606,-73.864774,city,,,,NYC Open Data fc53-9hrv
DEP_LFRK_80+81,DEP,Environmental Protection,Level 2 Charger,2,59-17 Junction Blvd 2,Corona,11373,Queens,40.734606,-73.864774,city,,,,NYC Open Data fc53-9hrv
DEP_LFRK_82+83,DEP,Environmental Protection,Level 2 Charger,2,59-17 Junction Blvd,Corona,11373,Queens,40.734606,-73.864774,city,,,,NYC Open Data fc53-9hrv
DEP_LFRK101+102,DEP,Environmental Protection,Level 2 Charger,2,96-08 57Th Ave,Corona,11368,Queens,40.73698,-73.864625,city,,,,NYC Open Data fc53-9hrv
DEP_LFRK103+104,DEP,Environmental Protection,Level 2 Charger,2,96-08 57Th Ave,Corona,11368,Queens,40.73698,-73.864625,city,,,,NYC Open Data fc53-9hrv
DEP_LFRK105+106,DEP,Environmental Protection,Level 2 Charger,2,96-08 57Th Ave,Corona,11368,Queens,40.73698,-73.864625,city,,,,NYC Open Data fc53-9hrv
DEP_LFRK107+108,DEP,Environmental Protection,Level 2 Charger,2,96-08 57Th Ave,Corona,11368,Queens,40.73698,-73.864625,city,,,,NYC Open Data fc53-9hrv
DEP_LFRK109+110,DEP,Environmental Protection,Level 2 Charger,2,59-17 Junction Blvd,Corona,11373,Queens,40.734606,-73.864774,city,,,,NYC Open Data fc53-9hrv
DEP_LFRK111+112,DEP,Environmental Protection,Level 2 Charger,2,96-08 57Th Ave,Corona,11368,Queens,40.73698,-73.864625,city,,,,NYC Open Data fc53-9hrv
DEP_LFRK113+114,DEP,Environmental Protection,Level 2 Charger,2,58-17 Junction Blvd,Flushing,11373,Queens,40.735229,-73.865098,city,,,,NYC Open Data fc53-9hrv
DEP_LFRK115+116,DEP,Environmental Protection,Level 2 Charger,2,58-17 Junction Blvd,Flushing,11373,Queens,40.735229,-73.865098,city,,,,NYC Open Data fc53-9hrv
DEP_LFRK117+118,DEP,Environmental Protection,Level 2 Charger,2,58-17 Junction Blvd,Flushing,11373,Queens,40.735229,-73.865098,city,,,,NYC Open Data fc53-9hrv
DEP_MARGWW#1,DEP,Environmental Protection,Level 2 Charger,2,41158 New York 28,Margaretville,12455,Upstate,42.139474,-74.655247,address,,,,NYC Open Data fc53-9hrv
DEP_MARVIL_1_L3,DEP,Environmental Protection,Level 3 Fast Charger,1,41158 NY-28,Margaretville,12455,Upstate,42.139474,-74.655247,address,,,,NYC Open Data fc53-9hrv
DEP_MNREPAIR-1,DEP,Environmental Protection,Level 2 Charger,2,28 Pike St,New York,10002,Manhattan,40.71282,-73.992461,city,,,,NYC Open Data fc53-9hrv
DEP_MNRPR_1_L3,DEP,Environmental Protection,Level 3 Fast Charger,1,30 Pike St,New York,10002,Manhattan,40.712735,-73.99245,city,,,,NYC Open Data fc53-9hrv
DEP_MNSEWR_1_L3,DEP,Environmental Protection,Level 3 Fast Charger,1,886 St Nicholas Ave,New York,10032,Manhattan,40.83028,-73.941602,city,,,,NYC Open Data fc53-9hrv
DEP_MNSEWR_2_L3,DEP,Environmental Protection,Level 3 Fast Charger,1,886 St Nicholas Ave,New York,10032,Manhattan,40.83028,-73.941602,city,,,,NYC Open Data fc53-9hrv
DEP_NEWTOWN CRE,DEP,Environmental Protection,Level 2 Charger,2,329 Greenpoint Ave,Brooklyn,11222,Brooklyn,40.731483,-73.946271,city,,,,NYC Open Data fc53-9hrv
DEP_NEWTOWNC-S1,DEP,Environmental Protection,EV Solar Arc Charger,1,267 Greenpoint Ave,Greenpoint,11222,Brooklyn,40.730718,-73.948891,city,,,,NYC Open Data fc53-9hrv
DEP_NEWTOWNC-S2,DEP,Environmental Protection,EV Solar Arc Charger,1,267 Greenpoint Ave,Greenpoint,11222,Brooklyn,40.730718,-73.948891,city,,,,NYC Open Data fc53-9hrv
DEP_OAKWOOD BEA,DEP,Environmental Protection,Level 2 Charger,2,751 Mill Road,Staten Island,10306,Staten Island,40.552071,-74.116133,city,,,,NYC Open Data fc53-9hrv
DEP_OWLS HE,DEP,Environmental Protection,Level 2 Charger,2,6700 Shore Rd,Brooklyn,11220,Brooklyn,40.6418,-74.034055,city,,,,NYC Open Data fc53-9hrv
DEP_OWLSHD_1_L3,DEP,Environmental Protection,Level 3 Fast Charger,1,6700 Shore Rd,Brooklyn,11220,Brooklyn,40.6418,-74.034055,city,,,,NYC Open Data fc53-9hrv
DEP_OWLSHD_2_L3,DEP,Environmental Protection,Level 3 Fast Charger,1,6700 Shore Rd,Brooklyn,11220,Brooklyn,40.6418,-74.034055,city,,,,NYC Open Data fc53-9hrv
DEP_OWLSHD_3_L3,DEP,Environmental Protection,Level 3 Fast Charger,1,6700 Shore Road,Brooklyn,11220,Brooklyn,40.6418,-74.034055,city,,,,NYC Open Data fc53-9hrv
DEP_OWLSHD_4_L3,DEP,Environmental Protection,Level 3 Fast Charger,1,6700 Shore Rd,Brooklyn,11220,Brooklyn,40.6418,-74.034055,city,,,,NYC Open Data fc53-9hrv
DEP_OWLSHD_5_L3,DEP,Environmental Protection,Level 3 Fast Charger,1,6700 Shore Road,Brooklyn,11220,Brooklyn,40.6418,-74.034055,city,,,,NYC Open Data fc53-9hrv
DEP_OWLSHD_6_L3,DEP,Environmental Protection,Level 3 Fast Charger,1,6700 Shore Road,Brooklyn,11220,Brooklyn,40.6418,-74.034055,city,,,,NYC Open Data fc53-9hrv
DEP_OWLSHD_7_L3,DEP,Environmental Protection,Level 3 Fast Charger,1,6700 Shore Rd,Brooklyn,11220,Brooklyn,40.6418,-74.034055,city,,,,NYC Open Data fc53-9hrv
DEP_OWLSHD_8_L3,DEP,Environmental Protection,Level 3 Fast Charger,1,6700 Shore Road,Brooklyn,11220,Brooklyn,40.6418,-74.034055,city,,,,NYC Open Data fc53-9hrv
DEP_PORTJERVIS,DEP,Environmental Protection,Level 2 Charger,2,43 N Maple Ave,Port Jervis,12771,Upstate,41.361397,-74.682993,address,geocoded by the Census Bureau,,,NYC Open Data fc53-9hrv
DEP_PRDGT_1_L3,DEP,Environmental Protection,Level 3 Fast Charger,1,1875 Ralph Ave,Bergen Beach,11234,Brooklyn,40.631422,-73.91852,city,,,,NYC Open Data fc53-9hrv
DEP_PRTRCH_1_L3,DEP,Environmental Protection,Level 3 Fast Charger,1,1801 Richmond Terr,Staten Island,10310,Staten Island,40.637232,-74.125556,city,,,,NYC Open Data fc53-9hrv
DEP_PRTRCH_2_L3,DEP,Environmental Protection,Level 3 Fast Charger,1,1801 Richmond Terr,Staten Island,10310,Staten Island,40.637232,-74.125556,city,,,,NYC Open Data fc53-9hrv
DEP_PRTRCH_3_L3,DEP,Environmental Protection,Level 3 Fast Charger,1,1801 Richmond Terrace,Staten Island,10310,Staten Island,40.637232,-74.125556,city,,,,NYC Open Data fc53-9hrv
DEP_PRTRCH_4_L3,DEP,Environmental Protection,Level 3 Fast Charger,1,1801 Richmond Terrace,Staten Island,10310,Staten Island,40.637232,-74.125556,city,,,,NYC Open Data fc53-9hrv
DEP_PRTRCH_5_L3,DEP,Environmental Protection,Level 3 Fast Charger,1,1801 Richmond Terrace,Staten Island,10310,Staten Island,40.637232,-74.125556,city,,,,NYC Open Data fc53-9hrv
DEP_PTJRVS_1_L3,DEP,Environmental Protection,Level 3 Fast Charger,1,46 North Maple Avenue,Port Jervis,12771,Upstate,41.361802,-74.682325,address,geocoded by the Census Bureau,,,NYC Open Data fc53-9hrv
DEP_Q7-1,DEP,Environmental Protection,Level 2 Charger,2,133-25 32nd Ave,Queens,11354,Queens,40.766974,-73.835301,city,,,,NYC Open Data fc53-9hrv
DEP_Q7-2,DEP,Environmental Protection,Level 2 Charger,2,133-25 32nd Avenue,Queens,11354,Queens,40.766974,-73.835301,city,,,,NYC Open Data fc53-9hrv
DEP_Q7-3,DEP,Environmental Protection,Level 2 Charger,2,133-25 32nd Avenue,Queens,11354,Queens,40.766974,-73.835301,city,,,,NYC Open Data fc53-9hrv
DEP_Q7-4,DEP,Environmental Protection,Level 2 Charger,2,133-25 32nd Avenue,Queens,11354,Queens,40.766974,-73.835301,city,,,,NYC Open Data fc53-9hrv
DEP_QNSREPAIR01,DEP,Environmental Protection,Level 2 Charger,2,106-36 180Th St,Jamaica,11433,Queens,40.703128,-73.77772,city,,,,NYC Open Data fc53-9hrv
DEP_QNSREPAIR02,DEP,Environmental Protection,Level 2 Charger,2,106-36 180Th St,Jamaica,11433,Queens,40.703128,-73.77772,city,,,,NYC Open Data fc53-9hrv
DEP_QNSREPAIR03,DEP,Environmental Protection,Level 2 Charger,2,106-36 180Th St,Jamaica,11433,Queens,40.703128,-73.77772,city,,,,NYC Open Data fc53-9hrv
DEP_QNSREPAIR04,DEP,Environmental Protection,Level 2 Charger,2,106-36 180Th St,Jamaica,11433,Queens,40.703128,-73.77772,city,,,,NYC Open Data fc53-9hrv
DEP_QNSRPR_1_L3,DEP,Environmental Protection,Level 3 Fast Charger,1,106-36 180th St,Queens,11433,Queens,40.703128,-73.77772,city,,,,NYC Open Data fc53-9hrv
DEP_QNSRPR_2_L3,DEP,Environmental Protection,Level 3 Fast Charger,1,106-36 180th St,Queens,11433,Queens,40.703128,-73.77772,city,,,,NYC Open Data fc53-9hrv
DEP_QNSWTR_1_L3,DEP,Environmental Protection,Level 3 Fast Charger,1,49-14 Fresh Meadow Ln,Queens,11365,Queens,40.747092,-73.794673,city,,,,NYC Open Data fc53-9hrv
DEP_QNSWTR_2_L3,DEP,Environmental Protection,Level 3 Fast Charger,1,49-14 Fresh Meadow Ln,Queens,11365,Queens,40.747092,-73.794673,city,,,,NYC Open Data fc53-9hrv
DEP_QNSWTR_3_L3,DEP,Environmental Protection,Level 3 Fast Charger,1,49-14 Fresh Meadow Ln,Queens,11365,Queens,40.747092,-73.794673,city,,,,NYC Open Data fc53-9hrv
DEP_QNSWTR_4_L3,DEP,Environmental Protection,Level 3 Fast Charger,1,49-14 Fresh Meadow Ln,Queens,11365,Queens,40.747092,-73.794673,city,,,,NYC Open Data fc53-9hrv
DEP_QNSWTR-1,DEP,Environmental Protection,Level 2 Charger,2,49-14 Fresh Meadow Ln,Queens,11365,Queens,40.747092,-73.794673,city,,,,NYC Open Data fc53-9hrv
DEP_RED HOOK,DEP,Environmental Protection,Level 2 Charger,2,63 Flushing Ave,Brooklyn,11205,Brooklyn,40.69802,-73.974986,city,,,,NYC Open Data fc53-9hrv
DEP_RHWWTP_1_L3,DEP,Environmental Protection,Level 3 Fast Charger,1,63 Flushing Ave,Brooklyn,11205,Brooklyn,40.69802,-73.974986,city,,,,NYC Open Data fc53-9hrv
DEP_RHWWTP_2_L3,DEP,Environmental Protection,Level 3 Fast Charger,1,63 Flushing Ave,Brooklyn,11205,Brooklyn,40.69802,-73.974986,city,,,,NYC Open Data fc53-9hrv
DEP_ROCKAWAY106,DEP,Environmental Protection,Level 2 Charger,2,5-36 Beach Channel Dr,Queens,11694,Queens,40.583737,-73.829845,facility,"Rockaway wastewater plant, 106-21 Beach Channel Drive",,,NYC Open Data fc53-9hrv
DEP_SH18_1_L3,DEP,Environmental Protection,Level 3 Fast Charger,1,20 Westlake Dr,Valhalla,10595,Upstate,41.09324,-73.768318,address,geocoded by the Census Bureau,,,NYC Open Data fc53-9hrv
DEP_SHAFT10-1,DEP,Environmental Protection,Level 2 Charger,2,1286 US-6,Carmel Hamlet,10512,Upstate,41.401352,-73.705957,address,geocoded by the Census Bureau,,,NYC Open Data fc53-9hrv
DEP_SHAFT10-2,DEP,Environmental Protection,Level 2 Charger,2,1286 US-6,Carmel Hamlet,10512,Upstate,41.401352,-73.705957,address,geocoded by the Census Bureau,,,NYC Open Data fc53-9hrv
DEP_SHAFT18,DEP,Environmental Protection,Level 2 Charger,2,20 Westlake Dr,Valhalla,10595,Upstate,41.09324,-73.768318,address,geocoded by the Census Bureau,,,NYC Open Data fc53-9hrv
DEP_SHAFT18-2,DEP,Environmental Protection,Level 2 Charger,2,1 W Westlake Dr,Valhalla,10595,Upstate,41.09054,-73.77235,address,geocoded by the Census Bureau,,,NYC Open Data fc53-9hrv
DEP_SHAFT18-3,DEP,Environmental Protection,Level 2 Charger,2,1 W Westlake Dr,Valhalla,10595,Upstate,41.09054,-73.77235,address,geocoded by the Census Bureau,,,NYC Open Data fc53-9hrv
DEP_SHAFT18-4,DEP,Environmental Protection,Level 2 Charger,2,20 Westlake Dr,Valhalla,10595,Upstate,41.09324,-73.768318,address,geocoded by the Census Bureau,,,NYC Open Data fc53-9hrv
DEP_SHAFT6_1_L3,DEP,Environmental Protection,Level 3 Fast Charger,1,201 River Road North,Wappingers Falls,12590,Upstate,41.56123,-73.957216,address,geocoded by the Census Bureau,,,NYC Open Data fc53-9hrv
DEP_SHFT10_1_L3,DEP,Environmental Protection,Level 3 Fast Charger,1,1286 U.S. 6,Carmel Hamlet,10512,Upstate,41.401352,-73.705957,address,geocoded by the Census Bureau,,,NYC Open Data fc53-9hrv
DEP_SIREPAIR-S1,DEP,Environmental Protection,EV Solar Arc Charger,1,182 Joline Ave,Staten Island,10307,Staten Island,40.508319,-74.235614,city,,,,NYC Open Data fc53-9hrv
DEP_SIREPAIR-S2,DEP,Environmental Protection,EV Solar Arc Charger,1,182 Joline Ave,Staten Island,10307,Staten Island,40.508319,-74.235614,city,,,,NYC Open Data fc53-9hrv
DEP_SMAINT_1_L3,DEP,Environmental Protection,Level 3 Fast Charger,1,350 Flushing Ave,Brooklyn,11205,Brooklyn,40.69834,-73.960921,city,,,,NYC Open Data fc53-9hrv
DEP_SMAINT_2_L3,DEP,Environmental Protection,Level 3 Fast Charger,1,350 Flushing Ave,Brooklyn,11205,Brooklyn,40.69834,-73.960921,city,,,,NYC Open Data fc53-9hrv
DEP_SUTTON_1_L3,DEP,Environmental Protection,Level 3 Fast Charger,1,465 Columbus Avenue,Valhalla,10595,Upstate,41.098901,-73.777294,address,geocoded by the Census Bureau,,,NYC Open Data fc53-9hrv
DEP_SUTTON_2_L3,DEP,Environmental Protection,Level 3 Fast Charger,1,465 Columbus Avenue,Valhalla,10595,Upstate,41.098901,-73.777294,address,geocoded by the Census Bureau,,,NYC Open Data fc53-9hrv
DEP_TALLMAN-1,DEP,Environmental Protection,Level 2 Charger,2,182 Powells Cove Blvd,Queens,11356,Queens,40.794058,-73.840271,facility,"Tallman Island wastewater plant, 127-01 Powells Cove Boulevard",,,NYC Open Data fc53-9hrv
DEP_TALLMAN-2,DEP,Environmental Protection,Level 2 Charger,2,182 Powells Cove Blvd,Queens,11356,Queens,40.794058,-73.840271,facility,"Tallman Island wastewater plant, 127-01 Powells Cove Boulevard",,,NYC Open Data fc53-9hrv
DEP_TALLMAN-3,DEP,Environmental Protection,Level 2 Charger,2,182 Powells Cove Blvd,Queens,11356,Queens,40.794058,-73.840271,facility,"Tallman Island wastewater plant, 127-01 Powells Cove Boulevard",,,NYC Open Data fc53-9hrv
DEP_TALLMAN-4,DEP,Environmental Protection,Level 2 Charger,2,182 Powells Cove Blvd,Queens,11356,Queens,40.794058,-73.840271,facility,"Tallman Island wastewater plant, 127-01 Powells Cove Boulevard",,,NYC Open Data fc53-9hrv
DEP_TALLMAN-5,DEP,Environmental Protection,Level 2 Charger,2,182 Powells Cove Blvd,Queens,11356,Queens,40.794058,-73.840271,facility,"Tallman Island wastewater plant, 127-01 Powells Cove Boulevard",,,NYC Open Data fc53-9hrv
DEP_TALLMAN-6,DEP,Environmental Protection,Level 2 Charger,2,182 Powells Cove Blvd,Queens,11356,Queens,40.794058,-73.840271,facility,"Tallman Island wastewater plant, 127-01 Powells Cove Boulevard",,,NYC Open Data fc53-9hrv
DEP_TALLMAN-7,DEP,Environmental Protection,Level 2 Charger,2,182 Powells Cove Blvd,Queens,11356,Queens,40.794058,-73.840271,facility,"Tallman Island wastewater plant, 127-01 Powells Cove Boulevard",,,NYC Open Data fc53-9hrv
DEP_TALLMAN-8,DEP,Environmental Protection,Level 2 Charger,2,182 Powells Cove Blvd,Queens,11356,Queens,40.794058,-73.840271,facility,"Tallman Island wastewater plant, 127-01 Powells Cove Boulevard",,,NYC Open Data fc53-9hrv
DEP_TALLMAN-9,DEP,Environmental Protection,Level 2 Charger,2,182 Powells Cove Blvd,Queens,11356,Queens,40.794058,-73.840271,facility,"Tallman Island wastewater plant, 127-01 Powells Cove Boulevard",,,NYC Open Data fc53-9hrv
DEP_TALLMN_1_L3,DEP,Environmental Protection,Level 3 Fast Charger,1,127-01 Powell Cove Blvd,Queens,11356,Queens,40.793864,-73.840525,city,,,,NYC Open Data fc53-9hrv
DEP_TALLMN_2_L3,DEP,Environmental Protection,Level 3 Fast Charger,1,127-01 Powell Cove Blvd,Queens,11356,Queens,40.793864,-73.840525,city,,,,NYC Open Data fc53-9hrv
DEP_TANNRSVLE-1,DEP,Environmental Protection,Level 2 Charger,2,130 Allen Lane,Tannersville,12485,Upstate,42.186809,-74.151367,address,,,,NYC Open Data fc53-9hrv
DEP_TNRVLE_1_L3,DEP,Environmental Protection,Level 3 Fast Charger,1,130 Allen Lane,Tannersville,12485,Upstate,42.186809,-74.151367,address,,,,NYC Open Data fc53-9hrv
DEP_W135ST#1,DEP,Environmental Protection,Level 2 Charger,2,725 W 135Th St,New York,10031,Manhattan,40.821384,-73.9581,city,,,,NYC Open Data fc53-9hrv
DEP_W135ST#2,DEP,Environmental Protection,Level 2 Charger,2,725 W 135Th St,New York,10031,Manhattan,40.821384,-73.9581,city,,,,NYC Open Data fc53-9hrv
DEP_WARDMRNE-1,DEP,Environmental Protection,Level 2 Charger,1,148 6 Dr,New York,10035,Manhattan,40.788869,-73.920097,city,,,,NYC Open Data fc53-9hrv
DEP_WARDNEWADMN,DEP,Environmental Protection,Level 2 Charger,2,104 B Rd,New York,10035,Manhattan,40.787146,-73.925083,city,,,,NYC Open Data fc53-9hrv
DEP_WARDS ISLAN,DEP,Environmental Protection,Level 2 Charger,2,Hell Gate Cir,New York,10035,Manhattan,40.791469,-73.921474,facility,"Wards Island wastewater plant, with the rest of its station group",,,NYC Open Data fc53-9hrv
DEP_WARDS_1_L3,DEP,Environmental Protection,Level 3 Fast Charger,1,104 B Rd,New York,10035,Manhattan,40.787146,-73.925083,city,,,,NYC Open Data fc53-9hrv
DEP_WARDS_2_L3,DEP,Environmental Protection,Level 3 Fast Charger,1,104 B Rd,New York,10035,Manhattan,40.787146,-73.925083,city,,,,NYC Open Data fc53-9hrv
DEP_WARDS_3_L3,DEP,Environmental Protection,Level 3 Fast Charger,1,142 A Rd,New York,10035,Manhattan,40.785113,-73.923366,city,,,,NYC Open Data fc53-9hrv
DEP_WARDS_4_L3,DEP,Environmental Protection,Level 3 Fast Charger,1,142 A Rd,New York,10035,Manhattan,40.785113,-73.923366,city,,,,NYC Open Data fc53-9hrv
DEP_WARDS_5_L3,DEP,Environmental Protection,Level 3 Fast Charger,1,142 A Rd,New York,10035,Manhattan,40.785113,-73.923366,city,,,,NYC Open Data fc53-9hrv
DEP_WARDS_6_L3,DEP,Environmental Protection,Level 3 Fast Charger,1,142 A Rd,New York,10035,Manhattan,40.785113,-73.923366,city,,,,NYC Open Data fc53-9hrv
DEP_WARDS_7_L3,DEP,Environmental Protection,Level 3 Fast Charger,1,149 8 Dr,New York,10035,Manhattan,40.788166,-73.919762,city,,,,NYC Open Data fc53-9hrv
DEP_WARDS_8_L3,DEP,Environmental Protection,Level 3 Fast Charger,1,149 8 Dr,New York,10035,Manhattan,40.788166,-73.919762,city,,,,NYC Open Data fc53-9hrv
DEP_WARDSADMN-1,DEP,Environmental Protection,Level 2 Charger,1,106 2Nd Dr,New York,10035,Manhattan,40.788715,-73.924539,city,,,,NYC Open Data fc53-9hrv
DEP_WARDS-ARC,DEP,Environmental Protection,EV Solar Arc Charger,1,111 3Rd Dr,New York,10035,Manhattan,40.787573,-73.924403,city,,,,NYC Open Data fc53-9hrv
DEP_WARDSTLR-1,DEP,Environmental Protection,Level 2 Charger,1,143 A Rd,New York,10035,Manhattan,40.785113,-73.923366,city,,,,NYC Open Data fc53-9hrv
DEP_WARDTRLR116,DEP,Environmental Protection,Level 2 Charger,2,116 4Th Dr,New York,10035,Manhattan,40.791082,-73.921051,city,,,,NYC Open Data fc53-9hrv
DEP_WDRC#1,DEP,Environmental Protection,Level 2 Charger,2,3525 State Highway 10,Deposit,13754,Upstate,42.054458,-75.413762,approx,on State Highway 10 in Deposit; the house number could not be matched,,,NYC Open Data fc53-9hrv
DEP_WS_JEROME,DEP,Environmental Protection,Level 2 Charger,2,3327-3549 Jerome Ave,West Bronx,10468,Bronx,40.879456,-73.885016,city,,,,NYC Open Data fc53-9hrv
DEP_WS465COLU1,DEP,Environmental Protection,Level 2 Charger,2,465 Columbus Ave,Valhalla,10595,Upstate,41.098901,-73.777294,address,geocoded by the Census Bureau,,,NYC Open Data fc53-9hrv
DEP_WS465COLU2,DEP,Environmental Protection,Level 2 Charger,2,465 Columbus Ave,Valhalla,10595,Upstate,41.098901,-73.777294,address,geocoded by the Census Bureau,,,NYC Open Data fc53-9hrv
DEP_WT_HP_ADMIN,DEP,Environmental Protection,Level 2 Charger,2,1260 Ryawa Ave,Bronx,10474,Bronx,40.804742,-73.885322,city,,,,NYC Open Data fc53-9hrv
DEP_WT_PAEDERGA,DEP,Environmental Protection,Level 2 Charger,2,1887 Ralph Ave,Brooklyn,11234,Brooklyn,40.631239,-73.918502,city,,,,NYC Open Data fc53-9hrv
DEP_WTNEWTOWN-1,DEP,Environmental Protection,Level 2 Charger,1,289-369 Greenpoint Ave,Brooklyn,11222,Brooklyn,40.730973,-73.947675,city,,,,NYC Open Data fc53-9hrv
DEPCNY_ISL_1_L3,DEP,Environmental Protection,Level 3 Fast Charger,1,2509 Knapp St,Sheepshead Bay,11235,Brooklyn,40.592085,-73.932521,city,,,,NYC Open Data fc53-9hrv
DEPCNY_ISL_2_L3,DEP,Environmental Protection,Level 3 Fast Charger,1,3002 Knapp St,Sheepshead Bay,11235,Brooklyn,40.592085,-73.932521,facility,"Coney Island wastewater plant, with the rest of its station group",,,NYC Open Data fc53-9hrv
DEPDOWNSVILLE_1,DEP,Environmental Protection,Level 2 Charger,2,20 New York City Highway 30A,Downsville,13755,Upstate,42.074272,-74.96789,approx,"Downsville, at the Pepacton Reservoir dam; the listed address could not be matched",,,NYC Open Data fc53-9hrv
DEPDOWNSVILLE_2,DEP,Environmental Protection,Level 2 Charger,2,40 New York City Highway 30A,Downsville,13755,Upstate,42.074272,-74.96789,approx,"Downsville, at the Pepacton Reservoir dam; the listed address could not be matched",,,NYC Open Data fc53-9hrv
DEPDOWNSVILLE_3,DEP,Environmental Protection,Level 2 Charger,2,20 New York City Highway 30A,Downsville,13755,Upstate,42.074272,-74.96789,approx,"Downsville, at the Pepacton Reservoir dam; the listed address could not be matched",,,NYC Open Data fc53-9hrv
DEPDOWNSVILLE_4,DEP,Environmental Protection,Level 2 Charger,2,20 New York City Highway 30A,Downsville,13755,Upstate,42.074272,-74.96789,approx,"Downsville, at the Pepacton Reservoir dam; the listed address could not be matched",,,NYC Open Data fc53-9hrv
DEPDOWNSVILLE_5,DEP,Environmental Protection,Level 2 Charger,2,20 New York City Highway 30A,Downsville,13755,Upstate,42.074272,-74.96789,approx,"Downsville, at the Pepacton Reservoir dam; the listed address could not be matched",,,NYC Open Data fc53-9hrv
DEP-FMC,DEP,Environmental Protection,Level 2 Charger,2,58-30 Grand Ave,Maspeth,11378,Queens,40.719651,-73.91119,city,,,,NYC Open Data fc53-9hrv
DEPJAMAICA_1_L3,DEP,Environmental Protection,Level 3 Fast Charger,1,150-20 134th St,Queens,11420,Queens,40.662964,-73.806765,city,,,,NYC Open Data fc53-9hrv
DEPJAMAICA_2_L3,DEP,Environmental Protection,Level 3 Fast Charger,1,150-20 134 Street,Queens,11430,Queens,40.662964,-73.806765,city,,,,NYC Open Data fc53-9hrv
DEPJAMAICA_3_L3,DEP,Environmental Protection,Level 3 Fast Charger,1,150-20 134th St,Queens,11420,Queens,40.662964,-73.806765,city,,,,NYC Open Data fc53-9hrv
DOC_RNDC-1,DOC,Correction,Level 2 Charger,2,11-11 Hazen Street,The Bronx,11370,Staten Island,40.788993,-73.882139,address,geocoded by the city (Planning Labs GeoSearch),,,NYC Open Data fc53-9hrv
DEPJAMAICA_4_L3,DEP,Environmental Protection,Level 3 Fast Charger,1,150-20 134 Street,Queens,11436,Queens,40.662964,-73.806765,city,,,,NYC Open Data fc53-9hrv
DEPNEWTOWNCRK01,DEP,Environmental Protection,Level 2 Charger,2,319 Greenpoint Ave,Greenpoint,11222,Brooklyn,40.731272,-73.946848,city,,,,NYC Open Data fc53-9hrv
DEPNEWTOWNCRK02,DEP,Environmental Protection,Level 2 Charger,2,319 Greenpoint Ave,Greenpoint,11222,Brooklyn,40.731272,-73.946848,city,,,,NYC Open Data fc53-9hrv
DEPNEWTOWNCRK03,DEP,Environmental Protection,Level 2 Charger,2,319 Greenpoint Ave,Greenpoint,11222,Brooklyn,40.731272,-73.946848,city,,,,NYC Open Data fc53-9hrv
DEPNORTHRIVER01,DEP,Environmental Protection,Level 2 Charger,1,750 W 145Th St,New York,10031,Manhattan,40.827108,-73.95466,city,,,,NYC Open Data fc53-9hrv
DEPNRVWWTP_1_L3,DEP,Environmental Protection,Level 3 Fast Charger,1,725 W 135Th St,New York,10031,Manhattan,40.821384,-73.9581,city,,,,NYC Open Data fc53-9hrv
DEPNRVWWTP_2_L3,DEP,Environmental Protection,Level 3 Fast Charger,1,725 W 135th St,New York,10031,Manhattan,40.821384,-73.9581,city,,,,NYC Open Data fc53-9hrv
DEPNRVWWTP_3_L3,DEP,Environmental Protection,Level 3 Fast Charger,1,725 W 135th St,New York,10031,Manhattan,40.821384,-73.9581,city,,,,NYC Open Data fc53-9hrv
DEPNRVWWTP_4_L3,DEP,Environmental Protection,Level 3 Fast Charger,1,725 W 135th St,New York,10031,Manhattan,40.821384,-73.9581,city,,,,NYC Open Data fc53-9hrv
DEPNRVWWTP_5_L3,DEP,Environmental Protection,Level 3 Fast Charger,1,725 W 135th St,New York,10031,Manhattan,40.821384,-73.9581,city,,,,NYC Open Data fc53-9hrv
DEPNRVWWTP_6_L3,DEP,Environmental Protection,Level 3 Fast Charger,1,725 W 135th St,New York,10031,Manhattan,40.821384,-73.9581,city,,,,NYC Open Data fc53-9hrv
DEPNRVWWTP_7_L3,DEP,Environmental Protection,Level 3 Fast Charger,1,725 W 135th St,New York,10031,Manhattan,40.821384,-73.9581,city,,,,NYC Open Data fc53-9hrv
DEPNRVWWTP_8_L3,DEP,Environmental Protection,Level 3 Fast Charger,1,725 W 135th St,New York,10031,Manhattan,40.821384,-73.9581,city,,,,NYC Open Data fc53-9hrv
DEPNRVWWTP_9_L3,DEP,Environmental Protection,Level 3 Fast Charger,1,735 W 135th St,New York,10031,Manhattan,40.821408,-73.958161,city,,,,NYC Open Data fc53-9hrv
DEPNRVWWTP10_L3,DEP,Environmental Protection,Level 3 Fast Charger,1,735 W 135th St,New York,10031,Manhattan,40.821408,-73.958161,city,,,,NYC Open Data fc53-9hrv
DEPNRVWWTP11_L3,DEP,Environmental Protection,Level 3 Fast Charger,1,735 W 135th St,New York,10031,Manhattan,40.821408,-73.958161,city,,,,NYC Open Data fc53-9hrv
DEPNRVWWTP12_L3,DEP,Environmental Protection,Level 3 Fast Charger,1,735 W 135th St,New York,10031,Manhattan,40.821408,-73.958161,city,,,,NYC Open Data fc53-9hrv
DEPNRVWWTP13_L3,DEP,Environmental Protection,Level 3 Fast Charger,1,735 W 135th St,New York,10031,Manhattan,40.821408,-73.958161,city,,,,NYC Open Data fc53-9hrv
DEPNTWNCRK_1_L3,DEP,Environmental Protection,Level 3 Fast Charger,1,327 Greenpoint Ave,Greenpoint,11222,Brooklyn,40.731351,-73.946628,city,,,,NYC Open Data fc53-9hrv
DEPNTWNCRK_2_L3,DEP,Environmental Protection,Level 3 Fast Charger,1,319 Greenpoint Ave,Greenpoint,11222,Brooklyn,40.731272,-73.946848,city,,,,NYC Open Data fc53-9hrv
DEPNTWNCRK_3_L3,DEP,Environmental Protection,Level 3 Fast Charger,1,319 Greenpoint Ave,Greenpoint,11222,Brooklyn,40.731272,-73.946848,city,,,,NYC Open Data fc53-9hrv
DEPNTWNCRK_4_L3,DEP,Environmental Protection,Level 3 Fast Charger,1,319 Greenpoint Ave,Greenpoint,11222,Brooklyn,40.731272,-73.946848,city,,,,NYC Open Data fc53-9hrv
DEPNTWNCRK_5_L3,DEP,Environmental Protection,Level 3 Fast Charger,1,319 Greenpoint Ave,Greenpoint,11222,Brooklyn,40.731272,-73.946848,city,,,,NYC Open Data fc53-9hrv
DEPNTWNCRK_6_L3,DEP,Environmental Protection,Level 3 Fast Charger,1,319 Greenpoint Ave,Greenpoint,11222,Brooklyn,40.731272,-73.946848,city,,,,NYC Open Data fc53-9hrv
DEPNTWNOFFICE-1,DEP,Environmental Protection,Level 2 Charger,2,329 Greenpoint Avenue,Brooklyn,11222,Brooklyn,40.731483,-73.946271,city,,,,NYC Open Data fc53-9hrv
DEPNTWNOFFICE-2,DEP,Environmental Protection,Level 2 Charger,2,329 Greenpoint Avenue,Brooklyn,11222,Brooklyn,40.731483,-73.946271,city,,,,NYC Open Data fc53-9hrv
DEPNTWNOFFICE-3,DEP,Environmental Protection,Level 2 Charger,2,329 Greenpoint Avenue,Brooklyn,11222,Brooklyn,40.731483,-73.946271,city,,,,NYC Open Data fc53-9hrv
DEPNTWNOFFICE-4,DEP,Environmental Protection,Level 2 Charger,2,329 Greenpoint Avenue,Brooklyn,11222,Brooklyn,40.731483,-73.946271,city,,,,NYC Open Data fc53-9hrv
DEPNTWNOFFICE-5,DEP,Environmental Protection,Level 2 Charger,2,329 Greenpoint Avenue,Brooklyn,11222,Brooklyn,40.731483,-73.946271,city,,,,NYC Open Data fc53-9hrv
DEPNTWNOFFICE-6,DEP,Environmental Protection,Level 2 Charger,2,329 Greenpoint Avenue,Brooklyn,11222,Brooklyn,40.731483,-73.946271,city,,,,NYC Open Data fc53-9hrv
DEPNTWNOFFICE-7,DEP,Environmental Protection,Level 2 Charger,2,329 Greenpoint Avenue,Brooklyn,11222,Brooklyn,40.731483,-73.946271,city,,,,NYC Open Data fc53-9hrv
DEPOAKWWTP_1_L3,DEP,Environmental Protection,Level 3 Fast Charger,1,683 Mill Rd,Staten Island,10306,Staten Island,40.553917,-74.117306,city,,,,NYC Open Data fc53-9hrv
DEPOAKWWTP_2_L3,DEP,Environmental Protection,Level 3 Fast Charger,1,683 Mill Rd,Staten Island,10306,Staten Island,40.553917,-74.117306,city,,,,NYC Open Data fc53-9hrv
DEPOAKWWTP_3_L3,DEP,Environmental Protection,Level 3 Fast Charger,1,751 Mill Rd,Staten Island,10306,Staten Island,40.552071,-74.116133,city,,,,NYC Open Data fc53-9hrv
DEPOAKWWTP_4_L3,DEP,Environmental Protection,Level 3 Fast Charger,1,751 Mill Rd,Staten Island,10306,Staten Island,40.552071,-74.116133,city,,,,NYC Open Data fc53-9hrv
DEPOAKWWTP_5_L3,DEP,Environmental Protection,Level 3 Fast Charger,1,751 Mill Rd,Staten Island,10306,Staten Island,40.552071,-74.116133,city,,,,NYC Open Data fc53-9hrv
DEPOAKWWTP_6_L3,DEP,Environmental Protection,Level 3 Fast Charger,1,751 Mill Rd,Staten Island,10306,Staten Island,40.552071,-74.116133,city,,,,NYC Open Data fc53-9hrv
DEPOAKWWTP_7_L3,DEP,Environmental Protection,Level 3 Fast Charger,1,751 Mill Rd,Staten Island,10306,Staten Island,40.552071,-74.116133,city,,,,NYC Open Data fc53-9hrv
DEPOAKWWTP_8_L3,DEP,Environmental Protection,Level 3 Fast Charger,1,751 Mill Rd,Staten Island,10306,Staten Island,40.552071,-74.116133,city,,,,NYC Open Data fc53-9hrv
DEPPLSNTVLEALUM-S1,DEP,Environmental Protection,EV Solar Arc Charger,1,116 Broadway,Westchester,10570,Upstate,41.136541,-73.77743,address,geocoded by the Census Bureau,,,NYC Open Data fc53-9hrv
DEPQNSNSWR_1_L3,DEP,Environmental Protection,Level 3 Fast Charger,1,133-25 32nd Avenue,Queens,11354,Queens,40.766974,-73.835301,city,,,,NYC Open Data fc53-9hrv
DEPQNSNSWR_2_L3,DEP,Environmental Protection,Level 3 Fast Charger,1,133-25 32nd Avenue,Queens,11354,Queens,40.766974,-73.835301,city,,,,NYC Open Data fc53-9hrv
DEPQNSNSWR_3_L3,DEP,Environmental Protection,Level 3 Fast Charger,1,133-25 32nd Avenue,Queens,11354,Queens,40.766974,-73.835301,city,,,,NYC Open Data fc53-9hrv
DEPQUEENSREP-S1,DEP,Environmental Protection,EV Solar Arc Charger,1,106-36 180th St,Queens,11433,Queens,40.703128,-73.77772,city,,,,NYC Open Data fc53-9hrv
DEPQUEENSREP-S2,DEP,Environmental Protection,EV Solar Arc Charger,1,106-36 180th St,Queens,11433,Queens,40.703128,-73.77772,city,,,,NYC Open Data fc53-9hrv
DEPROCKAWY_1_L3,DEP,Environmental Protection,Level 3 Fast Charger,1,106 Beach Channel Dr,Queens,11694,Queens,40.583737,-73.829845,facility,"Rockaway wastewater plant, 106-21 Beach Channel Drive",,,NYC Open Data fc53-9hrv
DEPROCKAWY_2_L3,DEP,Environmental Protection,Level 3 Fast Charger,1,106 Beach Channel Dr,Queens,11694,Queens,40.583737,-73.829845,facility,"Rockaway wastewater plant, 106-21 Beach Channel Drive",,,NYC Open Data fc53-9hrv
DEPROCKAWY_3_L3,DEP,Environmental Protection,Level 3 Fast Charger,1,106 Beach Channel Dr,Queens,11694,Queens,40.583737,-73.829845,facility,"Rockaway wastewater plant, 106-21 Beach Channel Drive",,,NYC Open Data fc53-9hrv
DEPROCKAWY_4_L3,DEP,Environmental Protection,Level 3 Fast Charger,1,106 Beach Channel Dr,Queens,11694,Queens,40.583737,-73.829845,facility,"Rockaway wastewater plant, 106-21 Beach Channel Drive",,,NYC Open Data fc53-9hrv
DEPROCKAWY_5_L3,DEP,Environmental Protection,Level 3 Fast Charger,1,106 Beach Channel Dr,Queens,11694,Queens,40.583737,-73.829845,facility,"Rockaway wastewater plant, 106-21 Beach Channel Drive",,,NYC Open Data fc53-9hrv
DEPROCKAWY_6_L3,DEP,Environmental Protection,Level 3 Fast Charger,1,106 Beach Channel Dr,Queens,11694,Queens,40.583737,-73.829845,facility,"Rockaway wastewater plant, 106-21 Beach Channel Drive",,,NYC Open Data fc53-9hrv
DEPVALHALLA1_L3,DEP,Environmental Protection,Level 3 Fast Charger,1,10 Walker Rd,Valhalla,10595,Upstate,41.076677,-73.813644,address,geocoded by the Census Bureau,,,NYC Open Data fc53-9hrv
DHS_BKLMNR_1_L3,DHS,Homeless Services,Level 3 Fast Charger,1,300 Skillman Ave,Brooklyn,11211,Brooklyn,40.71663,-73.939205,city,,,,NYC Open Data fc53-9hrv
DHS_BKLMNR-1,DHS,Homeless Services,Level 2 Charger,2,300 Skillman Ave,East Williamsburg,11211,Brooklyn,40.71663,-73.939205,city,,,,NYC Open Data fc53-9hrv
DHS_BKLMNR-2,DHS,Homeless Services,Level 2 Charger,2,300 Skillman Ave,East Williamsburg,11211,Brooklyn,40.71663,-73.939205,city,,,,NYC Open Data fc53-9hrv
DHS_COMM#27,DHS,Homeless Services,Level 2 Charger,1,64 Sunken Garden Loop,New York,10035,Manhattan,40.785494,-73.931397,city,,,,NYC Open Data fc53-9hrv
DHS_FARRAGUT-1,DHS,Homeless Services,Level 2 Charger,1,10107 Farragut Rd,Brooklyn,11236,Brooklyn,40.648081,-73.901772,city,,,,NYC Open Data fc53-9hrv
DHS_FARRAGUT-2,DHS,Homeless Services,Level 2 Charger,1,10107 Farragut Rd,Brooklyn,11236,Brooklyn,40.648081,-73.901772,city,,,,NYC Open Data fc53-9hrv
DHS_FARRAGUT-3,DHS,Homeless Services,Level 2 Charger,1,10107 Farragut Rd,Brooklyn,11236,Brooklyn,40.648081,-73.901772,city,,,,NYC Open Data fc53-9hrv
DHSFARAGUT_1_L3,DHS,Homeless Services,Level 3 Fast Charger,1,10107 Farragut Rd,Brooklyn,11236,Brooklyn,40.648081,-73.901772,city,,,,NYC Open Data fc53-9hrv
DHSFARAGUT_2_L3,DHS,Homeless Services,Level 3 Fast Charger,1,10107 Farragut Rd,Brooklyn,11236,Brooklyn,40.648081,-73.901772,city,,,,NYC Open Data fc53-9hrv
DHSFARAGUT_3_L3,DHS,Homeless Services,Level 3 Fast Charger,1,10107 Farragut Rd,Brooklyn,11236,Brooklyn,40.648081,-73.901772,city,,,,NYC Open Data fc53-9hrv
DHSFARAGUT_4_L3,DHS,Homeless Services,Level 3 Fast Charger,1,10107 Farragut Rd,Brooklyn,11236,Brooklyn,40.648081,-73.901772,city,,,,NYC Open Data fc53-9hrv
DOB_BRDWY_1_L3,DOB,Buildings,Level 3 Fast Charger,1,280 Broadway,Manhattan,10007,Manhattan,40.714417,-74.006089,city,,,,NYC Open Data fc53-9hrv
DOB_QBH-S1,DOB,Buildings,EV Solar Arc Charger,1,120-55 Queens Blvd,Queens,11424,Queens,40.713329,-73.828601,city,,,,NYC Open Data fc53-9hrv
DOC_CHAPEL_1_L3,DOC,Correction,Level 3 Fast Charger,1,0 Hazen St,Queens,11370,Bronx,40.790301,-73.884412,facility,"Rikers Island, with the rest of its station group",,,NYC Open Data fc53-9hrv
DOC_CHAPEL_2_L3,DOC,Correction,Level 3 Fast Charger,1,16-16 Hazen St,Queens,11370,Queens,40.790301,-73.884412,city,,,,NYC Open Data fc53-9hrv
DOC_CHAPEL_3_L3,DOC,Correction,Level 3 Fast Charger,1,16-16 Hazen St,Queens,11370,Queens,40.790301,-73.884412,city,,,,NYC Open Data fc53-9hrv
DOC_CHAPEL_4_L3,DOC,Correction,Level 3 Fast Charger,1,16-16 Hazen St,Queens,11370,Queens,40.790301,-73.884412,city,,,,NYC Open Data fc53-9hrv
DOC_CHAPEL_5_L3,DOC,Correction,Level 3 Fast Charger,1,16-16 Hazen St,Queens,11370,Queens,40.790301,-73.884412,city,,,,NYC Open Data fc53-9hrv
DOC_CHAPEL_6_L3,DOC,Correction,Level 3 Fast Charger,1,16-16 Hazen St,Queens,11370,Queens,40.790301,-73.884412,city,,,,NYC Open Data fc53-9hrv
DOC_CHAPEL-1,DOC,Correction,Level 2 Charger,2,12-00 Hazen Street,East Elmhurst,11370,Queens,40.793765,-73.884156,city,,,,NYC Open Data fc53-9hrv
DOC_CHAPEL-S1,DOC,Correction,EV Solar Arc Charger,1,15-0 Hazen St,East Elmhurst,11370,Queens,40.790985,-73.884396,city,,,,NYC Open Data fc53-9hrv
DOC_DCFLEET,DOC,Correction,Level 2 Charger,2,15 Hazen St,Queens,11370,Bronx,40.790576,-73.881894,approx,Rikers Island; the listed address does not pin down a spot on the island,,,NYC Open Data fc53-9hrv
DOC_DCJC,DOC,Correction,Level 2 Charger,2,Rikers Island,East Elmhurst,11370,Queens,40.790576,-73.881894,city,,,,NYC Open Data fc53-9hrv
DOC_DIVISION-2,DOC,Correction,Level 2 Charger,2,Hillside Ave,Bronx,10474,Bronx,40.790576,-73.881894,approx,Rikers Island; the listed address does not pin down a spot on the island,,,NYC Open Data fc53-9hrv
DOC_ENVHEALTH,DOC,Correction,Level 2 Charger,2,Hillside Ave,Bronx,10474,Bronx,40.790576,-73.881894,approx,Rikers Island; the listed address does not pin down a spot on the island,,,NYC Open Data fc53-9hrv
DOC_ETAYLOR-S,DOC,Correction,EV Solar Arc Charger,1,Rikers Is Br Appr,Flushing,11371,Queens,40.790576,-73.881894,approx,Rikers Island; the listed address does not pin down a spot on the island,,,NYC Open Data fc53-9hrv
DOC_FDC TRAILER,DOC,Correction,Level 2 Charger,2,16-06 Hazen St,The Bronx,11370,Bronx,40.790307,-73.884412,city,,,,NYC Open Data fc53-9hrv
DOC_FFF-CPT,DOC,Correction,Level 2 Charger,2,120 Construction Way,Riker's Island,11105,Queens,40.790576,-73.881894,approx,Rikers Island; the listed address does not pin down a spot on the island,,,NYC Open Data fc53-9hrv
DOC_FLEETMT1A-B,DOC,Correction,Level 2 Charger,2,1717 Hazen St.,Riker's Island,11370,Queens,40.788899,-73.884411,city,,,,NYC Open Data fc53-9hrv
DOC_FLEETMT2A-B,DOC,Correction,Level 2 Charger,2,1717 Hazen Street,Riker's Island,11370,Queens,40.788899,-73.884411,city,,,,NYC Open Data fc53-9hrv
DOC_FLEETUNIT-1,DOC,Correction,Level 2 Charger,2,17-17 Hazen St,Bronx,11474,Bronx,40.788899,-73.884411,city,,,,NYC Open Data fc53-9hrv
DOC_FMRDCOMPLEX,DOC,Correction,Level 2 Charger,2,0 Hazen St,Riker's Island,11370,Queens,40.790576,-73.881894,approx,Rikers Island; the listed address does not pin down a spot on the island,,,NYC Open Data fc53-9hrv
DOC_FMRDPLUMB#1,DOC,Correction,Level 2 Charger,2,14 Hazen St,Bronx,11370,Bronx,40.790576,-73.881894,approx,Rikers Island; the listed address does not pin down a spot on the island,,,NYC Open Data fc53-9hrv
DOC_FMRD-WH,DOC,Correction,Level 2 Charger,2,Hazen St,Riker's Island,10474,Bronx,40.790576,-73.881894,approx,Rikers Island; the listed address does not pin down a spot on the island,,,NYC Open Data fc53-9hrv
DOC_GMDCREAR#1,DOC,Correction,Level 2 Charger,2,15-15 Hazen Street,The Bronx,11370,Queens,40.790976,-73.884374,city,,,,NYC Open Data fc53-9hrv
DOC_GRVC-1,DOC,Correction,Level 2 Charger,2,09-09 Hazen Street,The Bronx,11370,Queens,40.794577,-73.884162,city,,,,NYC Open Data fc53-9hrv
DOC_HAZEN16,DOC,Correction,Level 2 Charger,2,16-16 Hazen St,East Elmhurst,11370,Bronx,40.790301,-73.884412,city,,,,NYC Open Data fc53-9hrv
DOC_HAZENDCFC,DOC,Correction,Level 3 Fast Charger,1,Hazen St,Riker's Island,10474,Bronx,40.790576,-73.881894,approx,Rikers Island; the listed address does not pin down a spot on the island,,,NYC Open Data fc53-9hrv
DOC_HAZENLOT4,DOC,Correction,Level 2 Charger,1,15-15 Hazen St,Bronx,10474,Bronx,40.790976,-73.884374,city,,,,NYC Open Data fc53-9hrv
DOC_HAZENLOT-S1,DOC,Correction,EV Solar Arc Charger,1,Hazen St,Riker's Island,10474,Bronx,40.790976,-73.884374,facility,"Rikers Island, with the rest of its station group",,,NYC Open Data fc53-9hrv
DOC_HAZENLOT-S2,DOC,Correction,EV Solar Arc Charger,1,Hazen St,Riker's Island,10474,Bronx,40.790976,-73.884374,facility,"Rikers Island, with the rest of its station group",,,NYC Open Data fc53-9hrv
DOC_HAZENLOT-S3,DOC,Correction,EV Solar Arc Charger,1,Hazen St,Riker's Island,10474,Bronx,40.790976,-73.884374,facility,"Rikers Island, with the rest of its station group",,,NYC Open Data fc53-9hrv
DOC_HAZENLT1A-B,DOC,Correction,Level 2 Charger,2,Hazen St,Riker's Island,10474,Bronx,40.790576,-73.881894,approx,Rikers Island; the listed address does not pin down a spot on the island,,,NYC Open Data fc53-9hrv
DOC_HAZENLT2A-B,DOC,Correction,Level 2 Charger,2,Hazen St,Riker's Island,10474,Bronx,40.790576,-73.881894,approx,Rikers Island; the listed address does not pin down a spot on the island,,,NYC Open Data fc53-9hrv
DOC_IT_WAREHSE,DOC,Correction,Level 2 Charger,2,15B West 5th Street East Elmhurst,Riker's Island,11370,Bronx,40.790576,-73.881894,approx,Rikers Island; the listed address does not pin down a spot on the island,,,NYC Open Data fc53-9hrv
DOC_MCD_IT_1,DOC,Correction,Level 2 Charger,2,0 Hazen St,New York,11370,Bronx,40.790576,-73.881894,approx,Rikers Island; the listed address does not pin down a spot on the island,,,NYC Open Data fc53-9hrv
DOC_NIC-1,DOC,Correction,Level 2 Charger,2,15-00 Hazen St,Queens,11370,Bronx,40.790985,-73.884396,city,,,,NYC Open Data fc53-9hrv
DOC_OBCC1,DOC,Correction,Level 2 Charger,2,16-00 Hazen Street,The Bronx,11370,Bronx,40.790312,-73.884412,city,,,,NYC Open Data fc53-9hrv
DOC_PREA-1,DOC,Correction,Level 2 Charger,2,1 Construction Way,Bronx,11371,Bronx,40.790576,-73.881894,approx,Rikers Island; the listed address does not pin down a spot on the island,,,NYC Open Data fc53-9hrv
DOC_PREA-2,DOC,Correction,Level 2 Charger,2,1 Construction Way,Bronx,11371,Bronx,40.790576,-73.881894,approx,Rikers Island; the listed address does not pin down a spot on the island,,,NYC Open Data fc53-9hrv
DOC_QNSCOURT,DOC,Correction,Level 2 Charger,2,125-01 82Nd Ave,Kew Gardens,11415,Queens,40.710935,-73.831627,city,,,,NYC Open Data fc53-9hrv
DOC_RADIO-1,DOC,Correction,Level 2 Charger,2,1616 Hazen St,The Bronx,10457,Bronx,40.790301,-73.884412,city,,,,NYC Open Data fc53-9hrv
DOC_RI-INVDIV-1,DOC,Correction,Level 2 Charger,2,Hillside Ave,Bronx,10474,Bronx,40.790576,-73.881894,approx,Rikers Island; the listed address does not pin down a spot on the island,,,NYC Open Data fc53-9hrv
DOC_RI-INVDIV-2,DOC,Correction,Level 2 Charger,2,Hillside Ave,Bronx,10474,Bronx,40.790576,-73.881894,approx,Rikers Island; the listed address does not pin down a spot on the island,,,NYC Open Data fc53-9hrv
DOC_RI-INVDIV-S,DOC,Correction,EV Solar Arc Charger,1,Hillside Ave,Bronx,10474,Bronx,40.790576,-73.881894,approx,Rikers Island; the listed address does not pin down a spot on the island,,,NYC Open Data fc53-9hrv
DOC_RMSC-1,DOC,Correction,Level 2 Charger,2,19-19 Hazen St,New York,11370,Queens,40.788432,-73.884444,city,,,,NYC Open Data fc53-9hrv
DOC_SDC-1,DOC,Correction,Level 2 Charger,2,SDC OFFICE,Queens,11370,Bronx,40.790576,-73.881894,approx,Rikers Island; the listed address does not pin down a spot on the island,,,NYC Open Data fc53-9hrv
DOC_VBAIN-S,DOC,Correction,EV Solar Arc Charger,1,1 Halleck Street,Bronx,10474,Bronx,40.802228,-73.877557,city,,,,NYC Open Data fc53-9hrv
DOC_VTF_1,DOC,Correction,Level 2 Charger,2,15 W 5th St,New York,11370,Bronx,40.790576,-73.881894,approx,Rikers Island; the listed address does not pin down a spot on the island,,,NYC Open Data fc53-9hrv
DOC_WFACADMIN-1,DOC,Correction,Level 2 Charger,2,1616 Hazen St,The Bronx,11370,Bronx,40.790301,-73.884412,city,,,,NYC Open Data fc53-9hrv
DOCCIBWESTFAC,DOC,Correction,Level 2 Charger,2,West Facility Cib,Elmhurst,11370,Queens,40.790868,-73.8908,facility,"West Facility, Rikers Island",,,NYC Open Data fc53-9hrv
DOCCMUTRAILER01,DOC,Correction,Level 2 Charger,2,50 Construction Way,Flushing,11371,Queens,40.790576,-73.881894,approx,Rikers Island; the listed address does not pin down a spot on the island,,,NYC Open Data fc53-9hrv
DOCCWOD3,DOC,Correction,Level 2 Charger,2,Hillside Ave,Bronx,10474,Bronx,40.790576,-73.881894,approx,Rikers Island; the listed address does not pin down a spot on the island,,,NYC Open Data fc53-9hrv
DOCFLEETMT_1_L3,DOC,Correction,Level 3 Fast Charger,1,17-17 Hazen St,Flushing,11370,Queens,40.788899,-73.884411,city,,,,NYC Open Data fc53-9hrv
DOCFLEETMT_2_L3,DOC,Correction,Level 3 Fast Charger,1,17-17 Hazen St.,Flushing,11370,Queens,40.788899,-73.884411,city,,,,NYC Open Data fc53-9hrv
DOCTRANSARSEN01,DOC,Correction,Level 2 Charger,2,Hillside Ave,Bronx,10474,Bronx,40.790576,-73.881894,approx,Rikers Island; the listed address does not pin down a spot on the island,,,NYC Open Data fc53-9hrv
DOCTRANSARSEN02,DOC,Correction,Level 2 Charger,2,Hillside Ave,Bronx,10474,Bronx,40.790576,-73.881894,approx,Rikers Island; the listed address does not pin down a spot on the island,,,NYC Open Data fc53-9hrv
DOCWELLNES_1_L3,DOC,Correction,Level 3 Fast Charger,1,Hazen St,Bronx,10474,Bronx,40.790576,-73.881894,approx,Rikers Island; the listed address does not pin down a spot on the island,,,NYC Open Data fc53-9hrv
DOE_ Q0001,DOE,Education Department,Level 2 Charger,1,165-65 84Th Ave,Queens,11432,Queens,40.715389,-73.800369,city,,,,NYC Open Data fc53-9hrv
DOE_ Q0002,DOE,Education Department,Level 2 Charger,1,165-65 84Th Ave,Queens,11432,Queens,40.715389,-73.800369,city,,,,NYC Open Data fc53-9hrv
DOE_ R0001,DOE,Education Department,Level 2 Charger,1,6581 Hylan Blvd,Staten Island,10309,Staten Island,40.509084,-74.22093,city,,,,NYC Open Data fc53-9hrv
DOE_131LIV-1,DOE,Education Department,Level 2 Charger,2,131 Livingston St,Downtown Brooklyn,11201,Brooklyn,40.690743,-73.988605,city,,,,NYC Open Data fc53-9hrv
DOE_131LIV-2,DOE,Education Department,Level 2 Charger,1,131 Livingston St,Brooklyn,11201,Brooklyn,40.690743,-73.988605,city,,,,NYC Open Data fc53-9hrv
DOE_18K860-#1,DOE,Education Department,Level 2 Charger,1,9517 Kings Hwy,Brooklyn,11212,Brooklyn,40.65911,-73.920368,city,,,,NYC Open Data fc53-9hrv
DOE_715OCNTER#1,DOE,Education Department,Level 2 Charger,1,715 Ocean Terrace,Staten Island,10301,Staten Island,40.608756,-74.102344,city,,,,NYC Open Data fc53-9hrv
DOE_715OCNTER#2,DOE,Education Department,Level 2 Charger,1,715 Ocean Terrace,Staten Island,10301,Staten Island,40.608756,-74.102344,city,,,,NYC Open Data fc53-9hrv
DOE_B&GHS-1,DOE,Education Department,Level 2 Charger,1,1700 Fulton St,Brooklyn,11213,Brooklyn,40.67944,-73.932407,city,,,,NYC Open Data fc53-9hrv
DOE_BXPS14#1,DOE,Education Department,Level 2 Charger,2,3047 Bruckner Blvd,Bronx,10461,Bronx,40.83587,-73.825774,city,,,,NYC Open Data fc53-9hrv
DOE_BXSCIHS-1,DOE,Education Department,Level 2 Charger,1,71 W 205th St,The Bronx,10468,Bronx,40.877537,-73.890921,city,,,,NYC Open Data fc53-9hrv
DOE_ELECBUS,DOE,Education Department,Level 2 Charger,2,231 Malta St,East New York,11207,Brooklyn,40.655179,-73.892416,city,,,,NYC Open Data fc53-9hrv
DOE_FLATLANDS-1,DOE,Education Department,Level 2 Charger,2,6565 Flatlands Ave,Brooklyn,11236,Brooklyn,40.633285,-73.916735,city,,,,NYC Open Data fc53-9hrv
DOE_FLATLANDS-2,DOE,Education Department,Level 2 Charger,2,6565 Flatlands Avenue,Brooklyn,11236,Brooklyn,40.633285,-73.916735,city,,,,NYC Open Data fc53-9hrv
DOE_GRANDST,DOE,Education Department,Level 2 Charger,2,128 Waterbury St,Brooklyn,11206,Brooklyn,40.711722,-73.937926,city,,,,NYC Open Data fc53-9hrv
DOE_HERBLHS-1,DOE,Education Department,Level 2 Charger,1,3000 E Tremont Ave,The Bronx,10462,Bronx,40.840733,-73.838685,city,,,,NYC Open Data fc53-9hrv
DOE_JADAMSHS1,DOE,Education Department,Level 2 Charger,2,101-01 Rockaway Blvd,Queens,11417,Queens,40.679639,-73.837298,city,,,,NYC Open Data fc53-9hrv
DOE_JADAMSHS2,DOE,Education Department,Level 2 Charger,2,101-01 Rockaway Blvd,Queens,11417,Queens,40.679639,-73.837298,city,,,,NYC Open Data fc53-9hrv
DOE_JFKHS#1,DOE,Education Department,Level 2 Charger,2,99 Terrace View Avenue,New York,10463,Manhattan,40.877105,-73.912256,city,,,,NYC Open Data fc53-9hrv
DOE_JFKHS#2,DOE,Education Department,Level 2 Charger,2,99 Terrace View Ave,The Bronx,10463,Bronx,40.877105,-73.912256,city,,,,NYC Open Data fc53-9hrv
DOE_JFKHS-S1,DOE,Education Department,EV Solar Arc Charger,1,1-49 Teunissen Pl,Bronx,10463,Bronx,40.876606,-73.912839,city,,,,NYC Open Data fc53-9hrv
DOE_K0001,DOE,Education Department,Level 2 Charger,1,50 Bedford Ave,Brooklyn,11222,Brooklyn,40.721981,-73.953281,city,,,,NYC Open Data fc53-9hrv
DOE_K802_1_L3,DOE,Education Department,Level 3 Fast Charger,1,409 Red Hook Lane,Brooklyn,11201,Brooklyn,40.691561,-73.988436,city,,,,NYC Open Data fc53-9hrv
DOE_KNGHWY197#1,DOE,Education Department,Level 2 Charger,1,1599 E 22nd St,Brooklyn,11210,Brooklyn,40.612623,-73.951906,city,,,,NYC Open Data fc53-9hrv
DOE_M104,DOE,Education Department,Level 2 Charger,2,344-360 2nd Ave,New York,10010,Manhattan,40.736103,-73.982196,city,,,,NYC Open Data fc53-9hrv
DOE_M466,DOE,Education Department,Level 2 Charger,1,549 Audubon Ave,New York,10040,Manhattan,40.855855,-73.92712,city,,,,NYC Open Data fc53-9hrv
DOE_M646,DOE,Education Department,Level 2 Charger,1,321 E 96Th St,New York,10128,Manhattan,40.783638,-73.945626,city,,,,NYC Open Data fc53-9hrv
DOE_MANORSI-1,DOE,Education Department,Level 2 Charger,2,1220 Manor Rd,Staten Island,10314,Staten Island,40.596745,-74.124263,city,,,,NYC Open Data fc53-9hrv
DOE_MCCUNE-#1,DOE,Education Department,Level 2 Charger,2,173 West 151st Street,New York,10039,Manhattan,40.825191,-73.935731,city,,,,NYC Open Data fc53-9hrv
DOE_MTWAIN-1,DOE,Education Department,Level 2 Charger,1,2401 Neptune Ave,Brooklyn,11224,Brooklyn,40.578188,-73.99203,city,,,,NYC Open Data fc53-9hrv
DOE_MTWAIN-2,DOE,Education Department,Level 2 Charger,2,2401 Neptune Ave,Brooklyn,11224,Brooklyn,40.578188,-73.99203,city,,,,NYC Open Data fc53-9hrv
DOE_PS59-#1,DOE,Education Department,Level 2 Charger,1,2195 Bathgate Ave,New York,10065,Manhattan,40.853066,-73.893595,address,listed with a Manhattan ZIP code; the address is in the Bronx,,,NYC Open Data fc53-9hrv
DOE_PS65#1,DOE,Education Department,Level 2 Charger,2,677 East 141st Street,Bronx,10454,Bronx,40.807335,-73.912731,city,,,,NYC Open Data fc53-9hrv
DOE_Q142,DOE,Education Department,Level 2 Charger,2,142-10 Linden Blvd,Queens,11436,Queens,40.684142,-73.801479,city,,,,NYC Open Data fc53-9hrv
DOE_Q430-1,DOE,Education Department,Level 2 Charger,2,58-20 Utopia Pkwy,Queens,11365,Queens,40.740724,-73.79283,city,,,,NYC Open Data fc53-9hrv
DOE_Q566,DOE,Education Department,Level 2 Charger,2,74-20 Commonwealth Blvd,Queens,11426,Queens,40.746088,-73.727535,city,,,,NYC Open Data fc53-9hrv
DOE_Q80101,DOE,Education Department,Level 2 Charger,2,5-1-5-41 44Th Dr,Long Island City,11101,Queens,40.749757,-73.953067,address,geocoded by the city (Planning Labs GeoSearch),,,NYC Open Data fc53-9hrv
DOE_Q80102,DOE,Education Department,Level 2 Charger,2,44-36 Vernon Blvd,Long Island City,11101,Queens,40.749384,-73.952233,city,,,,NYC Open Data fc53-9hrv
DOE_Q80103,DOE,Education Department,Level 2 Charger,2,49-16 Vernon Blvd,Queens,11101,Queens,40.743237,-73.953941,city,,,,NYC Open Data fc53-9hrv
DOE_Q80104,DOE,Education Department,Level 2 Charger,2,49-16 Vernon Blvd,Queens,11101,Queens,40.743237,-73.953941,city,,,,NYC Open Data fc53-9hrv
DOE_Q80105,DOE,Education Department,Level 2 Charger,2,49-16 Vernon Blvd,Queens,11101,Queens,40.743237,-73.953941,city,,,,NYC Open Data fc53-9hrv
DOE_Q859LINDEN,DOE,Education Department,Level 2 Charger,2,30-48 Linden Pl,Flushing,11354,Queens,40.770185,-73.832925,city,,,,NYC Open Data fc53-9hrv
DOE_R0002,DOE,Education Department,Level 2 Charger,2,6581 Hylan Blvd,Staten Island,10309,Staten Island,40.509084,-74.22093,city,,,,NYC Open Data fc53-9hrv
DOE_R002#1,DOE,Education Department,Level 2 Charger,1,333 Midland Ave,Staten Island,10306,Staten Island,40.576725,-74.100726,city,,,,NYC Open Data fc53-9hrv
DOE_R826#1,DOE,Education Department,Level 2 Charger,1,6581 Hylan Blvd,Staten Island,10309,Staten Island,40.509084,-74.22093,city,,,,NYC Open Data fc53-9hrv
DOE_SBCHS-1,DOE,Education Department,Level 2 Charger,1,173 Conover St,Brooklyn,11231,Brooklyn,40.677969,-74.014363,city,,,,NYC Open Data fc53-9hrv
DOE_SPRGFLDHS-1,DOE,Education Department,Level 2 Charger,2,143-10 Springfield Blvd,Queens,11413,Queens,40.668235,-73.756839,city,,,,NYC Open Data fc53-9hrv
DOE_STJOSEPH-1,DOE,Education Department,Level 2 Charger,1,85 St Josephs Ave,Staten Island,10302,Staten Island,40.634573,-74.141818,city,,,,NYC Open Data fc53-9hrv
DOE_X084-#1,DOE,Education Department,Level 2 Charger,2,1434 Longfellow Avenue,Bronx,10459,Bronx,40.830589,-73.887587,city,,,,NYC Open Data fc53-9hrv
DOE_X445-1,DOE,Education Department,Level 2 Charger,2,75 W 205th St,Bronx,10468,Bronx,40.87759,-73.89104,city,,,,NYC Open Data fc53-9hrv
DOE_ZEREGA-1,DOE,Education Department,Level 2 Charger,2,1230 Zerega Ave,The Bronx,10462,Bronx,40.833586,-73.845099,city,,,,NYC Open Data fc53-9hrv
DOE1230ZEREGAAV,DOE,Education Department,Level 2 Charger,1,1230 Zerega Ave,Bronx,10462,Bronx,40.833586,-73.845099,city,,,,NYC Open Data fc53-9hrv
DOE90-27SUTPHIN,DOE,Education Department,Level 2 Charger,2,90-24-90-26 Sutphin Blvd,Jamaica,11435,Queens,40.702302,-73.808411,address,geocoded by the city (Planning Labs GeoSearch),,,NYC Open Data fc53-9hrv
DOEFACILITIES 1,DOE,Education Department,Level 2 Charger,2,44-36 Vernon Blvd,Queens,11101,Queens,40.749384,-73.952233,city,,,,NYC Open Data fc53-9hrv
DOEFACILITIES 2,DOE,Education Department,Level 2 Charger,2,44-36 Vernon Blvd,Queens,11101,Queens,40.749384,-73.952233,city,,,,NYC Open Data fc53-9hrv
DOEM535,DOE,Education Department,Level 2 Charger,2,525 West 50Th St,New York,10019,Manhattan,40.765234,-73.993076,city,,,,NYC Open Data fc53-9hrv
DOEPETRIDES-S1,DOE,Education Department,EV Solar Arc Charger,1,21 Safety City Blvd,Todt Hill,10301,Staten Island,40.608721,-74.10513,facility,Michael J. Petrides School campus,,,NYC Open Data fc53-9hrv
DOEVERNON_1_L3,DOE,Education Department,Level 3 Fast Charger,1,44-36 Vernon Blvd,Long Island City,11101,Queens,40.749384,-73.952233,city,,,,NYC Open Data fc53-9hrv
DOEVERNON_2_L3,DOE,Education Department,Level 3 Fast Charger,1,44-36 Vernon Blvd,Queens,11101,Queens,40.749384,-73.952233,city,,,,NYC Open Data fc53-9hrv
DOEVERNON_3_L3,DOE,Education Department,Level 3 Fast Charger,1,44-36 Vernon Blvd,Queens,11101,Queens,40.749384,-73.952233,city,,,,NYC Open Data fc53-9hrv
DOEVERNON_4_L3,DOE,Education Department,Level 3 Fast Charger,1,44-36 Vernon Blvd,Queens,11101,Queens,40.749384,-73.952233,city,,,,NYC Open Data fc53-9hrv
DOEVERNON_5_L3,DOE,Education Department,Level 3 Fast Charger,1,44-36 Vernon Blvd,Queens,11101,Queens,40.749384,-73.952233,city,,,,NYC Open Data fc53-9hrv
DOEVERNONBLVD-1,DOE,Education Department,Level 2 Charger,1,5-40 44Th Dr,Long Island City,11101,Queens,40.749341,-73.954023,city,,,,NYC Open Data fc53-9hrv
DOEVERNONBLVD-2,DOE,Education Department,Level 2 Charger,1,44-36 Vernon Blvd,Long Island City,11101,Queens,40.749384,-73.952233,city,,,,NYC Open Data fc53-9hrv
DOEVERNONBLVD-3,DOE,Education Department,Level 2 Charger,1,44-36 Vernon Blvd,Long Island City,11101,Queens,40.749384,-73.952233,city,,,,NYC Open Data fc53-9hrv
DOEVERNONBLVD-4,DOE,Education Department,Level 2 Charger,1,44-36 Vernon Boulevard,Long Island City,11101,Queens,40.749384,-73.952233,city,,,,NYC Open Data fc53-9hrv
DOEVERNONBLVD-5,DOE,Education Department,Level 2 Charger,1,44-36 Vernon Boulevard,Long Island City,11101,Queens,40.749384,-73.952233,city,,,,NYC Open Data fc53-9hrv
DOEVERNONBLVD-6,DOE,Education Department,Level 2 Charger,1,49-44 Vernon Blvd,Queens,11101,Queens,40.743099,-73.953992,city,,,,NYC Open Data fc53-9hrv
DOEVERNONBLVD-7,DOE,Education Department,Level 2 Charger,1,44-36 Vernon Blvd,Queens,11101,Queens,40.749384,-73.952233,city,,,,NYC Open Data fc53-9hrv
DOF_PEARL_1_L3,DOF,Finance,Level 3 Fast Charger,1,375 Pearl St,Manhattan,10038,Manhattan,40.710207,-74.001125,city,,,,NYC Open Data fc53-9hrv
DOF_PEARL_2_L3,DOF,Finance,Level 3 Fast Charger,1,375 Pearl St,Manhattan,10038,Manhattan,40.710207,-74.001125,city,,,,NYC Open Data fc53-9hrv
DOF_PEARL-1,DOF,Finance,Level 2 Charger,1,375 Pearl St,Manhattan,10038,Manhattan,40.710207,-74.001125,city,,,,NYC Open Data fc53-9hrv
DOF_PEARL-2,DOF,Finance,Level 2 Charger,1,375 Pearl St,Manhattan,10038,Manhattan,40.710207,-74.001125,city,,,,NYC Open Data fc53-9hrv
DOF_STARR#1,DOF,Finance,Level 2 Charger,2,31-46 Greenpoint Ave,Queens,11101,Queens,40.734714,-73.93697,city,,,,NYC Open Data fc53-9hrv
DOF_STARR#2,DOF,Finance,Level 2 Charger,2,31-32 Greenpoint Ave,Queens,11101,Queens,40.73466,-73.93711,city,,,,NYC Open Data fc53-9hrv
DOF_STARR_1_L3,DOF,Finance,Level 3 Fast Charger,1,3010 Starr Ave,Long Island City,11101,Queens,40.737775,-73.938082,city,,,,NYC Open Data fc53-9hrv
DOF_STARR_2_L3,DOF,Finance,Level 3 Fast Charger,1,3010 Starr Ave,Long Island City,11101,Queens,40.737775,-73.938082,city,,,,NYC Open Data fc53-9hrv
DOH_56 DRIVE,DOH,Health Department,Level 2 Charger,1,5617 56Th Dr,Queens,11378,Queens,40.72441,-73.914492,city,,,,NYC Open Data fc53-9hrv
DOH_BEDFORDHCS1,DOH,Health Department,EV Solar Arc Charger,1,515 Putnam Ave,Bedford-Stuyvesant,11221,Brooklyn,40.685146,-73.940431,city,,,,NYC Open Data fc53-9hrv
DOT_206TH_YRD-1,DOT,Transportation,Level 2 Charger,2,300 West 206th Street,New York,10034,Manhattan,40.862564,-73.916487,city,,,,NYC Open Data fc53-9hrv
DOT_206TH_YRD-2,DOT,Transportation,Level 2 Charger,2,300 West 206th Street,New York,10034,Manhattan,40.862564,-73.916487,city,,,,NYC Open Data fc53-9hrv
DOT_206YRD_1_L3,DOT,Transportation,Level 3 Fast Charger,1,300 West 206th Street,New York,10034,Manhattan,40.862564,-73.916487,city,,,,NYC Open Data fc53-9hrv
DOT_22STLOT-1,DOT,Transportation,Level 2 Charger,2,41-54 22Nd St,Queens,11101,Queens,40.752701,-73.942118,city,,,,NYC Open Data fc53-9hrv
DOT_22STLOT-2,DOT,Transportation,Level 2 Charger,2,41-54 22Nd St,Queens,11101,Queens,40.752701,-73.942118,city,,,,NYC Open Data fc53-9hrv
DOT_22STLOT-3,DOT,Transportation,Level 2 Charger,2,41-54 22Nd St,Queens,11101,Queens,40.752701,-73.942118,city,,,,NYC Open Data fc53-9hrv
DOT_29ST-S2,DOT,Transportation,EV Solar Arc Charger,1,9 29Th St,Greenwood,11232,Brooklyn,40.661018,-74.004859,city,,,,NYC Open Data fc53-9hrv
DOT_448HAMILTON,DOT,Transportation,Level 2 Charger,2,448 Hamilton Ave,Brooklyn,11232,Brooklyn,40.670361,-73.997693,city,,,,NYC Open Data fc53-9hrv
DOT_BAT-#1,DOT,Transportation,Level 2 Charger,1,140 58th St,Brooklyn,11220,Brooklyn,40.645338,-74.022864,city,,,,NYC Open Data fc53-9hrv
DOT_BKDEPOT-1,DOT,Transportation,Level 2 Charger,2,140 58th Street,Brooklyn,11220,Brooklyn,40.645338,-74.022864,city,,,,NYC Open Data fc53-9hrv
DOT_BRUNO_1_L3,DOT,Transportation,Level 3 Fast Charger,1,25 14th Street,Brooklyn,11215,Brooklyn,40.67012,-73.996939,city,,,,NYC Open Data fc53-9hrv
DOT_BRUNO_2_L3,DOT,Transportation,Level 3 Fast Charger,1,25 14th Street,Brooklyn,11215,Brooklyn,40.67012,-73.996939,city,,,,NYC Open Data fc53-9hrv
DOT_CNNRYD_1_L3,DOT,Transportation,Level 3 Fast Charger,1,3200 Conner St,East Bronx,10475,Bronx,40.880471,-73.821784,city,,,,NYC Open Data fc53-9hrv
DOT_COLUMB-1,DOT,Transportation,Level 2 Charger,1,166 Columbia St,Brooklyn,11231,Brooklyn,40.686448,-74.002026,city,,,,NYC Open Data fc53-9hrv
DOT_COLUMB-2,DOT,Transportation,Level 2 Charger,1,184 Columbia St,Brooklyn,11231,Brooklyn,40.686039,-74.002221,city,,,,NYC Open Data fc53-9hrv
DOT_FRYMT_1_L3,DOT,Transportation,Level 3 Fast Charger,1,1 Bay St,Staten Island,10306,Staten Island,40.643733,-74.072789,city,,,,NYC Open Data fc53-9hrv
DOT_FRYMT_2_L3,DOT,Transportation,Level 3 Fast Charger,1,1 Bay St,Staten Island,10306,Staten Island,40.643733,-74.072789,city,,,,NYC Open Data fc53-9hrv
DOT_FRYTRM_1_L3,DOT,Transportation,Level 3 Fast Charger,1,1 Bay St,Staten Island,10301,Staten Island,40.643733,-74.072789,city,,,,NYC Open Data fc53-9hrv
DOT_FRYTRM_2_L3,DOT,Transportation,Level 3 Fast Charger,1,1 Bay St,Staten Island,10301,Staten Island,40.643733,-74.072789,city,,,,NYC Open Data fc53-9hrv
DOT_FRYTRM_3_L3,DOT,Transportation,Level 3 Fast Charger,1,1 Bay St,Staten Island,10301,Staten Island,40.643733,-74.072789,city,,,,NYC Open Data fc53-9hrv
DOT_FRYTRM_4_L3,DOT,Transportation,Level 3 Fast Charger,1,1 Bay St,Staten Island,10301,Staten Island,40.643733,-74.072789,city,,,,NYC Open Data fc53-9hrv
DOT_FTTOTTEN,DOT,Transportation,Level 2 Charger,2,423 Abbott Rd,Bayside,11359,Queens,40.79419,-73.77855,city,,,,NYC Open Data fc53-9hrv
DOT_GLENDALE-S1,DOT,Transportation,EV Solar Arc Charger,1,69-46 Sybilla St,Queens,11375,Queens,40.709174,-73.854849,city,,,,NYC Open Data fc53-9hrv
DOT_GLENDALE-S2,DOT,Transportation,EV Solar Arc Charger,1,69-46 Sybilla St,Queens,11375,Queens,40.709174,-73.854849,city,,,,NYC Open Data fc53-9hrv
DOT_HARPER-S2,DOT,Transportation,EV Solar Arc Charger,1,32-1 Harper St,Corona,11368,Queens,40.764388,-73.842368,city,,,,NYC Open Data fc53-9hrv
DOT_KENTAVE-1,DOT,Transportation,Level 2 Charger,1,372 Kent Ave,Brooklyn,11249,Brooklyn,40.711965,-73.968027,city,,,,NYC Open Data fc53-9hrv
DOT_KENTAVE-2,DOT,Transportation,Level 2 Charger,1,372 Kent Ave,Brooklyn,11249,Brooklyn,40.711965,-73.968027,city,,,,NYC Open Data fc53-9hrv
DOT_KENTAVE-3,DOT,Transportation,Level 2 Charger,1,372 Kent Ave,Brooklyn,11249,Brooklyn,40.711965,-73.968027,city,,,,NYC Open Data fc53-9hrv
DOT_KENTAVE-4,DOT,Transportation,Level 2 Charger,2,352 Kent Avenue,Brooklyn,11249,Brooklyn,40.712571,-73.967756,city,,,,NYC Open Data fc53-9hrv
DOT_KENTAVE-5,DOT,Transportation,Level 2 Charger,2,352 Kent Avenue,Brooklyn,11249,Brooklyn,40.712571,-73.967756,city,,,,NYC Open Data fc53-9hrv
DOT_PIER36#1,DOT,Transportation,Level 2 Charger,2,299 South St,New York,10002,Manhattan,40.710508,-73.986196,city,,,,NYC Open Data fc53-9hrv
DOT_PIER36#2,DOT,Transportation,Level 2 Charger,2,299 South St,New York,10002,Manhattan,40.710508,-73.986196,city,,,,NYC Open Data fc53-9hrv
DOT_PIER36-S1,DOT,Transportation,EV Solar Arc Charger,1,299 South St,New York,10002,Manhattan,40.710508,-73.986196,city,,,,NYC Open Data fc53-9hrv
DOT_ROSEDALE-1,DOT,Transportation,Level 2 Charger,2,240- 2 128th Ave,Queens,11422,Queens,40.681466,-73.726984,address,geocoded by the city (Planning Labs GeoSearch),,,NYC Open Data fc53-9hrv
DOT_ROSEDALE-2,DOT,Transportation,Level 2 Charger,2,240- 2 128th Ave,Queens,11422,Queens,40.681466,-73.726984,address,geocoded by the city (Planning Labs GeoSearch),,,NYC Open Data fc53-9hrv
DOT_SIFERRYTERM,DOT,Transportation,Level 2 Charger,2,10 Richmond Terrace,Mid Island,10301,Staten Island,40.642367,-74.075274,city,,,,NYC Open Data fc53-9hrv
DOT_SIREPAIR-1,DOT,Transportation,Level 2 Charger,1,5 Dubois Ave,Staten Island,10310,Staten Island,40.631925,-74.129397,city,,,,NYC Open Data fc53-9hrv
DOT_SIREPAIR-2,DOT,Transportation,Level 2 Charger,2,1893 Richmond Terrace,Staten Island,10302,Staten Island,40.637309,-74.128114,city,,,,NYC Open Data fc53-9hrv
DOT_SIRPR_1_L3,DOT,Transportation,Level 3 Fast Charger,1,1893 Richmond Terrace,Staten Island,10302,Staten Island,40.637309,-74.128114,city,,,,NYC Open Data fc53-9hrv
DOT_SISIMYARD,DOT,Transportation,Level 2 Charger,2,99-2703 Richmond Terrace,Staten Island,10303,Staten Island,40.644935,-74.077204,city,,,,NYC Open Data fc53-9hrv
DOT_STHSE_LD-1,DOT,Transportation,Level 2 Charger,2,6626 Metropolitan Ave,Queens,11379,Queens,40.712377,-73.892143,city,,,,NYC Open Data fc53-9hrv
DOT_STHSE_LD-2,DOT,Transportation,Level 2 Charger,2,6626 Metropolitan Ave,Queens,11379,Queens,40.712377,-73.892143,city,,,,NYC Open Data fc53-9hrv
DOT_STORHOUSE-1,DOT,Transportation,Level 2 Charger,2,66-26 Metropolitan Avenue,Queens,11379,Queens,40.712377,-73.892143,city,,,,NYC Open Data fc53-9hrv
DOT_STORHOUSE-2,DOT,Transportation,Level 2 Charger,2,66-26 Metropolitan Avenue,Queens,11379,Queens,40.712377,-73.892143,city,,,,NYC Open Data fc53-9hrv
DOT_STRHSE_1_L3,DOT,Transportation,Level 3 Fast Charger,1,66-26 Metropolitan Avenue,Queens,11379,Queens,40.712377,-73.892143,city,,,,NYC Open Data fc53-9hrv
DOT_STRHSE_2_L3,DOT,Transportation,Level 3 Fast Charger,1,66-26 Metropolitan Avenue,Queens,11379,Queens,40.712377,-73.892143,city,,,,NYC Open Data fc53-9hrv
DOT_THOMSN_1_L3,DOT,Transportation,Level 3 Fast Charger,1,30-30 Thomson Avenue,Queens,11101,Queens,40.745042,-73.936191,city,,,,NYC Open Data fc53-9hrv
DOT_THOMSN_2_L3,DOT,Transportation,Level 3 Fast Charger,1,30-30 Thomson Avenue,Queens,11101,Queens,40.745042,-73.936191,city,,,,NYC Open Data fc53-9hrv
DEP_KINGSTON-4,DEP,Environmental Protection,Level 2 Charger,2,81 Smith Avenue,Kingston,12401,Upstate,41.930458,-73.998708,address,geocoded by the Census Bureau,,,NYC Open Data fc53-9hrv
DOT WHITE PLAINS RD L3s,DOT,Transportation,DOT Municipal Level 3 Charger,4,2071 White Plains Road,White Plains,10462,Bronx,40.8526,-73.867773,city,,lot,$0.39 per kWh,NYC Open Data fc53-9hrv
DOT_OLDSLP_3_L3,DOT,Transportation,Level 3 Fast Charger,1,39 South Street,New York,10004,Manhattan,40.703167,-74.008028,city,,,,NYC Open Data fc53-9hrv
DOT_WAVEST-#1,DOT,Transportation,Level 2 Charger,2,34 Wave St,Staten Island,10304,Staten Island,40.629667,-74.076027,city,,,,NYC Open Data fc53-9hrv
DOT_WBSTR_1_L3,DOT,Transportation,Level 3 Fast Charger,1,2144 Webster Ave,Belmont,10457,Bronx,40.853544,-73.897301,city,,,,NYC Open Data fc53-9hrv
DOT_WBSTR_2_L3,DOT,Transportation,Level 3 Fast Charger,1,2144 Webster Ave,Fordham Heights,10457,Bronx,40.853544,-73.897301,city,,,,NYC Open Data fc53-9hrv
DOT_WHTHLLFRY-1,DOT,Transportation,Level 2 Charger,2,1 South Street,New York,10004,Manhattan,40.701283,-74.014578,city,,,,NYC Open Data fc53-9hrv
DOT_WILLIAMSBR,DOT,Transportation,Level 2 Charger,2,1400 Williamsbridge Road,The Bronx,10461,Bronx,40.842206,-73.844168,city,,,,NYC Open Data fc53-9hrv
DOTFLATLANDS-S1,DOT,Transportation,EV Solar Arc Charger,1,928 E 76Th St,Canarsie,11236,Brooklyn,40.633144,-73.91573,city,,,,NYC Open Data fc53-9hrv
DOTFLTLNDS_1_L3,DOT,Transportation,Level 3 Fast Charger,1,6080 Flatlands Ave,Canarsie,11236,Brooklyn,40.633452,-73.916446,city,,,,NYC Open Data fc53-9hrv
DOTHPRASPH_1_L3,DOT,Transportation,Level 3 Fast Charger,1,32-1 Harper St,Corona,11368,Queens,40.764388,-73.842368,city,,,,NYC Open Data fc53-9hrv
DOTHPRASPH_2_L3,DOT,Transportation,Level 3 Fast Charger,1,32-1 Harper St,Corona,11368,Queens,40.764388,-73.842368,city,,,,NYC Open Data fc53-9hrv
DOTMASPETHQNS-1,DOT,Transportation,Level 2 Charger,1,58-50 57th Rd,Maspeth,11378,Queens,40.722386,-73.910043,city,,,,NYC Open Data fc53-9hrv
DOTMASPETHQNS-2,DOT,Transportation,Level 2 Charger,1,58-50 57th R,Maspeth,11378,Queens,40.722386,-73.910043,address,,,,NYC Open Data fc53-9hrv
DOTMSPTH_SHP_1,DOT,Transportation,Level 2 Charger,1,57-50 57Th Rd,Maspeth,11378,Queens,40.722361,-73.912677,city,,,,NYC Open Data fc53-9hrv
DOTMSPTH_SHP_2,DOT,Transportation,Level 2 Charger,1,57-50 57Th Rd,Maspeth,11378,Queens,40.722361,-73.912677,city,,,,NYC Open Data fc53-9hrv
DOTPITKINAVE-1,DOT,Transportation,Level 2 Charger,1,88-26 Pitkin Ave,Queens,11417,Queens,40.673779,-73.847565,city,,,,NYC Open Data fc53-9hrv
DOTPITKINAVE-2,DOT,Transportation,Level 2 Charger,1,88-26 Pitkin Ave,Queens,11417,Queens,40.673779,-73.847565,city,,,,NYC Open Data fc53-9hrv
DOTPITKINAVE-3,DOT,Transportation,Level 2 Charger,1,88-26 Pitkin Ave,Queens,11417,Queens,40.673779,-73.847565,city,,,,NYC Open Data fc53-9hrv
DOTQNSBLVD-1,DOT,Transportation,Level 2 Charger,1,34-2 Queens Blvd,Queens,11101,Queens,40.744537,-73.930602,city,,,,NYC Open Data fc53-9hrv
DOTQNSBLVD-2,DOT,Transportation,Level 2 Charger,1,34-2 Queens Blvd,Queens,11101,Queens,40.744537,-73.930602,city,,,,NYC Open Data fc53-9hrv
DOTQNSBLVD-3,DOT,Transportation,Level 2 Charger,1,34-2 Queens Blvd,Queens,11101,Queens,40.744537,-73.930602,city,,,,NYC Open Data fc53-9hrv
DOTQNSBLVD-4,DOT,Transportation,Level 2 Charger,1,34-2 Queens Blvd,Queens,11101,Queens,40.744537,-73.930602,city,,,,NYC Open Data fc53-9hrv
DOTSIDUBOIS,DOT,Transportation,Level 2 Charger,1,5 Dubois Ave,Staten Island,10310,Staten Island,40.631925,-74.129397,city,,,,NYC Open Data fc53-9hrv
DPR_5BORO#9A-B,DPR,Parks Department,Level 2 Charger,2,13 Bronx Shore Rd,New York,10035,Manhattan,40.79872,-73.921194,facility,"Parks yard on Randalls Island, with the rest of its station group",,,NYC Open Data fc53-9hrv
DPR_ALLIED1,DPR,Parks Department,Level 2 Charger,2,13 East Rd,Corona,11368,Queens,40.753928,-73.838823,city,,,,NYC Open Data fc53-9hrv
DPR_ALLIED2,DPR,Parks Department,Level 2 Charger,2,13 East Rd,Corona,11368,Queens,40.753928,-73.838823,city,,,,NYC Open Data fc53-9hrv
DPR_ALLIED3,DPR,Parks Department,Level 2 Charger,2,15 East Rd,Corona,11368,Queens,40.754021,-73.838509,city,,,,NYC Open Data fc53-9hrv
DPR_ALLIED4,DPR,Parks Department,Level 2 Charger,2,15 East Rd,Corona,11368,Queens,40.754021,-73.838509,city,,,,NYC Open Data fc53-9hrv
DPR_ALLIED5,DPR,Parks Department,Level 2 Charger,2,15 East Rd,Corona,11368,Queens,40.754021,-73.838509,city,,,,NYC Open Data fc53-9hrv
DPR_ALLIED-S#11,DPR,Parks Department,EV Solar Arc Charger,1,15 East Rd,Corona,11368,Queens,40.754021,-73.838509,city,,,,NYC Open Data fc53-9hrv
DPR_ALLIED-S#12,DPR,Parks Department,EV Solar Arc Charger,1,13 East Rd,Corona,11368,Queens,40.753928,-73.838823,city,,,,NYC Open Data fc53-9hrv
DPR_ALLIED-S#13,DPR,Parks Department,EV Solar Arc Charger,1,15 East Rd,Corona,11368,Queens,40.754021,-73.838509,city,,,,NYC Open Data fc53-9hrv
DPR_ALLIED-S#14,DPR,Parks Department,EV Solar Arc Charger,1,13 East Rd,Corona,11368,Queens,40.753928,-73.838823,city,,,,NYC Open Data fc53-9hrv
DPR_ALOERTER#1,DPR,Parks Department,Level 2 Charger,2,131-40 Fowler Ave,Flushing,11355,Queens,40.751616,-73.834155,city,,,,NYC Open Data fc53-9hrv
DPR_ALOERTER#2,DPR,Parks Department,Level 2 Charger,2,131-40 Fowler Ave,Brooklyn,11355,Queens,40.751616,-73.834155,city,,,,NYC Open Data fc53-9hrv
DPR_ALOERTER4#5,DPR,Parks Department,Level 2 Charger,2,131-40 Fowler Ave,Flushing,11355,Queens,40.751616,-73.834155,city,,,,NYC Open Data fc53-9hrv
DPR_ARAMRK_1_L3,DPR,Parks Department,Level 3 Fast Charger,1,850 E 138th St,Bronx,10454,Bronx,40.803141,-73.909049,city,,,,NYC Open Data fc53-9hrv
DPR_ARAMRK_2_L3,DPR,Parks Department,Level 3 Fast Charger,1,850 E 138th St,Bronx,10454,Bronx,40.803141,-73.909049,city,,,,NYC Open Data fc53-9hrv
DPR_ARSENAL18,DPR,Parks Department,Level 2 Charger,1,East Dr,New York,10024,Manhattan,40.767711,-73.970516,facility,"the Arsenal in Central Park, Parks Department headquarters; listed only as ""East Dr""",,,NYC Open Data fc53-9hrv
DPR_BAISLEY-S1,DPR,Parks Department,EV Solar Arc Charger,1,118- 9 155th St,Queens,11434,Queens,40.681158,-73.787784,city,,,,NYC Open Data fc53-9hrv
DPR_BAY8TH#1,DPR,Parks Department,Level 2 Charger,2,Independence Ave,Brooklyn,11228,Brooklyn,40.605116,-74.017319,facility,"Bay 8th Street Parks yard, with the rest of its station group",,,NYC Open Data fc53-9hrv
DPR_BAY8TH#2,DPR,Parks Department,Level 2 Charger,2,330 Bay 8th St,Brooklyn,11228,Brooklyn,40.605116,-74.017319,city,,,,NYC Open Data fc53-9hrv
DPR_BKSHOPS#1,DPR,Parks Department,Level 2 Charger,2,48 West Drive,Brooklyn,11215,Brooklyn,40.664987,-73.973384,city,,,,NYC Open Data fc53-9hrv
DPR_BKSHOPS#2,DPR,Parks Department,Level 2 Charger,2,46 West Dr,Brooklyn,11215,Brooklyn,40.665253,-73.973164,city,,,,NYC Open Data fc53-9hrv
DPR_BKSHOPS#3,DPR,Parks Department,Level 2 Charger,2,50 West Dr,Brooklyn,11215,Brooklyn,40.664701,-73.973557,city,,,,NYC Open Data fc53-9hrv
DPR_BKWARMEMOR1,DPR,Parks Department,Level 2 Charger,2,195 Cadman Plaza West,Brooklyn,11201,Brooklyn,40.69883,-73.991377,city,,,,NYC Open Data fc53-9hrv
DPR_BKWARMEMOR2,DPR,Parks Department,Level 2 Charger,2,195 Cadman Plaza West,Brooklyn,11201,Brooklyn,40.69883,-73.991377,city,,,,NYC Open Data fc53-9hrv
DPR_BOROCREWS#1,DPR,Parks Department,Level 2 Charger,2,50 West Dr,Brooklyn,11215,Brooklyn,40.664701,-73.973557,city,,,,NYC Open Data fc53-9hrv
DPR_BOROCREWS#2,DPR,Parks Department,Level 2 Charger,2,50 West Dr,Brooklyn,11215,Brooklyn,40.664701,-73.973557,city,,,,NYC Open Data fc53-9hrv
DPR_BOROCREWS#3,DPR,Parks Department,Level 2 Charger,2,50 West Dr,Brooklyn,11215,Brooklyn,40.664701,-73.973557,city,,,,NYC Open Data fc53-9hrv
DPR_BOROCREWS#4,DPR,Parks Department,Level 2 Charger,2,50 West Dr,Brooklyn,11215,Brooklyn,40.664701,-73.973557,city,,,,NYC Open Data fc53-9hrv
DPR_BOROCREWS#5,DPR,Parks Department,Level 2 Charger,2,50 West Dr,Brooklyn,11215,Brooklyn,40.664701,-73.973557,city,,,,NYC Open Data fc53-9hrv
DPR_BXRVRH-S1,DPR,Parks Department,EV Solar Arc Charger,1,1490 Sheridan Blvd.,Bronx,10459,Bronx,40.833338,-73.883614,city,,,,NYC Open Data fc53-9hrv
DPR_CANARSIE#1,DPR,Parks Department,Level 2 Charger,2,E 88th St,Brooklyn,11236,Brooklyn,40.629421,-73.896478,corner,"at the corner of E 88 St and Seaview Ave, from the city street centerline",,,NYC Open Data fc53-9hrv
DPR_CENTRALCOM1,DPR,Parks Department,Level 2 Charger,2,313 Broome St,New York,10002,Manhattan,40.718875,-73.992735,city,,,,NYC Open Data fc53-9hrv
DPR_CHELSEAPARK,DPR,Parks Department,Level 2 Charger,2,437-401-437-407 W 27Th St,New York,10001,Manhattan,40.749929,-74.000679,facility,Chelsea Park,,,NYC Open Data fc53-9hrv
DPR_CIG-S2,DPR,Parks Department,EV Solar Arc Charger,1,1521-1529 E 102Nd St,Brooklyn,11236,Brooklyn,40.635668,-73.885339,city,,,,NYC Open Data fc53-9hrv
DPR_CNRSIEPK-S1,DPR,Parks Department,EV Solar Arc Charger,1,1501 E 102nd St,Brooklyn,11236,Brooklyn,40.636143,-73.885842,city,,,,NYC Open Data fc53-9hrv
DPR_COFFEYPK-1,DPR,Parks Department,Level 2 Charger,2,58 Dwight St,Brooklyn,11231,Brooklyn,40.67671,-74.008238,city,,,,NYC Open Data fc53-9hrv
DPR_CPTENNIS#1,DPR,Parks Department,Level 2 Charger,2,Central Park Gothic BridgeWest Dr,New York,10128,Manhattan,40.78237,-73.965238,city,,,,NYC Open Data fc53-9hrv
DPR_CROTONAPL#1,DPR,Parks Department,Level 2 Charger,2,1700 Fulton Ave,Bronx,10457,Bronx,40.841369,-73.897872,city,,,,NYC Open Data fc53-9hrv
DPR_CWSSHOPS#1,DPR,Parks Department,Level 2 Charger,2,850 E 138th St,Bronx,10454,Bronx,40.803141,-73.909049,city,,,,NYC Open Data fc53-9hrv
DPR_CWSSHOPS#10,DPR,Parks Department,Level 2 Charger,2,850 E 138th St,The Bronx,10454,Bronx,40.803141,-73.909049,city,,,,NYC Open Data fc53-9hrv
DPR_CWSSHOPS#2,DPR,Parks Department,Level 2 Charger,2,860 E 138th St,Bronx,10454,Bronx,40.803059,-73.908904,city,,,,NYC Open Data fc53-9hrv
DPR_CWSSHOPS#3,DPR,Parks Department,Level 2 Charger,2,860 E 138th St,Bronx,10454,Bronx,40.803059,-73.908904,city,,,,NYC Open Data fc53-9hrv
DPR_CWSSHOPS#4,DPR,Parks Department,Level 2 Charger,2,860 E 138th St,The Bronx,10454,Bronx,40.803059,-73.908904,city,,,,NYC Open Data fc53-9hrv
DPR_CWSSHOPS#5,DPR,Parks Department,Level 2 Charger,2,860 E 138th St,The Bronx,10454,Bronx,40.803059,-73.908904,city,,,,NYC Open Data fc53-9hrv
DPR_CWSSHOPS#6,DPR,Parks Department,Level 2 Charger,2,860 E 138th St,The Bronx,10454,Bronx,40.803059,-73.908904,city,,,,NYC Open Data fc53-9hrv
DPR_CWSSHOPS#7,DPR,Parks Department,Level 2 Charger,2,860 E 138th St,The Bronx,10454,Bronx,40.803059,-73.908904,city,,,,NYC Open Data fc53-9hrv
DPR_CWSSHOPS#8,DPR,Parks Department,Level 2 Charger,2,860 E 138th St,The Bronx,10454,Bronx,40.803059,-73.908904,city,,,,NYC Open Data fc53-9hrv
DPR_CWSSHOPS#9,DPR,Parks Department,Level 2 Charger,2,860 E 138th St,The Bronx,10454,Bronx,40.803059,-73.908904,city,,,,NYC Open Data fc53-9hrv
DPR_CWSTURF#2,DPR,Parks Department,Level 2 Charger,2,20 Randalls Island Park,New York,10035,Manhattan,40.796655,-73.923829,city,,,,NYC Open Data fc53-9hrv
DPR_DRYHARBOR#1,DPR,Parks Department,Level 2 Charger,2,80-11 Myrtle Avenue,Glendale,11385,Queens,40.702998,-73.868023,city,,,,NYC Open Data fc53-9hrv
DPR_DRYHARBOR#2,DPR,Parks Department,Level 2 Charger,2,80-11 Myrtle Avenue,Glendale,11385,Queens,40.702998,-73.868023,city,,,,NYC Open Data fc53-9hrv
DPR_DYKERBEA-S1,DPR,Parks Department,EV Solar Arc Charger,1,1121 86th St,Brooklyn,11228,Brooklyn,40.61634,-74.017675,city,,,,NYC Open Data fc53-9hrv
DPR_ELMHRSTPK-1,DPR,Parks Department,Level 2 Charger,2,7801 57th Avenue,Queens,11373,Queens,40.728781,-73.885114,city,,,,NYC Open Data fc53-9hrv
DPR_FPSHOPS-1,DPR,Parks Department,Level 2 Charger,2,82-92 88th Pl,Queens,11385,Queens,40.701545,-73.858223,city,,,,NYC Open Data fc53-9hrv
DPR_FRSTRYRES#2,DPR,Parks Department,Level 2 Charger,2,1010 Queens Plaza South,Queens,11101,Queens,40.753521,-73.947412,city,,,,NYC Open Data fc53-9hrv
DPR_GLDITRPK-S1,DPR,Parks Department,EV Solar Arc Charger,1,40 W 143rd St,New York,10037,Manhattan,40.818365,-73.935359,city,,,,NYC Open Data fc53-9hrv
DPR_GORMANPLY-1,DPR,Parks Department,Level 2 Charger,2,25-50 84th St,Queens,11370,Queens,40.762959,-73.884827,city,,,,NYC Open Data fc53-9hrv
DPR_GRACIEMAN,DPR,Parks Department,Level 2 Charger,2,181 East End Ave,New York,10028,Manhattan,40.776309,-73.943758,city,,,,NYC Open Data fc53-9hrv
DPR_HIGHBRPOOL1,DPR,Parks Department,Level 2 Charger,2,2301 Amsterdam Avenue,New York,10033,Manhattan,40.843434,-73.934301,city,,,,NYC Open Data fc53-9hrv
DPR_ICAHN_1_L3,DPR,Parks Department,Level 3 Fast Charger,1,10 Central Rd,New York,10035,Manhattan,40.792269,-73.923827,city,,dcas,No,NYC Open Data fc53-9hrv
DPR_ICAHN_2_L3,DPR,Parks Department,Level 3 Fast Charger,1,10 Central Rd,New York,10035,Manhattan,40.792269,-73.923827,city,,dcas,No,NYC Open Data fc53-9hrv
DPR_ICAHN_3_L3,DPR,Parks Department,Level 3 Fast Charger,1,10 Central Rd,New York,10035,Manhattan,40.792269,-73.923827,city,,dcas,No,NYC Open Data fc53-9hrv
DPR_ICAHN1,DPR,Parks Department,Level 2 Charger,2,Rivers Edge Rd,New York,10035,Manhattan,40.792269,-73.923827,facility,"Icahn Stadium on Randalls Island, with the rest of its station group",,,NYC Open Data fc53-9hrv
DPR_ICAHN2,DPR,Parks Department,Level 2 Charger,2,Rivers Edge Rd,New York,10035,Manhattan,40.792269,-73.923827,facility,"Icahn Stadium on Randalls Island, with the rest of its station group",,,NYC Open Data fc53-9hrv
DPR_ICAHN3,DPR,Parks Department,Level 2 Charger,2,Rivers Edge Rd,New York,10035,Manhattan,40.792269,-73.923827,facility,"Icahn Stadium on Randalls Island, with the rest of its station group",,,NYC Open Data fc53-9hrv
DPR_ICAHN4,DPR,Parks Department,Level 2 Charger,2,Hell Gate Cir,New York,10035,Manhattan,40.792269,-73.923827,facility,"Icahn Stadium on Randalls Island, with the rest of its station group",,,NYC Open Data fc53-9hrv
DPR_JUNIPER1,DPR,Parks Department,Level 2 Charger,2,62- 45 71st Street,Queens,11379,Queens,40.718332,-73.884865,city,,,,NYC Open Data fc53-9hrv
DPR_JUNIPER2,DPR,Parks Department,Level 2 Charger,2,62- 45 71st Street,Queens,11379,Queens,40.718332,-73.884865,city,,,,NYC Open Data fc53-9hrv
DPR_KAISERPARK1,DPR,Parks Department,Level 2 Charger,2,2529 Neptune Ave,Brooklyn,11224,Brooklyn,40.578084,-73.992966,city,,,,NYC Open Data fc53-9hrv
DPR_KISSENABH-1,DPR,Parks Department,Level 2 Charger,2,160-2 Oak Avenue,Queens,11365,Queens,40.7501,-73.807119,city,,,,NYC Open Data fc53-9hrv
DPR_LRP#1#2,DPR,Parks Department,Level 2 Charger,2,42-12 Queens Plaza S,Long Island City,11101,Queens,40.753144,-73.947199,approx,on Queens Plaza South; the house number could not be matched,,,NYC Open Data fc53-9hrv
DPR_MARCSGARV#1,DPR,Parks Department,Level 2 Charger,2,3 W 124th St,New York,10027,Manhattan,40.805856,-73.943,city,,,,NYC Open Data fc53-9hrv
DPR_MIDLAND-S4,DPR,Parks Department,EV Solar Arc Charger,1,3 Iroquois St.,Midland Beach,10305,Staten Island,40.574514,-74.085629,city,,,,NYC Open Data fc53-9hrv
DPR_MILLPOND-S1,DPR,Parks Department,EV Solar Arc Charger,1,5968 Maj Wm Deegan Blvd,The Bronx,10451,Bronx,40.82064,-73.931104,city,,,,NYC Open Data fc53-9hrv
DPR_MNBEACH-1,DPR,Parks Department,Level 2 Charger,2,760 Oriental Blvd,Brooklyn,11235,Brooklyn,40.577846,-73.944047,city,,,,NYC Open Data fc53-9hrv
DPR_MSPTHPK-2,DPR,Parks Department,Level 2 Charger,2,54-8 43rd St,Queens,11378,Queens,40.731943,-73.924672,city,,,,NYC Open Data fc53-9hrv
DPR_OKRDGE_1_L3,DPR,Parks Department,Level 3 Fast Charger,1,1 Forest Park Dr,Queens,11421,Queens,40.696323,-73.866356,city,,,,NYC Open Data fc53-9hrv
DPR_OKRDGE_2_L3,DPR,Parks Department,Level 3 Fast Charger,1,1 Forest Park Dr,Queens,11421,Queens,40.696323,-73.866356,city,,,,NYC Open Data fc53-9hrv
DPR_OLMSTED-S1,DPR,Parks Department,EV Solar Arc Charger,1,12 Olmsted Dr,Queens,11368,Queens,40.752161,-73.849609,city,,,,NYC Open Data fc53-9hrv
DPR_ORCDBC_1_L3,DPR,Parks Department,Level 3 Fast Charger,1,2 Orchard Beach Road,The Bronx,10464,Bronx,40.86932,-73.80036,facility,Orchard Beach,,,NYC Open Data fc53-9hrv
DPR_ORCDBC_2_L3,DPR,Parks Department,Level 3 Fast Charger,1,2 Orchard Beach Road,The Bronx,10464,Bronx,40.86932,-73.80036,facility,Orchard Beach,,,NYC Open Data fc53-9hrv
DPR_ORCH-BCH-S2,DPR,Parks Department,EV Solar Arc Charger,1,Park Dr,Bronx,10464,Bronx,40.86932,-73.80036,facility,Orchard Beach,,,NYC Open Data fc53-9hrv
DPR_ORCHDBCHQ-1,DPR,Parks Department,Level 2 Charger,2,2 Orchard Beach Road,The Bronx,10464,Bronx,40.86932,-73.80036,facility,Orchard Beach,,,NYC Open Data fc53-9hrv
DPR_ORCHDBCHQ-2,DPR,Parks Department,Level 2 Charger,2,2 Orchard Beach Road,The Bronx,10464,Bronx,40.86932,-73.80036,facility,Orchard Beach,,,NYC Open Data fc53-9hrv
DPR_ORCHDBCHQ-3,DPR,Parks Department,Level 2 Charger,2,2 Orchard Beach Road,The Bronx,10464,Bronx,40.86932,-73.80036,facility,Orchard Beach,,,NYC Open Data fc53-9hrv
DPR_ORCHDBCHQ-4,DPR,Parks Department,Level 2 Charger,2,2 Orchard Beach Road,The Bronx,10464,Bronx,40.86932,-73.80036,facility,Orchard Beach,,,NYC Open Data fc53-9hrv
DPR_ORCHDBCHQ-5,DPR,Parks Department,Level 2 Charger,2,2 Orchard Beach Road,The Bronx,10464,Bronx,40.86932,-73.80036,facility,Orchard Beach,,,NYC Open Data fc53-9hrv
DPR_ORCHDBCHQ-6,DPR,Parks Department,Level 2 Charger,2,2 Orchard Beach Road,The Bronx,10464,Bronx,40.86932,-73.80036,facility,Orchard Beach,,,NYC Open Data fc53-9hrv
DPR_OVERLOOK_1,DPR,Parks Department,Level 2 Charger,2,80-30 Park Ln,Kew Gardens,11415,Queens,40.710954,-73.835147,city,,,,NYC Open Data fc53-9hrv
DPR_OVERLOOK-S1,DPR,Parks Department,EV Solar Arc Charger,1,80-30 Park Ln,Queens,11415,Queens,40.710954,-73.835147,city,,,,NYC Open Data fc53-9hrv
DPR_OVERLOOK-S2,DPR,Parks Department,EV Solar Arc Charger,1,80-30 Park Ln,Queens,11415,Queens,40.710954,-73.835147,city,,,,NYC Open Data fc53-9hrv
DPR_QBLIC#9&10,DPR,Parks Department,Level 2 Charger,2,1001 Queens Plaza S,LIC,11101,Queens,40.753562,-73.947466,city,,,,NYC Open Data fc53-9hrv
DPR_QBLIC_5&6,DPR,Parks Department,Level 2 Charger,2,1001 Queens Plaza S,LIC,11101,Queens,40.753562,-73.947466,city,,,,NYC Open Data fc53-9hrv
DPR_QBLIC_7&8,DPR,Parks Department,Level 2 Charger,2,1001 Queens Plaza S,LIC,11101,Queens,40.753562,-73.947466,city,,,,NYC Open Data fc53-9hrv
DPR_QBSTWTRAIL1,DPR,Parks Department,Level 2 Charger,2,1001 Queens Plaza S,LIC,11101,Queens,40.753562,-73.947466,city,,,,NYC Open Data fc53-9hrv
DPR_RANAQ1,DPR,Parks Department,Level 2 Charger,2,1954-1962 Birchall Ave,New York,10462,Bronx,40.848615,-73.868576,city,,,,NYC Open Data fc53-9hrv
DPR_RANAQ2,DPR,Parks Department,Level 2 Charger,2,1954-1962 Birchall Ave,Bronx,10462,Bronx,40.848615,-73.868576,city,,,,NYC Open Data fc53-9hrv
DPR_RANAQU_1_L3,DPR,Parks Department,Level 3 Fast Charger,1,1 Bronx River Pkwy,Bronx,10462,Bronx,40.847311,-73.870827,city,,,,NYC Open Data fc53-9hrv
DPR_RANDALLS#1,DPR,Parks Department,Level 2 Charger,2,126 Hell Gate Circle,New York,10035,Manhattan,40.786761,-73.928799,city,,,,NYC Open Data fc53-9hrv
DPR_RICWTURF#1,DPR,Parks Department,Level 2 Charger,1,111 Sunken Garden Loop,New York,10035,Manhattan,40.786373,-73.931656,city,,,,NYC Open Data fc53-9hrv
DPR_RIHORT#1,DPR,Parks Department,Level 2 Charger,1,111 Sunken Garden Loop,New York,10035,Manhattan,40.786373,-73.931656,city,,,,NYC Open Data fc53-9hrv
DPR_RIHORT#2,DPR,Parks Department,Level 2 Charger,1,111 Sunken Garden Loop,New York,10035,Manhattan,40.786373,-73.931656,city,,,,NYC Open Data fc53-9hrv
DPR_RIHORT#3,DPR,Parks Department,Level 2 Charger,1,111 Sunken Garden Loop,New York,10035,Manhattan,40.786373,-73.931656,city,,,,NYC Open Data fc53-9hrv
DPR_RIOPS#1,DPR,Parks Department,Level 2 Charger,1,111 Sunken Garden Loop,New York,10035,Manhattan,40.786373,-73.931656,city,,,,NYC Open Data fc53-9hrv
DPR_ROYWILKINS1,DPR,Parks Department,Level 2 Charger,2,177-01 Baisley Blvd,Jamaica,11434,Queens,40.686284,-73.768455,city,,,,NYC Open Data fc53-9hrv
DPR_ROYWILKINS2,DPR,Parks Department,Level 2 Charger,2,177-01 Baisley Blvd,Jamaica,11434,Queens,40.686284,-73.768455,city,,,,NYC Open Data fc53-9hrv
DPR_RUFUSKING#1,DPR,Parks Department,Level 2 Charger,1,150-03 Jamaica Ave,Jamaica,11432,Queens,40.702376,-73.803607,city,,,,NYC Open Data fc53-9hrv
DPR_SHELTARMS#1,DPR,Parks Department,Level 2 Charger,2,500 W 129th St,New York,10027,Manhattan,40.815204,-73.955246,city,,,,NYC Open Data fc53-9hrv
DPR_SROOSEVELT1,DPR,Parks Department,Level 2 Charger,2,Hester St,New York,10002,Manhattan,40.716869,-73.994078,block,"mid-block, from the city street centerline",,,NYC Open Data fc53-9hrv
DPR_SROOSEVELT2,DPR,Parks Department,Level 2 Charger,2,Hester St,New York,10002,Manhattan,40.716869,-73.994078,block,"mid-block, from the city street centerline",,,NYC Open Data fc53-9hrv
DPR_STARLTPK#1,DPR,Parks Department,Level 2 Charger,2,1490 Sheridan Blvd,The Bronx,10459,Bronx,40.833338,-73.883614,city,,,,NYC Open Data fc53-9hrv
DPR-MILLPOND-5,DPR,Parks Department,Level 2 Charger,2,875 Exterior Street,The Bronx,10451,Bronx,40.822686,-73.931759,facility,Mill Pond Park,,,NYC Open Data fc53-9hrv
DSNY_MN04-1,DSNY,Sanitation,Level 2 Charger,2,650 W 57th St,New York,10019,Manhattan,40.771149,-73.993415,city,,,,NYC Open Data fc53-9hrv
DPR-MILLPOND-3,DPR,Parks Department,Level 2 Charger,2,875 Exterior Street,The Bronx,10451,Bronx,40.822686,-73.931759,facility,Mill Pond Park,,,NYC Open Data fc53-9hrv
DPR_STONEHNGE-1,DPR,Parks Department,Level 2 Charger,2,1150 Clove Road,Staten Island,10301,Staten Island,40.618239,-74.105161,city,,,,NYC Open Data fc53-9hrv
DPR_SUNSETPARK1,DPR,Parks Department,Level 2 Charger,1,4119 7th Ave,Brooklyn,11232,Brooklyn,40.647324,-74.000818,city,,,,NYC Open Data fc53-9hrv
DPR_VC-GAR-S2,DPR,Parks Department,EV Solar Arc Charger,1,5788 Broadway,North Riverdale,10471,Bronx,40.884065,-73.901217,city,,,,NYC Open Data fc53-9hrv
DPR_VCP-S1,DPR,Parks Department,EV Solar Arc Charger,1,189 Van Cortlandt Ave W,Bronx,10471,Bronx,40.89331,-73.88479,approx,Van Cortlandt Park golf course; placed on Van Cortlandt Avenue West,dcas,No,NYC Open Data fc53-9hrv
DPR_VCP-S3,DPR,Parks Department,EV Solar Arc Charger,1,6477 US-9,The Bronx,10471,Bronx,40.904378,-73.89673,address,US 9 is Broadway,,,NYC Open Data fc53-9hrv
DPR_VCP-S4,DPR,Parks Department,EV Solar Arc Charger,1,David Sheridan Plaza,The Bronx,10471,Bronx,40.904759,-73.896715,city,,,,NYC Open Data fc53-9hrv
DPR_VCP-S5,DPR,Parks Department,EV Solar Arc Charger,1,David Sheridan Plaza,The Bronx,10471,Bronx,40.904759,-73.896715,city,,,,NYC Open Data fc53-9hrv
DPR_WHRLMPIER,DPR,Parks Department,Level 2 Charger,2,698 West 135Th Street,New York,10031,Manhattan,40.821351,-73.958067,city,,,,NYC Open Data fc53-9hrv
DPR_WPP-S1,DPR,Parks Department,EV Solar Arc Charger,1,161 Chester Ave,Staten Island,10312,Staten Island,40.52066,-74.184425,city,,,,NYC Open Data fc53-9hrv
DPR_ZOOGARAGE-1,DPR,Parks Department,Level 2 Charger,2,830 5th Avenue,New York,10065,Manhattan,40.767711,-73.970516,city,,,,NYC Open Data fc53-9hrv
DPR_ZOOGARAGE-2,DPR,Parks Department,Level 2 Charger,2,830 5th Avenue,New York,10065,Manhattan,40.767711,-73.970516,city,,,,NYC Open Data fc53-9hrv
DPR5BOROBB_1_L3,DPR,Parks Department,Level 3 Fast Charger,1,20 Bronx Shore Rd,New York,10035,Manhattan,40.79952,-73.92227,city,,,,NYC Open Data fc53-9hrv
DPR5BOROBB_2_L3,DPR,Parks Department,Level 3 Fast Charger,1,20 Bronx Shore Rd,New York,10035,Manhattan,40.79952,-73.92227,city,,,,NYC Open Data fc53-9hrv
DPR5BOROBB1A-B,DPR,Parks Department,Level 2 Charger,2,20R Bronx Shore Rd,New York,10035,Manhattan,40.79952,-73.92227,city,,,,NYC Open Data fc53-9hrv
DPR5BOROBB2A-B,DPR,Parks Department,Level 2 Charger,2,20R Bronx Shore Rd,New York,10035,Manhattan,40.79952,-73.92227,city,,,,NYC Open Data fc53-9hrv
DPR5BOROBB3A-B,DPR,Parks Department,Level 2 Charger,2,20R Bronx Shore Rd,New York,10035,Manhattan,40.79952,-73.92227,city,,,,NYC Open Data fc53-9hrv
DPR5BOROBB4A-B,DPR,Parks Department,Level 2 Charger,2,20R Bronx Shore Rd,New York,10035,Manhattan,40.79952,-73.92227,city,,,,NYC Open Data fc53-9hrv
DPR5BOROBB5A-B,DPR,Parks Department,Level 2 Charger,2,20R Bronx Shore Rd,New York,10035,Manhattan,40.79952,-73.92227,city,,,,NYC Open Data fc53-9hrv
DPR5BOROBB6A-B,DPR,Parks Department,Level 2 Charger,2,20R Bronx Shore Rd,New York,10035,Manhattan,40.79952,-73.92227,city,,,,NYC Open Data fc53-9hrv
DPR86MNSHPS#1#2,DPR,Parks Department,Level 2 Charger,2,50 85Th St Transverse,New York,10128,Manhattan,40.781339,-73.962508,city,,,,NYC Open Data fc53-9hrv
DPRARSENAL#1,DPR,Parks Department,Level 2 Charger,1,East Dr,New York,10019,Manhattan,40.767711,-73.970516,facility,"the Arsenal in Central Park, Parks Department headquarters; listed only as ""East Dr""",,,NYC Open Data fc53-9hrv
DPRARSENAL#10,DPR,Parks Department,Level 2 Charger,1,East Dr,New York,10019,Manhattan,40.767711,-73.970516,facility,"the Arsenal in Central Park, Parks Department headquarters; listed only as ""East Dr""",,,NYC Open Data fc53-9hrv
DPRARSENAL#11,DPR,Parks Department,Level 2 Charger,1,East Dr,New York,10019,Manhattan,40.767711,-73.970516,facility,"the Arsenal in Central Park, Parks Department headquarters; listed only as ""East Dr""",,,NYC Open Data fc53-9hrv
DPRARSENAL#13,DPR,Parks Department,Level 2 Charger,1,East Dr,New York,10019,Manhattan,40.767711,-73.970516,facility,"the Arsenal in Central Park, Parks Department headquarters; listed only as ""East Dr""",,,NYC Open Data fc53-9hrv
DPRARSENAL#14,DPR,Parks Department,Level 2 Charger,1,East Dr,New York,10019,Manhattan,40.767711,-73.970516,facility,"the Arsenal in Central Park, Parks Department headquarters; listed only as ""East Dr""",,,NYC Open Data fc53-9hrv
DPRARSENAL#15,DPR,Parks Department,Level 2 Charger,1,East Dr,New York,10019,Manhattan,40.767711,-73.970516,facility,"the Arsenal in Central Park, Parks Department headquarters; listed only as ""East Dr""",,,NYC Open Data fc53-9hrv
DPRARSENAL#16,DPR,Parks Department,Level 2 Charger,1,East Dr,New York,10019,Manhattan,40.767711,-73.970516,facility,"the Arsenal in Central Park, Parks Department headquarters; listed only as ""East Dr""",,,NYC Open Data fc53-9hrv
DPRARSENAL#17,DPR,Parks Department,Level 2 Charger,1,East Dr,New York,10019,Manhattan,40.767711,-73.970516,facility,"the Arsenal in Central Park, Parks Department headquarters; listed only as ""East Dr""",,,NYC Open Data fc53-9hrv
DPRARSENAL#2,DPR,Parks Department,Level 2 Charger,1,East Dr,New York,10019,Manhattan,40.767711,-73.970516,facility,"the Arsenal in Central Park, Parks Department headquarters; listed only as ""East Dr""",,,NYC Open Data fc53-9hrv
DPRARSENAL#3,DPR,Parks Department,Level 2 Charger,1,East Dr,New York,10019,Manhattan,40.767711,-73.970516,facility,"the Arsenal in Central Park, Parks Department headquarters; listed only as ""East Dr""",,,NYC Open Data fc53-9hrv
DPRARSENAL#4,DPR,Parks Department,Level 2 Charger,1,East Dr,New York,10019,Manhattan,40.767711,-73.970516,facility,"the Arsenal in Central Park, Parks Department headquarters; listed only as ""East Dr""",,,NYC Open Data fc53-9hrv
DPRARSENAL#5,DPR,Parks Department,Level 2 Charger,1,East Dr,New York,10019,Manhattan,40.767711,-73.970516,facility,"the Arsenal in Central Park, Parks Department headquarters; listed only as ""East Dr""",,,NYC Open Data fc53-9hrv
DPRARSENAL#6,DPR,Parks Department,Level 2 Charger,1,East Dr,New York,10019,Manhattan,40.767711,-73.970516,facility,"the Arsenal in Central Park, Parks Department headquarters; listed only as ""East Dr""",,,NYC Open Data fc53-9hrv
DPRARSENAL#7,DPR,Parks Department,Level 2 Charger,1,East Dr,New York,10019,Manhattan,40.767711,-73.970516,facility,"the Arsenal in Central Park, Parks Department headquarters; listed only as ""East Dr""",,,NYC Open Data fc53-9hrv
DPRARSENAL_1_L3,DPR,Parks Department,Level 3 Fast Charger,1,East Dr,New York,10019,Manhattan,40.767711,-73.970516,facility,"the Arsenal in Central Park, Parks Department headquarters; listed only as ""East Dr""",,,NYC Open Data fc53-9hrv
DPRBAISLEYPND-1,DPR,Parks Department,Level 2 Charger,2,118- 9 155th Street,Queens,11434,Queens,40.681158,-73.787784,city,,,,NYC Open Data fc53-9hrv
DPRBAISLEYPND-2,DPR,Parks Department,Level 2 Charger,2,118- 9 155th Street,Queens,11434,Queens,40.681158,-73.787784,city,,,,NYC Open Data fc53-9hrv
DPRBKFORST#1A-B,DPR,Parks Department,Level 2 Charger,2,95 Prospect Park West,Brooklyn,11215,Brooklyn,40.667391,-73.974508,city,,,,NYC Open Data fc53-9hrv
DPRBKFORST#2A-B,DPR,Parks Department,Level 2 Charger,2,95 Prospect Park West,Brooklyn,11215,Brooklyn,40.667391,-73.974508,city,,,,NYC Open Data fc53-9hrv
DPRBKFORST#3A-B,DPR,Parks Department,Level 2 Charger,2,15 East Rd,Flushing,11355,Queens,40.754021,-73.838509,city,,,,NYC Open Data fc53-9hrv
DPRBLUHERON1A-B,DPR,Parks Department,Level 2 Charger,2,222 Poillon Ave,Annadale,10312,Staten Island,40.530065,-74.176447,city,,,,NYC Open Data fc53-9hrv
DPRBROOKFLD1A-B,DPR,Parks Department,Level 2 Charger,2,575 Arthur Kill Rd,Staten Island,10308,Staten Island,40.56161,-74.160443,city,,,,NYC Open Data fc53-9hrv
DPRBROOKFLD2A-B,DPR,Parks Department,Level 2 Charger,2,575 Arthur Kill Rd,Staten Island,10308,Staten Island,40.56161,-74.160443,city,,,,NYC Open Data fc53-9hrv
DPRBROOKFLD3A-B,DPR,Parks Department,Level 2 Charger,2,575 Arthur Kill Rd,Staten Island,10308,Staten Island,40.56161,-74.160443,city,,,,NYC Open Data fc53-9hrv
DPRBROOKFLD4A-B,DPR,Parks Department,Level 2 Charger,2,575 Arthur Kill Rd,Staten Island,10308,Staten Island,40.56161,-74.160443,city,,,,NYC Open Data fc53-9hrv
DPRBROOKLYNBPC,DPR,Parks Department,Level 2 Charger,2,334 Furman St,Brooklyn Heights,11201,Brooklyn,40.693999,-73.999196,city,,,,NYC Open Data fc53-9hrv
DPRBUSHWINL#1#2,DPR,Parks Department,Level 2 Charger,2,110 Kent Ave,Brooklyn,11249,Brooklyn,40.720795,-73.961226,city,,,,NYC Open Data fc53-9hrv
DPRBUSHWINL#3#4,DPR,Parks Department,Level 2 Charger,2,2-42 N 10Th St,Williamsburg,11249,Brooklyn,40.717655,-73.953014,city,,,,NYC Open Data fc53-9hrv
DPRBXFORST#1A-B,DPR,Parks Department,Level 2 Charger,2,1 Bronx River Pkwy,Bronx,10462,Bronx,40.847311,-73.870827,city,,,,NYC Open Data fc53-9hrv
DPRBXFORST#2A-B,DPR,Parks Department,Level 2 Charger,2,1 Bronx River Pkwy,Bronx,10462,Bronx,40.847311,-73.870827,city,,,,NYC Open Data fc53-9hrv
DPRBXFORST#3A-B,DPR,Parks Department,Level 2 Charger,2,1 Bronx River Pkwy,Bronx,10462,Bronx,40.847311,-73.870827,city,,,,NYC Open Data fc53-9hrv
DPRBXFORST#4A-B,DPR,Parks Department,Level 2 Charger,2,1 Bronx River Pkwy,Bronx,10462,Bronx,40.847311,-73.870827,city,,,,NYC Open Data fc53-9hrv
DPRBXFORST#5A-B,DPR,Parks Department,Level 2 Charger,2,1831 Unionport Rd,East Bronx,10462,Bronx,40.845802,-73.868694,city,,,,NYC Open Data fc53-9hrv
DPRBXFORST#6A-B,DPR,Parks Department,Level 2 Charger,2,1831 Unionport Rd,East Bronx,10462,Bronx,40.845802,-73.868694,city,,,,NYC Open Data fc53-9hrv
DPRBXFORST#7A-B,DPR,Parks Department,Level 2 Charger,2,1831 Unionport Rd,East Bronx,10462,Bronx,40.845802,-73.868694,city,,,,NYC Open Data fc53-9hrv
DPRBXFORST#8A-B,DPR,Parks Department,Level 2 Charger,2,1831 Unionport Rd,Bronx,10462,Bronx,40.845802,-73.868694,city,,,,NYC Open Data fc53-9hrv
DPRBXFORST#9A-B,DPR,Parks Department,Level 2 Charger,2,1831 Unionport Rd,Bronx,10462,Bronx,40.845802,-73.868694,city,,,,NYC Open Data fc53-9hrv
DPRBXFRST#10A-B,DPR,Parks Department,Level 2 Charger,2,1831 Unionport Rd,Bronx,10462,Bronx,40.845802,-73.868694,city,,,,NYC Open Data fc53-9hrv
DPRBXPEPNORTH-1,DPR,Parks Department,Level 2 Charger,2,Westchester Av/Burr Av,Pelham Bay,10461,Bronx,40.853298,-73.827205,corner,"at the corner of Westchester Ave and Burr Ave, from the city street centerline",,,NYC Open Data fc53-9hrv
DPRBXPEPNORTH-2,DPR,Parks Department,Level 2 Charger,2,Westchester Av/Burr Av,Pelham Bay,10461,Bronx,40.853298,-73.827205,corner,"at the corner of Westchester Ave and Burr Ave, from the city street centerline",,,NYC Open Data fc53-9hrv
DPRCITYWIDE#1,DPR,Parks Department,Level 2 Charger,2,14 Bronx Shore Rd,New York,10035,Manhattan,40.79872,-73.921194,city,,,,NYC Open Data fc53-9hrv
DPRCITYWIDE#10,DPR,Parks Department,Level 2 Charger,2,13 Bronx Shore Rd,New York,10035,Manhattan,40.79872,-73.921194,facility,"Parks yard on Randalls Island, with the rest of its station group",,,NYC Open Data fc53-9hrv
DPRCITYWIDE#11,DPR,Parks Department,Level 2 Charger,2,13 Bronx Shore Rd,New York,10035,Manhattan,40.79872,-73.921194,facility,"Parks yard on Randalls Island, with the rest of its station group",,,NYC Open Data fc53-9hrv
DPRCITYWIDE#12,DPR,Parks Department,Level 2 Charger,2,13 Bronx Shore Rd,New York,10035,Manhattan,40.79872,-73.921194,facility,"Parks yard on Randalls Island, with the rest of its station group",,,NYC Open Data fc53-9hrv
DPRCITYWIDE#13,DPR,Parks Department,Level 2 Charger,2,14 Bronx Shore Rd,New York,10035,Manhattan,40.79872,-73.921194,city,,,,NYC Open Data fc53-9hrv
DPRCITYWIDE#14,DPR,Parks Department,Level 2 Charger,2,13 Bronx Shore Rd,New York,10035,Manhattan,40.79872,-73.921194,facility,"Parks yard on Randalls Island, with the rest of its station group",,,NYC Open Data fc53-9hrv
DPRCITYWIDE#15,DPR,Parks Department,Level 2 Charger,2,13 Bronx Shore Rd,New York,10035,Manhattan,40.79872,-73.921194,facility,"Parks yard on Randalls Island, with the rest of its station group",,,NYC Open Data fc53-9hrv
DPRCITYWIDE#16,DPR,Parks Department,Level 2 Charger,2,14 Bronx Shore Rd,New York,10035,Manhattan,40.79872,-73.921194,city,,,,NYC Open Data fc53-9hrv
DPRCITYWIDE#17,DPR,Parks Department,Level 2 Charger,2,14 Bronx Shore Rd,New York,10035,Manhattan,40.79872,-73.921194,city,,,,NYC Open Data fc53-9hrv
DPRCITYWIDE#18,DPR,Parks Department,Level 2 Charger,2,37-49 Bronx Shore Rd,New York,10035,Manhattan,40.800068,-73.925671,city,,,,NYC Open Data fc53-9hrv
DPRCITYWIDE#2,DPR,Parks Department,Level 2 Charger,2,14 Bronx Shore Rd,New York,10035,Manhattan,40.79872,-73.921194,city,,,,NYC Open Data fc53-9hrv
DPRCITYWIDE#3,DPR,Parks Department,Level 2 Charger,2,14 Bronx Shore Rd,New York,10035,Manhattan,40.79872,-73.921194,city,,,,NYC Open Data fc53-9hrv
DPRCITYWIDE#4,DPR,Parks Department,Level 2 Charger,2,Main Roadway/Opp Park & Recreation,New York,10035,Manhattan,40.79872,-73.921194,facility,"Parks yard on Randalls Island, with the rest of its station group",,,NYC Open Data fc53-9hrv
DPRCITYWIDE#5,DPR,Parks Department,Level 2 Charger,2,Main Roadway/Opp Park & Recreation,New York,10035,Manhattan,40.79872,-73.921194,facility,"Parks yard on Randalls Island, with the rest of its station group",,,NYC Open Data fc53-9hrv
DPRCITYWIDE#6,DPR,Parks Department,Level 2 Charger,2,15 Bronx Shore Rd,New York,10035,Manhattan,40.79872,-73.921194,facility,"Parks yard on Randalls Island, with the rest of its station group",,,NYC Open Data fc53-9hrv
DPRCITYWIDE#7,DPR,Parks Department,Level 2 Charger,2,13 Bronx Shore Rd,New York,10035,Manhattan,40.79872,-73.921194,facility,"Parks yard on Randalls Island, with the rest of its station group",,,NYC Open Data fc53-9hrv
DPRCITYWIDE#8,DPR,Parks Department,Level 2 Charger,2,13 Bronx Shore Rd,New York,10035,Manhattan,40.79872,-73.921194,facility,"Parks yard on Randalls Island, with the rest of its station group",,,NYC Open Data fc53-9hrv
DPRCONFHSE1A-B,DPR,Parks Department,Level 2 Charger,2,298 Satterlee St,Tottenville,10307,Staten Island,40.502357,-74.25144,city,,,,NYC Open Data fc53-9hrv
DPRCUNINGHM3A-B,DPR,Parks Department,Level 2 Charger,2,19600 Union Tpke,Fresh Meadows,11366,Queens,40.730929,-73.774773,city,,,,NYC Open Data fc53-9hrv
DPRCUNINGHM6A-B,DPR,Parks Department,Level 2 Charger,2,196-5 Grand Central Parkway N Svc Rd,Queens,11423,Queens,40.725107,-73.771463,facility,"Cunningham Park, with the rest of its station group",,,NYC Open Data fc53-9hrv
DPRCUNINGHM7A-B,DPR,Parks Department,Level 2 Charger,2,196-03 Grand Central Pkwy,Queens,11423,Queens,40.725107,-73.771463,city,,,,NYC Open Data fc53-9hrv
DPRCUNINGHM-S1,DPR,Parks Department,EV Solar Arc Charger,1,Cunningham Park State Rte,Fresh Meadows,11366,Queens,40.728776,-73.764505,city,,,,NYC Open Data fc53-9hrv
DPRCUNINGHM-S2,DPR,Parks Department,EV Solar Arc Charger,1,Cunningham Park State Rte,Fresh Meadows,11366,Queens,40.728776,-73.764505,city,,,,NYC Open Data fc53-9hrv
DPRCUNINGHM-S3,DPR,Parks Department,EV Solar Arc Charger,1,196-10 Union Tpke,Queens,11366,Queens,40.730954,-73.77464,city,,,,NYC Open Data fc53-9hrv
DPRFLUSHING1A-B,DPR,Parks Department,Level 2 Charger,2,8 Olmsted Dr,Queens,11368,Queens,40.752164,-73.84963,city,,,,NYC Open Data fc53-9hrv
DPRFLUSHING2A-B,DPR,Parks Department,Level 2 Charger,2,8 Olmsted Dr,Corona,11368,Queens,40.752164,-73.84963,city,,,,NYC Open Data fc53-9hrv
DPRFLUSHING3A-B,DPR,Parks Department,Level 2 Charger,2,8 Olmsted Dr,Corona,11368,Queens,40.752164,-73.84963,city,,,,NYC Open Data fc53-9hrv
DPRFLUSHING4A-B,DPR,Parks Department,Level 2 Charger,2,8 Olmsted Dr,Corona,11368,Queens,40.752164,-73.84963,city,,,,NYC Open Data fc53-9hrv
DPRFLUSHING5A-B,DPR,Parks Department,Level 2 Charger,2,8 Olmsted Dr,Corona,11368,Queens,40.752164,-73.84963,city,,,,NYC Open Data fc53-9hrv
DPRFMAQUA-1A-B,DPR,Parks Department,Level 2 Charger,2,125-40 Roosevelt Ave,Flushing,11355,Queens,40.752442,-73.837885,city,,,,NYC Open Data fc53-9hrv
DPRFMAQUATIC-1,DPR,Parks Department,Level 2 Charger,1,13104 Meridian Road,Flushing,11355,Queens,40.752442,-73.837885,city,,,,NYC Open Data fc53-9hrv
DPRFRKILLS1A-B,DPR,Parks Department,Level 2 Charger,2,Unnamed Road,Staten Island,10314,Staten Island,40.577744,-74.179973,approx,"Freshkills Park; listed only as ""Unnamed Road""",,,NYC Open Data fc53-9hrv
DPRFRKILLS2A-B,DPR,Parks Department,Level 2 Charger,2,Unnamed Road,Staten Island,10314,Staten Island,40.577744,-74.179973,approx,"Freshkills Park; listed only as ""Unnamed Road""",,,NYC Open Data fc53-9hrv
DPRFTTOTTEN1A-B,DPR,Parks Department,Level 2 Charger,2,638 Bayside St,Bayside,11359,Queens,40.793418,-73.778797,approx,Fort Totten; the listed address could not be matched,,,NYC Open Data fc53-9hrv
DPRFTTOTTEN2A-B,DPR,Parks Department,Level 2 Charger,2,638 Bayside St,Bayside,11359,Queens,40.793418,-73.778797,approx,Fort Totten; the listed address could not be matched,,,NYC Open Data fc53-9hrv
DPRFTTOTTEN3A-B,DPR,Parks Department,Level 2 Charger,2,638 Bayside St,Bayside,11359,Queens,40.793418,-73.778797,approx,Fort Totten; the listed address could not be matched,,,NYC Open Data fc53-9hrv
DPRFTTOTTEN4A-B,DPR,Parks Department,Level 2 Charger,2,15 East Rd,Flushing,11355,Queens,40.754021,-73.838509,city,,,,NYC Open Data fc53-9hrv
DPRFTTOTTEN-S1,DPR,Parks Department,EV Solar Arc Charger,1,Murray Ave,Fort Totten,11359,Queens,40.793418,-73.778797,approx,"Fort Totten; listed only as ""Murray Ave""",,,NYC Open Data fc53-9hrv
DPRFTTOTTEN-S2,DPR,Parks Department,EV Solar Arc Charger,1,Murray Ave,Fort Totten,11359,Queens,40.793418,-73.778797,approx,"Fort Totten; listed only as ""Murray Ave""",,,NYC Open Data fc53-9hrv
DPRGREENBELT#2,DPR,Parks Department,Level 2 Charger,2,501 Brielle Ave,Staten Island,10314,Staten Island,40.592224,-74.13628,city,,,,NYC Open Data fc53-9hrv
DPRGREENTHUMB#2,DPR,Parks Department,Level 2 Charger,2,25-10 Queens Plaza S,Queens,11101,Queens,40.750369,-73.940301,city,,,,NYC Open Data fc53-9hrv
DPRHIGHROCK#1,DPR,Parks Department,Level 2 Charger,1,191-249 Nevada Ave,Staten Island,10306,Staten Island,40.584008,-74.125528,city,,,,NYC Open Data fc53-9hrv
DPRHIGHWAYP2-S1,DPR,Parks Department,EV Solar Arc Charger,1,2900 Flatbush Ave,Brooklyn,11234,Brooklyn,40.600248,-73.912051,city,,,,NYC Open Data fc53-9hrv
DPRHIGHWAYP2-S2,DPR,Parks Department,EV Solar Arc Charger,1,2900 Flatbush Ave,Brooklyn,11234,Brooklyn,40.600248,-73.912051,city,,,,NYC Open Data fc53-9hrv
DPRICAHNSTADIUM,DPR,Parks Department,Level 2 Charger,2,20 Randalls Is Rd,New York,10035,Manhattan,40.795535,-73.922671,city,,,,NYC Open Data fc53-9hrv
DPRINWOODHLL-S1,DPR,Parks Department,EV Solar Arc Charger,1,600 W 218th St,New York,10034,Manhattan,40.872891,-73.918159,city,,,,NYC Open Data fc53-9hrv
DPRINWOODHLL-S2,DPR,Parks Department,EV Solar Arc Charger,1,600 W 218th St,New York,10034,Manhattan,40.872891,-73.918159,city,,,,NYC Open Data fc53-9hrv
DPRLITCHFLD1A-B,DPR,Parks Department,Level 2 Charger,2,95 Prospect Park West,Brooklyn,11215,Brooklyn,40.667391,-73.974508,city,,,,NYC Open Data fc53-9hrv
DPRLITCHFLD2A-B,DPR,Parks Department,Level 2 Charger,2,95 Prospect Park West,Brooklyn,11215,Brooklyn,40.667391,-73.974508,city,,,,NYC Open Data fc53-9hrv
DPRLITCHFLD3A-B,DPR,Parks Department,Level 2 Charger,2,95 Prospect Park West,Brooklyn,11215,Brooklyn,40.667391,-73.974508,city,,,,NYC Open Data fc53-9hrv
DPRLITCHFLD4A-B,DPR,Parks Department,Level 2 Charger,2,95 Prospect Park West,Brooklyn,11215,Brooklyn,40.667391,-73.974508,city,,,,NYC Open Data fc53-9hrv
DPRLITCHFLD5A-B,DPR,Parks Department,Level 2 Charger,2,95 Prospect Park West,Brooklyn,11215,Brooklyn,40.667391,-73.974508,city,,,,NYC Open Data fc53-9hrv
DPRLITCHFLD6A-B,DPR,Parks Department,Level 2 Charger,2,95 Prospect Park West,Brooklyn,11215,Brooklyn,40.667391,-73.974508,city,,,,NYC Open Data fc53-9hrv
DPRLITCHFLD7A-B,DPR,Parks Department,Level 2 Charger,2,95 Prospect Park West,Brooklyn,11215,Brooklyn,40.667391,-73.974508,city,,,,NYC Open Data fc53-9hrv
DPRLYONSPL1A-B,DPR,Parks Department,Level 2 Charger,2,15 Murray Hulbert Ave,Staten Island,10301,Staten Island,40.636297,-74.073382,city,,,,NYC Open Data fc53-9hrv
DPRLYONS-S1,DPR,Parks Department,EV Solar Arc Charger,1,405 Capodanno Blvd,Tompkinsville,10304,Staten Island,40.587755,-74.069261,city,,,,NYC Open Data fc53-9hrv
DPRMBLOT7-S1,DPR,Parks Department,EV Solar Arc Charger,1,829 Father Capodanno Blvd,Midland Beach,10305,Staten Island,40.575685,-74.083179,city,,,,NYC Open Data fc53-9hrv
DPRMBLOT7-S2,DPR,Parks Department,EV Solar Arc Charger,1,829 Father Capodanno Blvd,Midland Beach,10305,Staten Island,40.575685,-74.083179,city,,,,NYC Open Data fc53-9hrv
DPRMBLOT8_1_L3,DPR,Parks Department,Level 3 Fast Charger,1,920 Father Capodanno Blvd,Midland Beach,10305,Staten Island,40.575993,-74.082618,city,,dcas,No,NYC Open Data fc53-9hrv
DPRMBLOT8_2_L3,DPR,Parks Department,Level 3 Fast Charger,1,920 Father Capodanno Blvd,Midland Beach,10305,Staten Island,40.575993,-74.082618,city,,dcas,No,NYC Open Data fc53-9hrv
DPRMBLOT8-S1,DPR,Parks Department,EV Solar Arc Charger,1,Father Capodanno Blvd,Midland Beach,10305,Staten Island,40.575993,-74.082618,facility,"Midland Beach Lot 8, with the rest of its station group",,,NYC Open Data fc53-9hrv
DPRMBLOT8-S2,DPR,Parks Department,EV Solar Arc Charger,1,Father Capodanno Blvd,Midland Beach,10305,Staten Island,40.575993,-74.082618,facility,"Midland Beach Lot 8, with the rest of its station group",,,NYC Open Data fc53-9hrv
DPRMBLOT8-S3,DPR,Parks Department,EV Solar Arc Charger,1,Father Capodanno Blvd,Midland Beach,10305,Staten Island,40.575993,-74.082618,facility,"Midland Beach Lot 8, with the rest of its station group",,,NYC Open Data fc53-9hrv
DPRMILLPOND1&2,DPR,Parks Department,Level 2 Charger,2,Major Deegan Expy,West Bronx,10451,Bronx,40.822686,-73.931759,facility,Mill Pond Park,,,NYC Open Data fc53-9hrv
DPRNMEADOW#1A-B,DPR,Parks Department,Level 2 Charger,2,97Th St Transverse,New York,10029,Manhattan,40.790363,-73.960055,facility,"North Meadow, Central Park, with the rest of the Parks chargers there",,,NYC Open Data fc53-9hrv
DPRNMEADOW#2A-B,DPR,Parks Department,Level 2 Charger,2,97Th St Transverse,New York,10029,Manhattan,40.790363,-73.960055,facility,"North Meadow, Central Park, with the rest of the Parks chargers there",,,NYC Open Data fc53-9hrv
DPROAKRIDGE#1#2,DPR,Parks Department,Level 2 Charger,2,Forest Park Dr,Woodhaven,11421,Queens,40.696323,-73.866356,facility,"Oak Ridge, Forest Park, with the rest of its station group",,,NYC Open Data fc53-9hrv
DPROCBRZAC_1_L3,DPR,Parks Department,Level 3 Fast Charger,1,625 Father Capodanno Blvd,South Beach,10305,Staten Island,40.582243,-74.074594,city,,dcas,No,NYC Open Data fc53-9hrv
DPROCBRZAC_2_L3,DPR,Parks Department,Level 3 Fast Charger,1,625 Father Capodanno Blvd,South Beach,10305,Staten Island,40.582243,-74.074594,city,,dcas,No,NYC Open Data fc53-9hrv
DPROCEANBR#1A-B,DPR,Parks Department,Level 2 Charger,2,631-643 Father Capodanno Blvd,South Beach,10305,Staten Island,40.581606,-74.075187,city,,,,NYC Open Data fc53-9hrv
DPROCEANBR#2A-B,DPR,Parks Department,Level 2 Charger,2,631-643 Father Capodanno Blvd,South Beach,10305,Staten Island,40.581606,-74.075187,city,,,,NYC Open Data fc53-9hrv
DPROLMBRADDICK2,DPR,Parks Department,Level 2 Charger,2,117 Roosevelt Avenue,Queens,11368,Queens,40.751876,-73.849331,facility,"Olmsted Center, Flushing Meadows Corona Park",,,NYC Open Data fc53-9hrv
DPROLMSTD#10A-B,DPR,Parks Department,Level 2 Charger,2,117-2 Roosevelt Ave,Corona,11368,Queens,40.751876,-73.849331,city,,,,NYC Open Data fc53-9hrv
DPROLMSTD#11A-B,DPR,Parks Department,Level 2 Charger,2,117-2 Roosevelt Ave,Corona,11368,Queens,40.751876,-73.849331,city,,,,NYC Open Data fc53-9hrv
DPROLMSTD#12A-B,DPR,Parks Department,Level 2 Charger,2,117-2 Roosevelt Ave,Corona,11368,Queens,40.751876,-73.849331,city,,,,NYC Open Data fc53-9hrv
DPROLMSTD#13A-B,DPR,Parks Department,Level 2 Charger,2,117-2 Roosevelt Ave,Corona,11368,Queens,40.751876,-73.849331,city,,,,NYC Open Data fc53-9hrv
DPROLMSTD#14A-B,DPR,Parks Department,Level 2 Charger,2,8 Olmsted Dr,Corona,11368,Queens,40.752164,-73.84963,city,,,,NYC Open Data fc53-9hrv
DPROLMSTD#15A-B,DPR,Parks Department,Level 2 Charger,2,8 Olmsted Dr,Corona,11368,Queens,40.752164,-73.84963,city,,,,NYC Open Data fc53-9hrv
DPROLMSTD#16A-B,DPR,Parks Department,Level 2 Charger,2,6 Olmsted Dr,Corona,11368,Queens,40.752167,-73.849641,city,,,,NYC Open Data fc53-9hrv
DPROLMSTD#17A-B,DPR,Parks Department,Level 2 Charger,2,6 Olmsted Dr,Corona,11368,Queens,40.752167,-73.849641,city,,,,NYC Open Data fc53-9hrv
DPROLMSTD#18A-B,DPR,Parks Department,Level 2 Charger,2,6 Olmsted Dr,Corona,11368,Queens,40.752167,-73.849641,city,,,,NYC Open Data fc53-9hrv
DPROLMSTED#1A-B,DPR,Parks Department,Level 2 Charger,2,117-2 Roosevelt Ave,Corona,11368,Queens,40.751876,-73.849331,city,,,,NYC Open Data fc53-9hrv
DPROLMSTED#2A-B,DPR,Parks Department,Level 2 Charger,2,117-2 Roosevelt Ave,Corona,11368,Queens,40.751876,-73.849331,city,,,,NYC Open Data fc53-9hrv
DPROLMSTED#3A-B,DPR,Parks Department,Level 2 Charger,2,117-2 Roosevelt Ave,Corona,11368,Queens,40.751876,-73.849331,city,,,,NYC Open Data fc53-9hrv
DPROLMSTED#4A-B,DPR,Parks Department,Level 2 Charger,2,117-2 Roosevelt Ave,Corona,11368,Queens,40.751876,-73.849331,city,,,,NYC Open Data fc53-9hrv
DPROLMSTED#5A-B,DPR,Parks Department,Level 2 Charger,2,117-2 Roosevelt Ave,Corona,11368,Queens,40.751876,-73.849331,city,,,,NYC Open Data fc53-9hrv
DPROLMSTED#6A-B,DPR,Parks Department,Level 2 Charger,2,117-2 Roosevelt Ave,Corona,11368,Queens,40.751876,-73.849331,city,,,,NYC Open Data fc53-9hrv
DPROLMSTED#7A-B,DPR,Parks Department,Level 2 Charger,2,117-2 Roosevelt Ave,Corona,11368,Queens,40.751876,-73.849331,city,,,,NYC Open Data fc53-9hrv
DPROLMSTED#8A-B,DPR,Parks Department,Level 2 Charger,2,6 Olmsted Dr,Corona,11368,Queens,40.752167,-73.849641,city,,,,NYC Open Data fc53-9hrv
DPROLMSTED#9A-B,DPR,Parks Department,Level 2 Charger,2,6 Olmsted Dr,Corona,11368,Queens,40.752167,-73.849641,city,,,,NYC Open Data fc53-9hrv
DPROLMSTEDFOR#3,DPR,Parks Department,Level 2 Charger,1,12 Olmsted Dr,Corona,11368,Queens,40.752161,-73.849609,city,,,,NYC Open Data fc53-9hrv
DPROMSDFR#10#11,DPR,Parks Department,Level 2 Charger,2,12 Olmsted Dr,Corona,11368,Queens,40.752161,-73.849609,city,,,,NYC Open Data fc53-9hrv
DPROMSDFR#12#13,DPR,Parks Department,Level 2 Charger,2,12 Olmsted Dr,Corona,11368,Queens,40.752161,-73.849609,city,,,,NYC Open Data fc53-9hrv
DPROMSDFR#14#15,DPR,Parks Department,Level 2 Charger,2,12 Olmsted Dr,Corona,11368,Queens,40.752161,-73.849609,city,,,,NYC Open Data fc53-9hrv
DPROMSTDFOR#1#2,DPR,Parks Department,Level 2 Charger,2,12 Olmsted Dr,Corona,11368,Queens,40.752161,-73.849609,city,,,,NYC Open Data fc53-9hrv
DPROMSTDFOR#4#5,DPR,Parks Department,Level 2 Charger,2,12 Olmsted Dr,Corona,11368,Queens,40.752161,-73.849609,city,,,,NYC Open Data fc53-9hrv
DPROMSTDFOR#6#7,DPR,Parks Department,Level 2 Charger,2,12 Olmsted Dr,Corona,11368,Queens,40.752161,-73.849609,city,,,,NYC Open Data fc53-9hrv
DPROMSTDFOR#8#9,DPR,Parks Department,Level 2 Charger,2,12 Olmsted Dr,Corona,11368,Queens,40.752161,-73.849609,city,,,,NYC Open Data fc53-9hrv
DPROVERLOOK1A-B,DPR,Parks Department,Level 2 Charger,2,80-30 Park Ln,Kew Gardens,11415,Queens,40.710954,-73.835147,city,,,,NYC Open Data fc53-9hrv
DPRPARADE1-2,DPR,Parks Department,Level 2 Charger,2,397 Coney Island Ave,Flatbush,11218,Brooklyn,40.649009,-73.971603,city,,,,NYC Open Data fc53-9hrv
DPRPARADE3-4,DPR,Parks Department,Level 2 Charger,2,397 Coney Island Ave,Flatbush,11218,Brooklyn,40.649009,-73.971603,city,,,,NYC Open Data fc53-9hrv
DPRPAYSONPLAY#1,DPR,Parks Department,Level 2 Charger,2,269 Dyckman St,New York,10034,Manhattan,40.866824,-73.928811,city,,,,NYC Open Data fc53-9hrv
DPRPEPBURR-S1,DPR,Parks Department,EV Solar Arc Charger,1,2029 Burr Ave,Bronx,10461,Bronx,40.853828,-73.827513,city,,,,NYC Open Data fc53-9hrv
DPRPEPBURR-S2,DPR,Parks Department,EV Solar Arc Charger,1,2029 Burr Ave,Middletown - Pelham Bay,10461,Bronx,40.853828,-73.827513,city,,,,NYC Open Data fc53-9hrv
DPRPEPBURR-S3,DPR,Parks Department,EV Solar Arc Charger,1,2029 Burr Ave,Middletown - Pelham Bay,10461,Bronx,40.853828,-73.827513,city,,,,NYC Open Data fc53-9hrv
DPRPRKOFAMER#1,DPR,Parks Department,Level 2 Charger,2,103-68 41st Ave,Corona,11368,Queens,40.74913,-73.861966,city,,,,NYC Open Data fc53-9hrv
DPRPRSPCTYARDS1,DPR,Parks Department,EV Solar Arc Charger,1,48 West Dr,Brooklyn,11215,Brooklyn,40.664987,-73.973384,city,,,,NYC Open Data fc53-9hrv
DPRPRSPCTYARDS2,DPR,Parks Department,EV Solar Arc Charger,1,48 West Dr,Brooklyn,11215,Brooklyn,40.664987,-73.973384,city,,,,NYC Open Data fc53-9hrv
DPRQBLIC#1&2,DPR,Parks Department,Level 2 Charger,2,23-10 Queens Plaza S,Long Island City,11101,Queens,40.751136,-73.94204,city,,,,NYC Open Data fc53-9hrv
DPRQBLIC#3&4,DPR,Parks Department,Level 2 Charger,2,10Th Street And Queens Plaza South,Long Island City,11101,Queens,40.753624,-73.947608,corner,"at the corner of 10 St and Queens Plz S, from the city street centerline",,,NYC Open Data fc53-9hrv
DPRQNSMSEUM#1#2,DPR,Parks Department,Level 2 Charger,2,Avenue Of The States,Corona,11368,Queens,40.745869,-73.846741,facility,"Queens Museum, Flushing Meadows Corona Park",,,NYC Open Data fc53-9hrv
DPRQNSSHOPS1A-B,DPR,Parks Department,Level 2 Charger,2,8298 88Th Pl,Flushing,11385,Queens,40.701474,-73.858238,city,,,,NYC Open Data fc53-9hrv
DPRQNSSHOPS2A-B,DPR,Parks Department,Level 2 Charger,2,8298 88Th Pl,Flushing,11385,Queens,40.701474,-73.858238,city,,,,NYC Open Data fc53-9hrv
DPRQNSSTHSE#1#2,DPR,Parks Department,Level 2 Charger,2,43 Flushing Meadows Corona Park Rd,Queens,11368,Queens,40.742377,-73.842157,city,,,,NYC Open Data fc53-9hrv
DPRQNSSTHSE#3#4,DPR,Parks Department,Level 2 Charger,2,43 Flushing Meadows Corona Park Rd,Queens,11368,Queens,40.742377,-73.842157,city,,,,NYC Open Data fc53-9hrv
DPRRANAQUA#1,DPR,Parks Department,Level 2 Charger,1,1 Bronx River Pkwy,Bronx,10462,Bronx,40.847311,-73.870827,city,,,,NYC Open Data fc53-9hrv
DPRRANAQUA#2,DPR,Parks Department,Level 2 Charger,1,1 Bronx River Pkwy,Bronx,10462,Bronx,40.847311,-73.870827,city,,,,NYC Open Data fc53-9hrv
DPRRANAQUA#3,DPR,Parks Department,Level 2 Charger,1,1 Bronx River Pkwy,Bronx,10462,Bronx,40.847311,-73.870827,city,,,,NYC Open Data fc53-9hrv
DPRRANAQUA#4,DPR,Parks Department,Level 2 Charger,2,1 Bronx River Pkwy,Bronx,10462,Bronx,40.847311,-73.870827,city,,,,NYC Open Data fc53-9hrv
DPRRIVERSIDE-S1,DPR,Parks Department,EV Solar Arc Charger,1,Hudson River Greenway,New York,10025,Manhattan,40.795089,-73.976207,approx,"Riverside Park, with the rest of its station group",,,NYC Open Data fc53-9hrv
DPRRIVERSIDE-S2,DPR,Parks Department,EV Solar Arc Charger,1,Ny-9A,New York,10025,Manhattan,40.795089,-73.976207,approx,"Riverside Park, with the rest of its station group",,,NYC Open Data fc53-9hrv
DPR_VCP-S2,DPR,Parks Department,EV Solar Arc Charger,1,5901 Mosholu Ave,Bronx,10471,Bronx,40.901905,-73.904296,approx,"Van Cortlandt Park; placed on Mosholu Avenue, house number not matched",,,NYC Open Data fc53-9hrv
DPRRIVERSIDE-S3,DPR,Parks Department,EV Solar Arc Charger,1,223 Riverside Dr,New York,10025,Manhattan,40.795089,-73.976207,city,,,,NYC Open Data fc53-9hrv
DPRRIVERSIDE-S4,DPR,Parks Department,EV Solar Arc Charger,1,223 Riverside Dr,New York,10025,Manhattan,40.795089,-73.976207,city,,,,NYC Open Data fc53-9hrv
DPRROCKAWAY17ST,DPR,Parks Department,Level 2 Charger,2,16-25 Seagirt Blvd,Rockaway Park,11694,Queens,40.595127,-73.750371,city,,,,NYC Open Data fc53-9hrv
DPRROCKAWAY80S1,DPR,Parks Department,EV Solar Arc Charger,1,350 80 St,Queens,11693,Queens,40.59119,-73.806367,address,"listed as ""80 St""; in Rockaway it is Beach 80th Street",,,NYC Open Data fc53-9hrv
DPRROCKAWAY80S2,DPR,Parks Department,EV Solar Arc Charger,1,350 80 St,Queens,11693,Queens,40.59119,-73.806367,address,"listed as ""80 St""; in Rockaway it is Beach 80th Street",,,NYC Open Data fc53-9hrv
DPRROCKAWAY97S1,DPR,Parks Department,EV Solar Arc Charger,1,1 Beach 56th Pl,Queens,11692,Queens,40.590278,-73.786049,city,,,,NYC Open Data fc53-9hrv
DPRROCKAWAY97S2,DPR,Parks Department,EV Solar Arc Charger,1,9111 Shore Front Pkwy,Queens,11693,Queens,40.584396,-73.813149,city,,,,NYC Open Data fc53-9hrv
DPRROCKAWY86-S1,DPR,Parks Department,EV Solar Arc Charger,1,8601 Shore Front Pkwy,Far Rockaway,11691,Queens,40.584972,-73.810876,city,,,,NYC Open Data fc53-9hrv
DPRROCKAWY97-S1,DPR,Parks Department,EV Solar Arc Charger,1,9701 Shore Front Pkwy,Far Rockaway,11694,Queens,40.583177,-73.817764,city,,,,NYC Open Data fc53-9hrv
DPRSBLOT4-S1,DPR,Parks Department,EV Solar Arc Charger,1,405 Father Capodanno Blvd,South Beach,10305,Staten Island,40.587755,-74.069261,city,,,,NYC Open Data fc53-9hrv
DPRSBLOT4-S2,DPR,Parks Department,EV Solar Arc Charger,1,405 Father Capodanno Blvd,South Beach,10305,Staten Island,40.587755,-74.069261,city,,,,NYC Open Data fc53-9hrv
DPRSID1HDQT#1#2,DPR,Parks Department,Level 2 Charger,2,1150 Clove Rd,Staten Island,10301,Staten Island,40.618239,-74.105161,city,,,,NYC Open Data fc53-9hrv
DPRSLNURSER1A-B,DPR,Parks Department,Level 2 Charger,2,858-918 Victory Blvd,Staten Island,10301,Staten Island,40.62368,-74.094745,city,,,,NYC Open Data fc53-9hrv
DPRSLTENNIS-S1,DPR,Parks Department,EV Solar Arc Charger,1,42 Revere St,Silver Lake,10301,Staten Island,40.62852,-74.100238,city,,,,NYC Open Data fc53-9hrv
DPRSLTENNIS-S2,DPR,Parks Department,EV Solar Arc Charger,1,42 Revere St,Silver Lake,10301,Staten Island,40.62852,-74.100238,city,,,,NYC Open Data fc53-9hrv
DPRSLVRLAKE1A-B,DPR,Parks Department,Level 2 Charger,2,42 Revere St,Staten Island,10301,Staten Island,40.62852,-74.100238,city,,,,NYC Open Data fc53-9hrv
DPRSLVRLAKE1-CP,DPR,Parks Department,Level 2 Charger,1,42 Revere St,Staten Island,10301,Staten Island,40.62852,-74.100238,city,,,,NYC Open Data fc53-9hrv
DPRSLVRLAKE2A-B,DPR,Parks Department,Level 2 Charger,2,42 Revere St,Staten Island,10301,Staten Island,40.62852,-74.100238,city,,,,NYC Open Data fc53-9hrv
DPRSLVRLAKE3A-B,DPR,Parks Department,Level 2 Charger,2,42 Revere St,Staten Island,10301,Staten Island,40.62852,-74.100238,city,,,,NYC Open Data fc53-9hrv
DPRSLVRLAKE4A-B,DPR,Parks Department,Level 2 Charger,2,42 Revere St,Staten Island,10301,Staten Island,40.62852,-74.100238,city,,,,NYC Open Data fc53-9hrv
DPRSLVRLAKE5A-B,DPR,Parks Department,Level 2 Charger,2,42 Revere St,Staten Island,10301,Staten Island,40.62852,-74.100238,city,,,,NYC Open Data fc53-9hrv
DPRSOUNDVIEW_#1,DPR,Parks Department,Level 2 Charger,1,1550 Lafayette Ave,Clason Point,10473,Bronx,40.819343,-73.878396,city,,,,NYC Open Data fc53-9hrv
DPRSOUTHBEACH#1,DPR,Parks Department,Level 2 Charger,2,375 Sand Ln,Staten Island,10305,Staten Island,40.59048,-74.06675,city,,,,NYC Open Data fc53-9hrv
DPRTOTTENBLG203,DPR,Parks Department,Level 2 Charger,1,208 Totten Ave,Bayside,11359,Queens,40.792442,-73.777563,city,,,,NYC Open Data fc53-9hrv
DPRTOTTENBLG431,DPR,Parks Department,Level 2 Charger,2,431 Walter Reed Rd,Bayside,11359,Queens,40.794148,-73.775415,city,,,,NYC Open Data fc53-9hrv
DPRWFMARINA#1#2,DPR,Parks Department,Level 2 Charger,2,1 Flushing Bay Promenade,East Elmhurst,11369,Queens,40.760974,-73.857649,facility,World's Fair Marina,,,NYC Open Data fc53-9hrv
DPRWFMARINA-S2,DPR,Parks Department,EV Solar Arc Charger,1,1 Marina Rd,Queens,11368,Queens,40.760974,-73.857649,city,,dcas,No,NYC Open Data fc53-9hrv
DPRWFMARINA-S3,DPR,Parks Department,EV Solar Arc Charger,1,109-5 Marina Rd,Queens,11368,Queens,40.760974,-73.857649,facility,World's Fair Marina,dcas,No,NYC Open Data fc53-9hrv
DPRWFMARNA_1_L3,DPR,Parks Department,Level 3 Fast Charger,1,109-5 Marina Rd,Corona,11368,Queens,40.760974,-73.857649,facility,World's Fair Marina,dcas,No,NYC Open Data fc53-9hrv
DPRWFMARNA_2_L3,DPR,Parks Department,Level 3 Fast Charger,1,109-5 Marina Rd,Queens,11368,Queens,40.760974,-73.857649,facility,World's Fair Marina,dcas,No,NYC Open Data fc53-9hrv
DPRWFMARNA_3_L3,DPR,Parks Department,Level 3 Fast Charger,1,109-5 Marina Rd,Queens,11368,Queens,40.760974,-73.857649,facility,World's Fair Marina,dcas,No,NYC Open Data fc53-9hrv
DPRWFMARNA_4_L3,DPR,Parks Department,Level 3 Fast Charger,1,109-5 Marina Rd,Queens,11368,Queens,40.760974,-73.857649,facility,World's Fair Marina,dcas,No,NYC Open Data fc53-9hrv
DPRWFMARNA_5_L3,DPR,Parks Department,Level 3 Fast Charger,1,109-5 Marina Rd,Queens,11368,Queens,40.760974,-73.857649,facility,World's Fair Marina,dcas,No,NYC Open Data fc53-9hrv
DSNY_BK01-1,DSNY,Sanitation,Level 2 Charger,2,161 Varick Ave,East Williamsburg,11237,Brooklyn,40.711118,-73.928548,city,,,,NYC Open Data fc53-9hrv
DSNY_BK01-DCFC1,DSNY,Sanitation,Level 3 Fast Charger,1,161 Varick Ave,East Williamsburg,11237,Brooklyn,40.711118,-73.928548,city,,,,NYC Open Data fc53-9hrv
DSNY_BK01-DCFC2,DSNY,Sanitation,Level 3 Fast Charger,1,161 Varick Avenue,Brooklyn,11237,Brooklyn,40.711118,-73.928548,city,,,,NYC Open Data fc53-9hrv
DSNY_BK01-DCFC3,DSNY,Sanitation,Level 3 Fast Charger,1,161 Varick Avenue,Brooklyn,11237,Brooklyn,40.711118,-73.928548,city,,,,NYC Open Data fc53-9hrv
DSNY_BK01-DCFC4,DSNY,Sanitation,Level 3 Fast Charger,1,161 Varick Avenue,Brooklyn,11237,Brooklyn,40.711118,-73.928548,city,,,,NYC Open Data fc53-9hrv
DSNY_BK01-DCFC5,DSNY,Sanitation,Level 3 Fast Charger,1,161 Varick Avenue,Brooklyn,11237,Brooklyn,40.711118,-73.928548,city,,,,NYC Open Data fc53-9hrv
DSNY_BK01-DCFC6,DSNY,Sanitation,Level 3 Fast Charger,1,161 Varick Avenue,Brooklyn,11237,Brooklyn,40.711118,-73.928548,city,,,,NYC Open Data fc53-9hrv
DSNY_BK01-DCFC7,DSNY,Sanitation,Level 3 Fast Charger,1,161 Varick Avenue,Brooklyn,11237,Brooklyn,40.711118,-73.928548,city,,,,NYC Open Data fc53-9hrv
DSNY_BK02,DSNY,Sanitation,Level 2 Charger,2,52-35 58th St,Queens,11377,Queens,40.734883,-73.909957,city,,,,NYC Open Data fc53-9hrv
DSNY_BK04-1,DSNY,Sanitation,Level 2 Charger,2,161 Varick Ave,East Williamsburg,11237,Brooklyn,40.711118,-73.928548,city,,,,NYC Open Data fc53-9hrv
DSNY_BK04-2,DSNY,Sanitation,Level 2 Charger,2,161 Varick Ave,East Williamsburg,11237,Brooklyn,40.711118,-73.928548,city,,,,NYC Open Data fc53-9hrv
DSNY_BK04-DCFC1,DSNY,Sanitation,Level 3 Fast Charger,1,161 Varick Avenue,Brooklyn,11237,Brooklyn,40.711118,-73.928548,city,,,,NYC Open Data fc53-9hrv
DSNY_BK04-DCFC2,DSNY,Sanitation,Level 3 Fast Charger,1,161 Varick Avenue,Brooklyn,11237,Brooklyn,40.711118,-73.928548,city,,,,NYC Open Data fc53-9hrv
DSNY_BK04-DCFC3,DSNY,Sanitation,Level 3 Fast Charger,1,161 Varick Avenue,Brooklyn,11237,Brooklyn,40.711118,-73.928548,city,,,,NYC Open Data fc53-9hrv
DSNY_BK04-DCFC4,DSNY,Sanitation,Level 3 Fast Charger,1,161 Varick Avenue,Brooklyn,11237,Brooklyn,40.711118,-73.928548,city,,,,NYC Open Data fc53-9hrv
DSNY_BK04-DCFC5,DSNY,Sanitation,Level 3 Fast Charger,1,161 Varick Avenue,Brooklyn,11237,Brooklyn,40.711118,-73.928548,city,,,,NYC Open Data fc53-9hrv
DSNY_BK04-DCFC6,DSNY,Sanitation,Level 3 Fast Charger,1,161 Varick Avenue,Brooklyn,11237,Brooklyn,40.711118,-73.928548,city,,,,NYC Open Data fc53-9hrv
DSNY_BK05-1,DSNY,Sanitation,Level 2 Charger,2,606 Milford Street,East New York,11208,Brooklyn,40.660832,-73.8697,city,,,,NYC Open Data fc53-9hrv
DSNY_BK06-1,DSNY,Sanitation,Level 2 Charger,1,127 2Nd Ave,Brooklyn,11215,Brooklyn,40.671308,-73.994452,city,,,,NYC Open Data fc53-9hrv
DSNY_BK06-2,DSNY,Sanitation,Level 2 Charger,2,127 2nd Ave,Gowanus,11215,Brooklyn,40.671308,-73.994452,city,,,,NYC Open Data fc53-9hrv
DSNY_BK06A,DSNY,Sanitation,Level 2 Charger,2,1595 Washington Ave,Bronx,10457,Bronx,40.839498,-73.90231,city,,,,NYC Open Data fc53-9hrv
DSNY_BK08-1,DSNY,Sanitation,Level 2 Charger,2,1755 Pacific St,Crown Heights,11213,Brooklyn,40.67669,-73.931938,city,,,,NYC Open Data fc53-9hrv
DSNY_BK09-1,DSNY,Sanitation,Level 2 Charger,2,690 New York Ave,Prospect Lefferts Gardens,11203,Brooklyn,40.657155,-73.947351,city,,,,NYC Open Data fc53-9hrv
DSNY_BK10-1,DSNY,Sanitation,Level 2 Charger,2,5100 1St Ave,Brooklyn,11232,Brooklyn,40.649977,-74.02012,city,,,,NYC Open Data fc53-9hrv
DSNY_BK11-1,DSNY,Sanitation,Level 2 Charger,2,1824 Shore Parkway,Brooklyn,11214,Brooklyn,40.591314,-73.994488,city,,,,NYC Open Data fc53-9hrv
DSNY_BK11-S1,DSNY,Sanitation,EV Solar Arc Charger,1,1824 Shore Pkwy,Brooklyn,11214,Brooklyn,40.591314,-73.994488,city,,,,NYC Open Data fc53-9hrv
DSNY_BK11-S2,DSNY,Sanitation,EV Solar Arc Charger,1,1824 Shore Pkwy,Brooklyn,11214,Brooklyn,40.591314,-73.994488,city,,,,NYC Open Data fc53-9hrv
DSNY_BK11-S3,DSNY,Sanitation,EV Solar Arc Charger,1,1824 Shore Pkwy,Brooklyn,11214,Brooklyn,40.591314,-73.994488,city,,,,NYC Open Data fc53-9hrv
DSNY_BK11-S4,DSNY,Sanitation,EV Solar Arc Charger,1,1824 Shore Pkwy,Brooklyn,11214,Brooklyn,40.591314,-73.994488,city,,,,NYC Open Data fc53-9hrv
DSNY_BK12-S1,DSNY,Sanitation,EV Solar Arc Charger,1,5602 19th Ave,Mapleton,11204,Brooklyn,40.622889,-73.982824,city,,,,NYC Open Data fc53-9hrv
DSNY_BK12-S2,DSNY,Sanitation,EV Solar Arc Charger,1,5602 19th Ave,Mapleton,11204,Brooklyn,40.622889,-73.982824,city,,,,NYC Open Data fc53-9hrv
DSNY_BK13_S1,DSNY,Sanitation,EV Solar Arc Charger,1,2012 Neptune Ave,Brooklyn,11224,Brooklyn,40.578665,-73.987588,city,,,,NYC Open Data fc53-9hrv
DSNY_BK14-1,DSNY,Sanitation,Level 2 Charger,2,1397 Ralph Ave,Canarsie,11236,Brooklyn,40.642674,-73.919717,city,,,,NYC Open Data fc53-9hrv
DSNY_BK16-DCFC1,DSNY,Sanitation,Level 3 Fast Charger,1,50 Wortman Ave,Brooklyn,11207,Brooklyn,40.654488,-73.890676,city,,,,NYC Open Data fc53-9hrv
DSNY_BK16-DCFC2,DSNY,Sanitation,Level 3 Fast Charger,1,50-72 Wortman Ave,Brooklyn,11207,Brooklyn,40.654488,-73.890676,city,,,,NYC Open Data fc53-9hrv
DSNY_BK17-1,DSNY,Sanitation,Level 2 Charger,1,10502 Avenue D,Brooklyn,11236,Brooklyn,40.653831,-73.901511,city,,,,NYC Open Data fc53-9hrv
DSNY_BK17-2,DSNY,Sanitation,Level 2 Charger,1,10502 Avenue D,Brooklyn,11236,Brooklyn,40.653831,-73.901511,city,,,,NYC Open Data fc53-9hrv
DSNY_BK17-DCFC1,DSNY,Sanitation,Level 3 Fast Charger,1,10502 Avenue D,Brooklyn,11236,Brooklyn,40.653831,-73.901511,city,,,,NYC Open Data fc53-9hrv
DSNY_BK18-1,DSNY,Sanitation,Level 2 Charger,1,105-01 Foster Ave,Brooklyn,11236,Brooklyn,40.65327,-73.90023,corrected,"the city placed this Canarsie garage at Foster Avenue in Midwood, about 4.7 km west; moved to 10501 Foster Avenue",,,NYC Open Data fc53-9hrv
DSNY_BK18-2,DSNY,Sanitation,Level 2 Charger,1,105-01 Foster Ave,Brooklyn,11236,Brooklyn,40.65327,-73.90023,corrected,"the city placed this Canarsie garage at Foster Avenue in Midwood, about 4.7 km west; moved to 10501 Foster Avenue",,,NYC Open Data fc53-9hrv
DSNY_BK18-DCFC1,DSNY,Sanitation,Level 3 Fast Charger,1,105-01 Foster Ave,Brooklyn,11236,Brooklyn,40.65327,-73.90023,corrected,"the city placed this Canarsie garage at Foster Avenue in Midwood, about 4.7 km west; moved to 10501 Foster Avenue",,,NYC Open Data fc53-9hrv
DSNY_BK18-DCFC2,DSNY,Sanitation,Level 3 Fast Charger,1,105-01 Foster Ave,Brooklyn,11236,Brooklyn,40.65327,-73.90023,corrected,"the city placed this Canarsie garage at Foster Avenue in Midwood, about 4.7 km west; moved to 10501 Foster Avenue",,,NYC Open Data fc53-9hrv
DSNY_BKLCU-1,DSNY,Sanitation,Level 2 Charger,2,110 E 131st St,New York,10037,Manhattan,40.808657,-73.935809,city,,,,NYC Open Data fc53-9hrv
DSNY_BX02-1,DSNY,Sanitation,Level 2 Charger,2,650 Casanova St,West Bronx,10474,Bronx,40.812786,-73.889857,city,,,,NYC Open Data fc53-9hrv
DSNY_BX04-1,DSNY,Sanitation,Level 2 Charger,2,525 Johnson Ave,East Williamsburg,11237,Brooklyn,40.708726,-73.926318,city,,,,NYC Open Data fc53-9hrv
DSNY_BX05-1,DSNY,Sanitation,Level 2 Charger,1,1331 Cromwell Ave,Bronx,10452,Bronx,40.839273,-73.920629,city,,,,NYC Open Data fc53-9hrv
DSNY_BX05-2,DSNY,Sanitation,Level 2 Charger,2,465 Hamilton Ave,Gowanus,11232,Brooklyn,40.669156,-73.996907,city,,,,NYC Open Data fc53-9hrv
DSNY_BX06-2,DSNY,Sanitation,Level 2 Charger,2,800 E 176Th St,Bronx,10460,Bronx,40.842053,-73.889504,city,,,,NYC Open Data fc53-9hrv
DSNY_BX10-1,DSNY,Sanitation,Level 2 Charger,2,850 Zerega Ave,East Bronx,10473,Bronx,40.825144,-73.843139,city,,,,NYC Open Data fc53-9hrv
DSNY_BX12-1,DSNY,Sanitation,Level 2 Charger,2,1635 E 233Rd St,East Bronx,10475,Bronx,40.888188,-73.826903,city,,,,NYC Open Data fc53-9hrv
DSNY_BX12-2,DSNY,Sanitation,Level 2 Charger,2,1635 E 233Rd St,East Bronx,10466,Bronx,40.888188,-73.826903,city,,,,NYC Open Data fc53-9hrv
DSNY_BX12-3,DSNY,Sanitation,Level 2 Charger,2,1635 E 233Rd St,East Bronx,10466,Bronx,40.888188,-73.826903,city,,,,NYC Open Data fc53-9hrv
DSNY_BX12-4,DSNY,Sanitation,Level 2 Charger,2,1635 E 233Rd St,East Bronx,10466,Bronx,40.888188,-73.826903,city,,,,NYC Open Data fc53-9hrv
DSNY_BXENF-WASH,DSNY,Sanitation,Level 2 Charger,2,1595 Washington Ave,Bronx,10457,Bronx,40.839498,-73.90231,city,,,,NYC Open Data fc53-9hrv
DSNY_CBS-1,DSNY,Sanitation,Level 2 Charger,1,10601 Avenue D,Brooklyn,11236,Brooklyn,40.654363,-73.900725,city,,,,NYC Open Data fc53-9hrv
DSNY_CBS-2,DSNY,Sanitation,Level 2 Charger,2,401 E 105th St,Canarsie,11236,Brooklyn,40.653513,-73.901371,city,,,,NYC Open Data fc53-9hrv
DSNY_CRS_MM-1,DSNY,Sanitation,Level 2 Charger,2,52-35 58Th St,Woodside,11377,Queens,40.734883,-73.909957,city,,,,NYC Open Data fc53-9hrv
DSNY_CRS_PC-1,DSNY,Sanitation,Level 2 Charger,1,52-35 58Th Street,Woodside,11377,Queens,40.734883,-73.909957,city,,,,NYC Open Data fc53-9hrv
DSNY_CRS_VAWNE1,DSNY,Sanitation,Level 2 Charger,2,52-35 58th St,Woodside,11377,Queens,40.734883,-73.909957,city,,,,NYC Open Data fc53-9hrv
DSNY_CRS_VAWNE2,DSNY,Sanitation,Level 2 Charger,2,52-35 58th St,Woodside,11377,Queens,40.734883,-73.909957,city,,,,NYC Open Data fc53-9hrv
DSNY_CRSBBMDCFC,DSNY,Sanitation,Level 3 Fast Charger,1,52-35 58th St,Queens,11377,Queens,40.734883,-73.909957,city,,,,NYC Open Data fc53-9hrv
DSNY_CRSNEDCFC1,DSNY,Sanitation,Level 3 Fast Charger,1,52-35 58th St,Queens,11377,Queens,40.734883,-73.909957,city,,,,NYC Open Data fc53-9hrv
DSNY_CRSNEDCFC2,DSNY,Sanitation,Level 3 Fast Charger,1,52-35 58th St,Queens,11377,Queens,40.734883,-73.909957,city,,,,NYC Open Data fc53-9hrv
DSNY_CRSPCDCFC,DSNY,Sanitation,Level 3 Fast Charger,1,52-35 58th St,Queens,11377,Queens,40.734883,-73.909957,city,,,,NYC Open Data fc53-9hrv
DSNY_CRSPSDCFC1,DSNY,Sanitation,Level 3 Fast Charger,1,52-35 58th St,Queens,11377,Queens,40.734883,-73.909957,city,,,,NYC Open Data fc53-9hrv
DSNY_CRSQWDCFC1,DSNY,Sanitation,Level 3 Fast Charger,1,52-35 58th St,Queens,11377,Queens,40.734883,-73.909957,city,,,,NYC Open Data fc53-9hrv
DSNY_CRSQWDCFC2,DSNY,Sanitation,Level 3 Fast Charger,1,52-35 58th St,Queens,11377,Queens,40.734883,-73.909957,city,,,,NYC Open Data fc53-9hrv
DSNY_FBF-S1,DSNY,Sanitation,EV Solar Arc Charger,1,50 Aviation Rd,Brooklyn,11234,Brooklyn,40.591839,-73.882699,city,,,,NYC Open Data fc53-9hrv
DSNY_FBF-S2,DSNY,Sanitation,EV Solar Arc Charger,1,50 Aviation Rd,Brooklyn,11234,Brooklyn,40.591839,-73.882699,city,,,,NYC Open Data fc53-9hrv
DSNY_FBF-S3,DSNY,Sanitation,EV Solar Arc Charger,1,50 Aviation Rd,Brooklyn,11234,Brooklyn,40.591839,-73.882699,city,,,,NYC Open Data fc53-9hrv
DSNY_HENRY-1,DSNY,Sanitation,Level 2 Charger,1,80 Henry Street,New York,10002,Manhattan,40.71307,-73.993821,city,,,,NYC Open Data fc53-9hrv
DSNY_HENRY-2,DSNY,Sanitation,Level 2 Charger,1,80 Henry Street,New York,10002,Manhattan,40.71307,-73.993821,city,,,,NYC Open Data fc53-9hrv
DSNY_HENRY-4,DSNY,Sanitation,Level 2 Charger,1,80 Henry Street,New York,10002,Manhattan,40.71307,-73.993821,city,,,,NYC Open Data fc53-9hrv
DSNY_MBS-1,DSNY,Sanitation,Level 2 Charger,1,640 West 26Th Street,New York,10001,Manhattan,40.751183,-74.006594,city,,,,NYC Open Data fc53-9hrv
DSNY_MBS-DCFC1,DSNY,Sanitation,Level 3 Fast Charger,1,640 W 26th St,New York,10001,Manhattan,40.751183,-74.006594,city,,,,NYC Open Data fc53-9hrv
DSNY_MBS-DCFC2,DSNY,Sanitation,Level 3 Fast Charger,1,640 W 26th St,New York,10001,Manhattan,40.751183,-74.006594,city,,,,NYC Open Data fc53-9hrv
DSNY_MBS-DCFC3,DSNY,Sanitation,Level 3 Fast Charger,1,640 W 26th St,New York,10001,Manhattan,40.751183,-74.006594,city,,,,NYC Open Data fc53-9hrv
DSNY_MBS-DCFC4,DSNY,Sanitation,Level 3 Fast Charger,1,640 W 26th St,New York,10001,Manhattan,40.751183,-74.006594,city,,,,NYC Open Data fc53-9hrv
DSNY_MBS-DCFC5,DSNY,Sanitation,Level 3 Fast Charger,1,640 W 26th St,New York,10001,Manhattan,40.751183,-74.006594,city,,,,NYC Open Data fc53-9hrv
DSNY_MBS-DCFC6,DSNY,Sanitation,Level 3 Fast Charger,1,640 W 26th St,New York,10001,Manhattan,40.751183,-74.006594,city,,,,NYC Open Data fc53-9hrv
DSNY_MBS-DCFC7,DSNY,Sanitation,Level 3 Fast Charger,1,640 W 26th St,New York,10001,Manhattan,40.751183,-74.006594,city,,,,NYC Open Data fc53-9hrv
DSNY_MN01-1,DSNY,Sanitation,Level 2 Charger,2,353 Spring St,New York,10013,Manhattan,40.726159,-74.010712,city,,,,NYC Open Data fc53-9hrv
DSNY_MN02_DCFC1,DSNY,Sanitation,Level 3 Fast Charger,1,353 Spring St,New York,10013,Manhattan,40.726159,-74.010712,city,,,,NYC Open Data fc53-9hrv
DSNY_MN02_DCFC2,DSNY,Sanitation,Level 3 Fast Charger,1,353 Spring St,New York,10013,Manhattan,40.726159,-74.010712,city,,,,NYC Open Data fc53-9hrv
DSNY_MN02-1,DSNY,Sanitation,Level 2 Charger,2,353 Spring St,New York,10013,Manhattan,40.726159,-74.010712,city,,,,NYC Open Data fc53-9hrv
DSNY_MN03-1,DSNY,Sanitation,Level 2 Charger,2,South Street Pier 36,New York,10002,Manhattan,40.709435,-73.985778,facility,Pier 36,,,NYC Open Data fc53-9hrv
DSNY_MN03-2,DSNY,Sanitation,Level 2 Charger,2,South Street Pier 36,New York,10002,Manhattan,40.709435,-73.985778,facility,Pier 36,,,NYC Open Data fc53-9hrv
DSNY_MN03-3,DSNY,Sanitation,Level 2 Charger,2,South Street Pier 36,New York,10002,Manhattan,40.709435,-73.985778,facility,Pier 36,,,NYC Open Data fc53-9hrv
DSNY_MN03-DCFC1,DSNY,Sanitation,Level 3 Fast Charger,1,299 South St,New York,10002,Manhattan,40.710508,-73.986196,city,,,,NYC Open Data fc53-9hrv
DSNY_MN03-DCFC2,DSNY,Sanitation,Level 3 Fast Charger,1,299 South St,New York,10002,Manhattan,40.710508,-73.986196,city,,,,NYC Open Data fc53-9hrv
DSNY_MN05_DCFC1,DSNY,Sanitation,Level 3 Fast Charger,1,353 Spring St,New York,10013,Manhattan,40.726159,-74.010712,city,,,,NYC Open Data fc53-9hrv
DSNY_MN05_DCFC2,DSNY,Sanitation,Level 3 Fast Charger,1,353 Spring St,New York,10013,Manhattan,40.726159,-74.010712,city,,,,NYC Open Data fc53-9hrv
DSNY_MN05-1,DSNY,Sanitation,Level 2 Charger,2,52 58th St,woodside,11377,Queens,40.735462,-73.909675,facility,Sanitation complex at 52-07 58th Street; the listed number was incomplete,,,NYC Open Data fc53-9hrv
DSNY_MN06-DCFC1,DSNY,Sanitation,Level 3 Fast Charger,1,299 South St,New York,10002,Manhattan,40.710508,-73.986196,city,,,,NYC Open Data fc53-9hrv
DSNY_MN06-DCFC2,DSNY,Sanitation,Level 3 Fast Charger,1,299 South St,New York,10002,Manhattan,40.710508,-73.986196,city,,,,NYC Open Data fc53-9hrv
DSNY_MN07-1,DSNY,Sanitation,Level 2 Charger,2,1787 W Farms Rd,Bronx,10460,Bronx,40.836086,-73.882066,city,,,,NYC Open Data fc53-9hrv
DSNY_MN07-3,DSNY,Sanitation,Level 2 Charger,1,650 W 57Th St,New York,10019,Manhattan,40.771149,-73.993415,city,,,,NYC Open Data fc53-9hrv
DSNY_MN07-4,DSNY,Sanitation,Level 2 Charger,1,650 W 57Th St,New York,10019,Manhattan,40.771149,-73.993415,city,,,,NYC Open Data fc53-9hrv
DSNY_MN07-5,DSNY,Sanitation,Level 2 Charger,1,650 W 57Th St,New York,10019,Manhattan,40.771149,-73.993415,city,,,,NYC Open Data fc53-9hrv
DSNY_MN07-DCFC1,DSNY,Sanitation,Level 3 Fast Charger,1,650 W 57th St,New York,10019,Manhattan,40.771149,-73.993415,city,,,,NYC Open Data fc53-9hrv
DSNY_MN07-DCFC2,DSNY,Sanitation,Level 3 Fast Charger,1,650 W 57th St,New York,10019,Manhattan,40.771149,-73.993415,city,,,,NYC Open Data fc53-9hrv
DSNY_MN07-DCFC3,DSNY,Sanitation,Level 3 Fast Charger,1,650 W 57th St,New York,10019,Manhattan,40.771149,-73.993415,city,,,,NYC Open Data fc53-9hrv
DSNY_MN07-DCFC4,DSNY,Sanitation,Level 3 Fast Charger,1,650 W 57th St,New York,10019,Manhattan,40.771149,-73.993415,city,,,,NYC Open Data fc53-9hrv
DSNY_MN08-1,DSNY,Sanitation,Level 2 Charger,2,4036 9th Ave,New York,10034,Manhattan,40.869218,-73.913033,city,,,,NYC Open Data fc53-9hrv
DSNY_MN09-1,DSNY,Sanitation,Level 2 Charger,2,125 E 149th St,West Bronx,10451,Bronx,40.818987,-73.928909,city,,,,NYC Open Data fc53-9hrv
DSNY_MN10-1,DSNY,Sanitation,Level 2 Charger,2,110 E 131St St,New York,10037,Manhattan,40.808657,-73.935809,city,,,,NYC Open Data fc53-9hrv
DSNY_MN10-2,DSNY,Sanitation,Level 2 Charger,2,1921 Park Ave,New York,10037,Manhattan,40.808361,-73.936604,city,,,,NYC Open Data fc53-9hrv
DSNY_MN10-3,DSNY,Sanitation,Level 2 Charger,2,110 E 131St St,New York,10037,Manhattan,40.808657,-73.935809,city,,,,NYC Open Data fc53-9hrv
DSNY_MN10-4-ENF,DSNY,Sanitation,Level 2 Charger,2,110 E 130th St,New York,10037,Manhattan,40.808023,-73.936268,city,,,,NYC Open Data fc53-9hrv
DSNY_MN10-5-ENF,DSNY,Sanitation,Level 2 Charger,2,110 E 131st St,New York,10037,Manhattan,40.808657,-73.935809,city,,,,NYC Open Data fc53-9hrv
DSNY_MN11-1,DSNY,Sanitation,Level 2 Charger,2,217 E 127th St,New York,10035,Manhattan,40.804756,-73.934281,city,,,,NYC Open Data fc53-9hrv
DSNY_MN11-2,DSNY,Sanitation,Level 2 Charger,2,217 E 127th St,New York,10035,Manhattan,40.804756,-73.934281,city,,,,NYC Open Data fc53-9hrv
DSNY_MN11-3,DSNY,Sanitation,Level 2 Charger,2,217 E 127th St,New York,10035,Manhattan,40.804756,-73.934281,city,,,,NYC Open Data fc53-9hrv
DSNY_MN12_DCFC1,DSNY,Sanitation,Level 3 Fast Charger,1,301 W 215 St,New York,10034,Manhattan,40.868199,-73.911997,city,,,,NYC Open Data fc53-9hrv
DSNY_MN12_DCFC2,DSNY,Sanitation,Level 3 Fast Charger,1,301 W 215 St,New York,10034,Manhattan,40.868199,-73.911997,city,,,,NYC Open Data fc53-9hrv
DSNY_MN12-1,DSNY,Sanitation,Level 2 Charger,2,301 West 215 Street,New York,10034,Manhattan,40.868199,-73.911997,city,,,,NYC Open Data fc53-9hrv
DSNY_Q01-DCFC1,DSNY,Sanitation,Level 3 Fast Charger,1,34-28 21st St,Queens,11106,Queens,40.762336,-73.934464,city,,,,NYC Open Data fc53-9hrv
DSNY_Q01-DCFC2,DSNY,Sanitation,Level 3 Fast Charger,1,34-28 21st St,Queens,11106,Queens,40.762336,-73.934464,city,,,,NYC Open Data fc53-9hrv
DSNY_Q02-1,DSNY,Sanitation,Level 2 Charger,1,58-1 52 Rd,Woodside,11377,Queens,40.734957,-73.909719,city,,,,NYC Open Data fc53-9hrv
DSNY_Q02-2,DSNY,Sanitation,Level 2 Charger,2,52-35 58Th Street,Flushing,11377,Queens,40.734883,-73.909957,city,,,,NYC Open Data fc53-9hrv
DSNY_Q03-1,DSNY,Sanitation,Level 2 Charger,2,52-35 58Th St,Woodside,11377,Queens,40.734883,-73.909957,city,,,,NYC Open Data fc53-9hrv
DSNY_Q04-1,DSNY,Sanitation,Level 2 Charger,2,52-35 58Th St,Woodside,11377,Queens,40.734883,-73.909957,city,,,,NYC Open Data fc53-9hrv
DSNY_Q04-2,DSNY,Sanitation,Level 2 Charger,1,52-35 58Th Street,Woodside,11377,Queens,40.734883,-73.909957,city,,,,NYC Open Data fc53-9hrv
DSNY_Q05_DCFC1,DSNY,Sanitation,Level 3 Fast Charger,1,48-01 58 Rd,Maspeth,11378,Queens,40.720249,-73.922845,city,,,,NYC Open Data fc53-9hrv
DSNY_Q05_DCFC2,DSNY,Sanitation,Level 3 Fast Charger,1,48-01 58 Rd,Maspeth,11378,Queens,40.720249,-73.922845,city,,,,NYC Open Data fc53-9hrv
DSNY_Q05-1,DSNY,Sanitation,Level 2 Charger,2,47-01 48Th Street,Maspeth,11377,Queens,40.740948,-73.917246,corner,"at the corner of 48 St and 47 Ave, from the city street centerline",,,NYC Open Data fc53-9hrv
DSNY_Q05-2,DSNY,Sanitation,Level 2 Charger,2,47-01 48Th St,Maspeth,11377,Queens,40.740948,-73.917246,corner,"at the corner of 48 St and 47 Ave, from the city street centerline",,,NYC Open Data fc53-9hrv
DSNY_Q06-1,DSNY,Sanitation,Level 2 Charger,2,2720 53Rd Ave,Woodside,11377,Queens,40.734136,-73.909403,approx,Sanitation complex on 53rd Avenue; the listed number (2720) could not be matched,,,NYC Open Data fc53-9hrv
DSNY_Q07-1,DSNY,Sanitation,Level 2 Charger,2,120-15 31St Ave,Flushing,11354,Queens,40.769692,-73.847197,city,,,,NYC Open Data fc53-9hrv
DSNY_Q07-2,DSNY,Sanitation,Level 2 Charger,2,120-15 31St Ave,Flushing,11354,Queens,40.769692,-73.847197,city,,,,NYC Open Data fc53-9hrv
DSNY_Q07-3,DSNY,Sanitation,Level 2 Charger,2,30-19 122Nd St,Flushing,11354,Queens,40.770849,-73.846552,city,,,,NYC Open Data fc53-9hrv
DSNY_Q07A-1,DSNY,Sanitation,Level 2 Charger,2,30-19 122Nd St,Flushing,11354,Queens,40.770849,-73.846552,city,,,,NYC Open Data fc53-9hrv
DSNY_Q07A-2,DSNY,Sanitation,Level 2 Charger,2,30-19 122Nd St,Flushing,11354,Queens,40.770849,-73.846552,city,,,,NYC Open Data fc53-9hrv
DSNY_Q09-1,DSNY,Sanitation,Level 2 Charger,2,13287 Atlantic Ave,Queens,11418,Queens,40.69657,-73.816405,city,,,,NYC Open Data fc53-9hrv
DSNY_Q09-2,DSNY,Sanitation,Level 2 Charger,2,133-20 Atlantic Ave,Queens,11418,Queens,40.696682,-73.81595,city,,,,NYC Open Data fc53-9hrv
DSNY_Q09-DCFC1,DSNY,Sanitation,Level 3 Fast Charger,1,13287 Atlantic Ave,Queens,11418,Queens,40.69657,-73.816405,city,,,,NYC Open Data fc53-9hrv
DSNY_Q10-1,DSNY,Sanitation,Level 2 Charger,2,130-23 150Th Ave,Jamaica,11430,Queens,40.664778,-73.810159,city,,,,NYC Open Data fc53-9hrv
DSNY_Q13J-1,DSNY,Sanitation,Level 2 Charger,2,153-67 146Th Ave,Jamaica,11434,Queens,40.664629,-73.784675,city,,,,NYC Open Data fc53-9hrv
DSNY_Q13J-2,DSNY,Sanitation,Level 2 Charger,2,153-67 146 Ave,Jamaica,11434,Queens,40.664629,-73.784675,city,,,,NYC Open Data fc53-9hrv
DSNY_Q13W-DCFC1,DSNY,Sanitation,Level 3 Fast Charger,1,74-75 Douglaston Parkway,Queens,11362,Queens,40.743829,-73.734509,city,,,,NYC Open Data fc53-9hrv
DSNY_Q14_DCFC1,DSNY,Sanitation,Level 3 Fast Charger,1,51-10 Almeda Ave,Far Rockaway,11691,Queens,40.597844,-73.782485,city,,,,NYC Open Data fc53-9hrv
DSNY_Q14-1,DSNY,Sanitation,Level 2 Charger,1,51-10 Almeda Ave,Queens,11691,Queens,40.597844,-73.782485,city,,,,NYC Open Data fc53-9hrv
DSNY_Q14-2,DSNY,Sanitation,Level 2 Charger,2,51-10 Almeda Ave,Far Rockaway,11691,Queens,40.597844,-73.782485,city,,,,NYC Open Data fc53-9hrv
DSNY_Q14-3,DSNY,Sanitation,Level 2 Charger,2,51-10 Almeda Ave,Far Rockaway,11691,Queens,40.597844,-73.782485,city,,,,NYC Open Data fc53-9hrv
DSNY_QBS-DCFC1,DSNY,Sanitation,Level 3 Fast Charger,1,52-07 58th St,Woodside,11377,Queens,40.735462,-73.909675,city,,,,NYC Open Data fc53-9hrv
DSNY_QBS-DCFC2,DSNY,Sanitation,Level 3 Fast Charger,1,52-07 58th St,Woodside,11377,Queens,40.735462,-73.909675,city,,,,NYC Open Data fc53-9hrv
DSNY_QBS-DCFC3,DSNY,Sanitation,Level 3 Fast Charger,1,52-07 58th St,Woodside,11377,Queens,40.735462,-73.909675,city,,,,NYC Open Data fc53-9hrv
DSNY_QBS-DCFC4,DSNY,Sanitation,Level 3 Fast Charger,1,52-07 58th St,Woodside,11377,Queens,40.735462,-73.909675,city,,,,NYC Open Data fc53-9hrv
DSNY_QBS-DCFC5,DSNY,Sanitation,Level 3 Fast Charger,1,52-07 58th St,Woodside,11377,Queens,40.735462,-73.909675,city,,,,NYC Open Data fc53-9hrv
DSNY_QBS-DCFC6,DSNY,Sanitation,Level 3 Fast Charger,1,52-07 58th St,Woodside,11377,Queens,40.735462,-73.909675,city,,,,NYC Open Data fc53-9hrv
DSNY_QBSROOF-1,DSNY,Sanitation,Level 2 Charger,2,52-07 58Th St,Woodside,11377,Queens,40.735462,-73.909675,city,,,,NYC Open Data fc53-9hrv
DSNY_QBSROOF-2,DSNY,Sanitation,Level 2 Charger,2,52 58Th St,Woodside,11377,Queens,40.735462,-73.909675,facility,Sanitation complex at 52-07 58th Street; the listed number was incomplete,,,NYC Open Data fc53-9hrv
DSNY_QBSROOF-4,DSNY,Sanitation,Level 2 Charger,1,52-07 58Th St,Woodside,11377,Queens,40.735462,-73.909675,city,,,,NYC Open Data fc53-9hrv
DSNY_QBSSHOP-1,DSNY,Sanitation,Level 2 Charger,1,52-07 58Th St,Woodside,11377,Queens,40.735462,-73.909675,city,,,,NYC Open Data fc53-9hrv
DSNY_QBSSHOP-2,DSNY,Sanitation,Level 2 Charger,1,52-07 58Th St,Woodside,11377,Queens,40.735462,-73.909675,city,,,,NYC Open Data fc53-9hrv
DSNY_QENFDCFC-1,DSNY,Sanitation,Level 3 Fast Charger,1,2720 53rd Ave,Queens,11377,Queens,40.734136,-73.909403,approx,Sanitation complex on 53rd Avenue; the listed number (2720) could not be matched,,,NYC Open Data fc53-9hrv
DSNY_QENFDCFC-2,DSNY,Sanitation,Level 3 Fast Charger,1,2720 53rd Ave,Queens,11377,Queens,40.734136,-73.909403,approx,Sanitation complex on 53rd Avenue; the listed number (2720) could not be matched,,,NYC Open Data fc53-9hrv
DSNY_QENFDCFC-3,DSNY,Sanitation,Level 3 Fast Charger,1,2720 53rd Ave,Queens,11377,Queens,40.734136,-73.909403,approx,Sanitation complex on 53rd Avenue; the listed number (2720) could not be matched,,,NYC Open Data fc53-9hrv
DSNY_QW3-DCFC1,DSNY,Sanitation,Level 3 Fast Charger,1,2720 53rd Avenue,Queens,11377,Queens,40.734136,-73.909403,approx,Sanitation complex on 53rd Avenue; the listed number (2720) could not be matched,,,NYC Open Data fc53-9hrv
DSNY_QW3-DCFC2,DSNY,Sanitation,Level 3 Fast Charger,1,2720 53rd Avenue,Queens,11377,Queens,40.734136,-73.909403,approx,Sanitation complex on 53rd Avenue; the listed number (2720) could not be matched,,,NYC Open Data fc53-9hrv
DSNY_QW6-DCFC1,DSNY,Sanitation,Level 3 Fast Charger,1,2720 53rd Avenue,Queens,11377,Queens,40.734136,-73.909403,approx,Sanitation complex on 53rd Avenue; the listed number (2720) could not be matched,,,NYC Open Data fc53-9hrv
DSNY_QW6-DCFC2,DSNY,Sanitation,Level 3 Fast Charger,1,53rd Avenue,Queens,11378,Queens,40.734136,-73.909403,approx,Sanitation complex on 53rd Avenue; no house number listed,,,NYC Open Data fc53-9hrv
DSNY_RBS-1,DSNY,Sanitation,Level 2 Charger,1,2 Muldoon Ave,Staten Island,10314,Staten Island,40.575017,-74.196645,city,,,,NYC Open Data fc53-9hrv
DSNY_RBS-2,DSNY,Sanitation,Level 2 Charger,2,1000 W. Service RD,Staten Island,10314,Staten Island,40.571144,-74.195327,city,,,,NYC Open Data fc53-9hrv
DSNY_RBS-3,DSNY,Sanitation,Level 2 Charger,2,1000 West Service Road,Staten Island,10314,Staten Island,40.571144,-74.195327,city,,,,NYC Open Data fc53-9hrv
DSNY_SI02-S1,DSNY,Sanitation,EV Solar Arc Charger,1,2538 Richmond Ave,Staten Island,10314,Staten Island,40.586223,-74.168484,city,,,,NYC Open Data fc53-9hrv
DSNY_SI1A-S1,DSNY,Sanitation,EV Solar Arc Charger,1,3 Muldoon Ave,Staten Island,10314,Staten Island,40.575234,-74.196696,city,,,,NYC Open Data fc53-9hrv
DSNY_SI1A-S2,DSNY,Sanitation,EV Solar Arc Charger,1,3 Muldoon Ave,Staten Island,10314,Staten Island,40.575234,-74.196696,city,,,,NYC Open Data fc53-9hrv
DSNY_SI2_DCFC1,DSNY,Sanitation,Level 3 Fast Charger,1,2538 Richmond Ave,New Springville,10314,Staten Island,40.586223,-74.168484,city,,,,NYC Open Data fc53-9hrv
DSNY_SI2_DCFC2,DSNY,Sanitation,Level 3 Fast Charger,1,2538 Richmond Ave,New Springville,10314,Staten Island,40.586223,-74.168484,city,,,,NYC Open Data fc53-9hrv
DSNY_SI2-1,DSNY,Sanitation,Level 2 Charger,2,2500 Richmond Ave,Heartland Village,10314,Staten Island,40.586997,-74.168316,city,,,,NYC Open Data fc53-9hrv
DSNY_SI2-2,DSNY,Sanitation,Level 2 Charger,2,2500 Richmond Ave,Heartland Village,10314,Staten Island,40.586997,-74.168316,city,,,,NYC Open Data fc53-9hrv
DSNY_SI3-1,DSNY,Sanitation,Level 2 Charger,2,1323 Muldoon Ave,Staten Island,10314,Staten Island,40.571144,-74.195327,city,,,,NYC Open Data fc53-9hrv
DSNY_SI3A-S1,DSNY,Sanitation,EV Solar Arc Charger,1,3 Muldoon Ave,Staten Island,10314,Staten Island,40.575234,-74.196696,city,,,,NYC Open Data fc53-9hrv
DSNY_SI3A-S2,DSNY,Sanitation,EV Solar Arc Charger,1,3 Muldoon Ave,Staten Island,10314,Staten Island,40.575234,-74.196696,city,,,,NYC Open Data fc53-9hrv
DSNY_SI3A-S3,DSNY,Sanitation,EV Solar Arc Charger,1,1000 West Service Road,Staten Island,10312,Staten Island,40.571144,-74.195327,city,,,,NYC Open Data fc53-9hrv
DSNY_SITS,DSNY,Sanitation,Level 2 Charger,2,450 West Service Road,Staten Island,10314,Staten Island,40.583744,-74.193041,city,,,,NYC Open Data fc53-9hrv
DSNY_SITS-S1,DSNY,Sanitation,EV Solar Arc Charger,1,600 West Service Road,Travis - Chelsea,10314,Staten Island,40.583069,-74.192892,city,,,,NYC Open Data fc53-9hrv
DSNY_SPARE,DSNY,Sanitation,Level 2 Charger,1,640 west 26th street,New York,10001,Manhattan,40.751183,-74.006594,city,,,,NYC Open Data fc53-9hrv
DSNY_SPARE-3,DSNY,Sanitation,Level 2 Charger,1,52-35 58th street,Woodside,11377,Queens,40.734883,-73.909957,city,,,,NYC Open Data fc53-9hrv
DSNY_SPRSTLOT-1,DSNY,Sanitation,Level 2 Charger,2,353 Spring Street,New York,10014,Manhattan,40.726159,-74.010712,city,,,,NYC Open Data fc53-9hrv
DSNY_SPRSTLOT-2,DSNY,Sanitation,Level 2 Charger,2,353 Spring Street,New York,10014,Manhattan,40.726159,-74.010712,city,,,,NYC Open Data fc53-9hrv
DSNY_SWM-S1,DSNY,Sanitation,EV Solar Arc Charger,1,3 Muldoon Ave,Staten Island,10314,Staten Island,40.575234,-74.196696,city,,,,NYC Open Data fc53-9hrv
DSNY_SWM-S2,DSNY,Sanitation,EV Solar Arc Charger,1,3 Muldoon Ave,Staten Island,10314,Staten Island,40.575234,-74.196696,city,,,,NYC Open Data fc53-9hrv
FDNY 35ST LIC1,FDNY,Fire Department,Level 2 Charger,1,48-34 35Th St,Long Island City,11101,Queens,40.740165,-73.930693,city,,,,NYC Open Data fc53-9hrv
FDNY 35ST LIC2,FDNY,Fire Department,Level 2 Charger,1,48-34 35Th St,Long Island City,11101,Queens,40.740165,-73.930693,city,,,,NYC Open Data fc53-9hrv
FDNY 35ST LIC3,FDNY,Fire Department,Level 2 Charger,1,48-34 35Th St,Long Island City,11101,Queens,40.740165,-73.930693,city,,,,NYC Open Data fc53-9hrv
FDNY 35ST LIC4,FDNY,Fire Department,Level 2 Charger,1,48-58 35Th St,Long Island City,11101,Queens,40.740126,-73.9307,city,,,,NYC Open Data fc53-9hrv
FDNY_35EMPIRE#1,FDNY,Fire Department,Level 2 Charger,1,35 Empire Blvd,Brooklyn,11205,Brooklyn,40.663276,-73.961227,city,,,,NYC Open Data fc53-9hrv
FDNY_405LOT#1,FDNY,Fire Department,Level 2 Charger,1,418 A Weaver Ave,Queens,11359,Queens,40.793414,-73.775096,city,,,,NYC Open Data fc53-9hrv
FDNY_BFIBK#1,FDNY,Fire Department,Level 2 Charger,1,5600 1st Ave,Brooklyn,11220,Brooklyn,40.646985,-74.022721,city,,,,NYC Open Data fc53-9hrv
FDNY_E176#1,FDNY,Fire Department,Level 2 Charger,1,453 E 176th St,Bronx,10457,Bronx,40.846206,-73.899394,city,,,,NYC Open Data fc53-9hrv
FDNY_EMS18_1_L3,FDNY,Fire Department,Level 3 Fast Charger,1,1647 Washington Ave,The Bronx,10457,Bronx,40.840839,-73.901556,city,,,,NYC Open Data fc53-9hrv
FDNY_EMS7-1,FDNY,Fire Department,Level 2 Charger,1,100 Duane Street,New York,10007,Manhattan,40.715463,-74.005938,city,,,,NYC Open Data fc53-9hrv
FDNY_FAB14-1,FDNY,Fire Department,Level 2 Charger,1,Randalls Island Fire Academy,New York,10035,Manhattan,40.795535,-73.922671,city,,,,NYC Open Data fc53-9hrv
FDNY_FAB9-1,FDNY,Fire Department,Level 2 Charger,1,Randalls Island Fire Academy,New York,10035,Manhattan,40.795535,-73.922671,city,,,,NYC Open Data fc53-9hrv
FDNY_FORTTOTT#1,FDNY,Fire Department,Level 2 Charger,1,325 Pratt Ave,Queens,11359,Queens,40.79187,-73.77677,address,geocoded by the city (Planning Labs GeoSearch),,,NYC Open Data fc53-9hrv
FDNY_FTB400B-1,FDNY,Fire Department,Level 2 Charger,1,400 Murray Ave,Queens,11359,Queens,40.79273,-73.777616,city,,,,NYC Open Data fc53-9hrv
FDNY_FTOTTEN#1,FDNY,Fire Department,Level 2 Charger,1,402 Murray Ave,Queens,11359,Queens,40.79314,-73.777925,city,,,,NYC Open Data fc53-9hrv
FDNY_FTOTTEN#2,FDNY,Fire Department,Level 2 Charger,1,402 Murray Ave,Queens,11359,Queens,40.79314,-73.777925,city,,,,NYC Open Data fc53-9hrv
FDNY_FTTOTTEN#3,FDNY,Fire Department,Level 2 Charger,2,135 Shore Road,Queens,11359,Queens,40.793418,-73.778797,approx,Fort Totten; the listed address could not be matched,,,NYC Open Data fc53-9hrv
FDNY_REVIEW-1,FDNY,Fire Department,Level 2 Charger,1,30-30 Review Ave,Queens,11101,Queens,40.736818,-73.939753,city,,,,NYC Open Data fc53-9hrv
FDNY_REVIEW-2,FDNY,Fire Department,Level 2 Charger,1,30-30 Review Ave,Queens,11101,Queens,40.736818,-73.939753,city,,,,NYC Open Data fc53-9hrv
FDNY9METROTECH1,FDNY,Fire Department,Level 2 Charger,1,9 Metrotech Center,Brooklyn,11201,Brooklyn,40.69486,-73.984674,city,,,,NYC Open Data fc53-9hrv
FDNY9METROTECH2,FDNY,Fire Department,Level 2 Charger,1,9 Metrotech Center,Brooklyn,11201,Brooklyn,40.69486,-73.984674,city,,,,NYC Open Data fc53-9hrv
FDNY9METROTECH3,FDNY,Fire Department,Level 2 Charger,1,9 Metrotech Center,Brooklyn,11201,Brooklyn,40.69486,-73.984674,city,,,,NYC Open Data fc53-9hrv
FDNY9METROTECH4,FDNY,Fire Department,Level 2 Charger,1,9 Metrotech Center,Brooklyn,11201,Brooklyn,40.69486,-73.984674,city,,,,NYC Open Data fc53-9hrv
FDNY9METROTECH5,FDNY,Fire Department,Level 2 Charger,1,9 Metrotech Center,Brooklyn,11201,Brooklyn,40.69486,-73.984674,city,,,,NYC Open Data fc53-9hrv
FDNY9METROTECH6,FDNY,Fire Department,Level 2 Charger,1,9 Metrotech Center,Brooklyn,11201,Brooklyn,40.69486,-73.984674,city,,,,NYC Open Data fc53-9hrv
FDNY9METROTECH7,FDNY,Fire Department,Level 2 Charger,1,9 Metrotech Center,Brooklyn,11201,Brooklyn,40.69486,-73.984674,city,,,,NYC Open Data fc53-9hrv
FDNY9METROTECH8,FDNY,Fire Department,Level 2 Charger,2,9 MetroTech Center,Brooklyn,11201,Brooklyn,40.69486,-73.984674,city,,,,NYC Open Data fc53-9hrv
FDNY9METROTECH9,FDNY,Fire Department,Level 2 Charger,1,9 MetroTech Center,Brooklyn,11201,Brooklyn,40.69486,-73.984674,city,,,,NYC Open Data fc53-9hrv
FDNYBRIELLESSI,FDNY,Fire Department,Level 2 Charger,2,475 Brielle Ave,Staten Island,10314,Staten Island,40.593273,-74.135732,city,,,,NYC Open Data fc53-9hrv
FDNYMS ST1,FDNY,Fire Department,Level 2 Charger,1,135-16 38th Ave,Queens,11354,Queens,40.760328,-73.832112,city,,,,NYC Open Data fc53-9hrv
HPD_BK_ENF_1_L3,HPD,Housing Preservation and Development,Level 3 Fast Charger,1,701 Euclid Ave,East New York,11208,Brooklyn,40.669676,-73.870515,city,,,,NYC Open Data fc53-9hrv
HPD_BK_ENF_2_L3,HPD,Housing Preservation and Development,Level 3 Fast Charger,1,701 Euclid Ave,East New York,11208,Brooklyn,40.669676,-73.870515,city,,,,NYC Open Data fc53-9hrv
HRA_11THAVE-1,HRA,Human Resources Administration,Level 2 Charger,2,260 11th Ave,New York,10001,Manhattan,40.75131,-74.005233,city,,,,NYC Open Data fc53-9hrv
HRA_11THAVE-2,HRA,Human Resources Administration,Level 2 Charger,2,260 11th Ave,New York,10001,Manhattan,40.75131,-74.005233,city,,,,NYC Open Data fc53-9hrv
HRA_11THAVE-3,HRA,Human Resources Administration,Level 2 Charger,2,260 11th Ave,New York,10001,Manhattan,40.75131,-74.005233,city,,,,NYC Open Data fc53-9hrv
HRA_11THAVE-4,HRA,Human Resources Administration,Level 2 Charger,2,260 11th Ave,New York,10001,Manhattan,40.75131,-74.005233,city,,,,NYC Open Data fc53-9hrv
HRA_11THAVE-5,HRA,Human Resources Administration,Level 2 Charger,2,260 11th Ave,New York,10001,Manhattan,40.75131,-74.005233,city,,,,NYC Open Data fc53-9hrv
HRA_11THAVE-6,HRA,Human Resources Administration,Level 2 Charger,2,260 11th Ave,New York,10001,Manhattan,40.75131,-74.005233,city,,,,NYC Open Data fc53-9hrv
HRA_11THAVE-7,HRA,Human Resources Administration,Level 2 Charger,2,260 11th Ave,New York,10001,Manhattan,40.75131,-74.005233,city,,,,NYC Open Data fc53-9hrv
HRA_11THAVE-8,HRA,Human Resources Administration,Level 2 Charger,2,260 11th Ave,New York,10001,Manhattan,40.75131,-74.005233,city,,,,NYC Open Data fc53-9hrv
HRA_BSHWCK_1_L3,HRA,Human Resources Administration,Level 3 Fast Charger,1,95 Evergreen Avenue,Brooklyn,11206,Brooklyn,40.699927,-73.932531,city,,,,NYC Open Data fc53-9hrv
HRA_BSHWCK_2_L3,HRA,Human Resources Administration,Level 3 Fast Charger,1,95 Evergreen Avenue,Brooklyn,11206,Brooklyn,40.699927,-73.932531,city,,,,NYC Open Data fc53-9hrv
HRA_FOSTER-S1,HRA,Human Resources Administration,EV Solar Arc Charger,1,10300 Foster Avenue,Brooklyn,11236,Brooklyn,40.651177,-73.901274,city,,,,NYC Open Data fc53-9hrv
NYCHA 23ASH1A B,NYCHA,Housing Authority,Level 2 Charger,2,23 Ash St,Greenpoint,11222,Brooklyn,40.738096,-73.954533,city,,,,NYC Open Data fc53-9hrv
NYCHA 23ASH2A B,NYCHA,Housing Authority,Level 2 Charger,2,23 Ash St,Greenpoint,11222,Brooklyn,40.738096,-73.954533,city,,,,NYC Open Data fc53-9hrv
NYCHA 23ASH3A B,NYCHA,Housing Authority,Level 2 Charger,2,23 Ash St,Greenpoint,11222,Brooklyn,40.738096,-73.954533,city,,,,NYC Open Data fc53-9hrv
NYCHA_CYPRHL-S1,NYCHA,Housing Authority,EV Solar Arc Charger,1,1260 Sutter Ave,Brooklyn,11208,Brooklyn,40.672807,-73.871627,city,,,,NYC Open Data fc53-9hrv
NYCHA_LEX-S1,NYCHA,Housing Authority,EV Solar Arc Charger,1,67 35th St,Brooklyn,11232,Brooklyn,40.656695,-74.006815,city,,,,NYC Open Data fc53-9hrv
NYCHA_LIC1A-B,NYCHA,Housing Authority,Level 2 Charger,2,37 49Th Ave,Long Island City,11101,Queens,40.737204,-73.928752,approx,on 49th Avenue; the listed numbers (36 and 37) could not be matched,,,NYC Open Data fc53-9hrv
NYCHA_LIC2A-B,NYCHA,Housing Authority,Level 2 Charger,2,36 49Th Ave,Long Island City,11101,Queens,40.737204,-73.928752,approx,on 49th Avenue; the listed numbers (36 and 37) could not be matched,,,NYC Open Data fc53-9hrv
NYCHA_MBMO_1,NYCHA,Housing Authority,Level 2 Charger,1,1980 Lexington Ave,New York,10035,Manhattan,40.801789,-73.939319,city,,,,NYC Open Data fc53-9hrv
NYCHA_QSIPRMG_1,NYCHA,Housing Authority,Level 2 Charger,1,90-20 170Th St,Jamaica,11432,Queens,40.708578,-73.790579,city,,,,NYC Open Data fc53-9hrv
NYCHA_RAVENS-S1,NYCHA,Housing Authority,EV Solar Arc Charger,1,35-35 21st St,Queens,11106,Queens,40.760888,-73.935819,city,,,,NYC Open Data fc53-9hrv
NYCHA_SOTOMY-S1,NYCHA,Housing Authority,EV Solar Arc Charger,1,1741 Bruckner Blvd,The Bronx,10472,Bronx,40.825243,-73.867481,city,,,,NYC Open Data fc53-9hrv
NYCHAALSMITH_S1,NYCHA,Housing Authority,EV Solar Arc Charger,1,3 St. James Pl,New York,10038,Manhattan,40.71108,-74.000397,city,,,,NYC Open Data fc53-9hrv
NYCHAALSMITH02,NYCHA,Housing Authority,Level 2 Charger,2,3 St. James Pl,New York,10038,Manhattan,40.71108,-74.000397,city,,,,NYC Open Data fc53-9hrv
NYPD_102PCT-1,NYPD,Police Department,Level 2 Charger,1,87-34 118th St,Queens,11418,Queens,40.699311,-73.83157,city,,,,NYC Open Data fc53-9hrv
NYPD_102PCT-2,NYPD,Police Department,Level 2 Charger,1,87-34 118th St,Queens,11418,Queens,40.699311,-73.83157,city,,,,NYC Open Data fc53-9hrv
NYPD_106PCT-1,NYPD,Police Department,Level 2 Charger,1,103-53 101st St,Queens,11417,Queens,40.682344,-73.840046,city,,,,NYC Open Data fc53-9hrv
NYPD_107PCT-1,NYPD,Police Department,Level 2 Charger,1,71-01 Parsons Blvd,Queens,11365,Queens,40.7301,-73.810908,city,,,,NYC Open Data fc53-9hrv
NYPD_112PCT-1,NYPD,Police Department,Level 2 Charger,1,68-40 Austin St,Forest Hills,11375,Queens,40.722429,-73.850982,city,,,,NYC Open Data fc53-9hrv
NYPD_113PCT-1,NYPD,Police Department,Level 2 Charger,1,167-02 Baisley Blvd,Jamaica,11434,Queens,40.679976,-73.776214,city,,,,NYC Open Data fc53-9hrv
NYPD_114P_1_L3,NYPD,Police Department,Level 3 Fast Charger,1,3416 Astoria Blvd,Long Island City,11103,Queens,40.769581,-73.915593,city,,,,NYC Open Data fc53-9hrv
NYPD_115P_1_L3,NYPD,Police Department,Level 3 Fast Charger,1,92-01 Northern Blvd,Flushing,11372,Queens,40.75656,-73.87593,city,,,,NYC Open Data fc53-9hrv
NYPD_116TH_1_L3,NYPD,Police Department,Level 3 Fast Charger,1,244-04 North Conduit Avenue,Queens,11422,Queens,40.666567,-73.733465,city,,,,NYC Open Data fc53-9hrv
NYPD_116TH_2_L3,NYPD,Police Department,Level 3 Fast Charger,1,244-04 North Conduit Avenue,Queens,11422,Queens,40.666567,-73.733465,city,,,,NYC Open Data fc53-9hrv
NYPD_116TH_3_L3,NYPD,Police Department,Level 3 Fast Charger,1,244-04 North Conduit Avenue,Queens,11422,Queens,40.666567,-73.733465,city,,,,NYC Open Data fc53-9hrv
NYPD_116TH_4_L3,NYPD,Police Department,Level 3 Fast Charger,1,244-04 North Conduit Avenue,Queens,11422,Queens,40.666567,-73.733465,city,,,,NYC Open Data fc53-9hrv
NYPD_116TH_5_L3,NYPD,Police Department,Level 3 Fast Charger,1,244-04 North Conduit Avenue,Queens,11422,Queens,40.666567,-73.733465,city,,,,NYC Open Data fc53-9hrv
NYPD_116TH_6_L3,NYPD,Police Department,Level 3 Fast Charger,1,244-04 North Conduit Avenue,Queens,11422,Queens,40.666567,-73.733465,city,,,,NYC Open Data fc53-9hrv
NYPD_116TH_7_L3,NYPD,Police Department,Level 3 Fast Charger,1,244-04 North Conduit Avenue,Queens,11422,Queens,40.666567,-73.733465,city,,,,NYC Open Data fc53-9hrv
NYPD_116TH_8_L3,NYPD,Police Department,Level 3 Fast Charger,1,244-04 North Conduit Avenue,Queens,11422,Queens,40.666567,-73.733465,city,,,,NYC Open Data fc53-9hrv
NYPD_116THPCT_1,NYPD,Police Department,Level 2 Charger,1,244-04 N Conduit Ave,Queens,11422,Queens,40.666567,-73.733465,city,,,,NYC Open Data fc53-9hrv
NYPD_116THPCT_2,NYPD,Police Department,Level 2 Charger,1,242-20 N Conduit Ave,Queens,11422,Queens,40.666572,-73.735563,city,,,,NYC Open Data fc53-9hrv
NYPD_121PCT#1,NYPD,Police Department,Level 2 Charger,1,970 Richmond Ave,Staten Island,10314,Staten Island,40.623595,-74.149133,city,,,,NYC Open Data fc53-9hrv
NYPD_121PCT#2,NYPD,Police Department,Level 2 Charger,1,970 Richmond Ave,Staten Island,10314,Staten Island,40.623595,-74.149133,city,,,,NYC Open Data fc53-9hrv
NYPD_121PCT#3,NYPD,Police Department,Level 2 Charger,1,970 Sanders St,Staten Island,10314,Staten Island,40.623595,-74.149133,facility,"121st Precinct, with the rest of its station group",,,NYC Open Data fc53-9hrv
NYPD_121PCT#4,NYPD,Police Department,Level 2 Charger,1,970 Richmond Ave,Staten Island,10314,Staten Island,40.623595,-74.149133,city,,,,NYC Open Data fc53-9hrv
NYPD_121PCT#5,NYPD,Police Department,Level 2 Charger,1,970 Richmond Ave,Staten Island,10314,Staten Island,40.623595,-74.149133,city,,,,NYC Open Data fc53-9hrv
NYPD_121PCT#6,NYPD,Police Department,Level 2 Charger,1,970 Richmond Ave,Staten Island,10314,Staten Island,40.623595,-74.149133,city,,,,NYC Open Data fc53-9hrv
NYPD_123PCT-#1,NYPD,Police Department,Level 2 Charger,1,116 Main St,Staten Island,10307,Staten Island,40.512,-74.249725,city,,,,NYC Open Data fc53-9hrv
NYPD_17PCT-1,NYPD,Police Department,Level 2 Charger,1,167 E 51st St,New York,10022,Manhattan,40.756812,-73.971142,city,,,,NYC Open Data fc53-9hrv
NYPD_17PCT-2,NYPD,Police Department,Level 2 Charger,1,844 3rd Ave,New York,10022,Manhattan,40.756738,-73.970117,city,,,,NYC Open Data fc53-9hrv
NYPD_19PCT_1_L3,NYPD,Police Department,Level 3 Fast Charger,1,157 E 67th St,New York,10065,Manhattan,40.76696,-73.963856,city,,,,NYC Open Data fc53-9hrv
NYPD_25PCT-2,NYPD,Police Department,Level 2 Charger,1,120 E 119th St,New York,10035,Manhattan,40.800892,-73.941025,city,,,,NYC Open Data fc53-9hrv
NYPD_30PCT-1,NYPD,Police Department,Level 2 Charger,1,451 W 151st St,New York,10031,Manhattan,40.828615,-73.943847,city,,,,NYC Open Data fc53-9hrv
NYPD_30PCT-2,NYPD,Police Department,Level 2 Charger,1,451 W 151st St,New York,10031,Manhattan,40.828615,-73.943847,city,,,,NYC Open Data fc53-9hrv
NYPD_32PCT#2,NYPD,Police Department,Level 2 Charger,1,242 W 135th St,New York,10030,Manhattan,40.815834,-73.944978,city,,,,NYC Open Data fc53-9hrv
NYPD_32PCT-1,NYPD,Police Department,Level 2 Charger,1,250 W 135th St,New York,10030,Manhattan,40.815908,-73.945151,city,,,,NYC Open Data fc53-9hrv
NYPD_33PCT-1,NYPD,Police Department,Level 2 Charger,1,2207 Amsterdam Ave,New York,10032,Manhattan,40.840712,-73.93564,city,,,,NYC Open Data fc53-9hrv
NYPD_33PCT-2,NYPD,Police Department,Level 2 Charger,1,2207 Amsterdam Ave,New York,10032,Manhattan,40.840712,-73.93564,city,,,,NYC Open Data fc53-9hrv
NYPD_34PCT-1,NYPD,Police Department,Level 2 Charger,1,4295 Broadway,New York,10033,Manhattan,40.85126,-73.935186,city,,,,NYC Open Data fc53-9hrv
NYPD_34PCT-2,NYPD,Police Department,Level 2 Charger,1,4295 Broadway,New York,10033,Manhattan,40.85126,-73.935186,city,,,,NYC Open Data fc53-9hrv
NYPD_40PCT,NYPD,Police Department,Level 2 Charger,1,257 Alexander Ave,The Bronx,10454,Bronx,40.810347,-73.924941,city,,,,NYC Open Data fc53-9hrv
NYPD_40PCT-2,NYPD,Police Department,Level 2 Charger,1,555 E 149th St,The Bronx,10455,Bronx,40.814502,-73.913629,city,,,,NYC Open Data fc53-9hrv
NYPD_40PCT-3,NYPD,Police Department,Level 2 Charger,1,555 E 149th St,The Bronx,10455,Bronx,40.814502,-73.913629,city,,,,NYC Open Data fc53-9hrv
NYPD_41PCT_1_L3,NYPD,Police Department,Level 3 Fast Charger,1,1035 Longwood Avenue,The Bronx,10459,Bronx,40.816198,-73.896,city,,,,NYC Open Data fc53-9hrv
NYPD_41PCT_2_L3,NYPD,Police Department,Level 3 Fast Charger,1,1035 Longwood Avenue,The Bronx,10459,Bronx,40.816198,-73.896,city,,,,NYC Open Data fc53-9hrv
NYPD_41PCT-1,NYPD,Police Department,Level 2 Charger,1,1035 Longwood Ave,The Bronx,10459,Bronx,40.816198,-73.896,city,,,,NYC Open Data fc53-9hrv
NYPD_41PCT-2,NYPD,Police Department,Level 2 Charger,1,1035 Longwood Ave,The Bronx,10459,Bronx,40.816198,-73.896,city,,,,NYC Open Data fc53-9hrv
NYPD_62PCT-1,NYPD,Police Department,Level 2 Charger,1,1925 Bath Ave,Brooklyn,11214,Brooklyn,40.602329,-74.00318,city,,,,NYC Open Data fc53-9hrv
NYPD_66PCT-1,NYPD,Police Department,Level 2 Charger,1,5822 16th Ave,Brooklyn,11204,Brooklyn,40.625843,-73.990929,city,,,,NYC Open Data fc53-9hrv
NYPD_67PCT-2,NYPD,Police Department,Level 2 Charger,1,2900 Snyder Ave,Brooklyn,11226,Brooklyn,40.648867,-73.950471,city,,,,NYC Open Data fc53-9hrv
NYPD_68PCT-1,NYPD,Police Department,Level 2 Charger,1,333 65th St,Brooklyn,11220,Brooklyn,40.638827,-74.022721,city,,,,NYC Open Data fc53-9hrv
NYPD_68PCT-2,NYPD,Police Department,Level 2 Charger,1,333 65th St,Brooklyn,11220,Brooklyn,40.638827,-74.022721,city,,,,NYC Open Data fc53-9hrv
NYPD_69PCT-1,NYPD,Police Department,Level 2 Charger,1,9720 Foster Ave,Brooklyn,11236,Brooklyn,40.648606,-73.905256,city,,,,NYC Open Data fc53-9hrv
NYPD_69PCT-2,NYPD,Police Department,Level 2 Charger,1,9720 Foster Ave,Brooklyn,11236,Brooklyn,40.648606,-73.905256,city,,,,NYC Open Data fc53-9hrv
NYPD_71PCT_1_L3,NYPD,Police Department,Level 3 Fast Charger,1,421 Empire Boulevard,Brooklyn,11225,Brooklyn,40.664113,-73.947763,city,,,,NYC Open Data fc53-9hrv
NYPD_71PCT_2_L3,NYPD,Police Department,Level 3 Fast Charger,1,421 Empire Boulevard,Brooklyn,11225,Brooklyn,40.664113,-73.947763,city,,,,NYC Open Data fc53-9hrv
NYPD_71PCT-1,NYPD,Police Department,Level 2 Charger,1,421 Empire Blvd,Brooklyn,11225,Brooklyn,40.664113,-73.947763,city,,,,NYC Open Data fc53-9hrv
NYPD_71PCT-2,NYPD,Police Department,Level 2 Charger,1,421 Empire Blvd,Brooklyn,11225,Brooklyn,40.664113,-73.947763,city,,,,NYC Open Data fc53-9hrv
NYPD_72PCT_1_L3,NYPD,Police Department,Level 3 Fast Charger,1,830 4 Ave,Sunset Park,11232,Brooklyn,40.65815,-74.00044,city,,,,NYC Open Data fc53-9hrv
NYPD_72PCT_2_L3,NYPD,Police Department,Level 3 Fast Charger,1,830 4 Ave,Sunset Park,11232,Brooklyn,40.65815,-74.00044,city,,,,NYC Open Data fc53-9hrv
NYPD_73PCT_3_L3,NYPD,Police Department,Level 3 Fast Charger,1,1470 East New York Avenue,Brooklyn,11212,Brooklyn,40.671122,-73.913501,city,,,,NYC Open Data fc53-9hrv
NYPD_73PCT_4_L3,NYPD,Police Department,Level 3 Fast Charger,1,1470 East New York Avenue,Brooklyn,11212,Brooklyn,40.671122,-73.913501,city,,,,NYC Open Data fc53-9hrv
NYPD_75PCT-1,NYPD,Police Department,Level 2 Charger,1,1000 Sutter Ave,Brooklyn,11208,Brooklyn,40.671136,-73.881449,address,geocoded by the city (Planning Labs GeoSearch),,,NYC Open Data fc53-9hrv
NYPD_7PCT_1_L3,NYPD,Police Department,Level 3 Fast Charger,1,25 Pitt St,New York,10002,Manhattan,40.716401,-73.983493,city,,,,NYC Open Data fc53-9hrv
NYPD_81PCT-1,NYPD,Police Department,Level 2 Charger,1,30 Ralph Ave,Brooklyn,11221,Brooklyn,40.689456,-73.924024,city,,,,NYC Open Data fc53-9hrv
NYPD_81PCT-2,NYPD,Police Department,Level 2 Charger,1,30 Ralph Ave,Brooklyn,11221,Brooklyn,40.689456,-73.924024,city,,,,NYC Open Data fc53-9hrv
NYPD_83PCT-1,NYPD,Police Department,Level 2 Charger,1,480 Knickerbocker Ave,Brooklyn,11237,Brooklyn,40.698466,-73.917768,city,,,,NYC Open Data fc53-9hrv
NYPD_90PCT-1,NYPD,Police Department,Level 2 Charger,1,487 Broadway,Brooklyn,11211,Brooklyn,40.7063,-73.951781,city,,,,NYC Open Data fc53-9hrv
NYPD_94PCT-1,NYPD,Police Department,Level 2 Charger,1,9096 Meserole Ave,Brooklyn,11222,Brooklyn,40.7268,-73.953075,approx,"94th Precinct, Meserole Avenue; the listed number could not be matched",,,NYC Open Data fc53-9hrv
NYPD_ABBOTST-1,NYPD,Police Department,Level 2 Charger,1,500 Abbot Street,The Bronx,10470,Bronx,40.908297,-73.853698,city,,,,NYC Open Data fc53-9hrv
NYPD_ABBOTST-2,NYPD,Police Department,Level 2 Charger,1,500 Abbot Street,The Bronx,10470,Bronx,40.908297,-73.853698,city,,,,NYC Open Data fc53-9hrv
NYPD_ABBOTST-3,NYPD,Police Department,Level 2 Charger,1,500 Abbot Street,The Bronx,10470,Bronx,40.908297,-73.853698,city,,,,NYC Open Data fc53-9hrv
NYPD_ARCHERGN-1,NYPD,Police Department,Level 2 Charger,1,92-33 168th St,Queens,11433,Queens,40.705661,-73.79211,city,,,,NYC Open Data fc53-9hrv
NYPD_ARCHERGN-2,NYPD,Police Department,Level 2 Charger,1,92-33 168th St,Queens,11433,Queens,40.705661,-73.79211,city,,,,NYC Open Data fc53-9hrv
NYPD_BMS_1_L3,NYPD,Police Department,Level 3 Fast Charger,1,59-06 Laurel Hill Blvd,Queens,11377,Queens,40.736834,-73.906426,city,,,,NYC Open Data fc53-9hrv
NYPD_BMS_2_L3,NYPD,Police Department,Level 3 Fast Charger,1,59-06 Laurel Hill Blvd,Queens,11377,Queens,40.736834,-73.906426,city,,,,NYC Open Data fc53-9hrv
NYPD_BMS-1,NYPD,Police Department,Level 2 Charger,1,59-06 Laurel Hill Blvd,Queens,11377,Queens,40.736834,-73.906426,city,,,,NYC Open Data fc53-9hrv
NYPD_BMS-2,NYPD,Police Department,Level 2 Charger,1,59-06 Laurel Hill Blvd,Queens,11377,Queens,40.736834,-73.906426,city,,,,NYC Open Data fc53-9hrv
NYPD_BMS-3,NYPD,Police Department,Level 2 Charger,1,59-06 Laurel Hill Blvd,Queens,11377,Queens,40.736834,-73.906426,city,,,,NYC Open Data fc53-9hrv
NYPD_BMS-4,NYPD,Police Department,Level 2 Charger,1,59-06 Laurel Hill Blvd,Queens,11377,Queens,40.736834,-73.906426,city,,,,NYC Open Data fc53-9hrv
NYPD_BMS-5,NYPD,Police Department,Level 2 Charger,1,59-06 Laurel Hill Blvd,Queens,11377,Queens,40.736834,-73.906426,city,,,,NYC Open Data fc53-9hrv
NYPD_BMS-6,NYPD,Police Department,Level 2 Charger,1,59-06 Laurel Hill Blvd,Queens,11377,Queens,40.736834,-73.906426,city,,,,NYC Open Data fc53-9hrv
NYPD_BMS-7,NYPD,Police Department,Level 2 Charger,1,59-06 Laurel Hill Blvd,Queens,11377,Queens,40.736834,-73.906426,city,,,,NYC Open Data fc53-9hrv
NYPD_BMS-8,NYPD,Police Department,Level 2 Charger,1,59-06 Laurel Hill Blvd,Queens,11377,Queens,40.736834,-73.906426,city,,,,NYC Open Data fc53-9hrv
NYPD_CADET_1_L3,NYPD,Police Department,Level 3 Fast Charger,1,235 E 20Th St,New York,10003,Manhattan,40.736468,-73.983311,city,,,,NYC Open Data fc53-9hrv
NYPD_CADET_2_L3,NYPD,Police Department,Level 3 Fast Charger,1,235 E 20Th St,New York,10003,Manhattan,40.736468,-73.983311,city,,,,NYC Open Data fc53-9hrv
NYPD_COLLPTTOW1,NYPD,Police Department,Level 2 Charger,1,31-40 College Point Blvd,Flushing,11354,Queens,40.76822,-73.840605,city,,,,NYC Open Data fc53-9hrv
NYPD_COLLPTTOW2,NYPD,Police Department,Level 2 Charger,1,31-22 College Point Blvd,Flushing,11354,Queens,40.768682,-73.841095,city,,,,NYC Open Data fc53-9hrv
NYPD_COLLPTTOW3,NYPD,Police Department,Level 2 Charger,1,31-22 College Point Blvd,Flushing,11354,Queens,40.768682,-73.841095,city,,,,NYC Open Data fc53-9hrv
NYPD_COLLPTTOW4,NYPD,Police Department,Level 2 Charger,1,31-22 College Point Blvd,Flushing,11354,Queens,40.768682,-73.841095,city,,,,NYC Open Data fc53-9hrv
NYPD_CPRKP_1_L3,NYPD,Police Department,Level 3 Fast Charger,1,W 86 St/Traverse Rd,New York,10024,Manhattan,40.783156,-73.964204,facility,"Central Park Precinct, 86th Street Transverse",,,NYC Open Data fc53-9hrv
NYPD_CRS_1_L3,NYPD,Police Department,Level 3 Fast Charger,1,53-15 58Th St,Flushing,11377,Queens,40.733733,-73.91054,city,,,,NYC Open Data fc53-9hrv
NYPD_CRS_2_L3,NYPD,Police Department,Level 3 Fast Charger,1,53-15 58Th St,Flushing,11377,Queens,40.733733,-73.91054,city,,,,NYC Open Data fc53-9hrv
NYPD_FBF-S1,NYPD,Police Department,EV Solar Arc Charger,1,3260 Flatbush Ave,Brooklyn,11234,Brooklyn,40.588627,-73.899217,city,,,,NYC Open Data fc53-9hrv
NYPD_FBF-S2,NYPD,Police Department,EV Solar Arc Charger,1,3260 Flatbush Ave,Brooklyn,11234,Brooklyn,40.588627,-73.899217,city,,,,NYC Open Data fc53-9hrv
NYPD_FBF-S3,NYPD,Police Department,EV Solar Arc Charger,1,3159 Flatbush Ave,Brooklyn,11234,Brooklyn,40.589157,-73.899781,city,,,,NYC Open Data fc53-9hrv
NYPD_FRNSC_1_L3,NYPD,Police Department,Level 3 Fast Charger,1,150-14 Jamaica Avenue,Queens,11432,Queens,40.702193,-73.804192,city,,,,NYC Open Data fc53-9hrv
NYPD_FRNSC_2_L3,NYPD,Police Department,Level 3 Fast Charger,1,150-14 Jamaica Avenue,Queens,11432,Queens,40.702193,-73.804192,city,,,,NYC Open Data fc53-9hrv
NYPD_HIGHWAY2-1,NYPD,Police Department,Level 2 Charger,1,2900 Flatbush Ave,Brooklyn,11234,Brooklyn,40.600248,-73.912051,city,,,,NYC Open Data fc53-9hrv
NYPD_HIGHWAY2-2,NYPD,Police Department,Level 2 Charger,1,2900 Flatbush Ave,Brooklyn,11234,Brooklyn,40.600248,-73.912051,city,,,,NYC Open Data fc53-9hrv
NYPD_HIGHWAY2-3,NYPD,Police Department,Level 2 Charger,2,2900 Flatbush Ave,Brooklyn,11234,Brooklyn,40.600248,-73.912051,city,,,,NYC Open Data fc53-9hrv
NYPD_MIDNORTH-1,NYPD,Police Department,Level 2 Charger,1,306 W 54th St,New York,10019,Manhattan,40.765016,-73.984835,city,,,,NYC Open Data fc53-9hrv
NYPD_MIDNORTH-2,NYPD,Police Department,Level 2 Charger,1,306 W 54th St,New York,10019,Manhattan,40.765016,-73.984835,city,,,,NYC Open Data fc53-9hrv
NYPD_MIDSOUTH1,NYPD,Police Department,Level 2 Charger,1,357 W 35th St,New York,10001,Manhattan,40.753599,-73.994712,city,,,,NYC Open Data fc53-9hrv
NYPD_MIDSOUTH2,NYPD,Police Department,Level 2 Charger,1,357 W 35th St,New York,10001,Manhattan,40.753599,-73.994712,city,,,,NYC Open Data fc53-9hrv
NYPD_PCT109,NYPD,Police Department,Level 2 Charger,2,37-05 Union St,Queens,11354,Queens,40.762286,-73.827436,city,,,,NYC Open Data fc53-9hrv
NYPD_PCT45_1,NYPD,Police Department,Level 2 Charger,1,2877 Barkley Ave,New York,10465,Bronx,40.830714,-73.827125,city,,,,NYC Open Data fc53-9hrv
NYPD_PCT47_1,NYPD,Police Department,Level 2 Charger,1,4111 Laconia Ave,New York,10466,Bronx,40.887306,-73.84727,city,,,,NYC Open Data fc53-9hrv
NYPD_PCT47_2,NYPD,Police Department,Level 2 Charger,1,4111 Laconia Ave,New York,10466,Bronx,40.887306,-73.84727,city,,,,NYC Open Data fc53-9hrv
NYPD_PCT47_3,NYPD,Police Department,Level 2 Charger,1,4111 Laconia Ave,New York,10466,Bronx,40.887306,-73.84727,city,,,,NYC Open Data fc53-9hrv
NYPD_PCT47_4,NYPD,Police Department,Level 2 Charger,1,4111 Laconia Ave,The Bronx,10466,Bronx,40.887306,-73.84727,city,,,,NYC Open Data fc53-9hrv
NYPD_PCT47_5,NYPD,Police Department,Level 2 Charger,1,4111 Laconia Ave,The Bronx,10466,Bronx,40.887306,-73.84727,city,,,,NYC Open Data fc53-9hrv
NYPD_PCT47_6,NYPD,Police Department,Level 2 Charger,1,4111 Laconia Ave,The Bronx,10466,Bronx,40.887306,-73.84727,city,,,,NYC Open Data fc53-9hrv
NYPD_PSA1_1_L3,NYPD,Police Department,Level 3 Fast Charger,1,2860 W 23Rd St,Coney Island,11224,Brooklyn,40.576884,-73.990241,city,,,,NYC Open Data fc53-9hrv
NYPD_PSA3_1_L3,NYPD,Police Department,Level 3 Fast Charger,1,25 Central Ave,Bushwick,11206,Brooklyn,40.70226,-73.932478,city,,,,NYC Open Data fc53-9hrv
NYPD_PSA3_2_L3,NYPD,Police Department,Level 3 Fast Charger,1,25 Central Ave,Bushwick,11206,Brooklyn,40.70226,-73.932478,city,,,,NYC Open Data fc53-9hrv
NYPD_PSA4-1,NYPD,Police Department,Level 2 Charger,1,130 Loisaida Ave,New York,10009,Manhattan,40.724887,-73.978259,city,,,,NYC Open Data fc53-9hrv
NYPD_PSA4-2,NYPD,Police Department,Level 2 Charger,1,130 Loisaida Ave,New York,10009,Manhattan,40.724887,-73.978259,city,,,,NYC Open Data fc53-9hrv
NYPD_PSA4-3,NYPD,Police Department,Level 2 Charger,1,136 Loisaida Ave,New York,10009,Manhattan,40.725041,-73.978148,city,,,,NYC Open Data fc53-9hrv
NYPD_PSA4-4,NYPD,Police Department,Level 2 Charger,1,130 Loisaida Ave,New York,10009,Manhattan,40.724887,-73.978259,city,,,,NYC Open Data fc53-9hrv
NYPD_PSA4-5,NYPD,Police Department,Level 2 Charger,1,126 Loisaida Ave,New York,10009,Manhattan,40.724783,-73.978335,city,,,,NYC Open Data fc53-9hrv
NYPD_PSA4-6,NYPD,Police Department,Level 2 Charger,1,126 Loisaida Ave,New York,10009,Manhattan,40.724783,-73.978335,city,,,,NYC Open Data fc53-9hrv
NYPD_PSA5-1,NYPD,Police Department,Level 2 Charger,1,221 E 123rd St,New York,10035,Manhattan,40.802127,-73.936108,city,,,,NYC Open Data fc53-9hrv
NYPD_PSA5-2,NYPD,Police Department,Level 2 Charger,1,221 E 123rd St,New York,10035,Manhattan,40.802127,-73.936108,city,,,,NYC Open Data fc53-9hrv
NYPD_PSA7-1,NYPD,Police Department,Level 2 Charger,1,737 Melrose Ave,The Bronx,10451,Bronx,40.820729,-73.915665,city,,,,NYC Open Data fc53-9hrv
NYPD_PSA7-2,NYPD,Police Department,Level 2 Charger,1,737 Melrose Ave,The Bronx,10451,Bronx,40.820729,-73.915665,city,,,,NYC Open Data fc53-9hrv
NYPD_RDMNK_1_L3,NYPD,Police Department,Level 3 Fast Charger,1,Rodmans Neck,Bronx,10464,Bronx,40.855351,-73.801579,city,,,,NYC Open Data fc53-9hrv
NYPD_RDMNK_2_L3,NYPD,Police Department,Level 3 Fast Charger,1,Rodmans Neck,Bronx,10464,Bronx,40.855351,-73.801579,city,,,,NYC Open Data fc53-9hrv
NYPD_SPRGFLD-1,NYPD,Police Department,Level 2 Charger,1,174-20 N Boundary Rd,Queens,11430,Queens,40.657122,-73.771566,city,,,,NYC Open Data fc53-9hrv
NYPD_SPRGFLD-2,NYPD,Police Department,Level 2 Charger,1,174-20 N Boundary Rd,Queens,11430,Queens,40.657122,-73.771566,city,,,,NYC Open Data fc53-9hrv
NYPD_SPRGFLD-3,NYPD,Police Department,Level 2 Charger,1,174-20 N Boundary Rd,Queens,11430,Queens,40.657122,-73.771566,city,,,,NYC Open Data fc53-9hrv
NYPD_SPRGFLD-4,NYPD,Police Department,Level 2 Charger,1,174-20 N Boundary Rd,Queens,11430,Queens,40.657122,-73.771566,city,,,,NYC Open Data fc53-9hrv
NYPD_SPRGFLD-5,NYPD,Police Department,Level 2 Charger,1,174-20 N Boundary Rd,Queens,11430,Queens,40.657122,-73.771566,city,,,,NYC Open Data fc53-9hrv
NYPD_SPRGFLD-6,NYPD,Police Department,Level 2 Charger,1,174-20 N Boundary Rd,Queens,11430,Queens,40.657122,-73.771566,city,,,,NYC Open Data fc53-9hrv
NYPD_SRG_1_L3,NYPD,Police Department,Level 3 Fast Charger,1,521 W 57th St,New York,10019,Manhattan,40.76948,-73.989397,city,,,,NYC Open Data fc53-9hrv
NYPD_SRG2,NYPD,Police Department,Level 2 Charger,1,1278 Sedgwick Ave,The Bronx,10452,Bronx,40.840261,-73.928514,city,,,,NYC Open Data fc53-9hrv
NYPD_SVD_1_L3,NYPD,Police Department,Level 3 Fast Charger,1,188 West 230th Street,The Bronx,10463,Bronx,40.876963,-73.905802,city,,,,NYC Open Data fc53-9hrv
NYPD_SVD_2_L3,NYPD,Police Department,Level 3 Fast Charger,1,188 West 230th Street,The Bronx,10463,Bronx,40.876963,-73.905802,city,,,,NYC Open Data fc53-9hrv
NYPD_TD12_1_L3,NYPD,Police Department,Level 3 Fast Charger,1,460 Morris Park Avenue,The Bronx,10460,Bronx,40.841527,-73.87232,city,,,,NYC Open Data fc53-9hrv
NYPD_TD12_2_L3,NYPD,Police Department,Level 3 Fast Charger,1,460 Morris Park Avenue,The Bronx,10460,Bronx,40.841527,-73.87232,city,,,,NYC Open Data fc53-9hrv
NYPD_TD12-1,NYPD,Police Department,Level 2 Charger,1,480 Morris Park Ave,The Bronx,10460,Bronx,40.841527,-73.87232,facility,with the rest of its station group at 460 Morris Park Avenue,,,NYC Open Data fc53-9hrv
NYPD_TD12-2,NYPD,Police Department,Level 2 Charger,1,480 Morris Park Ave,The Bronx,10460,Bronx,40.841527,-73.87232,facility,with the rest of its station group at 460 Morris Park Avenue,,,NYC Open Data fc53-9hrv
NYPD_WTC_1_L3,NYPD,Police Department,Level 3 Fast Charger,1,80 John Street,New York,10038,Manhattan,40.708445,-74.006886,city,,,,NYC Open Data fc53-9hrv
NYPD_WTC_2_L3,NYPD,Police Department,Level 3 Fast Charger,1,80 John Street,New York,10038,Manhattan,40.708445,-74.006886,city,,,,NYC Open Data fc53-9hrv
NYPD105PCT-2,NYPD,Police Department,Level 2 Charger,2,92-08 222Nd St,Queens Village,11428,Queens,40.726329,-73.734788,city,,,,NYC Open Data fc53-9hrv
NYPD111PCT-1,NYPD,Police Department,Level 2 Charger,2,1964 Northern Blvd,Bayside,11361,Queens,40.760216,-73.767749,approx,111th Precinct station house; the listed address could not be matched,,,NYC Open Data fc53-9hrv
NYPD122PCT-1,NYPD,Police Department,Level 2 Charger,2,2320 Hylan Blvd,New Dorp,10306,Staten Island,40.5743,-74.105888,city,,,,NYC Open Data fc53-9hrv
NYPD122PCT-2,NYPD,Police Department,Level 2 Charger,1,2320 Hylan Blvd,Staten Island,10306,Staten Island,40.5743,-74.105888,city,,,,NYC Open Data fc53-9hrv
NYPD25PCT-1,NYPD,Police Department,Level 2 Charger,2,120 E 119Th St,New York,10035,Manhattan,40.800892,-73.941025,city,,,,NYC Open Data fc53-9hrv
NYPD44PCT-1,NYPD,Police Department,Level 2 Charger,2,1264 River Ave,Concourse,10452,Bronx,40.837181,-73.920451,city,,,,NYC Open Data fc53-9hrv
NYPD49PCT-1,NYPD,Police Department,Level 2 Charger,2,2121 Eastchestr Rd,East Bronx,10461,Bronx,40.856047,-73.843944,city,,,,NYC Open Data fc53-9hrv
NYPD60PCT-1,NYPD,Police Department,Level 2 Charger,2,2927 W 8Th St,Coney Island,11224,Brooklyn,40.576822,-73.976465,city,,,,NYC Open Data fc53-9hrv
NYPD61PCT-1,NYPD,Police Department,Level 2 Charger,2,1016 Gravesend Neck Rd,Sheepshead Bay,11223,Brooklyn,40.59445,-73.960233,city,,,,NYC Open Data fc53-9hrv
NYPD72PCT-1,NYPD,Police Department,Level 2 Charger,2,830 4Th Ave,Greenwood,11232,Brooklyn,40.65815,-74.00044,city,,,,NYC Open Data fc53-9hrv
NYPD73PCT-1,NYPD,Police Department,Level 2 Charger,2,401 Thomas S Boyland St,Brownsville,11212,Brooklyn,40.670653,-73.913955,city,,,,NYC Open Data fc53-9hrv
NYPD7PCT-1,NYPD,Police Department,Level 2 Charger,2,19 1/2 Pitt St,New York,10002,Manhattan,40.716209,-73.983605,city,,,,NYC Open Data fc53-9hrv
NYPDACADEMY-S1,NYPD,Police Department,EV Solar Arc Charger,1,3529 College Point Blvd,Flushing,11354,Queens,40.762473,-73.835496,city,,,,NYC Open Data fc53-9hrv
NYPDACADEMY-S2,NYPD,Police Department,EV Solar Arc Charger,1,3529 College Point Blvd,Flushing,11354,Queens,40.762473,-73.835496,city,,,,NYC Open Data fc53-9hrv
NYPDACADEMY-S3,NYPD,Police Department,EV Solar Arc Charger,1,130-30 28Th Ave,Flushing,11354,Queens,40.772829,-73.838857,city,,,,NYC Open Data fc53-9hrv
NYPDACADEMY-S4,NYPD,Police Department,EV Solar Arc Charger,1,130-30 28Th Ave,Flushing,11354,Queens,40.772829,-73.838857,city,,,,NYC Open Data fc53-9hrv
NYPDBXTRAFFC-S1,NYPD,Police Department,EV Solar Arc Charger,1,4223 Third Ave,Bronx,10457,Bronx,40.84707,-73.895984,city,,,,NYC Open Data fc53-9hrv
NYPDBXTRAFFC-S2,NYPD,Police Department,EV Solar Arc Charger,1,4223 Third Ave,Bronx,10457,Bronx,40.84707,-73.895984,city,,,,NYC Open Data fc53-9hrv
NYPDBXTRAFFC-S3,NYPD,Police Department,EV Solar Arc Charger,1,4223 3rd Ave,West Bronx,10457,Bronx,40.84707,-73.895984,city,,,,NYC Open Data fc53-9hrv
NYPDERIEBASN_S1,NYPD,Police Department,EV Solar Arc Charger,1,700 Columbia St,Red Hook,11231,Brooklyn,40.667954,-74.010346,city,,,,NYC Open Data fc53-9hrv
NYPDFSD-CRS1A-B,NYPD,Police Department,Level 2 Charger,2,53-01 58Th St,Flushing,11377,Queens,40.734205,-73.910298,city,,,,NYC Open Data fc53-9hrv
NYPDHQ_1PP_1_L3,NYPD,Police Department,Level 3 Fast Charger,1,1 Police Plaza Path,New York,10038,Manhattan,40.712348,-74.000891,city,,,,NYC Open Data fc53-9hrv
NYPDHQ_1PP_2_L3,NYPD,Police Department,Level 3 Fast Charger,1,29 Avenue Of The Finest,New York,10038,Manhattan,40.710369,-74.00136,city,,,,NYC Open Data fc53-9hrv
NYPDHQ_1PP_3_L3,NYPD,Police Department,Level 3 Fast Charger,1,Rose St,New York,10038,Manhattan,40.712348,-74.000891,facility,"Police headquarters, with the rest of its station group",,,NYC Open Data fc53-9hrv
NYPDHQ_1PP_4_L3,NYPD,Police Department,Level 3 Fast Charger,1,1 Police Plaza Path,New York,10038,Manhattan,40.712348,-74.000891,city,,,,NYC Open Data fc53-9hrv
NYPDHQ_1PP_5_L3,NYPD,Police Department,Level 3 Fast Charger,1,Rose St,New York,10038,Manhattan,40.712348,-74.000891,facility,"Police headquarters, with the rest of its station group",,,NYC Open Data fc53-9hrv
NYPDHQ_1PP_6_L3,NYPD,Police Department,Level 3 Fast Charger,1,17 Frankfort St,New York,10038,Manhattan,40.710932,-74.003481,city,,,,NYC Open Data fc53-9hrv
NYPDHQ_1PP_7_L3,NYPD,Police Department,Level 3 Fast Charger,1,1 Police Plaza,New York,10007,Manhattan,40.712348,-74.000891,city,,,,NYC Open Data fc53-9hrv
NYPDHQ_1PP_8_L3,NYPD,Police Department,Level 3 Fast Charger,1,1 Police Plaza,New York,10038,Manhattan,40.712348,-74.000891,city,,,,NYC Open Data fc53-9hrv
NYPDHQ_1PP_9_L3,NYPD,Police Department,Level 3 Fast Charger,1,1 Police Plaza,New York,10038,Manhattan,40.712348,-74.000891,city,,,,NYC Open Data fc53-9hrv
NYPDHQ_1PP10_L3,NYPD,Police Department,Level 3 Fast Charger,1,1 Police Plaza Path,New York,10038,Manhattan,40.712348,-74.000891,city,,,,NYC Open Data fc53-9hrv
NYPDSSHOP4_1_L3,NYPD,Police Department,Level 3 Fast Charger,1,49-21 Metropolitan Ave,New York,11385,Queens,40.713639,-73.917886,city,,,,NYC Open Data fc53-9hrv
NYPDSSHOP9_1_L3,NYPD,Police Department,Level 3 Fast Charger,1,669 W 158 St,New York,10032,Manhattan,40.836055,-73.947657,city,,,,NYC Open Data fc53-9hrv
NYPDSSHOP9_2_L3,NYPD,Police Department,Level 3 Fast Charger,1,669 W 158 St,New York,10032,Manhattan,40.836055,-73.947657,city,,,,NYC Open Data fc53-9hrv
NYPDSSHOP9_3_L3,NYPD,Police Department,Level 3 Fast Charger,1,669 W 158 St,New York,10032,Manhattan,40.836055,-73.947657,city,,,,NYC Open Data fc53-9hrv
NYPDSSHOP9_4_L3,NYPD,Police Department,Level 3 Fast Charger,1,669 W 158 St,New York,10032,Manhattan,40.836055,-73.947657,city,,,,NYC Open Data fc53-9hrv
OCME SISEAVIEW,OCME,Medical Examiner,Level 2 Charger,2,460 Brielle Ave,Staten Island,10314,Staten Island,40.593798,-74.135437,city,,,,NYC Open Data fc53-9hrv
OCME_26ST_1_L3,OCME,Medical Examiner,Level 3 Fast Charger,1,421 E 26th St,New York,10016,Manhattan,40.738575,-73.976588,city,,,,NYC Open Data fc53-9hrv
OCME_26ST_2_L3,OCME,Medical Examiner,Level 3 Fast Charger,1,421 E 26th St,New York,10001,Manhattan,40.738575,-73.976588,city,,,,NYC Open Data fc53-9hrv
OCME_26ST_S1_L3,OCME,Medical Examiner,Level 3 Fast Charger,1,421 E 26th St,New York,10001,Manhattan,40.738575,-73.976588,city,,,,NYC Open Data fc53-9hrv
OCME_26ST_S2_L3,OCME,Medical Examiner,Level 3 Fast Charger,1,421 E 26th St,New York,10001,Manhattan,40.738575,-73.976588,city,,,,NYC Open Data fc53-9hrv
OCME_26ST_S3_L3,OCME,Medical Examiner,Level 3 Fast Charger,1,421 E 26th St,New York,10001,Manhattan,40.738575,-73.976588,city,,,,NYC Open Data fc53-9hrv
OCME_26ST_S4_L3,OCME,Medical Examiner,Level 3 Fast Charger,1,421 E 26th St,New York,10001,Manhattan,40.738575,-73.976588,city,,,,NYC Open Data fc53-9hrv
OCME_26ST_S5_L3,OCME,Medical Examiner,Level 3 Fast Charger,1,421 E 26th St,New York,10001,Manhattan,40.738575,-73.976588,city,,,,NYC Open Data fc53-9hrv
OCME_26ST-1,OCME,Medical Examiner,Level 2 Charger,2,421 E 26Th St,New York,10016,Manhattan,40.738575,-73.976588,city,,,,NYC Open Data fc53-9hrv
OCME_BKLN-1,OCME,Medical Examiner,Level 2 Charger,2,599 Winthrop St,East Flatbush,11203,Brooklyn,40.657723,-73.940499,city,,,,NYC Open Data fc53-9hrv
OCME_QUEENS-1,OCME,Medical Examiner,Level 2 Charger,2,160-15 82Nd Dr,Jamaica,11432,Queens,40.717155,-73.805825,city,,,,NYC Open Data fc53-9hrv
OEMHQ_1_L3,NYCEM,Emergency Management,Level 3 Fast Charger,1,165 Cadman Plz E,Downtown Brooklyn,11201,Brooklyn,40.698761,-73.98987,city,,,,NYC Open Data fc53-9hrv
OEMHQ_2_L3,NYCEM,Emergency Management,Level 3 Fast Charger,1,165 Cadman Plz E,Downtown Brooklyn,11201,Brooklyn,40.698761,-73.98987,city,,,,NYC Open Data fc53-9hrv
OEMHQARC-S1,NYCEM,Emergency Management,EV Solar Arc Charger,1,42 Red Cross Pl,Downtown Brooklyn,11201,Brooklyn,40.699502,-73.989556,city,,,,NYC Open Data fc53-9hrv
OEMHQARC-S2,NYCEM,Emergency Management,EV Solar Arc Charger,1,42 Red Cross Pl,Downtown Brooklyn,11201,Brooklyn,40.699502,-73.989556,city,,,,NYC Open Data fc53-9hrv
OEMHQARC-S3,NYCEM,Emergency Management,EV Solar Arc Charger,1,165 Cadman Plaza E,Brooklyn,11201,Brooklyn,40.698761,-73.98987,city,,,,NYC Open Data fc53-9hrv
OEMHQARC-S4,NYCEM,Emergency Management,EV Solar Arc Charger,1,165 Cadman Plaza E,Brooklyn,11201,Brooklyn,40.698761,-73.98987,city,,,,NYC Open Data fc53-9hrv
OEMHQCADMAN-1,NYCEM,Emergency Management,Level 2 Charger,1,165 Cadman Plaza E,Brooklyn,11201,Brooklyn,40.698761,-73.98987,city,,,,NYC Open Data fc53-9hrv
OEMHQCADMAN-10,NYCEM,Emergency Management,Level 2 Charger,1,165 Cadman Plaza E,Brooklyn,11201,Brooklyn,40.698761,-73.98987,city,,,,NYC Open Data fc53-9hrv
OEMHQCADMAN-12,NYCEM,Emergency Management,Level 2 Charger,1,165 Cadman Plaza E,Brooklyn,11201,Brooklyn,40.698761,-73.98987,city,,,,NYC Open Data fc53-9hrv
OEMHQCADMAN-2,NYCEM,Emergency Management,Level 2 Charger,1,165 Cadman Plaza E,Brooklyn,11201,Brooklyn,40.698761,-73.98987,city,,,,NYC Open Data fc53-9hrv
OEMHQCADMAN-3,NYCEM,Emergency Management,Level 2 Charger,1,165 Cadman Plaza E,Brooklyn,11201,Brooklyn,40.698761,-73.98987,city,,,,NYC Open Data fc53-9hrv
OEMHQCADMAN-4,NYCEM,Emergency Management,Level 2 Charger,1,165 Cadman Plaza E,Brooklyn,11201,Brooklyn,40.698761,-73.98987,city,,,,NYC Open Data fc53-9hrv
OEMHQCADMAN-6,NYCEM,Emergency Management,Level 2 Charger,1,165 Cadman Plaza E,Brooklyn,11201,Brooklyn,40.698761,-73.98987,city,,,,NYC Open Data fc53-9hrv
OEMWAREHSE_1_L3,NYCEM,Emergency Management,Level 3 Fast Charger,1,930 Flushing Ave,Brooklyn,11206,Brooklyn,40.702555,-73.934382,city,,,,NYC Open Data fc53-9hrv
OEMWAREHSE_2_L3,NYCEM,Emergency Management,Level 3 Fast Charger,1,930 Flushing Ave,East Williamsburg,11206,Brooklyn,40.702555,-73.934382,city,,,,NYC Open Data fc53-9hrv
PROB_340BAYST,PROB,Probation,Level 2 Charger,2,340 Bay St,Tompkinsville,10301,Staten Island,40.63368,-74.075159,city,,,,NYC Open Data fc53-9hrv
NYCTLC / TLC 1,TLC,Taxi and Limousine Commission,Level 2 Charger,2,3189 123rd St,College Point,11354,Queens,40.768295,-73.845753,city,,,,NYC Open Data fc53-9hrv
NYCTLC / TLC 10,TLC,Taxi and Limousine Commission,Level 2 Charger,2,3189 123rd St,College Point,11354,Queens,40.768295,-73.845753,city,,,,NYC Open Data fc53-9hrv
NYCTLC / TLC 11,TLC,Taxi and Limousine Commission,Level 2 Charger,2,3189 123rd St,College Point,11354,Queens,40.768295,-73.845753,city,,,,NYC Open Data fc53-9hrv
NYCTLC / TLC 12,TLC,Taxi and Limousine Commission,Level 2 Charger,2,3189 123rd St,College Point,11354,Queens,40.768295,-73.845753,city,,,,NYC Open Data fc53-9hrv
NYCTLC / TLC 2,TLC,Taxi and Limousine Commission,Level 2 Charger,2,3189 123rd St,College Point,11354,Queens,40.768295,-73.845753,city,,,,NYC Open Data fc53-9hrv
NYCTLC / TLC 3,TLC,Taxi and Limousine Commission,Level 2 Charger,2,3189 123rd St,College Point,11354,Queens,40.768295,-73.845753,city,,,,NYC Open Data fc53-9hrv
NYCTLC / TLC 4,TLC,Taxi and Limousine Commission,Level 2 Charger,2,31-89 123rd St,College Point,11354,Queens,40.768295,-73.845753,city,,,,NYC Open Data fc53-9hrv
NYCTLC / TLC 5,TLC,Taxi and Limousine Commission,Level 2 Charger,2,31-89 123rd St,College Point,11354,Queens,40.768295,-73.845753,city,,,,NYC Open Data fc53-9hrv
NYCTLC / TLC 6,TLC,Taxi and Limousine Commission,Level 2 Charger,2,31-89 123rd St,College Point,11354,Queens,40.768295,-73.845753,city,,,,NYC Open Data fc53-9hrv
NYCTLC / TLC 7,TLC,Taxi and Limousine Commission,Level 2 Charger,2,31-89 123rd St,College Point,11354,Queens,40.768295,-73.845753,city,,,,NYC Open Data fc53-9hrv
NYCTLC / TLC 8,TLC,Taxi and Limousine Commission,Level 2 Charger,2,31-89 123rd St,College Point,11354,Queens,40.768295,-73.845753,city,,,,NYC Open Data fc53-9hrv
NYCTLC / TLC 9,TLC,Taxi and Limousine Commission,Level 2 Charger,2,3189 123rd St,College Point,11354,Queens,40.768295,-73.845753,city,,,,NYC Open Data fc53-9hrv
DOT Flo 13th St,DOT,Transportation,L2 DOT Flo Curbside Charger,2,"13th Street: 5th Avenue, 4th Avenue",Brooklyn,11215,Brooklyn,40.667348,-73.989486,block,"mid-block, from the city street centerline",curb,$2.50/hr + overnight dwell fee of $1/hr,NYC Open Data fc53-9hrv
DOT Flo 225th St,DOT,Transportation,L2 DOT Flo Curbside Charger,2,"225th Street: Merrick Boulevard, 135th Avenue",Queens,14413,Queens,40.676822,-73.745288,block,"mid-block, from the city street centerline",curb,$2.50/hr + overnight dwell fee of $1/hr,NYC Open Data fc53-9hrv
DOT Flo 30th Place,DOT,Transportation,L2 DOT Flo Curbside Charger,6,30th Pl between Thomson Ave and 47th Ave,Queens,11101,Queens,40.74414,-73.936538,block,"mid-block, from the city street centerline",curb,$1.85/hour,NYC Open Data fc53-9hrv
DOT Flo 33rd St,DOT,Transportation,L2 DOT Flo Curbside Charger,2,"33rd Street: 31st Avenue, Broadway",Queens,11106,Queens,40.762408,-73.922836,block,"mid-block, from the city street centerline",curb,$2.50/hr + overnight dwell fee of $1/hr,NYC Open Data fc53-9hrv
DOT Flo 35th St,DOT,Transportation,L2 DOT Flo Curbside Charger,2,"35th Street: 30th Avenue, 28th Avenue",Queens,11103,Queens,40.766196,-73.917544,block,"mid-block, from the city street centerline",curb,$2.50/hr + overnight dwell fee of $1/hr,NYC Open Data fc53-9hrv
DOT Flo 38th St,DOT,Transportation,L2 DOT Flo Curbside Charger,4,"38th Street: 36th Avenue, 35th Avenue",Queens,11101,Queens,40.754742,-73.923532,block,"mid-block, from the city street centerline",curb,$2.50/hr + overnight dwell fee of $1/hr,NYC Open Data fc53-9hrv
DOT Flo 3rd Ave,DOT,Transportation,L2 DOT Flo Curbside Charger,6,"3rd Avenue: 33rd Street, 34th Street",Brooklyn,11232,Brooklyn,40.65703,-74.005125,block,"mid-block, from the city street centerline",curb,$2.50/hr + overnight dwell fee of $1/hr,NYC Open Data fc53-9hrv
DOT Flo 41st Ave,DOT,Transportation,L2 DOT Flo Curbside Charger,2,"41st Avenue: 81st Street, Baxter Avenue",Queens,11373,Queens,40.745852,-73.884202,block,"mid-block, from the city street centerline",curb,$2.50/hr + overnight dwell fee of $1/hr,NYC Open Data fc53-9hrv
DOT Flo 43rd St,DOT,Transportation,L2 DOT Flo Curbside Charger,2,"43rd Street: 5th Avenue, 4th Avenue",Brooklyn,11232,Brooklyn,40.649693,-74.007337,block,"mid-block, from the city street centerline",curb,$2.50/hr + overnight dwell fee of $1/hr,NYC Open Data fc53-9hrv
DOT Flo 72nd St,DOT,Transportation,L2 DOT Flo Curbside Charger,2,"72nd Street: 37th Avenue, 35th Avenue",Queens,11372,Queens,40.749799,-73.893793,block,"mid-block, from the city street centerline",curb,$2.50/hr + overnight dwell fee of $1/hr,NYC Open Data fc53-9hrv
DOT Flo 8th St,DOT,Transportation,L2 DOT Flo Curbside Charger,2,"8th Street: 6th Avenue, 7th Avenue",Brooklyn,11215,Brooklyn,40.668078,-73.982254,block,"mid-block, from the city street centerline",curb,$2.50/hr + overnight dwell fee of $1/hr,NYC Open Data fc53-9hrv
DOT Flo Bedford Park Blvd,DOT,Transportation,L2 DOT Flo Curbside Charger,4,"Bedford Park Boulevard: Goulden Avenue, Paul Avenue",Bronx,10468,Bronx,40.875041,-73.892855,block,"mid-block, from the city street centerline",curb,$2.50/hr + overnight dwell fee of $1/hr,NYC Open Data fc53-9hrv
DOT Flo Broadway,DOT,Transportation,L2 DOT Flo Curbside Charger,4,"Broadway: West 242nd Street, West 240th Street",Bronx,10471,Bronx,40.888004,-73.899095,block,"mid-block, from the city street centerline",curb,$2.50/hr + overnight dwell fee of $1/hr,NYC Open Data fc53-9hrv
DOT Flo Brooklyn Ave,DOT,Transportation,L2 DOT Flo Curbside Charger,2,"Brooklyn Avenue: St. Marks Avenue, Prospect Place",Brooklyn,11213,Brooklyn,40.674464,-73.944504,block,"mid-block, from the city street centerline",curb,$2.50/hr + overnight dwell fee of $1/hr,NYC Open Data fc53-9hrv
DOT Flo Clarkson Ave,DOT,Transportation,L2 DOT Flo Curbside Charger,4,"Clarkson Avenue: 40th Street, Albany Avenue",Brooklyn,11203,Brooklyn,40.65604,-73.940047,block,"mid-block, from the city street centerline",curb,$2.50/hr + overnight dwell fee of $1/hr,NYC Open Data fc53-9hrv
DOT Flo Court St,DOT,Transportation,L2 DOT Flo Curbside Charger,2,"Court Street: 1st Place, Carroll Street",Brooklyn,11231,Brooklyn,40.680696,-73.996709,block,"mid-block, from the city street centerline",curb,$2.50/hr + overnight dwell fee of $1/hr,NYC Open Data fc53-9hrv
DOT Flo Dekalb Ave,DOT,Transportation,L2 DOT Flo Curbside Charger,2,"Dekalb Avenue: East Gun Hill Road, East 212th Street",Bronx,10467,Bronx,40.883127,-73.879775,block,"mid-block, from the city street centerline",curb,$2.50/hr + overnight dwell fee of $1/hr,NYC Open Data fc53-9hrv
DOT Flo E 67th St,DOT,Transportation,L2 DOT Flo Curbside Charger,2,"East 67th Street: York Avenue, 1st Avenue",Manhattan,10065,Manhattan,40.76415,-73.957203,block,"mid-block, from the city street centerline",curb,$2.50/hr + overnight dwell fee of $1/hr,NYC Open Data fc53-9hrv
DOT Flo E 78th St,DOT,Transportation,L2 DOT Flo Curbside Charger,2,"East 78th Street: Park Avenue, Lexington Avenue",Manhattan,10075,Manhattan,40.774602,-73.96015,block,"mid-block, from the city street centerline",curb,$2.50/hr + overnight dwell fee of $1/hr,NYC Open Data fc53-9hrv
DOT Flo East End Ave,DOT,Transportation,L2 DOT Flo Curbside Charger,2,"East End Ave: East 88th Street, East 87th Street",Manhattan,10128,Manhattan,40.775931,-73.944049,block,"mid-block, from the city street centerline",curb,$2.50/hr + overnight dwell fee of $1/hr,NYC Open Data fc53-9hrv
DOT Flo Elton St,DOT,Transportation,L2 DOT Flo Curbside Charger,4,"Elton Street: Flatlands Avenue, Locke Street",Brooklyn,11207,Brooklyn,40.65727,-73.874563,block,"mid-block, from the city street centerline",curb,$2.50/hr + overnight dwell fee of $1/hr,NYC Open Data fc53-9hrv
DSNY_BX06-DCFC1,DSNY,Sanitation,Level 3 Fast Charger,1,800 East 176th Street,The Bronx,10460,Bronx,40.842053,-73.889504,city,,,,NYC Open Data fc53-9hrv
DOT Flo Fort Washington Ave,DOT,Transportation,L2 DOT Flo Curbside Charger,2,"Fort Washington Avenue: West 164th Street, West 165th Street",Manhattan,10032,Manhattan,40.839692,-73.943266,block,"mid-block, from the city street centerline",curb,$2.50/hr + overnight dwell fee of $1/hr,NYC Open Data fc53-9hrv
DOT Flo Lenox Rd,DOT,Transportation,L2 DOT Flo Curbside Charger,4,"Lenox Road: New York Avenue, East 34th Street",Brooklyn,11226,Brooklyn,40.654383,-73.946551,block,"mid-block, from the city street centerline",curb,$2.50/hr + overnight dwell fee of $1/hr,NYC Open Data fc53-9hrv
DOT Flo Leonard St,DOT,Transportation,L2 DOT Flo Curbside Charger,4,Leonard St between Lafayette and Centre Streets,Manhattan,10013,Manhattan,40.715971,-74.002122,block,"mid-block, from the city street centerline",curb,$1.85/hour,NYC Open Data fc53-9hrv
DOT Flo Linden Blvd,DOT,Transportation,L2 DOT Flo Curbside Charger,4,"Linden Boulevard: East 96th Street, Rockaway Parkway",Brooklyn,11212,Brooklyn,40.654159,-73.913058,block,"mid-block, from the city street centerline",curb,$2.50/hr + overnight dwell fee of $1/hr,NYC Open Data fc53-9hrv
DOT Flo Marcus Garvey Blvd,DOT,Transportation,L2 DOT Flo Curbside Charger,2,"Marcus Garvey Boulevard: Broadway, Park Avenue",Brooklyn,11206,Brooklyn,40.699419,-73.941151,block,"mid-block, from the city street centerline",curb,$2.50/hr + overnight dwell fee of $1/hr,NYC Open Data fc53-9hrv
DOT Flo Mason Ave,DOT,Transportation,L2 DOT Flo Curbside Charger,4,"Mason Avenue: Seaview, Delaware Avenue",Staten Island,10305,Staten Island,40.586022,-74.087391,block,"mid-block, from the city street centerline",curb,$2.50/hr + overnight dwell fee of $1/hr,NYC Open Data fc53-9hrv
DOT Flo Meeker Ave,DOT,Transportation,L2 DOT Flo Curbside Charger,6,"Meeker Avenue: Metropolitan Avenue, Rodney Street",Brooklyn,11211,Brooklyn,40.714069,-73.952912,block,"mid-block, from the city street centerline",curb,$2.50/hr + overnight dwell fee of $1/hr,NYC Open Data fc53-9hrv
DOT Flo N 4th St,DOT,Transportation,L2 DOT Flo Curbside Charger,4,"North 4th Street: Bedford Avenue, Berry Street",Brooklyn,11249,Brooklyn,40.716581,-73.960152,block,"mid-block, from the city street centerline",curb,$2.50/hr + overnight dwell fee of $1/hr,NYC Open Data fc53-9hrv
DOT Flo Norman Ave,DOT,Transportation,L2 DOT Flo Curbside Charger,4,"Norman Avenue: Dobbin Street, Guernsey Street",Brooklyn,11222,Brooklyn,40.724745,-73.953857,block,"mid-block, from the city street centerline",curb,$2.50/hr + overnight dwell fee of $1/hr,NYC Open Data fc53-9hrv
DOT Flo Prospect Park W,DOT,Transportation,L2 DOT Flo Curbside Charger,2,"Prospect Park West: 5th Street, 6th Street",Brooklyn,11215,Brooklyn,40.666729,-73.975086,block,"mid-block, from the city street centerline",curb,$2.50/hr + overnight dwell fee of $1/hr,NYC Open Data fc53-9hrv
DOT Flo Putnam Pl,DOT,Transportation,L2 DOT Flo Curbside Charger,2,"Putnam Place: East Gun Hill Rd., Reservoir Oval West",Bronx,10467,Bronx,40.879301,-73.875689,block,"mid-block, from the city street centerline",curb,$2.50/hr + overnight dwell fee of $1/hr,NYC Open Data fc53-9hrv
DOT Flo Queens Blvd,DOT,Transportation,L2 DOT Flo Curbside Charger,4,"Queens Boulevard: 34th Street, 33rd Street",Queens,11101,Queens,40.744785,-73.931187,block,"mid-block, from the city street centerline",curb,$2.50/hr + overnight dwell fee of $1/hr,NYC Open Data fc53-9hrv
DOT Flo Reade St,DOT,Transportation,L2 DOT Flo Curbside Charger,2,Reade St between Elk and Lafayette Streets,Manhattan,10007,Manhattan,40.713827,-74.004003,block,"mid-block, from the city street centerline",curb,$1.85/hour,NYC Open Data fc53-9hrv
DOT Flo Red Cross Place,DOT,Transportation,L2 DOT Flo Curbside Charger,6,Red Cross Pl between Cadman Pl E and Bk Bridge Blvd/Adams St,Brooklyn,11201,Brooklyn,40.699418,-73.989305,block,"mid-block, from the city street centerline",curb,$1.85/hour,NYC Open Data fc53-9hrv
DOT Flo Stuyvesant Ave,DOT,Transportation,L2 DOT Flo Curbside Charger,2,"Stuyvesant Avenue: Fulton Street, Chauncey Street",Brooklyn,11233,Brooklyn,40.679798,-73.931425,block,"mid-block, from the city street centerline",curb,$2.50/hr + overnight dwell fee of $1/hr,NYC Open Data fc53-9hrv
DOT Flo W 76th St,DOT,Transportation,L2 DOT Flo Curbside Charger,2,"West 76th Street: Amsterdam Avenue, Columbus Avenue",Manhattan,10023,Manhattan,40.780605,-73.978327,block,"mid-block, from the city street centerline",curb,$2.50/hr + overnight dwell fee of $1/hr,NYC Open Data fc53-9hrv
DOT Flo W 84th St,DOT,Transportation,L2 DOT Flo Curbside Charger,2,"West 84th Street: Amsterdam Avenue, Columbus Avenue",Manhattan,10024,Manhattan,40.785778,-73.974556,block,"mid-block, from the city street centerline",curb,$2.50/hr + overnight dwell fee of $1/hr,NYC Open Data fc53-9hrv
DOT Flo W 93rd St,DOT,Transportation,L2 DOT Flo Curbside Charger,2,"West 93rd Street: Central Park West, Columbus Ave",Manhattan,10025,Manhattan,40.790344,-73.967506,block,"mid-block, from the city street centerline",curb,$2.50/hr + overnight dwell fee of $1/hr,NYC Open Data fc53-9hrv
DOT ROADIE 1,DOT,Transportation,Mobile Charger,1,,,,,,,none,mobile charger; no fixed location,,,NYC Open Data fc53-9hrv
DPR ROADIE 1,DPR,Parks Department,Mobile Charger,1,,,,,,,none,mobile charger; no fixed location,,,NYC Open Data fc53-9hrv
DRPSIPEP_FORDPRO-1,DPR,Parks Department,Level 2 Charger,1,300 Altamont st,Staten Island,10306,Staten Island,40.578382,-74.118579,approx,on Altamont Street; the house number could not be matched,,,NYC Open Data fc53-9hrv
DRPSIPEP_FORDPRO-2,DPR,Parks Department,Level 2 Charger,1,300 Altamont st,Staten Island,10306,Staten Island,40.578382,-74.118579,approx,on Altamont Street; the house number could not be matched,,,NYC Open Data fc53-9hrv
DSNY ROADIE 1,DSNY,Sanitation,Mobile Charger,1,,,,,,,none,mobile charger; no fixed location,,,NYC Open Data fc53-9hrv
DSNY ROADIE 2,DSNY,Sanitation,Mobile Charger,1,,,,,,,none,mobile charger; no fixed location,,,NYC Open Data fc53-9hrv
DSNY_CLIPPER_BETTSENG-1,DSNY,Sanitation,Level 2 Charger,2,52-35 58th Street,Woodside,11377,Queens,40.734883,-73.909957,city,,,,NYC Open Data fc53-9hrv
DSNY_CLIPPER_BETTSENG-2,DSNY,Sanitation,Level 2 Charger,2,52-35 58th Street,Woodside,11377,Queens,40.734883,-73.909957,city,,,,NYC Open Data fc53-9hrv
DSNY_CLIPPER_BETTSEXT-1,DSNY,Sanitation,Level 2 Charger,2,52-35 58th Street,Woodside,11377,Queens,40.734883,-73.909957,city,,,,NYC Open Data fc53-9hrv
DSNY_CLIPPER_BK04-3,DSNY,Sanitation,Level 2 Charger,1,161 Varick Avenue,Brooklyn,11237,Brooklyn,40.711118,-73.928548,city,,,,NYC Open Data fc53-9hrv
DSNY_CLIPPER_BK05-2,DSNY,Sanitation,Level 2 Charger,2,606 Milford Street,East New York,11208,Brooklyn,40.660832,-73.8697,city,,,,NYC Open Data fc53-9hrv
DSNY_CLIPPER_BK05-3,DSNY,Sanitation,Level 2 Charger,2,606 Milford Street,East New York,11208,Brooklyn,40.660832,-73.8697,city,,,,NYC Open Data fc53-9hrv
DSNY_CLIPPER_BK12-1,DSNY,Sanitation,Level 2 Charger,2,5602 19th Ave,Mapleton,11204,Brooklyn,40.622889,-73.982824,city,,,,NYC Open Data fc53-9hrv
DSNY_CLIPPER_BKLCU-2,DSNY,Sanitation,Level 2 Charger,2,803 Forbell St,Brooklyn,11208,Brooklyn,40.664595,-73.860612,city,,,,NYC Open Data fc53-9hrv
DSNY_CLIPPER_BKLCU-3,DSNY,Sanitation,Level 2 Charger,2,803 Forbell St,Brooklyn,11208,Brooklyn,40.664595,-73.860612,city,,,,NYC Open Data fc53-9hrv
DSNY_CLIPPER_BLACKROCK-1,DSNY,Sanitation,Level 2 Charger,2,2383 Blackrock Ave,Bronx,10462,Bronx,40.829823,-73.844707,city,,,,NYC Open Data fc53-9hrv
DSNY_CLIPPER_BLACKROCK-2,DSNY,Sanitation,Level 2 Charger,2,2383 Blackrock Ave,Bronx,10462,Bronx,40.829823,-73.844707,city,,,,NYC Open Data fc53-9hrv
DSNY_CLIPPER_BLACKROCK-3,DSNY,Sanitation,Level 2 Charger,2,2383 Blackrock Ave,Bronx,10462,Bronx,40.829823,-73.844707,city,,,,NYC Open Data fc53-9hrv
DSNY_CLIPPER_BLACKROCK-4,DSNY,Sanitation,Level 2 Charger,2,2383 Blackrock Ave,Bronx,10462,Bronx,40.829823,-73.844707,city,,,,NYC Open Data fc53-9hrv
DSNY_CLIPPER_CRSBBMEXEC-1,DSNY,Sanitation,Level 2 Charger,2,52-35 58th Street,Woodside,11377,Queens,40.734883,-73.909957,city,,,,NYC Open Data fc53-9hrv
DSNY_CLIPPER_CRSBBMEXEC-2,DSNY,Sanitation,Level 2 Charger,2,52-35 58th Street,Woodside,11377,Queens,40.734883,-73.909957,city,,,,NYC Open Data fc53-9hrv
DSNY_CLIPPER_CRSBIT,DSNY,Sanitation,Level 2 Charger,2,52-35 58th Street,Woodside,11377,Queens,40.734883,-73.909957,city,,,,NYC Open Data fc53-9hrv
DSNY_CLIPPER_FK-SWMTENT,DSNY,Sanitation,Level 2 Charger,2,1000 West Service Rd,Staten Island,10314,Staten Island,40.571144,-74.195327,city,,,,NYC Open Data fc53-9hrv
DSNY_CLIPPER_FRSHKLLSBBM-1,DSNY,Sanitation,Level 2 Charger,2,1000 West Service Rd,Staten Island,10314,Staten Island,40.571144,-74.195327,city,,,,NYC Open Data fc53-9hrv
DSNY_CLIPPER_MN11-4,DSNY,Sanitation,Level 2 Charger,2,217 E 127th St,Manhattan,10035,Manhattan,40.804756,-73.934281,city,,,,NYC Open Data fc53-9hrv
DSNY_CLIPPER_Q08-1,DSNY,Sanitation,Level 2 Charger,2,130-23 150th Ave,Jamaica,11430,Queens,40.664778,-73.810159,city,,,,NYC Open Data fc53-9hrv
DSNY_CLIPPER_Q08-2,DSNY,Sanitation,Level 2 Charger,2,130-23 150th Ave,Jamaica,11430,Queens,40.664778,-73.810159,city,,,,NYC Open Data fc53-9hrv
DSNY_CLIPPER_Q12-1,DSNY,Sanitation,Level 2 Charger,2,130-23 150th Ave,Jamaica,11430,Queens,40.664778,-73.810159,city,,,,NYC Open Data fc53-9hrv
DSNY_CLIPPER_Q12-2,DSNY,Sanitation,Level 2 Charger,2,130-23 150th Ave,Jamaica,11430,Queens,40.664778,-73.810159,city,,,,NYC Open Data fc53-9hrv
DSNY_CLIPPER_Q5A-1,DSNY,Sanitation,Level 2 Charger,1,48-01 58th Rd.,Maspeth,11378,Queens,40.720249,-73.922845,city,,,,NYC Open Data fc53-9hrv
DSNY_CLIPPER_SI3_TRAILER-1,DSNY,Sanitation,Level 2 Charger,2,1000 West Service Rd,Staten Island,10314,Staten Island,40.571144,-74.195327,city,,,,NYC Open Data fc53-9hrv
DSNY_ENPHASE_CRSBBMSCORRIDOR-1,DSNY,Sanitation,Level 2 Charger,1,52-35 58th Street,Woodside,11377,Queens,40.734883,-73.909957,city,,,,NYC Open Data fc53-9hrv
DSNY_ENPHASE_CRSBBMSCORRIDOR-2,DSNY,Sanitation,Level 2 Charger,1,52-35 58th Street,Woodside,11377,Queens,40.734883,-73.909957,city,,,,NYC Open Data fc53-9hrv
DSNY_ENPHASE_CRSBBMSCORRIDOR-3,DSNY,Sanitation,Level 2 Charger,1,52-35 58th Street,Woodside,11377,Queens,40.734883,-73.909957,city,,,,NYC Open Data fc53-9hrv
DSNY_ENPHASE_CRSBBMSCORRIDOR-4,DSNY,Sanitation,Level 2 Charger,1,52-35 58th Street,Woodside,11377,Queens,40.734883,-73.909957,city,,,,NYC Open Data fc53-9hrv
DSNY_ENPHASE_CRSBBMSCORRIDOR-5,DSNY,Sanitation,Level 2 Charger,1,52-35 58th Street,Woodside,11377,Queens,40.734883,-73.909957,city,,,,NYC Open Data fc53-9hrv
DSNY_ENPHASE_Q05A-1,DSNY,Sanitation,Level 2 Charger,1,48-01 58th Rd,Maspeth,11378,Queens,40.720249,-73.922845,city,,,,NYC Open Data fc53-9hrv
DSNY_ENPHASE_Q05A-2,DSNY,Sanitation,Level 2 Charger,1,48-01 58th Rd,Maspeth,11378,Queens,40.720249,-73.922845,city,,,,NYC Open Data fc53-9hrv
DSNY_ENPHASE_Q05A-3,DSNY,Sanitation,Level 2 Charger,1,48-01 58th Rd,Maspeth,11378,Queens,40.720249,-73.922845,city,,,,NYC Open Data fc53-9hrv
DSNY_ENPHASE_Q05A-4,DSNY,Sanitation,Level 2 Charger,1,48-01 58th Rd,Maspeth,11378,Queens,40.720249,-73.922845,city,,,,NYC Open Data fc53-9hrv
DSNY_ENPHASE_Q05A-5,DSNY,Sanitation,Level 2 Charger,1,48-01 58th Rd,Maspeth,11378,Queens,40.720249,-73.922845,city,,,,NYC Open Data fc53-9hrv
DSNY_ENPHASE_Q05A-6,DSNY,Sanitation,Level 2 Charger,1,48-01 58th Rd,Maspeth,11378,Queens,40.720249,-73.922845,city,,,,NYC Open Data fc53-9hrv
DSNY_ENPHASE_Q05A-7,DSNY,Sanitation,Level 2 Charger,1,48-01 58th Rd,Maspeth,11378,Queens,40.720249,-73.922845,city,,,,NYC Open Data fc53-9hrv
NYCEM LC,NYCEM,Emergency Management,Level 2 Charger,4,930 Flushing Ave,Bushwick,11206,Brooklyn,40.702555,-73.934382,city,,,,NYC Open Data fc53-9hrv
NYCEM_FRESHKILLS_FORDPRO,NYCEM,Emergency Management,Level 2 Charger,1,1 Muldoon Ave,Staten Island,10314,Staten Island,40.575374,-74.196743,city,,,,NYC Open Data fc53-9hrv
NYPD ROADIE 1,NYPD,Police Department,Mobile Charger,1,,,,,,,none,mobile charger; no fixed location,,,NYC Open Data fc53-9hrv
NYPD ROADIE 2,NYPD,Police Department,Mobile Charger,1,,,,,,,none,mobile charger; no fixed location,,,NYC Open Data fc53-9hrv
OTI_15METROTECH_FORDPRO,OTI,Technology and Innovation,Level 2 Charger,1,15 Metrotech,Brooklyn,11201,Brooklyn,40.693707,-73.984786,city,,,,NYC Open Data fc53-9hrv
OTI_2METROTECH_FORDPRO,OTI,Technology and Innovation,Level 2 Charger,1,2 Metrotech,Brooklyn,11201,Brooklyn,40.693727,-73.985695,city,,,,NYC Open Data fc53-9hrv
QPLCENTRAL_FORDPRO,QPL,Queens Public Library,Level 2 Charger,1,89-11 Merrick Blvd,Queens,11432,Queens,40.707865,-73.795295,city,,,,NYC Open Data fc53-9hrv
QPLWINDSORPK-1_FORDPRO,QPL,Queens Public Library,Level 2 Charger,1,79-50 Bell Blvd,Queens,11364,Queens,40.734936,-73.755509,city,,,,NYC Open Data fc53-9hrv
BAT Lightpole Charger 1,DCAS,Citywide Administrative Services,Level 2 Charger,1,58th St Brooklyn Army Terminal,Brooklyn,11220,Brooklyn,40.645058,-74.025495,facility,Brooklyn Army Terminal,adapter,,NYC Open Data fc53-9hrv
BAT Lightpole Charger 2,DCAS,Citywide Administrative Services,Level 2 Charger,1,58th St Brooklyn Army Terminal,Brooklyn,11220,Brooklyn,40.645058,-74.025495,facility,Brooklyn Army Terminal,adapter,,NYC Open Data fc53-9hrv
BAT Lightpole Charger 3,DCAS,Citywide Administrative Services,Level 2 Charger,1,58th St Brooklyn Army Terminal,Brooklyn,11220,Brooklyn,40.645058,-74.025495,facility,Brooklyn Army Terminal,adapter,,NYC Open Data fc53-9hrv
BAT Lightpole Charger 4,DCAS,Citywide Administrative Services,Level 2 Charger,1,58th St Brooklyn Army Terminal,Brooklyn,11220,Brooklyn,40.645058,-74.025495,facility,Brooklyn Army Terminal,adapter,,NYC Open Data fc53-9hrv
BAT Lightpole Charger 5,DCAS,Citywide Administrative Services,Level 2 Charger,1,58th St Brooklyn Army Terminal,Brooklyn,11220,Brooklyn,40.645058,-74.025495,facility,Brooklyn Army Terminal,adapter,,NYC Open Data fc53-9hrv
BAT Lightpole Charger 6,DCAS,Citywide Administrative Services,Level 2 Charger,1,58th St Brooklyn Army Terminal,Brooklyn,11220,Brooklyn,40.645058,-74.025495,facility,Brooklyn Army Terminal,adapter,,NYC Open Data fc53-9hrv
DCAS ROADIE 1,DCAS,Citywide Administrative Services,Mobile Charger,1,,,,,,,none,mobile charger; no fixed location,,,NYC Open Data fc53-9hrv
DCAS ROADIE 2,DCAS,Citywide Administrative Services,Mobile Charger,1,,,,,,,none,mobile charger; no fixed location,,,NYC Open Data fc53-9hrv
DCAS_FORDPRO_CSH1,DCAS,Citywide Administrative Services,Level 2 Charger,1,6626 Metropolitan Ave,Middle Village,11379,Queens,40.712377,-73.892143,city,,,,NYC Open Data fc53-9hrv
DCAS_FORDPRO_CSH2,DCAS,Citywide Administrative Services,Level 2 Charger,1,6626 Metropolitan Ave,Middle Village,11379,Queens,40.712377,-73.892143,city,,,,NYC Open Data fc53-9hrv
DEP ROADIE 1,DEP,Environmental Protection,Mobile Charger,1,,,,,,,none,mobile charger; no fixed location,,,NYC Open Data fc53-9hrv
DHS_JAMAICA_FORDPRO-1,DHS,Homeless Services,Level 2 Charger,1,175-10 88 Avenue,Queens,11432,Queens,40.711075,-73.787032,city,,,,NYC Open Data fc53-9hrv
DHS_JAMAICA_FORDPRO-2,DHS,Homeless Services,Level 2 Charger,1,175-10 88 Avenue,Queens,11432,Queens,40.711075,-73.787032,city,,,,NYC Open Data fc53-9hrv
DHS_JAMAICA_FORDPRO-3,DHS,Homeless Services,Level 2 Charger,1,175-10 88 Avenue,Queens,11432,Queens,40.711075,-73.787032,city,,,,NYC Open Data fc53-9hrv
DOC ROADIE 1,DOC,Correction,Mobile Charger,1,,,,,,,none,mobile charger; no fixed location,,,NYC Open Data fc53-9hrv
DOC_MOBI_1,DOC,Correction,Mobile Charger,1,,,,,,,none,mobile charger; no fixed location,,,NYC Open Data fc53-9hrv
DOH 56 DRIVE NISSAN,DOH,Health Department,Level 2 Charger,1,56-17 56th Dr.,Maspeth,11378,Queens,40.72441,-73.914492,city,,,,NYC Open Data fc53-9hrv
DOH BELLEVUE NISSAN 1,DOH,Health Department,Level 2 Charger,1,455 1st Ave.,New York,10016,Manhattan,40.739162,-73.976894,city,,,,NYC Open Data fc53-9hrv
DOH BELLEVUE NISSAN 2,DOH,Health Department,Level 2 Charger,1,455 1st Ave.,New York,10016,Manhattan,40.739162,-73.976894,city,,,,NYC Open Data fc53-9hrv
DPRSISHOPS#1#2,DPR,Parks Department,Level 2 Charger,2,21 Slosson Ave,Staten Island,10314,Staten Island,40.62089,-74.119394,city,,,,NYC Open Data fc53-9hrv
FDNY_EMS44-1,FDNY,Fire Department,Level 2 Charger,1,266 Rockaway Ave,Brooklyn,11233,Brooklyn,40.674096,-73.91115,city,,,,NYC Open Data fc53-9hrv
HRA_BKFLTN_1_L3,HRA,Human Resources Administration,Level 3 Fast Charger,1,2440 Fulton Street,Brooklyn,11207,Brooklyn,40.677869,-73.903473,city,,,,NYC Open Data fc53-9hrv
DEP_ZEREGA_6_L3,DEP,Environmental Protection,Level 3 Fast Charger,1,930 Zerega Avenue,The Bronx,10473,Bronx,40.827109,-73.843596,city,,,,NYC Open Data fc53-9hrv
DSNY_ENPHASE_BX09-1,DSNY,Sanitation,Level 2 Charger,1,850 Zerega Ave,Bronx,10473,Bronx,40.825144,-73.843139,city,,,,NYC Open Data fc53-9hrv
DEP_BOWERYBAY_FORDPRO-1,DEP,Environmental Protection,Level 2 Charger,1,43-01 Berrian Blvd,Astoria,11105,Queens,40.778421,-73.894593,city,,,,NYC Open Data fc53-9hrv
DEP_ZEREGA-4,DEP,Environmental Protection,Level 2 Charger,2,930 Zerega Avenue,The Bronx,10473,Bronx,40.827109,-73.843596,city,,,,NYC Open Data fc53-9hrv
DSNY_ENPHASE_BETTSENG-1,DSNY,Sanitation,Level 2 Charger,1,58-73 53rd Ave,Woodside,11377,Queens,40.734136,-73.909403,city,,,,NYC Open Data fc53-9hrv
FDNY_E159_1_L3,FDNY,Fire Department,Level 3 Fast Charger,1,1592 Richmond Road,Staten Island,10304,Staten Island,40.590935,-74.100895,city,,,,NYC Open Data fc53-9hrv
HRA_BKFLTN_2_L3,HRA,Human Resources Administration,Level 3 Fast Charger,1,2440 Fulton St,Brooklyn,11207,Brooklyn,40.677869,-73.903473,city,,,,NYC Open Data fc53-9hrv
DPRSIFRSTRY9&10,DPR,Parks Department,Level 2 Charger,2,21 Slosson Ave,Staten Island,10314,Staten Island,40.62089,-74.119394,city,,,,NYC Open Data fc53-9hrv
DPRROCKAWAY30B,DPR,Parks Department,EV Solar Arc Charger,1,1-09 Beach 30th St,Far Rockaway,11691,Queens,40.593116,-73.762539,city,,dcas,No,NYC Open Data fc53-9hrv
DOE_Q018-RIGHT,DOE,Education Department,Level 2 Charger,1,86-35 235th Ct,Queens,11427,Queens,40.732112,-73.73246,city,,,,NYC Open Data fc53-9hrv
DPRSIFRSTRY#7#8,DPR,Parks Department,Level 2 Charger,2,21 Slosson Ave,Castleton Corners,10314,Staten Island,40.62089,-74.119394,city,,,,NYC Open Data fc53-9hrv
DEP_ZEREGA-5,DEP,Environmental Protection,Level 2 Charger,2,930 Zerega Avenue,The Bronx,10473,Bronx,40.827109,-73.843596,city,,,,NYC Open Data fc53-9hrv
DOT BAY RIDGE LOT,DOT,Transportation,DOT Municipal Level 2 Charger,5,8501 5th Ave,Brooklyn,11209,Brooklyn,40.622039,-74.025734,city,,lot,$0.27 per kWh,NYC Open Data fc53-9hrv
DSNY_Q5A_FORDPRO,DSNY,Sanitation,Level 2 Charger,1,48-01 58th Rd,Queens,11378,Queens,40.720249,-73.922845,city,,,,NYC Open Data fc53-9hrv
DEP_BOWERYBAY_FORDPRO-2,DEP,Environmental Protection,Level 2 Charger,1,43-01 Berrian Blvd,Astoria,11105,Queens,40.778421,-73.894593,city,,,,NYC Open Data fc53-9hrv
DOC_SLRCANOPY5,DOC,Correction,EV Solar Canopy Charger,1,11-15 Hazen St,East Elmhurst,11370,Bronx,40.793737,-73.884135,city,,,,NYC Open Data fc53-9hrv
DPR_NATIVEPLA-1,DPR,Parks Department,Level 2 Charger,2,3808 Victory Boulevard,Staten Island,10314,Staten Island,40.596755,-74.182514,city,,,,NYC Open Data fc53-9hrv
HRA_BKFLTN_3_L3,HRA,Human Resources Administration,Level 3 Fast Charger,1,2440 Fulton St,Brooklyn,11207,Brooklyn,40.677869,-73.903473,city,,,,NYC Open Data fc53-9hrv
DEP_RMD-1,DEP,Environmental Protection,Level 2 Charger,2,127-17 92nd Ave,Queens,11418,Queens,40.697353,-73.821682,city,,,,NYC Open Data fc53-9hrv
DOE_Q094-1,DOE,Education Department,Level 2 Charger,1,41-77 Little Neck Pkwy,Queens,11363,Queens,40.771186,-73.739252,city,,,,NYC Open Data fc53-9hrv
DOC_EMTC-1,DOC,Correction,Level 2 Charger,2,10- 10 Hazen St,Queens,11370,Bronx,40.793474,-73.884161,city,,,,NYC Open Data fc53-9hrv
DOT LOT 190 ST LOT,DOT,Transportation,DOT Municipal Level 2 Charger,5,2478 Jerome Avenue,Bronx,10468,Bronx,40.863249,-73.90068,city,,lot,$0.27 per kWh,NYC Open Data fc53-9hrv
DPR_SISHOPS3&4,DPR,Parks Department,Level 2 Charger,2,25 Slosson Ave,Staten Island,10314,Staten Island,40.620778,-74.119351,city,,,,NYC Open Data fc53-9hrv
DOT GUN HILL RD LOT,DOT,Transportation,DOT Municipal Level 2 Charger,4,3510 Jerome Avenue,Bronx,10467,Bronx,40.88316,-73.880887,city,,lot,$0.27 per kWh,NYC Open Data fc53-9hrv
DEP_ZEREGA_2_L3,DEP,Environmental Protection,Level 3 Fast Charger,1,930 Zerega Avenue,The Bronx,10473,Bronx,40.827109,-73.843596,city,,,,NYC Open Data fc53-9hrv
DOT_Brookville_FORDPRO_1,DOT,Transportation,Level 2 Charger,1,141-22 Brookville Blvd,Queens,11422,Queens,40.664556,-73.740159,city,,,,NYC Open Data fc53-9hrv
DOC_SLRCANOPY6,DOC,Correction,EV Solar Canopy Charger,1,11-15 Hazen St,East Elmhurst,11370,Bronx,40.793737,-73.884135,city,,,,NYC Open Data fc53-9hrv
NYPD_30PCT_1_L3,NYPD,Police Department,Level 3 Fast Charger,1,451 West 151st Street,New York,10031,Manhattan,40.828615,-73.943847,city,,,,NYC Open Data fc53-9hrv
DEP_ZEREGA-6,DEP,Environmental Protection,Level 2 Charger,2,930 Zerega Avenue,The Bronx,10473,Bronx,40.827109,-73.843596,city,,,,NYC Open Data fc53-9hrv
DOT LOT ESSEX ST LOT L3s,DOT,Transportation,DOT Municipal Level 3 Charger,4,105-113 Essex Street & 112-120 Ludlow Street,New York,10002,Manhattan,40.719086,-73.98794,city,,lot,$0.39 per kWh,NYC Open Data fc53-9hrv
DEP_ZEREGA-3,DEP,Environmental Protection,Level 2 Charger,2,930 Zerega Avenue,The Bronx,10473,Bronx,40.827109,-73.843596,city,,,,NYC Open Data fc53-9hrv
DPRSIFRSTRY#5#6,DPR,Parks Department,Level 2 Charger,2,21-51 Slosson Ave,Castleton Corners,10314,Staten Island,40.62089,-74.119394,city,,,,NYC Open Data fc53-9hrv
DOT LOT COURT SQ LOT L3s,DOT,Transportation,DOT Municipal Level 3 Charger,4,45-40 Court Square,Queens,11101,Queens,40.745815,-73.943549,city,,lot,$0.39 per kWh,NYC Open Data fc53-9hrv
DOT LOT ESSEX ST LOT L2s,DOT,Transportation,DOT Municipal Level 2 Charger,9,105-113 Essex Street & 112-120 Ludlow Street,New York,10002,Manhattan,40.719086,-73.98794,city,,lot,$0.27 per kWh,NYC Open Data fc53-9hrv
DOT_PTIVRY_1_L3,DOT,Transportation,Level 3 Fast Charger,1,3551 Richmond Terrace,Staten Island,10303,Brooklyn,40.640717,-74.17299,address,geocoded by the city (Planning Labs GeoSearch),,,NYC Open Data fc53-9hrv
NYPD_73PCT_1_L3,NYPD,Police Department,Level 3 Fast Charger,1,1470 East New York Avenue,Brooklyn,11370,Brooklyn,40.671122,-73.913501,city,,,,NYC Open Data fc53-9hrv
DEP_ZEREGA-2,DEP,Environmental Protection,Level 2 Charger,2,930 Zerega Avenue,The Bronx,10473,Bronx,40.827109,-73.843596,city,,,,NYC Open Data fc53-9hrv
DEP_ZEREGA-1,DEP,Environmental Protection,Level 2 Charger,2,930 Zerega Avenue,The Bronx,10473,Bronx,40.827109,-73.843596,city,,,,NYC Open Data fc53-9hrv
DSNY_ENPHASE_BK04-3,DSNY,Sanitation,Level 2 Charger,1,161 Varick Ave,Brooklyn,11237,Brooklyn,40.711118,-73.928548,city,,,,NYC Open Data fc53-9hrv
DPR_NATIVEPLA-2,DPR,Parks Department,Level 2 Charger,2,3808 Victory Blvd,Staten Island,10314,Staten Island,40.596755,-74.182514,city,,,,NYC Open Data fc53-9hrv
DOT_VERNONYRD-2,DOT,Transportation,Level 2 Charger,2,42-00 Vernon Boulevard,Queens,11101,Queens,40.754395,-73.94923,city,,,,NYC Open Data fc53-9hrv
DPR_MSPTHPK-1,DPR,Parks Department,Level 2 Charger,2,54-54 43rd St,Queens,11378,Queens,40.73087,-73.925175,city,,,,NYC Open Data fc53-9hrv
DOC_SLRCANOPY2,DOC,Correction,EV Solar Canopy Charger,1,11-15 Hazen St,East Elmhurst,11370,Bronx,40.793737,-73.884135,city,,,,NYC Open Data fc53-9hrv
DEP_ZEREGA_4_L3,DEP,Environmental Protection,Level 3 Fast Charger,1,930 Zerega Avenue,The Bronx,10473,Bronx,40.827109,-73.843596,city,,,,NYC Open Data fc53-9hrv
NYPD107PCT_1_L3,NYPD,Police Department,Level 3 Fast Charger,1,71-01 Parsons Boulevard,Queens,11365,Staten Island,40.730025,-73.810623,address,geocoded by the city (Planning Labs GeoSearch),,,NYC Open Data fc53-9hrv
DSNY_BK15K-1,DSNY,Sanitation,Level 2 Charger,2,2501 Knapp St,Brooklyn,11235,Brooklyn,40.592214,-73.932546,city,,,,NYC Open Data fc53-9hrv
FDNY_ENG71_1_L3,FDNY,Fire Department,Level 3 Fast Charger,1,720 Melrose Avenue,The Bronx,10455,Bronx,40.820422,-73.915778,city,,,,NYC Open Data fc53-9hrv
DOC_SLRCANOPY1,DOC,Correction,EV Solar Canopy Charger,1,11-15 Hazen St,East Elmhurst,11370,Bronx,40.793737,-73.884135,city,,,,NYC Open Data fc53-9hrv
DOT LOT QUEENS BOROUGH HALL LOT L2s,DOT,Transportation,DOT Municipal Level 2 Charger,31,80-25 126th Street,Queens,11415,Queens,40.714856,-73.82705,city,,lot,$0.27 per kWh,NYC Open Data fc53-9hrv
DSNY_ENPHASE_BX09-2,DSNY,Sanitation,Level 2 Charger,1,850 Zerega Ave,Bronx,10473,Bronx,40.825144,-73.843139,city,,,,NYC Open Data fc53-9hrv
DSNY_ENPHASE_CBS-2,DSNY,Sanitation,Level 2 Charger,1,10601 Ave D,Brooklyn,11236,Brooklyn,40.654363,-73.900725,city,,,,NYC Open Data fc53-9hrv
DOT_HARPER-S1,DOT,Transportation,EV Solar Arc Charger,1,32-11 Harper St,Flushing,11368,Queens,40.764102,-73.842217,city,,,,NYC Open Data fc53-9hrv
DSNY_BX06-1,DSNY,Sanitation,Level 2 Charger,2,800 East 176th Street,The Bronx,10460,Bronx,40.842053,-73.889504,city,,,,NYC Open Data fc53-9hrv
DEP_KNGSTN_2_L3,DEP,Environmental Protection,Level 3 Fast Charger,1,81 Smith Avenue,Kingston,12401,Upstate,41.930458,-73.998708,address,geocoded by the Census Bureau,,,NYC Open Data fc53-9hrv
DOT_MNSIGN_4,DOT,Transportation,Level 2 Charger,2,345 East 59th Street,New York,10022,Manhattan,40.759933,-73.962697,city,,,,NYC Open Data fc53-9hrv
DOT LOT QUEENS BOROUGH HALL LOT L3s,DOT,Transportation,DOT Municipal Level 3 Charger,3,80-25 126th Street,Queens,11415,Queens,40.714856,-73.82705,city,,lot,$0.39 per kWh,NYC Open Data fc53-9hrv
DPR_SISHOPS1&2,DPR,Parks Department,Level 2 Charger,2,21 Slosson Ave,Castleton Corners,10314,Staten Island,40.62089,-74.119394,city,,,,NYC Open Data fc53-9hrv
DEP_ZEREGA_5_L3,DEP,Environmental Protection,Level 3 Fast Charger,1,930 Zerega Avenue,The Bronx,10473,Bronx,40.827109,-73.843596,city,,,,NYC Open Data fc53-9hrv
DSNY_HENRY-3,DSNY,Sanitation,Level 2 Charger,1,80 Henry Street,New York,10002,Brooklyn,40.71307,-73.993821,corrected,the city placed this one charger at 80 Henry Street in Brooklyn Heights; its three siblings and the ZIP code are in Manhattan,,,NYC Open Data fc53-9hrv
DEP_ZEREGA_1_L3,DEP,Environmental Protection,Level 3 Fast Charger,1,930 Zerega Avenue,The Bronx,10473,Bronx,40.827109,-73.843596,city,,,,NYC Open Data fc53-9hrv
DOC_DIVISION-1,DOC,Correction,Level 2 Charger,2,30 N Perimeter Rd,Bronx,11320,Bronx,40.790576,-73.881894,approx,Rikers Island; the listed address does not pin down a spot on the island,,,NYC Open Data fc53-9hrv
DOT LOT COURT SQ LOT,DOT,Transportation,DOT Municipal Level 2 Charger,9,45-40 Court Square,Queens,11101,Queens,40.745815,-73.943549,city,,lot,$0.27 per kWh,NYC Open Data fc53-9hrv
DSNY_ENPHASE_CBS-1,DSNY,Sanitation,Level 2 Charger,1,10601 Ave D,Brooklyn,11236,Brooklyn,40.654363,-73.900725,city,,,,NYC Open Data fc53-9hrv
NYPD_30PCT_2_L3,NYPD,Police Department,Level 3 Fast Charger,1,451 West 151st Street,New York,10031,Manhattan,40.828615,-73.943847,city,,,,NYC Open Data fc53-9hrv
DOC_SLRCANOPY4,DOC,Correction,EV Solar Canopy Charger,1,11-15 Hazen St,East Elmhurst,11370,Bronx,40.793737,-73.884135,city,,,,NYC Open Data fc53-9hrv
DEP_GRANNEX-1,DEP,Environmental Protection,Level 2 Charger,2,16 Little Hollow Road,Neversink,12740,Upstate,41.842538,-74.54471,address,geocoded by the Census Bureau,,,NYC Open Data fc53-9hrv
FDNY_ENG71-1,FDNY,Fire Department,Level 2 Charger,2,720 Melrose Avenue,The Bronx,10455,Bronx,40.820422,-73.915778,city,,,,NYC Open Data fc53-9hrv
DPRSIFRSTRY#3#4,DPR,Parks Department,Level 2 Charger,2,21 Slosson Ave,Staten Island,10314,Staten Island,40.62089,-74.119394,city,,,,NYC Open Data fc53-9hrv
DOE_Q018-LEFT,DOE,Education Department,Level 2 Charger,1,86-35 235th Ct,Queens,11427,Queens,40.732112,-73.73246,city,,,,NYC Open Data fc53-9hrv
DSNY_ENPHASE_CBS-3,DSNY,Sanitation,Level 2 Charger,1,10601 Ave D,Brooklyn,11236,Brooklyn,40.654363,-73.900725,city,,,,NYC Open Data fc53-9hrv
DOT_VERNON_1_L3,DOT,Transportation,Level 3 Fast Charger,1,42-00 Vernon Boulevard,Queens,11101,Queens,40.754395,-73.94923,city,,,,NYC Open Data fc53-9hrv
FDNY_BFIBK#2,FDNY,Fire Department,Level 2 Charger,1,5600 1st Avenue,Brooklyn,11220,Brooklyn,40.646985,-74.022721,city,,,,NYC Open Data fc53-9hrv
NYPD_73PCT_2_L3,NYPD,Police Department,Level 3 Fast Charger,1,1470 East New York Avenue,Brooklyn,11370,Brooklyn,40.671122,-73.913501,city,,,,NYC Open Data fc53-9hrv
DOT LOT QUEENS FAMILY COURT LOT,DOT,Transportation,DOT Municipal Level 2 Charger,3,150-07 Archer Avenue,Queens,11432,Queens,40.701386,-73.80374,city,,lot,$0.27 per kWh,NYC Open Data fc53-9hrv
DEP_RMD-2,DEP,Environmental Protection,Level 2 Charger,2,127-17 92nd Ave,Queens,11418,Queens,40.697353,-73.821682,city,,,,NYC Open Data fc53-9hrv
DOT_VERNONYRD-1,DOT,Transportation,Level 2 Charger,2,4200 Vernon Blvd,LIC,11101,Queens,40.754395,-73.94923,city,,,,NYC Open Data fc53-9hrv
DEP_ZEREGA_3_L3,DEP,Environmental Protection,Level 3 Fast Charger,1,930 Zerega Avenue,The Bronx,10473,Bronx,40.827109,-73.843596,city,,,,NYC Open Data fc53-9hrv
DEP_GRANNEX-2,DEP,Environmental Protection,Level 2 Charger,2,16 Little Hollow Road,Neversink,12740,Upstate,41.842538,-74.54471,address,geocoded by the Census Bureau,,,NYC Open Data fc53-9hrv
DOC_SLRCANOPY3,DOC,Correction,EV Solar Canopy Charger,1,11-15 Hazen St,East Elmhurst,11370,Bronx,40.793737,-73.884135,city,,,,NYC Open Data fc53-9hrv
DSNY_ENPHASE_BETTSENG-2,DSNY,Sanitation,Level 2 Charger,1,58-73 53rd Ave,Woodside,11377,Queens,40.734136,-73.909403,city,,,,NYC Open Data fc53-9hrv
DOT_SPARE-2,DOT,Transportation,Level 2 Charger,1,39 South Street,New York,10004,Manhattan,40.703167,-74.008028,city,,,,NYC Open Data fc53-9hrv
DOT_OLDSLP_2_L3,DOT,Transportation,Level 3 Fast Charger,1,39 South Street,New York,10004,Manhattan,40.703167,-74.008028,city,,,,NYC Open Data fc53-9hrv
DPRCUNINGHM-S5,DPR,Parks Department,EV Solar Arc Charger,1,196-00 Union Tpke,Fresh Meadows,11366,Queens,40.730929,-73.774773,city,,,,NYC Open Data fc53-9hrv
DEP_KINGSTON-9,DEP,Environmental Protection,Level 2 Charger,2,81 Smith Avenue,Kingston,12401,Upstate,41.930458,-73.998708,address,geocoded by the Census Bureau,,,NYC Open Data fc53-9hrv
DEP_KINGSTON-6,DEP,Environmental Protection,Level 2 Charger,2,81 Smith Avenue,Kingston,12401,Upstate,41.930458,-73.998708,address,geocoded by the Census Bureau,,,NYC Open Data fc53-9hrv
DOT_OLDSLIP-7,DOT,Transportation,Level 2 Charger,2,39 South Street,New York,10004,Manhattan,40.703167,-74.008028,city,,,,NYC Open Data fc53-9hrv
DOT_OLDSLIP-8,DOT,Transportation,Level 2 Charger,2,39 South Street,New York,10004,Manhattan,40.703167,-74.008028,city,,,,NYC Open Data fc53-9hrv
DOT_OLDSLP_1_L3,DOT,Transportation,Level 3 Fast Charger,1,39 South Street,New York,10004,Manhattan,40.703167,-74.008028,city,,,,NYC Open Data fc53-9hrv
DEP_KINGSTON-7,DEP,Environmental Protection,Level 2 Charger,2,81 Smith Avenue,Kingston,12401,Upstate,41.930458,-73.998708,address,geocoded by the Census Bureau,,,NYC Open Data fc53-9hrv
DOT_OLDSLP_4_L3,DOT,Transportation,Level 3 Fast Charger,1,39 South Street,New York,10004,Manhattan,40.703167,-74.008028,city,,,,NYC Open Data fc53-9hrv
DPRARSENAL-8,DPR,Parks Department,Level 2 Charger,1,East Dr,Manhattan,10019,Manhattan,40.767711,-73.970516,facility,"the Arsenal in Central Park, Parks Department headquarters; listed only as ""East Dr""",,,NYC Open Data fc53-9hrv
DPR_IROQUOIS-1,DPR,Parks Department,Level 2 Charger,1,3 Iroquois St,Staten Island,10305,Staten Island,40.574514,-74.085629,city,,,,NYC Open Data fc53-9hrv
DOT_SPARE-1,DOT,Transportation,Level 2 Charger,1,39 South Street,New York,10004,Manhattan,40.703167,-74.008028,city,,,,NYC Open Data fc53-9hrv
DOT_OLDSLIP-5,DOT,Transportation,Level 2 Charger,2,39 South Street,New York,10004,Manhattan,40.703167,-74.008028,city,,,,NYC Open Data fc53-9hrv
DEP_KINGSTON-8,DEP,Environmental Protection,Level 2 Charger,2,81 Smith Avenue,Kingston,12401,Upstate,41.930458,-73.998708,address,geocoded by the Census Bureau,,,NYC Open Data fc53-9hrv
DPR_BUSHWICK-S1,DPR,Parks Department,EV Solar Arc Charger,1,29 N 10th St,Brooklyn,11249,Brooklyn,40.722456,-73.96068,city,,,,NYC Open Data fc53-9hrv
NYPD_48PCT-1,NYPD,Police Department,Level 2 Charger,1,450 Cross Bronx Expy,The Bronx,10457,Bronx,40.844149,-73.900604,city,,,,NYC Open Data fc53-9hrv
DOT_OLDSLIP-10,DOT,Transportation,Level 2 Charger,2,39 South Street,New York,10004,Manhattan,40.703167,-74.008028,city,,,,NYC Open Data fc53-9hrv
DPRABRYAN-S1,DPR,Parks Department,EV Solar Arc Charger,1,3278 Middletown Rd,Bronx,10465,Bronx,40.848118,-73.821238,city,,,,NYC Open Data fc53-9hrv
DOT_OLDSLIP-6,DOT,Transportation,Level 2 Charger,2,39 South Street,New York,10004,Manhattan,40.703167,-74.008028,city,,,,NYC Open Data fc53-9hrv
DPRARSENAL-12,DPR,Parks Department,Level 2 Charger,1,East Dr,New York,10019,Manhattan,40.767711,-73.970516,facility,"the Arsenal in Central Park, Parks Department headquarters; listed only as ""East Dr""",,,NYC Open Data fc53-9hrv
DEP_KINGSTON-5,DEP,Environmental Protection,Level 2 Charger,2,81 Smith Avenue,Kingston,12401,Upstate,41.930458,-73.998708,address,geocoded by the Census Bureau,,,NYC Open Data fc53-9hrv
DOT_SPARE-3,DOT,Transportation,Level 2 Charger,1,39 South Street,New York,10004,Manhattan,40.703167,-74.008028,city,,,,NYC Open Data fc53-9hrv
NYPD_48PCT_1_L3,NYPD,Police Department,Level 3 Fast Charger,1,450 Cross Bronx Expy,The Bronx,10457,Bronx,40.844149,-73.900604,city,,,,NYC Open Data fc53-9hrv
DPRCUNINGHM-S4,DPR,Parks Department,EV Solar Arc Charger,1,196-00 Union Tpke,Fresh Meadows,11366,Queens,40.730929,-73.774773,city,,,,NYC Open Data fc53-9hrv
DOT WHITE PLAINS RD L2s,DOT,Transportation,DOT Municipal Level 2 Charger,4,2071 White Plains Road,White Plains,10462,Bronx,40.8526,-73.867773,city,,lot,$0.27 per kWh,NYC Open Data fc53-9hrv
DEP_ARKVLE_1_L3,DEP,Environmental Protection,Level 3 Fast Charger,1,669 County Road 38,Arkville,12406,Upstate,42.159014,-74.619756,address,geocoded by the Census Bureau,dcas,No,NYC Open Data fc53-9hrv
DPR_BUSHWICK-S2,DPR,Parks Department,EV Solar Arc Charger,1,29 N 10th St,Brooklyn,11249,Brooklyn,40.722456,-73.96068,city,,,,NYC Open Data fc53-9hrv
DOT_FLTBSH_1_L3,DOT,Transportation,Level 3 Fast Charger,1,2900 Flatbush Avenue,Brooklyn,11234,Brooklyn,40.600248,-73.912051,city,,,,NYC Open Data fc53-9hrv
DOT_OLDSLIP-1,DOT,Transportation,Level 2 Charger,2,32 Old Slip,New York,10005,Manhattan,40.703573,-74.008036,city,,,,NYC Open Data fc53-9hrv
DOT_OLDSLP_5_L3,DOT,Transportation,Level 3 Fast Charger,1,39 South Street,New York,10004,Manhattan,40.703167,-74.008028,city,,,,NYC Open Data fc53-9hrv
DOT_OLDSLIP-9,DOT,Transportation,Level 2 Charger,2,39 South Street,New York,10004,Manhattan,40.703167,-74.008028,city,,,,NYC Open Data fc53-9hrv
DOT_OLDSLIP-3,DOT,Transportation,Level 2 Charger,2,42 South St,New York,10005,Manhattan,40.703466,-74.007538,city,,,,NYC Open Data fc53-9hrv
DOT_SPARE-4,DOT,Transportation,Level 2 Charger,1,39 South Street,New York,10004,Manhattan,40.703167,-74.008028,city,,,,NYC Open Data fc53-9hrv
DOT_OLDSLP_6_L3,DOT,Transportation,Level 3 Fast Charger,1,39 South Street,New York,10004,Manhattan,40.703167,-74.008028,city,,,,NYC Open Data fc53-9hrv
DOT_OLDSLIP-2,DOT,Transportation,Level 2 Charger,2,32 Old Slip,New York,10005,Manhattan,40.703573,-74.008036,city,,,,NYC Open Data fc53-9hrv
DOT_OLDSLIP-4,DOT,Transportation,Level 2 Charger,2,42 South St,New York,10005,Manhattan,40.703466,-74.007538,city,,,,NYC Open Data fc53-9hrv
DOT_MNSIGN_3,DOT,Transportation,Level 2 Charger,2,345 East 59th Street,New York,10022,Manhattan,40.759933,-73.962697,city,,,,NYC Open Data fc53-9hrv
NYPD_24PCT_1_L3,NYPD,Police Department,Level 3 Fast Charger,1,151 West 100th Street,New York,10025,Manhattan,40.79625,-73.967509,city,,,,NYC Open Data fc53-9hrv
DOT LOT ST GEORGE LOT,DOT,Transportation,DOT Municipal Level 2 Charger,5,54 Central Avenue,Staten Island,10301,Staten Island,40.640566,-74.076713,city,,lot,$0.27 per kWh,NYC Open Data fc53-9hrv
DOT_MNSIGN_2,DOT,Transportation,Level 2 Charger,2,345 East 59th Street,New York,10022,Manhattan,40.759933,-73.962697,city,,,,NYC Open Data fc53-9hrv
DOT_MNSIGN_1_L3,DOT,Transportation,Level 3 Fast Charger,1,345 East 59th Street,New York,10022,Manhattan,40.759933,-73.962697,city,,,,NYC Open Data fc53-9hrv
DOT_MNSIGN_1,DOT,Transportation,Level 2 Charger,2,345 East 59th Street,New York,10022,Manhattan,40.759933,-73.962697,city,,,,NYC Open Data fc53-9hrv
DOT_MNSIGN_2_L3,DOT,Transportation,Level 3 Fast Charger,1,345 East 59th Street,New York,10022,Manhattan,40.759933,-73.962697,city,,,,NYC Open Data fc53-9hrv
DSNY_MN04-DCFC2,DSNY,Sanitation,Level 3 Fast Charger,1,650 W 57th St,New York,10019,Manhattan,40.771149,-73.993415,city,,,,NYC Open Data fc53-9hrv
DPR_SCRC_2_L3,DPR,Parks Department,Level 3 Fast Charger,1,3002 Foster Avenue,Brooklyn,11210,Brooklyn,40.638609,-73.948086,city,,,,NYC Open Data fc53-9hrv
DOE-HYLANBLVD-1,DOE,Education Department,Level 2 Charger,1,6581 Hylan Blvd,Staten Island,10309,Staten Island,40.509084,-74.22093,city,,,,NYC Open Data fc53-9hrv
FDNY-CFRD#1,FDNY,Fire Department,Level 2 Charger,2,302 Sgt. Charles M. Beer,Queens,11359,Queens,40.793418,-73.778797,approx,Fort Totten; the listed address could not be matched,,,NYC Open Data fc53-9hrv
DEPQUEENSREP-S3,DEP,Environmental Protection,EV Solar Arc Charger,1,106-36 180th St,Jamaica,11433,Queens,40.703128,-73.77772,city,,,,NYC Open Data fc53-9hrv
DSNY_MN04-DCFC4,DSNY,Sanitation,Level 3 Fast Charger,1,650 W 57th St,New York,10019,Manhattan,40.771149,-73.993415,city,,,,NYC Open Data fc53-9hrv
DEPQUEENSREP-S4,DEP,Environmental Protection,EV Solar Arc Charger,1,106-36 180th Street,Jamaica,11433,Queens,40.703128,-73.77772,city,,,,NYC Open Data fc53-9hrv
DPR_OLMSTED-S2,DPR,Parks Department,EV Solar Arc Charger,1,8 Olmsted Dr,Queens,11368,Queens,40.752164,-73.84963,city,,,,NYC Open Data fc53-9hrv
DSNY_MN04-DCFC1,DSNY,Sanitation,Level 3 Fast Charger,1,650 W 57th St,New York,10019,Manhattan,40.771149,-73.993415,city,,,,NYC Open Data fc53-9hrv
FDNY-CFRD#2,FDNY,Fire Department,Level 2 Charger,2,302 Sgt. Charles M. Beer,Queens,11359,Queens,40.793418,-73.778797,approx,Fort Totten; the listed address could not be matched,,,NYC Open Data fc53-9hrv
DPR_CNRSIEPK-S2,DPR,Parks Department,EV Solar Arc Charger,1,1501 E 102nd St,Brooklyn,11236,Brooklyn,40.636143,-73.885842,city,,,,NYC Open Data fc53-9hrv
DSNY_SPARE-BK11,DSNY,Sanitation,Level 2 Charger,2,1824 Shore Pkwy,Brooklyn,11214,Brooklyn,40.591314,-73.994488,city,,,,NYC Open Data fc53-9hrv
DSNY_BK03-DCFC1,DSNY,Sanitation,Level 3 Fast Charger,1,559 Park Avenue,Brooklyn,11205,Brooklyn,40.697144,-73.953529,city,,,,NYC Open Data fc53-9hrv
DSNY_MN04-DCFC3,DSNY,Sanitation,Level 3 Fast Charger,1,650 W 57th St,New York,10019,Manhattan,40.771149,-73.993415,city,,,,NYC Open Data fc53-9hrv
DPRTENISCNTR-S1,DPR,Parks Department,EV Solar Arc Charger,1,1-00 Meridian Rd,Queens,11368,Queens,40.741892,-73.84454,city,,,,NYC Open Data fc53-9hrv
DSNY_BK03-DCFC2,DSNY,Sanitation,Level 3 Fast Charger,1,559 Park Avenue,Brooklyn,11205,Brooklyn,40.697144,-73.953529,city,,,,NYC Open Data fc53-9hrv
FDNY-EMS45-2,FDNY,Fire Department,Level 2 Charger,2,58-65 52nd Road,Queens,11377,Queens,40.73442,-73.907602,city,,,,NYC Open Data fc53-9hrv
DSNY_SPARE-A,DSNY,Sanitation,Level 2 Charger,2,59-98 52nd Rd,Queens,11377,Queens,40.734035,-73.906155,city,,,,NYC Open Data fc53-9hrv
FDNY-EMS45-1,FDNY,Fire Department,Level 2 Charger,2,58-65 52nd Road,Queens,11377,Queens,40.73442,-73.907602,city,,,,NYC Open Data fc53-9hrv
DPR_SCRC_1_L3,DPR,Parks Department,Level 3 Fast Charger,1,3002 Foster Avenue,Brooklyn,11210,Brooklyn,40.638609,-73.948086,city,,,,NYC Open Data fc53-9hrv
NYPD-SRG4-1,NYPD,Police Department,Level 2 Charger,1,137-58 Northern Blvd,Queens,11354,Queens,40.763664,-73.829208,city,,,,NYC Open Data fc53-9hrv
DOH_BEDFRD_1_L3,DOH,Health Department,Level 3 Fast Charger,1,485 Throop Avenue,Brooklyn,11221,Brooklyn,40.685654,-73.941462,city,,,,NYC Open Data fc53-9hrv
FDNY_E207_1_L3,FDNY,Fire Department,Level 3 Fast Charger,1,301 Gold Street,Brooklyn,11201,Brooklyn,40.695447,-73.983228,city,,,,NYC Open Data fc53-9hrv
DPRABRYAN-S2,DPR,Parks Department,EV Solar Arc Charger,1,3278 Middletown Rd,The Bronx,10465,Bronx,40.848118,-73.821238,city,,,,NYC Open Data fc53-9hrv
DCAS_SIDA_1_L3,DCAS,Citywide Administrative Services,Level 3 Fast Charger,1,130 Stuyvesant Place,Staten Island,10301,Staten Island,40.642907,-74.076889,city,,,,NYC Open Data fc53-9hrv
DOH BEDFORD FORD PRO 2,DOH,Health Department,Level 2 Charger,1,485 Throop Ave.,Brooklyn,11221,Brooklyn,40.685654,-73.941462,city,,,,NYC Open Data fc53-9hrv
DSNY_BX06-3,DSNY,Sanitation,Level 2 Charger,2,800 E 176th St,The Bronx,10460,Bronx,40.842053,-73.889504,city,,,,NYC Open Data fc53-9hrv
DPR-MILLPOND-2,DPR,Parks Department,Level 2 Charger,2,875 Exterior Street,The Bronx,10451,Bronx,40.822686,-73.931759,facility,Mill Pond Park,,,NYC Open Data fc53-9hrv
NYPD_84PCT_1_L3,NYPD,Police Department,Level 3 Fast Charger,1,301 Gold Street,Brooklyn,11201,Brooklyn,40.695447,-73.983228,city,,,,NYC Open Data fc53-9hrv
DSNY_QBSROOF-3,DSNY,Sanitation,Level 2 Charger,2,52-07 58th St,Queens,11377,Queens,40.735462,-73.909675,city,,,,NYC Open Data fc53-9hrv
DSNY_RSVLT_FORDPRO,DSNY,Sanitation,Level 2 Charger,1,580 Main St,Roosevelt Island,10044,Manhattan,40.76295,-73.949097,city,,,,NYC Open Data fc53-9hrv
DOH_BEDFRD_2_L3,DOH,Health Department,Level 3 Fast Charger,1,485 Throop Avenue,Brooklyn,11221,Brooklyn,40.685654,-73.941462,city,,,,NYC Open Data fc53-9hrv
DPRARSENAL#9,DPR,Parks Department,Level 2 Charger,1,East Dr,New York,10019,Manhattan,40.767711,-73.970516,facility,"the Arsenal in Central Park, Parks Department headquarters; listed only as ""East Dr""",,,NYC Open Data fc53-9hrv
DCAS_SIDA_2_L3,DCAS,Citywide Administrative Services,Level 3 Fast Charger,1,130 Stuyvesant Place,Staten Island,10301,Staten Island,40.642907,-74.076889,city,,,,NYC Open Data fc53-9hrv
DOH BEDFORD FORD PRO 1,DOH,Health Department,Level 2 Charger,1,485 Throop Ave.,Brooklyn,11221,Brooklyn,40.685654,-73.941462,city,,,,NYC Open Data fc53-9hrv
DSNY_BK15KDCFC1,DSNY,Sanitation,Level 3 Fast Charger,1,2501 Knapp Street,Brooklyn,11235,Brooklyn,40.592214,-73.932546,city,,,,NYC Open Data fc53-9hrv
DSNY_Q11W-DCFC1,DSNY,Sanitation,Level 3 Fast Charger,1,74-75 Douglaston Parkway,Queens,11362,Queens,40.743829,-73.734509,city,,,,NYC Open Data fc53-9hrv
DSNY_SI-1&3-3,DSNY,Sanitation,Level 2 Charger,1,1000 West Service Road,Staten Island,10312,Staten Island,40.571144,-74.195327,city,,,,NYC Open Data fc53-9hrv
DSNY_SI-1&3-2,DSNY,Sanitation,Level 2 Charger,1,1000 West Service Road,Staten Island,10312,Staten Island,40.571144,-74.195327,city,,,,NYC Open Data fc53-9hrv
NYPDHQ-1PP-4,NYPD,Police Department,Level 2 Charger,1,1 Police Plaza Path,New York,10038,Manhattan,40.712348,-74.000891,city,,,,NYC Open Data fc53-9hrv
DPR_MAINOPS4A-B,DPR,Parks Department,Level 2 Charger,2,3-66 Beach 75th Street,Queens,11692,Queens,40.591747,-73.803252,city,,,,NYC Open Data fc53-9hrv
NYPDHQ-1PP-1,NYPD,Police Department,Level 2 Charger,1,1 Police Plaza Path,New York,10038,Manhattan,40.712348,-74.000891,city,,,,NYC Open Data fc53-9hrv
DSNY_SI-1&3-6,DSNY,Sanitation,Level 2 Charger,1,1010 Muldoon Ave,Staten Island,10312,Staten Island,40.571138,-74.195348,city,,,,NYC Open Data fc53-9hrv
DPR_MAINOPS1A-B,DPR,Parks Department,Level 2 Charger,2,3-66 Beach 75th Street,Queens,11692,Queens,40.591747,-73.803252,city,,,,NYC Open Data fc53-9hrv
DSNY_BX08-2,DSNY,Sanitation,Level 2 Charger,1,800 E 176th St,Bronx,10460,Bronx,40.842053,-73.889504,city,,,,NYC Open Data fc53-9hrv
NYPDHQ-1PP-3,NYPD,Police Department,Level 2 Charger,1,1 Police Plaza Path,New York,10038,Manhattan,40.712348,-74.000891,city,,,,NYC Open Data fc53-9hrv
DPR_MAINOPS3A-B,DPR,Parks Department,Level 2 Charger,2,3-66 Beach 75th Street,Queens,11692,Queens,40.591747,-73.803252,city,,,,NYC Open Data fc53-9hrv
DSNY_SI-1&3-5,DSNY,Sanitation,Level 2 Charger,1,1010 Muldoon Ave,Staten Island,10312,Staten Island,40.571138,-74.195348,city,,,,NYC Open Data fc53-9hrv
DSNY_BX08-1,DSNY,Sanitation,Level 2 Charger,1,800 E 176th St,Bronx,10460,Bronx,40.842053,-73.889504,city,,,,NYC Open Data fc53-9hrv
DSNY_SI-1&3-1,DSNY,Sanitation,Level 2 Charger,1,1010 Muldoon Ave,Staten Island,10312,Staten Island,40.571138,-74.195348,city,,,,NYC Open Data fc53-9hrv
DSNY_SI-1&3-4,DSNY,Sanitation,Level 2 Charger,1,1000 West Service Road,Staten Island,10312,Staten Island,40.571144,-74.195327,city,,,,NYC Open Data fc53-9hrv
DPR_MAINOPS7A-B,DPR,Parks Department,Level 2 Charger,2,3-66 Beach 75th Street,Queens,11692,Queens,40.591747,-73.803252,city,,,,NYC Open Data fc53-9hrv
DPR_MAINOPS6A-B,DPR,Parks Department,Level 2 Charger,2,3-66 Beach 75th Street,Queens,11692,Queens,40.591747,-73.803252,city,,,,NYC Open Data fc53-9hrv
DOT_MASPTH_1_L3,DOT,Transportation,Level 3 Fast Charger,1,57-39 58th Pl,Queens,11378,Queens,40.72168,-73.90977,address,geocoded by the city (Planning Labs GeoSearch),,,NYC Open Data fc53-9hrv
DSNY_CRS_H&H,DSNY,Sanitation,Level 2 Charger,1,52-35 58th St,Queens,11377,Queens,40.734883,-73.909957,city,,,,NYC Open Data fc53-9hrv
DPR_MAINOPS5A-B,DPR,Parks Department,Level 2 Charger,2,3-66 Beach 75th Street,Queens,11692,Queens,40.591747,-73.803252,city,,,,NYC Open Data fc53-9hrv
DPR_ARSENAL19,DPR,Parks Department,Level 2 Charger,1,East Dr,Manhattan,10019,Manhattan,40.767711,-73.970516,facility,"the Arsenal in Central Park, Parks Department headquarters; listed only as ""East Dr""",,,NYC Open Data fc53-9hrv
NYPDHQ-1PP-2,NYPD,Police Department,Level 2 Charger,1,1 Police Plaza Path,New York,10038,Manhattan,40.712348,-74.000891,city,,,,NYC Open Data fc53-9hrv
DPR_MAINOPS2A-B,DPR,Parks Department,Level 2 Charger,2,3-66 Beach 75th Street,Queens,11692,Queens,40.591747,-73.803252,city,,,,NYC Open Data fc53-9hrv
DPR_HARTISLAN-,DPR,Parks Department,EV Solar Arc Charger,1,2131 Hart St,Bronx,10473,Bronx,40.811647,-73.846685,city,,,,NYC Open Data fc53-9hrv
DPR-CFQNS-32,DPR,Parks Department,Level 2 Charger,1,97-77 Queens Boulevard,Queens,11374,Queens,40.728721,-73.858501,city,,,,NYC Open Data fc53-9hrv
DSNY_ENPHASE_BK03-13,DSNY,Sanitation,Level 2 Charger,1,559 Park Avenue,Brooklyn,11205,Brooklyn,40.697144,-73.953529,city,,,,NYC Open Data fc53-9hrv
DPRCUNINGHM-S6,DPR,Parks Department,EV Solar Arc Charger,1,196-00 Union Tpke,Queens,11366,Queens,40.730929,-73.774773,city,,,,NYC Open Data fc53-9hrv
DSNY_ENPHASE_BK03-11,DSNY,Sanitation,Level 2 Charger,1,559 Park Avenue,Brooklyn,11205,Brooklyn,40.697144,-73.953529,city,,,,NYC Open Data fc53-9hrv
DSNY_ENPHASE_BK03-15,DSNY,Sanitation,Level 2 Charger,1,559 Park Avenue,Brooklyn,11205,Brooklyn,40.697144,-73.953529,city,,,,NYC Open Data fc53-9hrv
DPR-CFQNS-4,DPR,Parks Department,Level 2 Charger,1,97-77 Queens Boulevard,Queens,11374,Queens,40.728721,-73.858501,city,,,,NYC Open Data fc53-9hrv
DPR-CFQNS-33,DPR,Parks Department,Level 2 Charger,1,97-77 Queens Boulevard,Queens,11374,Queens,40.728721,-73.858501,city,,,,NYC Open Data fc53-9hrv
DPR-CFQNS-31,DPR,Parks Department,Level 2 Charger,1,97-77 Queens Boulevard,Queens,11374,Queens,40.728721,-73.858501,city,,,,NYC Open Data fc53-9hrv
DPR-CFQNS-7A,DPR,Parks Department,Level 2 Charger,1,97-77 Queens Boulevard,Queens,11374,Queens,40.728721,-73.858501,city,,,,NYC Open Data fc53-9hrv
DSNY_ENPHASE_BK03-16,DSNY,Sanitation,Level 2 Charger,1,559 Park Avenue,Brooklyn,11205,Brooklyn,40.697144,-73.953529,city,,,,NYC Open Data fc53-9hrv
DPR-CFQNS-6,DPR,Parks Department,Level 2 Charger,1,97-77 Queens Blvd,Queens,11374,Queens,40.728721,-73.858501,city,,,,NYC Open Data fc53-9hrv
DPR-CFQNS-9,DPR,Parks Department,Level 2 Charger,1,97-77 Queens Boulevard,Queens,11374,Queens,40.728721,-73.858501,city,,,,NYC Open Data fc53-9hrv
DPR-CFQNS-7,DPR,Parks Department,Level 2 Charger,1,97-77 Queens Boulevard,Queens,11374,Queens,40.728721,-73.858501,city,,,,NYC Open Data fc53-9hrv
DPR-CFQNS-12,DPR,Parks Department,Level 2 Charger,1,97-77 Queens Boulevard,Queens,11374,Queens,40.728721,-73.858501,city,,,,NYC Open Data fc53-9hrv
DSNY_ENPHASE_BK03-17,DSNY,Sanitation,Level 2 Charger,1,559 Park Avenue,Brooklyn,11205,Brooklyn,40.697144,-73.953529,city,,,,NYC Open Data fc53-9hrv
DSNY_BK03-18_FORDPRO,DSNY,Sanitation,Level 2 Charger,1,559 Park Avenue,Brooklyn,11205,Brooklyn,40.697144,-73.953529,city,,,,NYC Open Data fc53-9hrv
DPR-CFQNS-35,DPR,Parks Department,Level 2 Charger,1,97-77 Queens Boulevard,Queens,11374,Queens,40.728721,-73.858501,city,,,,NYC Open Data fc53-9hrv
DPR-CFQNS-8,DPR,Parks Department,Level 2 Charger,1,97-77 Queens Boulevard,Queens,11374,Queens,40.728721,-73.858501,city,,,,NYC Open Data fc53-9hrv
DPR-CFQNS-29,DPR,Parks Department,Level 2 Charger,1,97-77 Queens Boulevard,Queens,11374,Queens,40.728721,-73.858501,city,,,,NYC Open Data fc53-9hrv
DPR-CFQNS-36,DPR,Parks Department,Level 2 Charger,1,97-77 Queens Boulevard,Queens,11374,Queens,40.728721,-73.858501,city,,,,NYC Open Data fc53-9hrv
DPR-CFQNS-1,DPR,Parks Department,Level 2 Charger,1,97-77 Queens Boulevard,Queens,11374,Queens,40.728721,-73.858501,city,,,,NYC Open Data fc53-9hrv
DPR-CFQNS-2,DPR,Parks Department,Level 2 Charger,1,97-77 Queens Boulevard,Queens,11374,Queens,40.728721,-73.858501,city,,,,NYC Open Data fc53-9hrv
DPR-CFQNS-11,DPR,Parks Department,Level 2 Charger,1,97-77 Queens Boulevard,Queens,11374,Queens,40.728721,-73.858501,city,,,,NYC Open Data fc53-9hrv
DPR-CFQNS-34,DPR,Parks Department,Level 2 Charger,1,97-77 Queens Boulevard,Queens,11374,Queens,40.728721,-73.858501,city,,,,NYC Open Data fc53-9hrv
DSNY_ENPHASE_BK03-14,DSNY,Sanitation,Level 2 Charger,1,559 Park Avenue,Brooklyn,11205,Brooklyn,40.697144,-73.953529,city,,,,NYC Open Data fc53-9hrv
DPR-CFQNS-30,DPR,Parks Department,Level 2 Charger,1,97-77 Queens Boulevard,Queens,11374,Queens,40.728721,-73.858501,city,,,,NYC Open Data fc53-9hrv
DSNY_BK03OLDLOC,DSNY,Sanitation,Level 2 Charger,2,525 Johnson Ave,Brooklyn,11237,Brooklyn,40.708726,-73.926318,city,,,,NYC Open Data fc53-9hrv
DCAS_BXBOROHALL_FORDPRO,DCAS,Citywide Administrative Services,Level 2 Charger,1,851 Grand Concourse,Bronx,10451,Bronx,40.826048,-73.923102,city,,,,NYC Open Data fc53-9hrv
DPR-CFQNS-3,DPR,Parks Department,Level 2 Charger,1,97-77 Queens Boulevard,Queens,11374,Queens,40.728721,-73.858501,city,,,,NYC Open Data fc53-9hrv
DPR-CFQNS-28,DPR,Parks Department,Level 2 Charger,1,97-77 Queens Boulevard,Queens,11374,Queens,40.728721,-73.858501,city,,,,NYC Open Data fc53-9hrv
DPR-CFQNS-8A,DPR,Parks Department,Level 2 Charger,1,97-77 Queens Boulevard,Queens,11374,Queens,40.728721,-73.858501,city,,,,NYC Open Data fc53-9hrv
DPR-CFQNS-13,DPR,Parks Department,Level 2 Charger,1,97-77 Queens Boulevard,Queens,11374,Queens,40.728721,-73.858501,city,,,,NYC Open Data fc53-9hrv
DPR-CFQNS-10,DPR,Parks Department,Level 2 Charger,1,97-77 Queens Boulevard,Queens,11374,Queens,40.728721,-73.858501,city,,,,NYC Open Data fc53-9hrv
DSNY_ENPHASE_BK03-12,DSNY,Sanitation,Level 2 Charger,1,559 Park Avenue,Brooklyn,11205,Brooklyn,40.697144,-73.953529,city,,,,NYC Open Data fc53-9hrv
DSNY_BK03-19_FORDPRO,DSNY,Sanitation,Level 2 Charger,1,559 Park Avenue,Brooklyn,11205,Brooklyn,40.697144,-73.953529,city,,,,NYC Open Data fc53-9hrv
DPR-CFQNS-5,DPR,Parks Department,Level 2 Charger,1,97-77 Queens Boulevard,Queens,11374,Queens,40.728721,-73.858501,city,,,,NYC Open Data fc53-9hrv
DPR-CFQNS-37,DPR,Parks Department,Level 2 Charger,1,97-77 Queens Boulevard,Queens,11374,Queens,40.728721,-73.858501,city,,,,NYC Open Data fc53-9hrv
DOE_PS130-1,DOE,Education Department,Level 2 Charger,2,143 Baxter St,Manhattan,10013,Manhattan,40.718903,-73.998438,city,,,,NYC Open Data fc53-9hrv
DPRHIGHWAYP2-S3,DPR,Parks Department,EV Solar Arc Charger,1,2900 Flatbush Ave,Brooklyn,11234,Brooklyn,40.600248,-73.912051,city,,,,NYC Open Data fc53-9hrv
DSNY_BK03-5,DSNY,Sanitation,Level 2 Charger,2,559 Park Avenue,Brooklyn,11205,Brooklyn,40.697144,-73.953529,city,,,,NYC Open Data fc53-9hrv
DSNY_BK03-3,DSNY,Sanitation,Level 2 Charger,2,559 Park Avenue,Brooklyn,11205,Brooklyn,40.697144,-73.953529,city,,,,NYC Open Data fc53-9hrv
DSNY_BK03-6,DSNY,Sanitation,Level 2 Charger,2,559 Park Avenue,Brooklyn,11205,Brooklyn,40.697144,-73.953529,city,,,,NYC Open Data fc53-9hrv
DSNY_BK10-2,DSNY,Sanitation,Level 2 Charger,2,455 Park Avenue,Brooklyn,11205,Brooklyn,40.696528,-73.958885,city,,,,NYC Open Data fc53-9hrv
DPR-NMEADOW-4,DPR,Parks Department,Level 2 Charger,2,151 97th Street Transverse,New York,10029,Manhattan,40.790363,-73.960055,city,,,,NYC Open Data fc53-9hrv
DSNY_BK03-9,DSNY,Sanitation,Level 2 Charger,2,559 Park Avenue,Brooklyn,11205,Brooklyn,40.697144,-73.953529,city,,,,NYC Open Data fc53-9hrv
DSNY_BK03-2,DSNY,Sanitation,Level 2 Charger,2,559 Park Avenue,Brooklyn,11205,Brooklyn,40.697144,-73.953529,city,,,,NYC Open Data fc53-9hrv
DSNY_BK03-10,DSNY,Sanitation,Level 2 Charger,2,559 Park Avenue,Brooklyn,11205,Brooklyn,40.697144,-73.953529,city,,,,NYC Open Data fc53-9hrv
DSNY_BK03-8,DSNY,Sanitation,Level 2 Charger,2,559 Park Avenue,Brooklyn,11205,Brooklyn,40.697144,-73.953529,city,,,,NYC Open Data fc53-9hrv
DPR-NMEADOW-3,DPR,Parks Department,Level 2 Charger,2,151 97th Street Transverse,New York,10029,Manhattan,40.790363,-73.960055,city,,,,NYC Open Data fc53-9hrv
DEP_DNSVLE_1_L3,DEP,Environmental Protection,Level 3 Fast Charger,1,20 NYC Highway 30A,Colchester,12776,Upstate,42.074272,-74.96789,approx,"Downsville, at the Pepacton Reservoir dam; the listed address could not be matched",,,NYC Open Data fc53-9hrv
DSNY_Q07-4,DSNY,Sanitation,Level 2 Charger,1,30-19 122Nd St,Flushing,11354,Queens,40.770849,-73.846552,city,,,,NYC Open Data fc53-9hrv
DPR-CFQNS-38,DPR,Parks Department,Level 2 Charger,1,97-77 Queens Boulevard,Queens,11374,Queens,40.728721,-73.858501,city,,,,NYC Open Data fc53-9hrv
OCME_QNS_1_L3,OCME,Medical Examiner,Level 3 Fast Charger,1,160-15 82nd Drive,Jamaica,11432,Queens,40.717155,-73.805825,city,,,,NYC Open Data fc53-9hrv
DPR-CFQNS-39,DPR,Parks Department,Level 2 Charger,1,97-77 Queens Boulevard,Queens,11374,Queens,40.728721,-73.858501,city,,,,NYC Open Data fc53-9hrv
OCME_QNS_2_L3,OCME,Medical Examiner,Level 3 Fast Charger,1,160-15 82nd Drive,Jamaica,11432,Queens,40.717155,-73.805825,city,,,,NYC Open Data fc53-9hrv
DPR-CFQNS-40,DPR,Parks Department,Level 2 Charger,1,97-77 Queens Boulevard,Queens,11374,Queens,40.728721,-73.858501,city,,,,NYC Open Data fc53-9hrv
DSNY_BK03-4,DSNY,Sanitation,Level 2 Charger,2,559 Park Avenue,Brooklyn,11205,Brooklyn,40.697144,-73.953529,city,,,,NYC Open Data fc53-9hrv
DCAS_BXHOJ-FORDPRO-2,DCAS,Citywide Administrative Services,Level 2 Charger,1,265 E 161st St,Bronx,10451,Bronx,40.825928,-73.919514,city,,,,NYC Open Data fc53-9hrv
DSNY_Q07-DCFC1,DSNY,Sanitation,Level 3 Fast Charger,1,120-15 31st Avenue,Queens,11354,Queens,40.769692,-73.847197,city,,,,NYC Open Data fc53-9hrv
DCAS_BXHOJ-FORDPRO-1,DCAS,Citywide Administrative Services,Level 2 Charger,1,265 E 161st St,Bronx,10451,Bronx,40.825928,-73.919514,city,,,,NYC Open Data fc53-9hrv
DEP_SHAFT18-5,DEP,Environmental Protection,Level 2 Charger,2,20 Westlake Dr,Valhalla,10595,Westchester,41.09324,-73.768318,address,geocoded by the Census Bureau,,,NYC Open Data fc53-9hrv
DOT_FLTBSH_2_L3,DOT,Transportation,Level 3 Fast Charger,1,2900 Flatbush Avenue,Brooklyn,11234,Brooklyn,40.600248,-73.912051,city,,,,NYC Open Data fc53-9hrv
DEP_SHAFT18-6,DEP,Environmental Protection,Level 2 Charger,2,20 Westlake Dr,Valhalla,10595,Westchester,41.09324,-73.768318,address,geocoded by the Census Bureau,,,NYC Open Data fc53-9hrv
DSNY_BK03-1,DSNY,Sanitation,Level 2 Charger,2,559 Park Avenue,Brooklyn,11205,Brooklyn,40.697144,-73.953529,city,,,,NYC Open Data fc53-9hrv
DPR_FPBND_1_L3,DPR,Parks Department,Level 3 Fast Charger,1,1-01 Forest Park Dr,Woodhaven,11421,Queens,40.698415,-73.858405,facility,"Seuffert Bandshell parking lot, Forest Park",dcas,,"DCAS public charger list, Sept. 23, 2026 (not yet in the open dataset)"
DPR_FPBND_2_L3,DPR,Parks Department,Level 3 Fast Charger,1,1-01 Forest Park Dr,Woodhaven,11421,Queens,40.698415,-73.858405,facility,"Seuffert Bandshell parking lot, Forest Park",dcas,,"DCAS public charger list, Sept. 23, 2026 (not yet in the open dataset)"
DPR_FPBND_3_L3,DPR,Parks Department,Level 3 Fast Charger,1,1-01 Forest Park Dr,Woodhaven,11421,Queens,40.698415,-73.858405,facility,"Seuffert Bandshell parking lot, Forest Park",dcas,,"DCAS public charger list, Sept. 23, 2026 (not yet in the open dataset)"
DPR_FPBND_4_L3,DPR,Parks Department,Level 3 Fast Charger,1,1-01 Forest Park Dr,Woodhaven,11421,Queens,40.698415,-73.858405,facility,"Seuffert Bandshell parking lot, Forest Park",dcas,,"DCAS public charger list, Sept. 23, 2026 (not yet in the open dataset)"
DPR_FPBND_5_L3,DPR,Parks Department,Level 3 Fast Charger,1,1-01 Forest Park Dr,Woodhaven,11421,Queens,40.698415,-73.858405,facility,"Seuffert Bandshell parking lot, Forest Park",dcas,,"DCAS public charger list, Sept. 23, 2026 (not yet in the open dataset)"
DPR_FPBND_6_L3,DPR,Parks Department,Level 3 Fast Charger,1,1-01 Forest Park Dr,Woodhaven,11421,Queens,40.698415,-73.858405,facility,"Seuffert Bandshell parking lot, Forest Park",dcas,,"DCAS public charger list, Sept. 23, 2026 (not yet in the open dataset)"
DPR_FPBND_7_L3,DPR,Parks Department,Level 3 Fast Charger,1,1-01 Forest Park Dr,Woodhaven,11421,Queens,40.698415,-73.858405,facility,"Seuffert Bandshell parking lot, Forest Park",dcas,,"DCAS public charger list, Sept. 23, 2026 (not yet in the open dataset)"
DPR_FPBND_8_L3,DPR,Parks Department,Level 3 Fast Charger,1,1-01 Forest Park Dr,Woodhaven,11421,Queens,40.698415,-73.858405,facility,"Seuffert Bandshell parking lot, Forest Park",dcas,,"DCAS public charger list, Sept. 23, 2026 (not yet in the open dataset)"
DPR_FPBND_9_L3,DPR,Parks Department,Level 3 Fast Charger,1,1-01 Forest Park Dr,Woodhaven,11421,Queens,40.698415,-73.858405,facility,"Seuffert Bandshell parking lot, Forest Park",dcas,,"DCAS public charger list, Sept. 23, 2026 (not yet in the open dataset)"
DPR_FPBND_10_L3,DPR,Parks Department,Level 3 Fast Charger,1,1-01 Forest Park Dr,Woodhaven,11421,Queens,40.698415,-73.858405,facility,"Seuffert Bandshell parking lot, Forest Park",dcas,,"DCAS public charger list, Sept. 23, 2026 (not yet in the open dataset)"
